Medicine_ID,Product_NDC,Generic_Name,Brand_Name,Manufacturer,Active_Ingredient,Strength,Dosage_Form,Route,Pharm_Class,Category_ID,Category_Name
MED000020,72162-1824,Temazepam,Temazepam,Bryant Ranch Prepack,TEMAZEPAM,15 mg/1,CAPSULE,ORAL,Benzodiazepine [EPC],CAT005,Neurology
MED000028,0480-2607,Sitagliptin,Sitagliptin,"Teva Pharmaceuticals, Inc.",SITAGLIPTIN PHOSPHATE,25 mg/1,"TABLET, FILM COATED",ORAL,Dipeptidyl Peptidase 4 Inhibitor [EPC],CAT002,Cardiovascular
MED000064,72162-2462,Losartan Potassium And Hydrochlorothiazide,Losartan Potassium And Hydrochlorothiazide,Bryant Ranch Prepack,HYDROCHLOROTHIAZIDE,12.5 mg/1,"TABLET, FILM COATED",ORAL,Angiotensin 2 Receptor Antagonists [MoA],CAT003,Diabetes
MED000077,72162-2608,Clobazam,Clobazam,Bryant Ranch Prepack,CLOBAZAM,2.5 mg/mL,SUSPENSION,ORAL,Benzodiazepine [EPC],CAT005,Neurology
MED000128,72189-635,Metformin Hcl,Metformin Hcl,Direct_Rx,METFORMIN HYDROCHLORIDE,1000 mg/1,TABLET,ORAL,Biguanide [EPC],CAT002,Cardiovascular
MED000137,72205-037,Levetiracetam,Levetiracetam,Novadoz Pharmaceuticals Llc,LEVETIRACETAM,100 mg/mL,SOLUTION,ORAL,Decreased Central Nervous System Disorganized Electrical Activity [PE],CAT005,Neurology
MED000148,72205-107,Chlorpromazine Hydrochloride,Chlorpromazine Hydrochloride,Novadoz Pharmaceuticals Llc,CHLORPROMAZINE HYDROCHLORIDE,200 mg/1,"TABLET, SUGAR COATED",ORAL,Phenothiazine [EPC],CAT005,Neurology
MED000202,72288-915,Omeprazole,Basic Care Omeprazole,Amazon.Com Services Llc,OMEPRAZOLE,20 mg/1,"TABLET, DELAYED RELEASE",ORAL,Cytochrome P450 2C19 Inhibitors [MoA],CAT014,Vitamins & Supplements
MED000206,72326-8003,Sodium Fluoride,Plak Smacker Great White Shark,"Young Ps Acquisition, Llc",SODIUM FLUORIDE,1.4 mg/g,PASTE,DENTAL,UNKNOWN,CAT015,Others
MED000212,72407-411,"Octinoxate, Titanium Dioxide, Zinc Oxide",Perfect Glow Bb Cream Sunscreen Spf 30 - Light Medium,"Pur-Lisse Beauty, Llc",OCTINOXATE,6.5 g/100mL,CREAM,TOPICAL,UNKNOWN,CAT015,Others
MED000245,72476-877,Mineral Oil,Mineral Oil,"Retail Business Services, Llc",MINERAL OIL,999 mg/mL,LIQUID,ORAL,UNKNOWN,CAT015,Others
MED000260,72516-028,Metoprolol Succinate,Metoprolol Succinate,Oryza Pharmaceuticals Inc.,METOPROLOL SUCCINATE,200 mg/1,"TABLET, EXTENDED RELEASE",ORAL,Adrenergic beta-Antagonists [MoA],CAT003,Diabetes
MED000320,0527-1927,Methadone Hydrochloride,"Methadone Hydrocloride Dye-Free, Sugar-Free, Unflavored","Lannett Company, Inc.",METHADONE HYDROCHLORIDE,10 mg/mL,CONCENTRATE,ORAL,Full Opioid Agonists [MoA],CAT004,Pain Management
MED000326,72622-001,Sulfur,Clinicians Complex,"Skinsx.Com, Inc.",SULFUR,100 mg/g,LOTION,TOPICAL,UNKNOWN,CAT015,Others
MED000356,72782-103,"Octisalate, Homosalate, Zinc Oxide",Skin On Skin Bc Foundation Spf 40 - Fair Cool,"Yensa Beauty, Llc",HOMOSALATE,7 g/100mL,CREAM,TOPICAL,UNKNOWN,CAT015,Others
MED000359,72789-029,Losartan Potassium,Losartan Potassium,"Pd-Rx Pharmaceuticals, Inc.",LOSARTAN POTASSIUM,25 mg/1,"TABLET, FILM COATED",ORAL,Angiotensin 2 Receptor Antagonists [MoA],CAT003,Diabetes
MED000404,72789-499,Methocarbamol,"Methocarbamol Tablets, Usp, 500 Mg","Pd-Rx Pharmaceuticals, Inc.",METHOCARBAMOL,500 mg/1,"TABLET, FILM COATED",ORAL,Centrally-mediated Muscle Relaxation [PE],CAT005,Neurology
MED000446,72854-240,"Acetaminophen, Dextromethorphan Hydrobromide, Phenylephrine Hydrochloride, And Triprolidine Hydrochloride",Mucinex Nightshift Sinus Maximum Strength,Reckitt Benckiser Llc,ACETAMINOPHEN,325 mg/1,"TABLET, COATED",ORAL,Adrenergic alpha1-Agonists [MoA],CAT003,Diabetes
MED000447,72854-268,Hexylresorcinol And Menthol,Mucinex Instasoothe Sore Throat Plus Cough Sugar Free,Reckitt Benckiser Llc,HEXYLRESORCINOL,2 mg/1,LOZENGE,ORAL,UNKNOWN,CAT015,Others
MED000464,72865-201,Hydrocodone Bitartrate And Acetaminophen,Hydrocodone Bitartrate And Acetaminophen,"Xlcare Pharmaceuticals, Inc.",ACETAMINOPHEN,325 mg/1,TABLET,ORAL,Opioid Agonist [EPC],CAT004,Pain Management
MED000465,72865-229,Pantoprazole,Pantoprazole Sodium,Xlcare Pharmaceuticals Inc.,PANTOPRAZOLE SODIUM,20 mg/1,"TABLET, DELAYED RELEASE",ORAL,Proton Pump Inhibitor [EPC],CAT007,Gastrointestinal
MED000487,72888-123,Guanfacine,Guanfacine,Advagen Pharma Ltd,GUANFACINE HYDROCHLORIDE,1 mg/1,TABLET,ORAL,Adrenergic alpha2-Agonists [MoA],CAT003,Diabetes
MED000501,72919-420,Niacin,Niacin,"Emerald Therapeutics, Llc",NIACIN,500 mg/1,TABLET,ORAL,Nicotinic Acid [EPC],CAT013,Vaccines & Biologics
MED000534,73096-743,Camphor And Menthol,Cbdmedic Arthritis Aches And Pain Relief,"Abacus Health Products, Inc.",CAMPHOR (NATURAL),100 mg/g,OINTMENT,TOPICAL,UNKNOWN,CAT015,Others
MED000545,73190-087,Roflumilast,Roflumilast,Avkare,ROFLUMILAST,500 ug/1,TABLET,ORAL,Phosphodiesterase 4 Inhibitor [EPC],CAT003,Diabetes
MED000551,73287-022,Trolamine Salicylate,Hempvana Maximum Strength Pain Relief,Telebrands Corp,TROLAMINE SALICYLATE,10 g/100g,LOTION,TOPICAL,UNKNOWN,CAT015,Others
MED000559,73306-1143,Antiperspirant Above Dermaclinical Women,Antiperspirant Above Dermaclinical Women,Baston Industria De Aerossois Ltda,ALUMINUM SESQUICHLOROHYDRATE,16 g/100g,"AEROSOL, SPRAY",TOPICAL,UNKNOWN,CAT015,Others
MED000567,73352-835,Lidocaine,Tridacaine Iii,Trifluent Pharma Llc,LIDOCAINE,50 mg/g,PATCH,TOPICAL,Amide Local Anesthetic [EPC],CAT004,Pain Management
MED000570,73362-201,Navepegritide,Yuviwel,"Ascendis Pharma Endocrinology, Inc.",UNKNOWN,UNKNOWN,KIT,UNKNOWN,UNKNOWN,CAT015,Others
MED000605,73581-010,Fexofenadine Hcl,Fexofenadine Hcl,Yyba Corp,FEXOFENADINE HYDROCHLORIDE,60 mg/1,TABLET,ORAL,Histamine H1 Receptor Antagonists [MoA],CAT006,Respiratory
MED000613,73590-0078,Adenosine,The Skinhouse Real Snail Wrinkle Free,"Noksibcho Cosmetic Co., Ltd.",ADENOSINE,.01 g/30mL,CREAM,TOPICAL,Adenosine Receptor Agonist [EPC],CAT003,Diabetes
MED000626,73647-004,Menthol,Just Cbd Roll-On Cooling,Just Brands Llc,MENTHOL,4 g/100mL,GEL,TOPICAL,UNKNOWN,CAT015,Others
MED000787,76282-250,Escitalopram,Escitalopram Oxalate,Exelan Pharmaceuticals Inc.,ESCITALOPRAM OXALATE,10 mg/1,"TABLET, FILM COATED",ORAL,Serotonin Reuptake Inhibitor [EPC],CAT005,Neurology
MED000805,76282-816,Tofacitinib,Tofacitinib,"Exelan Pharmaceuticals,Inc",TOFACITINIB CITRATE,11 mg/1,"TABLET, FILM COATED, EXTENDED RELEASE",ORAL,Janus Kinase Inhibitor [EPC],CAT012,Ophthalmology
MED000823,76354-155,"Homosalate, Octisalate, Octocrylene, Zinc Oxide",E.L.F. Hydrating Camo Cc Cream Spf30 Tan 400 W,"E.L.F. Cosmetics, Inc.",HOMOSALATE,50 mg/g,CREAM,TOPICAL,UNKNOWN,CAT015,Others
MED000837,76354-513,"Zinc Oxide, Titanium Dioxide, Homosalate, Octisalate, Octocrylene",E L F Camo Semi Matte Cc Spf 30 Light 210 N,"E.L.F. Cosmetics, Inc.",HOMOSALATE,50 mg/g,CREAM,TOPICAL,Copper Absorption Inhibitor [EPC],CAT007,Gastrointestinal
MED000872,76420-208,Silver Sulfadiazine,Silver Sulfadiazine,"Asclemed Usa, Inc.",SILVER SULFADIAZINE,10 g/1000g,CREAM,TOPICAL,Sulfonamide Antibacterial [EPC],CAT001,Antibiotics
MED000884,0591-0397,Diclofenac Sodium And Misoprostol,Diclofenac Sodium And Misoprostol,"Actavis Pharma, Inc.",DICLOFENAC SODIUM,50 mg/1,"TABLET, DELAYED RELEASE",ORAL,Anti-Inflammatory Agents,CAT004,Pain Management
MED000911,76420-836,Gabapentin,Gabapentin,"Asclemed Usa, Inc.",GABAPENTIN,600 mg/1,TABLET,ORAL,Decreased Central Nervous System Disorganized Electrical Activity [PE],CAT005,Neurology
MED000936,76472-4078,Cuprum Metallicum,Cuprum Metallicum 200Ck,Sevene Usa,COPPER,30 [hp_C]/1,PELLET,SUBLINGUAL,Copper [CS],CAT013,Vaccines & Biologics
MED000978,78206-143,Rizatriptan Benzoate,Maxalt-Mlt,Organon Llc,RIZATRIPTAN BENZOATE,10 mg/1,"TABLET, ORALLY DISINTEGRATING",ORAL,Serotonin 1b Receptor Agonists [MoA],CAT005,Neurology
MED001001,79481-0118,Benzocaine,Oral Anesthetic Liquid,"Meijer, Inc.",BENZOCAINE,20 g/100g,LIQUID,ORAL,Allergens [CS],CAT006,Respiratory
MED001025,79481-5072,"Acetaminophen, Guaifenesin, Phenylephrine Hcl","Pressure, Pain And Mucus","Meijer Distribution, Inc.",ACETAMINOPHEN,325 mg/1,"TABLET, FILM COATED",ORAL,Adrenergic alpha1-Agonists [MoA],CAT003,Diabetes
MED001027,79539-002,Isopropanol And Compound Double-Stranded Quaternary Ammonium Salts,Instant Hand Sanitizeing Wipe,"Shandong Yayun Sanitary Products Co., Ltd.",PROPYLENE GLYCOL,1.2 g/1,CLOTH,TOPICAL,UNKNOWN,CAT015,Others
MED001030,79739-7076,Nabumetone,Nabumetone 500 Mg,"Lgm Pharma Solutions, Llc",NABUMETONE,500 mg/1,"TABLET, FILM COATED",ORAL,Anti-Inflammatory Agents,CAT004,Pain Management
MED001036,79753-046,Titanium Dioxide,Coola Rosilliance Mineral Tinted Face Moisturizer Spf 30 Fresh Rose,"Coola, Llc",TITANIUM DIOXIDE,5.6 g/100mL,LOTION,TOPICAL,UNKNOWN,CAT015,Others
MED001037,79753-073,Avobenzone Homosalate Octisalate Octocrylene,Coola Classic Face Sunscreen Cucumber Broad Spectrum Spf 30,Coola Llc,AVOBENZONE,1.75 g/100mL,LOTION,TOPICAL,UNKNOWN,CAT015,Others
MED001074,80005-139,Letrozole,Letrozole,Carnegie Pharmaceuticals Llc,LETROZOLE,2.5 mg/1,"TABLET, FILM COATED",ORAL,Aromatase Inhibitor [EPC],CAT009,Oncology
MED001089,80425-0138,Methocarbamol,Methocarbamol,"Advanced Rx Pharmacy Of Tennessee, Llc",METHOCARBAMOL,500 mg/1,"TABLET, FILM COATED",ORAL,Centrally-mediated Muscle Relaxation [PE],CAT005,Neurology
MED001110,80425-0370,Zonisamide,Zonisamide,"Advanced Rx Of Tennessee, Llc",ZONISAMIDE,100 mg/1,CAPSULE,ORAL,Anti-epileptic Agent [EPC],CAT005,Neurology
MED001142,80513-421,Meclizine Hydrochloride,Meclizine,Advanced Rx Llc,MECLIZINE HYDROCHLORIDE,25 mg/1,"TABLET, CHEWABLE",ORAL,Antiemetic [EPC],CAT007,Gastrointestinal
MED001232,81734-001,Oxygen,Oxygen,Cryogenic Solutions Llc,OXYGEN,995 mL/L,GAS,RESPIRATORY (INHALATION),UNKNOWN,CAT015,Others
MED001245,0615-8270,Fenofibrate,Fenofibrate,"Ncs Healthcare Of Ky, Inc Dba Vangard Labs",FENOFIBRATE,160 mg/1,TABLET,ORAL,Peroxisome Proliferator Receptor alpha Agonist [EPC],CAT003,Diabetes
MED001306,82214-003,Sodium Fluoride,Moon Charcoal Whitening Anticavity,"Moon Oral Care, Llc",SODIUM FLUORIDE,.24 g/100g,PASTE,TOPICAL,UNKNOWN,CAT015,Others
MED001336,82442-490,Nicotine Polacrilex,Up And Up Nicotine,Target Corporation,NICOTINE,2 mg/1,LOZENGE,ORAL,Cholinergic Nicotinic Agonist [EPC],CAT005,Neurology
MED001371,82645-400,Pramoxine Hydrochloride And Zinc Acetate Lotion,Calamine Clear,"Pharma Nobis, Llc",PRAMOXINE HYDROCHLORIDE,10 mg/mL,LOTION,TOPICAL,Copper Absorption Inhibitor [EPC],CAT007,Gastrointestinal
MED001413,82804-055,Moxifloxacin,Moxifloxacin,Proficient Rx Lp,MOXIFLOXACIN HYDROCHLORIDE,5 mg/mL,SOLUTION/ DROPS,OPHTHALMIC,Fluoroquinolone Antibacterial [EPC],CAT001,Antibiotics
MED001430,82804-264,Doxycycline,Doxycycline,Proficient Rx Lp,DOXYCYCLINE,100 mg/1,TABLET,ORAL,Tetracycline-class Drug [EPC],CAT001,Antibiotics
MED001455,82868-106,Valacyclovir,Valacyclovir Hydrochloride,"Northwind Health Company, Llc",VALACYCLOVIR HYDROCHLORIDE,1 g/1,"TABLET, FILM COATED",ORAL,DNA Polymerase Inhibitors [MoA],CAT012,Ophthalmology
MED001458,82876-985,Allantoin,Earthmed Sport Massage Oil,Earthmed Llc,ALLANTOIN,1 g/108.48g,OIL,TOPICAL,UNKNOWN,CAT015,Others
MED001473,82969-1048,Natrum Phosphoricum,Bestmade Natural Products Nat Phos 8X,Bestmade Natural Products,"SODIUM PHOSPHATE, DIBASIC, HEPTAHYDRATE",8 [hp_X]/8[hp_X],LIQUID,ORAL,UNKNOWN,CAT015,Others
MED001474,0069-0187,Palbociclib,Ibrance,Pfizer Laboratories Div Pfizer Inc,PALBOCICLIB,75 mg/1,CAPSULE,ORAL,Cytochrome P450 3A Inhibitors [MoA],CAT014,Vitamins & Supplements
MED001504,82969-2400,"Agraphis Nutans, Castoreum, Formica Rufa, Lemna Minor, Sanguinaria Nitricum, Sticta Pul, Teucrium Marum, Thuja",Bm100,Total Operations Management Llc Dba:Bestmade Natural Products Micro,CASTOR CANADENSIS SCENT GLAND SECRETION,40 [hp_C]/mL,LIQUID,ORAL,UNKNOWN,CAT015,Others
MED001510,82969-4001,"Hyoscyamus, Tuberculinum, Arsen Lod, Verta Alb",Bestmade Natural Products Focused And Relaxed,Bestmade Natural Products,ARSENIC TRIIODIDE,30 [hp_C]/30[hp_C],LIQUID,ORAL,Antigens,CAT010,Allergy
MED001517,0641-6000,Lorazepam,Ativan,Hikma Pharmaceuticals Usa Inc.,LORAZEPAM,2 mg/mL,INJECTION,INTRAMUSCULAR,Benzodiazepine [EPC],CAT005,Neurology
MED001582,83033-1620,"Menthol, Camphor",Rayo Breath Chamomile,Quimicas Handal De Centroamerica Sa De Cv,CAMPHOR (SYNTHETIC),1 g/g,CREAM,TOPICAL,UNKNOWN,CAT015,Others
MED001623,83270-004,Thiamine Hydrochloride,Thiamine Hydrochloride,Onesource Specialty Pharma Limited,THIAMINE HYDROCHLORIDE,100 mg/mL,"INJECTION, SOLUTION",INTRAMUSCULAR,UNKNOWN,CAT015,Others
MED001626,83270-311,Ampicillin,Ampicillin,Onesource Specialty Pharma Limited,AMPICILLIN SODIUM,250 mg/1,"INJECTION, POWDER, FOR SOLUTION",INTRAMUSCULAR,Penicillin-class Antibacterial [EPC],CAT001,Antibiotics
MED001690,83557-001,Sodium Chloride,Burble,"Lets Burble, Inc.",CALCIUM BICARBONATE,65 mg/1,"TABLET, FOR SOLUTION",NASAL,Alkalinizing Activity [MoA],CAT014,Vitamins & Supplements
MED001704,83629-017,Isopropyl Alcohol,Nexxgen 70% Rubbing Alcohol With Wintergreen,A & A Nexxgen Llc,ISOPROPYL ALCOHOL,70 mL/100mL,LIQUID,TOPICAL,UNKNOWN,CAT015,Others
MED001721,0703-3218,Paclitaxel,Paclitaxel,"Teva Parenteral Medicines, Inc.",PACLITAXEL,6 mg/mL,"INJECTION, SOLUTION, CONCENTRATE",INTRAVENOUS,Microtubule Inhibition [PE],CAT012,Ophthalmology
MED001726,83698-011,Calcium Carbonate,Ultra Strength Antacid Tropical Fruit Flavor,"Xiamen Kang Zhongyuan Biotechnology Co., Ltd.",CALCIUM CARBONATE,1000 mg/1,"TABLET, CHEWABLE",ORAL,Blood Coagulation Factor [EPC],CAT003,Diabetes
MED001742,83739-001,Joint Health Capsules,Joint Health,Xian Chiang Company Limited,AMINO ACIDS,2 g/1001,CAPSULE,ORAL,Allergens [CS],CAT006,Respiratory
MED001813,84126-184,Selenium Sulfide,Head And Shoulders 2In1 Clinical Strength Cooling Itch Relief,The Procter & Gamble Manufacturing Company,SELENIUM SULFIDE,1 g/100mL,LOTION/SHAMPOO,TOPICAL,UNKNOWN,CAT015,Others
MED001814,84126-186,Aluminum Sesquichlorohydrate,Secret Clinical Dry Stress Response,The Procter & Gamble Manufacturing Company,ALUMINUM SESQUICHLOROHYDRATE,24.7 g/100g,"AEROSOL, SPRAY",TOPICAL,UNKNOWN,CAT015,Others
MED001842,84126-612,Stannous Fluoride,Kids Crest Advanced Sugar And Bacteria Shield,The Procter & Gamble Manufacturing Company,STANNOUS FLUORIDE,1.5 mg/g,"PASTE, DENTIFRICE",DENTAL,UNKNOWN,CAT015,Others
MED001853,84130-019,"Octisalate, Octocrylene, Zinc Oxide",Sun Veil Illuminatingelixir Face Sunscreen Spf 38,Koco Life Llc,OCTISALATE,50 mg/mL,LOTION,TOPICAL,UNKNOWN,CAT015,Others
MED001865,84181-357,Sodium Fluoride,Dr. Jen Superpaste Nano-Hydroxyapatite,"Dr Jen Natural, Llc",SODIUM FLUORIDE,.22 g/100mL,"PASTE, DENTIFRICE",ORAL,UNKNOWN,CAT015,Others
MED001867,84185-302,Sodium Fluoride,Willo Minty Mist Dye Free,"Willo 32, Inc.",SODIUM FLUORIDE,1 mg/mL,"PASTE, DENTIFRICE",DENTAL,UNKNOWN,CAT015,Others
MED001934,0781-3001,Somatropin,Omnitrope,Sandoz Inc,SOMATROPIN,5 mg/1.5mL,"INJECTION, SOLUTION",SUBCUTANEOUS,Human Growth Hormone [CS],CAT009,Oncology
MED001936,84549-300,Ciprofloxacin,Ciprofloxacin In Dextrose,Propharma Distribution,CIPROFLOXACIN,400 mg/200mL,"INJECTION, SOLUTION",INTRAVENOUS,Cytochrome P450 1A2 Inhibitors [MoA],CAT014,Vitamins & Supplements
MED001950,84603-170,"Avobenzone, Octinoxate, Octisalate, Oxybenzone",Basin Vanilla Spf 30 Lip Balm Spf 30,"Retail Concepts Of Minnesota, Inc.",AVOBENZONE,3 g/100g,STICK,TOPICAL,UNKNOWN,CAT015,Others
MED001973,84746-007,Liquid Wart Corn Removal Mask,Pureskin Liquid Wart Corn Removal Mask,"Shandong Yuyaotang Pharmaceutical Co., Ltd",SALICYLIC ACID,15 g/100mL,LIQUID,TOPICAL,UNKNOWN,CAT015,Others
MED001988,84896-008,Undecylenic Acid,Antifungal Pen,"Guangzhou Mizi Biotechnology Co., Ltd.",UNDECYLENIC ACID,25 g/100mL,LIQUID,TOPICAL,UNKNOWN,CAT015,Others
MED002015,85064-004,Titanium Dioxide,Eelhoe Sun Cream,"Shantou Eelhoe Daily Chemical Technology Co., Ltd.",CENTELLA ASIATICA TRITERPENOIDS,.004 mg/40mg,CREAM,TOPICAL,UNKNOWN,CAT015,Others
MED002017,85064-032,Glycerin,Eelhoe Sleep Aid Patch,"Shantou Eelhoe Daily Chemical Technology Co., Ltd.",CITRUS LIMON (LEMON) FRUIT OIL,.0096 mg/48mg,PATCH,TOPICAL,UNKNOWN,CAT015,Others
MED002039,85163-008,Titanium Dioxide,Ouhoe Protection Sunscreen,"Shantou Ouhoe Technology Co., Ltd.",CENTELLA ASIATICA,.15 mg/50mg,LIQUID,TOPICAL,UNKNOWN,CAT015,Others
MED002058,85236-111,Hand Moisturizing Sanitizer,Caring Hands,Gleeco Labs Llc,BENZALKONIUM CHLORIDE,.125 mg/100mL,LIQUID,TOPICAL,UNKNOWN,CAT015,Others
MED002074,85248-184,Undecylenic Acid 25% Fungal Nail Renewal,Werpeka Fungal Nail Renewal,"Jiangxi Yudexi Pharmaceutical Co., Ltd",UNDECYLENIC ACID,25 g/100mL,LIQUID,TOPICAL,UNKNOWN,CAT015,Others
MED002110,85362-208,Zinc Oxide,Tinted Daily Replenishing Protection,"Goldberg, Howard S Md Inc",ZINC OXIDE,160 mg/g,CREAM,TOPICAL,UNKNOWN,CAT015,Others
MED002124,85398-021,1% Clotrimazole,Hermon Antifungal Stick,Beautivity Llc,CLOTRIMAZOLE,.4 g/40g,STICK,TOPICAL,Azole Antifungal [EPC],CAT001,Antibiotics
MED002143,85431-202,"Titanium Dioxide, Zinc Oxide",Mineral Sunscreen Dry Touch Nt,Cutis Wellness Dermatology And Dermatopathology Pllc,TITANIUM DIOXIDE,80 mg/g,CREAM,TOPICAL,UNKNOWN,CAT015,Others
MED002160,85479-205,Zinc Oxide,Daily Skin Protection Sunscreen Nt,Skinplusbyoroyo Llc,ZINC OXIDE,200 mg/g,CREAM,TOPICAL,UNKNOWN,CAT015,Others
MED002187,85525-002,Body Acne Treatment,The Nueyou,Brand Reach Collective Llc,SALICYLIC ACID,20 mg/mL,CREAM,CUTANEOUS,UNKNOWN,CAT015,Others
MED002230,85636-028,Ibealee Nail Repair Pen,Ibealee Nail Repair Pen,"Shenzhen Earth Surface Trading Co., Ltd.",UNDECYLENIC ACID,25 mg/100mL,LIQUID,TOPICAL,UNKNOWN,CAT015,Others
MED002237,85707-203,"Titanium Dioxide, Zinc Oxide",Tinted Facial Primer,Bee Naturals,TITANIUM DIOXIDE,80 mg/g,CREAM,TOPICAL,UNKNOWN,CAT015,Others
MED002272,85766-221,Famotidine,Famotidine,Sportpharm Llc,FAMOTIDINE,20 mg/1,"TABLET, FILM COATED",ORAL,Histamine H2 Receptor Antagonists [MoA],CAT006,Respiratory
MED002281,85805-205,Zinc Oxide,Non-Tinted Mineral Sunscreen,Olga Klimov Inc,ZINC OXIDE,200 mg/g,CREAM,TOPICAL,UNKNOWN,CAT015,Others
MED002285,85816-1006,Kali Phosphoricum,Bm Kali Phos,Bm Private Limited,"POTASSIUM PHOSPHATE, DIBASIC",6 [hp_X]/60mg,TABLET,ORAL,UNKNOWN,CAT015,Others
MED002286,0069-0830,Sunitinib Malate,Sutent,Pfizer Laboratories Div Pfizer Inc,SUNITINIB MALATE,37.5 mg/1,CAPSULE,ORAL,Kinase Inhibitor [EPC],CAT012,Ophthalmology
MED002289,85816-1034,Lithium Chloride,Bm Lithium Chloride (Lith Mur),Bm Private Limited,LITHIUM CHLORIDE,6 [hp_X]/60mg,TABLET,ORAL,Mood Stabilizer [EPC],CAT005,Neurology
MED002305,85816-8023,"Calc Fluor, Ferr Phos, Mag Phos",Bm Bio23 Icing Sugar,Bm Private Limited,CALCIUM FLUORIDE,3 [hp_X]/g,GLOBULE,ORAL,Calculi Dissolution Agent [EPC],CAT007,Gastrointestinal
MED002322,0832-6024,Carbamazepine,Carbamazepine,"Upsher-Smith Laboratories, Llc",CARBAMAZEPINE,400 mg/1,"TABLET, EXTENDED RELEASE",ORAL,Cytochrome P450 1A2 Inducers [MoA],CAT014,Vitamins & Supplements
MED002323,0832-6032,Fluoxetine Hydrochloride,Fluoxetine Hydrochloride,"Upsher-Smith Laboratories, Llc",FLUOXETINE HYDROCHLORIDE,20 mg/5mL,FOR SOLUTION,ORAL,Serotonin Reuptake Inhibitor [EPC],CAT005,Neurology
MED002337,85966-003,Chlorhexidine Digluconate,Nourishing Hand Sanitizer Sprays,"Guangzhou Saweilan Import & Export Trading Co., Ltd",CHLORHEXIDINE DIGLUCONATE,.012 g/mL,LIQUID,TOPICAL,Decreased Cell Wall Integrity [PE],CAT001,Antibiotics
MED002349,85998-001,"Ethylhexyl Methoxycinnamate, Octocrylene, Titanium Dioxide",Sunscreen Spf50,Guangzhou Tinsun Biotechnology Company Limited,ETHYLHEXYL METHOXYCINNAMATE,6 g/100mL,CREAM,TOPICAL,UNKNOWN,CAT015,Others
MED002357,87022-016,Minoxidil,Aromatica Hair Leave In Romero Con Minoxidil,Laboratorio Mk Srl,MINOXIDIL,2 mg/234mL,CREAM,TOPICAL,Arteriolar Vasodilation [PE],CAT003,Diabetes
MED002369,87063-223,Diclofenac Sodium,Diclofenac Sodium,Asclemed Usa Inc.,DICLOFENAC SODIUM,20 mg/g,SOLUTION,TOPICAL,Anti-Inflammatory Agents,CAT004,Pain Management
MED002390,87206-101,2% Salicylic Acid,Acne Treatment Cream,Zytrell Skin Solutions Inc.,SALICYLIC ACID,2 g/100g,CREAM,TOPICAL,UNKNOWN,CAT015,Others
MED002420,0069-1305,Epoetin Alfa-Epbx,Retacrit,Pfizer Laboratories Div Pfizer Inc,EPOETIN,2000 [iU]/mL,"INJECTION, SOLUTION",INTRAVENOUS,Erythropoiesis-stimulating Agent [EPC],CAT010,Allergy
MED002442,87409-001,Pop On Toothpaste.,Pop On Toothpaste.,"Poponsmiles,Llc",SODIUM FLUORIDE,.243 g/100g,PASTE,TOPICAL,UNKNOWN,CAT015,Others
MED002447,87441-027,Divalproex Sodium,Divalproex Sodium,"Unit Dose Solutions, Inc.",DIVALPROEX SODIUM,250 mg/1,"TABLET, DELAYED RELEASE",ORAL,Anti-epileptic Agent [EPC],CAT005,Neurology
MED002450,87441-064,Ondansetron Hydrochloride,Ondansetron Hydrochloride,"Unit Dose Solutions, Inc.",ONDANSETRON HYDROCHLORIDE,4 mg/1,"TABLET, FILM COATED",ORAL,Serotonin 3 Receptor Antagonists [MoA],CAT005,Neurology
MED002509,98132-038,Titanium Dioxide,Bareminerals Original Liquid Mineral Foundation Broad Spectrum Spf 20 Sunscreen Soft Medium 11,"Orveon Global Us, Llc",TITANIUM DIOXIDE,.747 mg/mL,LIQUID,TOPICAL,UNKNOWN,CAT015,Others
MED002908,0069-4205,Doxorubicin Hydrochloride,Doxorubicin Hydrochloride,Pfizer Laboratories Div Pfizer Inc,DOXORUBICIN HYDROCHLORIDE,2 mg/mL,"INJECTION, SOLUTION",INTRAVENOUS,Anthracycline Topoisomerase Inhibitor [EPC],CAT012,Ophthalmology
MED003174,0942-6550,Anticoagulant Citrate Phosphate Dextrose (Cpd) And Adsol Preservation,Adsol Red Cell Preservation,"Fenwal, Inc.",UNKNOWN,UNKNOWN,KIT,UNKNOWN,UNKNOWN,CAT015,Others
MED003349,10019-672,Esmolol Hydrochloride,Brevibloc,Baxter Healthcare Company,ESMOLOL HYDROCHLORIDE,10 mg/mL,INJECTION,INTRAVENOUS,Adrenergic beta-Antagonists [MoA],CAT003,Diabetes
MED003559,0074-0566,Venetoclax,Venclexta,Abbvie Inc.,VENETOCLAX,50 mg/1,"TABLET, FILM COATED",ORAL,BCL-2 Inhibitor [EPC],CAT012,Ophthalmology
MED003720,10210-0022,"Camphor (Synthetic), Petrolatum",Carmex Classic Lip Balm Medicated,"Carma Laboratories, Inc.",CAMPHOR (SYNTHETIC),1.7 g/100g,SALVE,TOPICAL,UNKNOWN,CAT015,Others
MED003868,10237-679,Sodium Fluoride,Arm And Hammer,"Church & Dwight Co., Inc.",SODIUM FLUORIDE,2.4 mg/g,"PASTE, DENTIFRICE",DENTAL,UNKNOWN,CAT015,Others
MED004376,10927-003,Oxygen,Oxygen,Purity Cylinder Gases Inc,OXYGEN,990 mL/L,GAS,RESPIRATORY (INHALATION),UNKNOWN,CAT015,Others
MED004551,11344-078,Castor Oil,Castor Oil,"Nice-Pak Products, Llc",CASTOR OIL,1 g/mL,LIQUID,ORAL,UNKNOWN,CAT015,Others
MED004580,11344-864,Isopropyl Alcohol,Isopropyl Alcohol,"Nice-Pak Products, Llc",ISOPROPYL ALCOHOL,50 mL/100mL,LIQUID,TOPICAL,UNKNOWN,CAT015,Others
MED004711,11523-0150,Miconazole Nitrate,Lotrimin Af Jock Itch,Bayer Healthcare Llc.,MICONAZOLE NITRATE,20 mg/g,POWDER,TOPICAL,Azole Antifungal [EPC],CAT001,Antibiotics
MED004947,0078-0432,Dexmethylphenidate Hydrochloride,Focalin Xr,Novartis Pharmaceuticals Corporation,DEXMETHYLPHENIDATE HYDROCHLORIDE,20 mg/1,"CAPSULE, EXTENDED RELEASE",ORAL,Central Nervous System Stimulant [EPC],CAT005,Neurology
MED004948,11673-683,Ibuprofen Mini 200 Mg,Ibuprofen Mini,Target Corporation,IBUPROFEN,200 mg/1,"CAPSULE, LIQUID FILLED",ORAL,Anti-Inflammatory Agents,CAT004,Pain Management
MED004956,11673-824,"Daytime Severe - Acetaminophen, Dextromethorphan Hbr, Guaifenesin, Phenylephrine Hcl, Nighttime Severe-Acetaminophen, Dextromethorphan Hbr, Doxylamine Succinate, Phenylephrine Hcl",Daytime Severe And Nighttime Severe Cold And Flu,Target Corporation,UNKNOWN,UNKNOWN,KIT,UNKNOWN,UNKNOWN,CAT015,Others
MED004962,11673-918,Diphenhydramine Hcl,Childrens Allergy Relief Dye-Free,Target Corporation,DIPHENHYDRAMINE HYDROCHLORIDE,12.5 mg/5mL,SOLUTION,ORAL,Histamine H1 Receptor Antagonists [MoA],CAT006,Respiratory
MED004972,0078-0493,Dexmethylphenidate Hydrochloride,Focalin Xr,Novartis Pharmaceuticals Corporation,DEXMETHYLPHENIDATE HYDROCHLORIDE,15 mg/1,"CAPSULE, EXTENDED RELEASE",ORAL,Central Nervous System Stimulant [EPC],CAT005,Neurology
MED004994,0078-0592,Nilotinib,Tasigna,Novartis Pharmaceuticals Corporation,NILOTINIB HYDROCHLORIDE MONOHYDRATE,150 mg/1,CAPSULE,ORAL,Bcr-Abl Tyrosine Kinase Inhibitors [MoA],CAT012,Ophthalmology
MED005012,11822-5074,Benzethonium Chloride,3 In 1 First Aid Wound Care,Rite Aid Corporation,BENZETHONIUM CHLORIDE,1.3 mg/g,SOLUTION,TOPICAL,UNKNOWN,CAT015,Others
MED005023,11994-017,Perflutren,Definity Rt,"Lantheus Medical Imaging, Inc.",PERFLUTREN,6.52 mg/mL,"INJECTION, SUSPENSION",INTRAVENOUS,Contrast Agent for Ultrasound Imaging [EPC],CAT014,Vitamins & Supplements
MED005056,0078-0986,Siponimod,Mayzent,Novartis Pharmaceuticals Corporation,SIPONIMOD,2 mg/1,"TABLET, FILM COATED",ORAL,Sphingosine 1-Phosphate Receptor Modulators [MoA],CAT010,Allergy
MED005058,13668-359,Pregabalin,Pregabalin,Torrent Pharmaceuticals Limited,PREGABALIN,50 mg/1,CAPSULE,ORAL,UNKNOWN,CAT015,Others
MED005070,13733-250,"Octinoxate, Zinc Oxide, Titanium Dioxide",Missha M Perfect Cover Bb.13,"Able C&C Co., Ltd.",OCTINOXATE,7.5 g/100mL,CREAM,TOPICAL,Copper Absorption Inhibitor [EPC],CAT007,Gastrointestinal
MED005097,14141-465,"Avobenzone, Octisalate, Octocrylene",Lbel Lumi Age Anti Aging Nourishing Facial With Spf 30,Bel Star Sa,AVOBENZONE,18 mg/mL,EMULSION,TOPICAL,UNKNOWN,CAT015,Others
MED005108,14537-832,"Dextrose Monohydrate, Trisodium Citrate Dihydrate, Sodium Chloride, Sodium Phosphate, Monobasic, Monohydrate, Citric Acid Monohydrate, And Adenine",Additive Formula 3,"Terumo Bct, Ltd",ADENINE,.03 g/100mL,SOLUTION,INTRAVENOUS,Acidifying Activity [MoA],CAT014,Vitamins & Supplements
MED005112,14961-006,Oxygen,Oxygen,"Haun Specialty Gases, Inc.",OXYGEN,990 mL/L,GAS,RESPIRATORY (INHALATION),UNKNOWN,CAT015,Others
MED005118,0093-0311,Loperamide Hydrochloride,Loperamide Hydrochloride,"Teva Pharmaceuticals Usa, Inc.",LOPERAMIDE HYDROCHLORIDE,2 mg/1,CAPSULE,ORAL,Opioid Agonist [EPC],CAT004,Pain Management
MED005165,16714-199,Voriconazole,Voriconazole,Northstar Rx Llc,VORICONAZOLE,200 mg/1,"TABLET, FILM COATED",ORAL,Azole Antifungal [EPC],CAT001,Antibiotics
MED005172,16714-363,Norgestimate And Ethinyl Estradiol,Tri-Linyah,Northstar Rx Llc,UNKNOWN,UNKNOWN,KIT,UNKNOWN,UNKNOWN,CAT015,Others
MED005180,16714-527,Ipratropium Bromide,Ipratropium Bromide,Northstar Rx Llc,IPRATROPIUM BROMIDE,42 ug/1,"SPRAY, METERED",NASAL,Anticholinergic [EPC],CAT005,Neurology
MED005197,16714-899,Fexofenadine Hcl,Fexofenadine Hcl,Northstar Rxllc,FEXOFENADINE HYDROCHLORIDE,180 mg/1,TABLET,ORAL,Histamine H1 Receptor Antagonists [MoA],CAT006,Respiratory
MED005209,16729-141,Clozapine,Clozapine,Accord Healthcare Inc.,CLOZAPINE,25 mg/1,TABLET,ORAL,Atypical Antipsychotic [EPC],CAT005,Neurology
MED005281,0093-4068,Prazosin Hydrochloride,Prazosin Hydrochloride,"Teva Pharmaceuticals Usa, Inc.",PRAZOSIN HYDROCHLORIDE,2 mg/1,CAPSULE,ORAL,Adrenergic alpha-Antagonists [MoA],CAT003,Diabetes
MED005322,0093-5061,Hydroxyzine Hydrochloride,Hydroxyzine Hydrochloride,"Teva Pharmaceuticals Usa, Inc.",HYDROXYZINE DIHYDROCHLORIDE,25 mg/1,"TABLET, FILM COATED",ORAL,Antihistamine [EPC],CAT006,Respiratory
MED005325,21130-818,Ibuprofen,Signature Care Ibuprofen,Safeway,IBUPROFEN,200 mg/1,"TABLET, FILM COATED",ORAL,Anti-Inflammatory Agents,CAT004,Pain Management
MED005331,21130-931,"Lidocaine Hcl, Benzalkonium Chloride",Signature Select Pain Relieving,Safeway/Albartsons,BENZALKONIUM CHLORIDE,.13 g/100mL,SPRAY,TOPICAL,Amide Local Anesthetic [EPC],CAT004,Pain Management
MED005353,21922-041,Fluorouracil,Fluorouracil,"Encube Ethicals, Inc.",FLUOROURACIL,50 mg/mL,SOLUTION,TOPICAL,Nucleic Acid Synthesis Inhibitors [MoA],CAT012,Ophthalmology
MED005500,23155-180,Trimethobenzamide Hydrochloride,Trimethobenzamide Hydrochloride,Heritage Pharmaceuticals Inc. D/B/A Avet Pharmaceuticals Inc.,TRIMETHOBENZAMIDE HYDROCHLORIDE,300 mg/1,CAPSULE,ORAL,Antiemetic [EPC],CAT007,Gastrointestinal
MED005520,23155-796,Doxepin Hydrochloride,Doxepin Hydrochloride,Heritage Pharmaceuticals Inc. D/B/A Avet Pharmaceuticals Inc.,DOXEPIN HYDROCHLORIDE,50 mg/1,CAPSULE,ORAL,Tricyclic Antidepressant [EPC],CAT005,Neurology
MED005536,23635-582,Oxycodone Hydrochloride,Roxicodone,Specgx Llc,OXYCODONE HYDROCHLORIDE,30 mg/1,TABLET,ORAL,Full Opioid Agonists [MoA],CAT004,Pain Management
MED005551,24208-670,Sulfacetamide Sodium,Sulfacetamide Sodium,Bausch & Lomb Incorporated,SULFACETAMIDE SODIUM,100 mg/mL,SOLUTION/ DROPS,OPHTHALMIC,Sulfonamide Antibacterial [EPC],CAT001,Antibiotics
MED005559,0113-0054,Pseudoephedrine Hydrochloride,Good Sense Suphedrine 12 Hour,L. Perrigo Company,PSEUDOEPHEDRINE HYDROCHLORIDE,120 mg/1,"TABLET, FILM COATED, EXTENDED RELEASE",ORAL,Adrenergic alpha-Agonists [MoA],CAT003,Diabetes
MED005604,24979-240,Lisinopril,Zestril,"Upsher-Smith Laboratories, Llc",LISINOPRIL,10 mg/1,TABLET,ORAL,Angiotensin Converting Enzyme Inhibitor [EPC],CAT003,Diabetes
MED005617,25021-111,Cefoxitin,Cefoxitin,Sagent Pharmaceuticals,CEFOXITIN SODIUM,10 g/1,"INJECTION, POWDER, FOR SOLUTION",INTRAVENOUS,Cephalosporin Antibacterial [EPC],CAT001,Antibiotics
MED005653,27241-167,Doxepin Hydrochloride,Doxepin Hydrochloride,Ajanta Pharma Usa Inc.,DOXEPIN HYDROCHLORIDE,10 mg/1,CAPSULE,ORAL,Tricyclic Antidepressant [EPC],CAT005,Neurology
MED005674,27854-311,Lidocaine,Flanax Back Pain Relief,Belmora Llc,LIDOCAINE,4 g/100g,PATCH,TOPICAL,Amide Local Anesthetic [EPC],CAT004,Pain Management
MED005685,29300-244,Buspirone Hydrochloride,Buspirone Hydrochloride,"Unichem Pharmaceuticals (Usa), Inc.",BUSPIRONE HYDROCHLORIDE,5 mg/1,TABLET,ORAL,UNKNOWN,CAT015,Others
MED005686,0113-1889,Acetaminophen,Good Sense Pain Relief,L. Perrigo Company,ACETAMINOPHEN,500 mg/1,"TABLET, FILM COATED",ORAL,UNKNOWN,CAT015,Others
MED005755,31722-119,Hydromorphone Hydrochloride,Hydromorphone Hydrochloride,"Camber Pharmaceuticals, Inc.",HYDROMORPHONE HYDROCHLORIDE,8 mg/1,"TABLET, EXTENDED RELEASE",ORAL,Full Opioid Agonists [MoA],CAT004,Pain Management
MED005785,31722-540,Desogestrel And Ethinyl Estradiol,Desogestrel And Ethinyl Estradiol,"Camber Pharmaceuticals, Inc.",UNKNOWN,UNKNOWN,KIT,UNKNOWN,UNKNOWN,CAT015,Others
MED005795,31722-707,Famciclovir,Famciclovir,"Camber Pharmaceuticals, Inc.",FAMCICLOVIR,250 mg/1,"TABLET, FILM COATED",ORAL,DNA Polymerase Inhibitors [MoA],CAT012,Ophthalmology
MED005807,31722-907,Pramipexole,Pramipexole,"Camber Pharmaceuticals, Inc.",PRAMIPEXOLE DIHYDROCHLORIDE,.25 mg/1,TABLET,ORAL,Dopamine Agonists [MoA],CAT005,Neurology
MED005815,32909-746,Barium Sulfate,Readi-Cat 2 Creamy Vanilla Smoothie,E-Z-Em Canada Inc,BARIUM SULFATE,20 mg/mL,SUSPENSION,ORAL,Radiographic Contrast Agent [EPC],CAT014,Vitamins & Supplements
MED005824,33342-096,Tenofovir Disoproxil Fumarate,Tenofovir Disoproxil Fumarate,Macleods Pharmaceuticals Limited,TENOFOVIR DISOPROXIL FUMARATE,300 mg/1,"TABLET, FILM COATED",ORAL,Hepatitis B Virus Nucleoside Analog Reverse Transcriptase Inhibitor [EPC],CAT001,Antibiotics
MED005858,33992-0871,Hydrogen Peroxide,Hydrogen Peroxide,"Greenbrier International, Inc",HYDROGEN PEROXIDE,30 mg/mL,SOLUTION,TOPICAL,UNKNOWN,CAT015,Others
MED005859,0115-5213,Colestipol Hydrochloride,Colestipol Hydrochloride,Amneal Pharmaceuticals Of New York Llc,COLESTIPOL HYDROCHLORIDE,5 g/1,SUSPENSION,ORAL,Bile Acid Sequestrant [EPC],CAT007,Gastrointestinal
MED005868,35000-190,Sodium Fluoride,Colgate Kids Maximum Cavity Protection,Colgate-Palmolive,SODIUM FLUORIDE,1.1 mg/g,"GEL, DENTIFRICE",DENTAL,UNKNOWN,CAT015,Others
MED005870,35000-213,Sodium Fluoride,Colgate Maxfresh Charcoal,Colgate-Palmolive Company,SODIUM FLUORIDE,1.1 mg/g,"GEL, DENTIFRICE",DENTAL,UNKNOWN,CAT015,Others
MED005889,35573-448,Leflunomide,Leflunomide,"Burel Pharmaceuticals, Llc",LEFLUNOMIDE,20 mg/1,"TABLET, FILM COATED",ORAL,Antirheumatic Agent [EPC],CAT004,Pain Management
MED005921,36800-417,"Naproxen Sodium, Pseudoephedrine Hcl",Topcare Sinus And Cold D,Topco Associates Llc,NAPROXEN SODIUM,220 mg/1,"TABLET, FILM COATED, EXTENDED RELEASE",ORAL,Adrenergic alpha-Agonists [MoA],CAT003,Diabetes
MED005943,36800-921,"Acetaminophen, Dextromethorphan Hydrobromide, And Phenylephrine Hydrochloride",Cold Max Daytime,Topco Associates Llc,ACETAMINOPHEN,325 mg/1,"TABLET, COATED",ORAL,Adrenergic alpha1-Agonists [MoA],CAT003,Diabetes
MED005950,37000-049,Sodium Fluoride,Kids Crest Cavity Protection Sparkle Fun,The Procter & Gamble Manufacturing Company,SODIUM FLUORIDE,1.5 mg/g,"PASTE, DENTIFRICE",DENTAL,UNKNOWN,CAT015,Others
MED005953,0121-0678,Nortriptyline Hydrochloride,Nortriptyline Hydrochloride,"Pai Holdings, Llc Dba Pai Pharma",NORTRIPTYLINE HYDROCHLORIDE,10 mg/5mL,SOLUTION,ORAL,Tricyclic Antidepressant [EPC],CAT005,Neurology
MED006084,37662-1118,Cobaltum Phosphoricum,Cobaltum Phosphoricum,"Hahnemann Laboratories, Inc.",COBALTOUS PHOSPHATE,100 [hp_C]/1,PELLET,ORAL,UNKNOWN,CAT015,Others
MED006092,37662-1240,Secale Cornutum,Secale Cornutum,"Hahnemann Laboratories, Inc.",CLAVICEPS PURPUREA SCLEROTIUM,12 [hp_C]/1,PELLET,ORAL,UNKNOWN,CAT015,Others
MED006106,0126-0032,Sodium Fluoride,Colgate Phos-Flur Ortho Defense Alcohol Free Anticavity Mint Fluoride,"Colgate Oral Pharmaceuticals, Inc.",SODIUM FLUORIDE,2 mg/10mL,RINSE,DENTAL,UNKNOWN,CAT015,Others
MED006115,37662-1411,Ratanhia,Ratanhia,"Hahnemann Laboratories, Inc.",KRAMERIA LAPPACEA ROOT,1 [hp_Q]/1,PELLET,ORAL,UNKNOWN,CAT015,Others
MED006116,37662-1421,Ranunculus Bulbosus,Ranunculus Bulbosus,"Hahnemann Laboratories, Inc.",RANUNCULUS BULBOSUS,12 [hp_C]/1,PELLET,ORAL,UNKNOWN,CAT015,Others
MED006121,37662-1481,Kali Carbonicum,Kali Carbonicum,"Hahnemann Laboratories, Inc.",POTASSIUM CARBONATE,10 [hp_M]/1,PELLET,ORAL,UNKNOWN,CAT015,Others
MED006150,37662-1681,Hyoscyamus Niger,Hyoscyamus Niger,"Hahnemann Laboratories, Inc.",HYOSCYAMUS NIGER,6 [hp_C]/1,PELLET,ORAL,UNKNOWN,CAT015,Others
MED006154,37662-1723,Ipecacuanha,Ipecacuanha,"Hahnemann Laboratories, Inc.",IPECAC,6 [hp_C]/1,PELLET,ORAL,UNKNOWN,CAT015,Others
MED006164,37662-1819,Mercurius Dulcis,Mercurius Dulcis,"Hahnemann Laboratories, Inc.",CALOMEL,12 [hp_C]/1,PELLET,ORAL,UNKNOWN,CAT015,Others
MED006269,37662-2725,Argentum Iodatum,Argentum Iodatum,"Hahnemann Laboratories, Inc.",SILVER IODIDE,10 [hp_M]/1,PELLET,ORAL,UNKNOWN,CAT015,Others
MED006330,37662-3235,Praseodymium Metallicum,Praseodymium Metallicum,"Hahnemann Laboratories, Inc.",PRASEODYMIUM,500 [hp_C]/1,PELLET,ORAL,UNKNOWN,CAT015,Others
MED006349,37662-3368,Stannum Arsenatum,Stannum Arsenatum,"Hahnemann Laboratories, Inc.",TIN MONOARSENIDE,12 [hp_C]/1,PELLET,ORAL,UNKNOWN,CAT015,Others
MED006363,37662-3452,Abrotanum,Abrotanum,"Hahnemann Laboratories, Inc.",ARTEMISIA ABROTANUM FLOWERING TOP,200 [hp_C]/1,PELLET,ORAL,UNKNOWN,CAT015,Others
MED006370,37662-3504,Aluminium Carbonicum,Aluminium Carbonicum,"Hahnemann Laboratories, Inc.",ALUMINUM CARBONATE,6 [hp_C]/1,PELLET,ORAL,UNKNOWN,CAT015,Others
MED006428,0143-9135,Mitomycin,Mitomycin,Hikma Pharmaceuticals Usa Inc.,MITOMYCIN,20 mg/1,"INJECTION, POWDER, LYOPHILIZED, FOR SOLUTION",INTRAVENOUS,Alkylating Activity [MoA],CAT012,Ophthalmology
MED006448,0006-5003,Letermovir,Prevymis,Merck Sharp & Dohme Llc,LETERMOVIR,20 mg/mL,"INJECTION, SOLUTION",INTRAVENOUS,Cytochrome P450 2C19 Inducers [MoA],CAT014,Vitamins & Supplements
MED006470,37808-483,Menthol,Heb Sf Honey Lemon Cough Drops,Heb,MENTHOL,7.6 mg/1,LOZENGE,ORAL,UNKNOWN,CAT015,Others
MED006514,41163-367,Diphenhydramine Hcl,Nighttime Sleep Aid,"United Natural Foods, Inc. Dba Unfi",DIPHENHYDRAMINE HYDROCHLORIDE,25 mg/1,"TABLET, FILM COATED",ORAL,Histamine H1 Receptor Antagonists [MoA],CAT006,Respiratory
MED006520,41163-648,Phenylephrine Hydrochloride,Equaline Nasal,"United Natural Foods, Inc. Dba Unfi",PHENYLEPHRINE HYDROCHLORIDE,1 g/100mL,SPRAY,NASAL,Adrenergic alpha1-Agonists [MoA],CAT003,Diabetes
MED006534,41167-0291,Magnesium Hydroxide,Dulcolax Liquid,"Chattem, Inc.",MAGNESIUM HYDROXIDE,1200 mg/15mL,LIQUID,ORAL,Calculi Dissolution Agent [EPC],CAT007,Gastrointestinal
MED006562,41250-349,Omeprazole,Omeprazole,Meijer Distribution Inc,OMEPRAZOLE,20 mg/1,"TABLET, ORALLY DISINTEGRATING, DELAYED RELEASE",ORAL,Cytochrome P450 2C19 Inhibitors [MoA],CAT014,Vitamins & Supplements
MED006563,41250-351,Lidocaine Hydrochloride,Meijer Odor Free Analgesic Pain Relieving Topical Analgesic,"Meijer Distribution, Inc",LIDOCAINE HYDROCHLORIDE,40 mg/mL,LIQUID,TOPICAL,Amide Local Anesthetic [EPC],CAT004,Pain Management
MED006582,41250-598,"Tetrahydrozoline Hci, Zinc Sulfate",Meijer Seasonal Itching And Redness Relief,"Meijer Distribution, Inc.",TETRAHYDROZOLINE HYDROCHLORIDE,.05 g/100mL,SOLUTION/ DROPS,OPHTHALMIC,Copper Absorption Inhibitor [EPC],CAT007,Gastrointestinal
MED006589,41250-780,Aspirin,Aspirin 81 Mg,Meijer,ASPIRIN,81 mg/1,"TABLET, DELAYED RELEASE",ORAL,Anti-Inflammatory Agents,CAT004,Pain Management
MED006612,41520-301,Cetirizine Hcl,Careone Childrens Allergy Relief,American Sales Company,CETIRIZINE HYDROCHLORIDE,5 mg/5mL,SOLUTION,ORAL,Histamine H1 Receptor Antagonists [MoA],CAT006,Respiratory
MED006616,41520-881,Pseudoephedrine Hcl,Careone Nasal And Sinus Decongestant,American Sales Company,PSEUDOEPHEDRINE HYDROCHLORIDE,30 mg/1,"TABLET, FILM COATED",ORAL,Adrenergic alpha-Agonists [MoA],CAT003,Diabetes
MED006717,42571-464,Arformoterol Tartrate,Arformoterol Tartrate,Micro Labs Limited,ARFORMOTEROL TARTRATE,15 ug/2mL,SOLUTION,RESPIRATORY (INHALATION),Adrenergic beta2-Agonists [MoA],CAT003,Diabetes
MED006736,42708-009,Metformin Hcl,Metformin Hcl,"Qpharma, Inc.",METFORMIN HYDROCHLORIDE,500 mg/1,TABLET,ORAL,Biguanide [EPC],CAT002,Cardiovascular
MED006756,42794-081,Acitretin,Acitretin,"Sigmapharm Laboratories, Llc",ACITRETIN,17.5 mg/1,CAPSULE,ORAL,Retinoid [EPC],CAT008,Dermatology
MED006825,0168-0056,Betamethasone Dipropionate,Betamethasone Dipropionate,"E. Fougera & Co. A Division Of Fougera Pharmaceuticals, Llc",BETAMETHASONE DIPROPIONATE,.5 mg/g,OINTMENT,TOPICAL,Corticosteroid Hormone Receptor Agonists [MoA],CAT004,Pain Management
MED006838,43066-006,Docetaxel,Docetaxel,Baxter Healthcare Corporation,DOCETAXEL,10 mg/mL,"INJECTION, SOLUTION",INTRAVENOUS,Microtubule Inhibition [PE],CAT012,Ophthalmology
MED006919,43547-398,Hydrochlorothiazide,Hydrochlorothiazide,"Solco Healthcare U.S., Llc",HYDROCHLOROTHIAZIDE,50 mg/1,TABLET,ORAL,Increased Diuresis [PE],CAT003,Diabetes
MED007027,0173-0882,Fluticasone Furoate And Vilanterol Trifenatate,Breo Ellipta,Glaxosmithkline Llc,FLUTICASONE FUROATE,200 ug/1,POWDER,RESPIRATORY (INHALATION),Adrenergic beta2-Agonists [MoA],CAT003,Diabetes
MED007114,45146-110,Articaine Hydrochloride And Epinephrine Bitartrate,Orabloc,Pierrel S.P.A.,ARTICAINE HYDROCHLORIDE,40 mg/mL,INJECTION,SUBMUCOSAL,Adrenergic alpha-Agonists [MoA],CAT003,Diabetes
MED007116,45567-0040,Tc 99M Medronate,Kit For The Preparation Of Technetium Tc 99M Medronate,"Sun Pharmaceutical Industries, Inc.",TECHNETIUM TC-99M MEDRONATE,20 mg/10mL,"INJECTION, POWDER, LYOPHILIZED, FOR SOLUTION",INTRAVENOUS,Radioactive Diagnostic Agent [EPC],CAT014,Vitamins & Supplements
MED007153,46122-775,Diphenhydramine Hcl,Nighttime Sleep-Aid,Amerisource Bergen,DIPHENHYDRAMINE HYDROCHLORIDE,50 mg/1,"CAPSULE, LIQUID FILLED",ORAL,Histamine H1 Receptor Antagonists [MoA],CAT006,Respiratory
MED007166,46708-135,Quetiapine Fumarate,Quetiapine Fumarate,Alembic Pharmaceuticals Limited,QUETIAPINE FUMARATE,50 mg/1,"TABLET, FILM COATED",ORAL,Atypical Antipsychotic [EPC],CAT005,Neurology
MED007183,46708-373,Macitentan,Macitentan,Alembic Pharmaceuticals Limited,MACITENTAN,10 mg/1,"TABLET, FILM COATED",ORAL,Endothelin Receptor Antagonist [EPC],CAT003,Diabetes
MED007197,46708-663,Dapsone,Dapsone,Alembic Pharmaceuticals Limited,DAPSONE,75 mg/g,GEL,TOPICAL,Sulfone [EPC],CAT001,Antibiotics
MED007247,47682-194,Carboxymethylcellulose Sodium,Green Guard Lubricant Eye Drops,Unifirst First Aid Corporation,"CARBOXYMETHYLCELLULOSE SODIUM, UNSPECIFIED",.5 g/100mL,SOLUTION,OPHTHALMIC,UNKNOWN,CAT015,Others
MED007250,47682-319,"Benzalkonium Chloride, Lidocaine Hcl",Green Guard Derma-Caine Burn,Unifirst First Aid Corporation,BENZALKONIUM CHLORIDE,1.3 mg/g,CREAM,TOPICAL,Amide Local Anesthetic [EPC],CAT004,Pain Management
MED007280,48273-012,Medical Air,Medical Air,Keen Compressed Gas Co. Inc.,OXYGEN,210 mL/L,GAS,RESPIRATORY (INHALATION),UNKNOWN,CAT015,Others
MED007303,48951-1117,Arnica Betula B,Arnica Betula B,Uriel Pharmacy Inc.,ARNICA MONTANA,30 [hp_X]/1,PELLET,ORAL,UNKNOWN,CAT015,Others
MED007325,48951-8089,Pulmo Mercurius,Pulmo Mercurius,Uriel Pharmacy Inc.,MERCURY,17 [hp_X]/mL,LIQUID,ORAL,UNKNOWN,CAT015,Others
MED007335,49035-015,Anti-Itch Continuous Spray,Diphenhydramine Hcl And Zinc Acetate,"Wal-Mart Stores, Inc.",DIPHENHYDRAMINE HYDROCHLORIDE,1.5 g/88mL,"AEROSOL, SPRAY",TOPICAL,Copper Absorption Inhibitor [EPC],CAT007,Gastrointestinal
MED007341,49035-101,Antacid Tablets,Equate Ultra Strength Antacid Peppermint Flavor,"Wal-Mart Stores,Inc.,",CALCIUM CARBONATE,1000 mg/1,"TABLET, CHEWABLE",ORAL,UNKNOWN,CAT015,Others
MED007376,49035-978,"Acetaminophen, Dextromethorphan Hbr, Doxylamine Succinate","Nitetime Cold/Flu, Multi-Symptom Relief",Wal-Mart Stores Inc,ACETAMINOPHEN,325 mg/1,"CAPSULE, LIQUID FILLED",ORAL,Antihistamine [EPC],CAT006,Respiratory
MED007381,49283-579,"Methyl Salicylate, Menthol",Heating Pain Relief,Chemco Corporation,MENTHOL,10 g/100mL,CREAM,TOPICAL,UNKNOWN,CAT015,Others
MED007385,49348-185,Mineral Oil,Sunmark Mineral Oil Laxative,Strategic Sourcing Services,MINERAL OIL,118 g/118mL,ENEMA,RECTAL,UNKNOWN,CAT015,Others
MED007399,49479-722,Oxygen,Oxygen,Linde Canada Inc.,OXYGEN,990 mL/L,GAS,RESPIRATORY (INHALATION),UNKNOWN,CAT015,Others
MED007417,49580-0314,Diphenhydramine Hcl,Sleep Aid Nighttime,"P & L Development, Llc",DIPHENHYDRAMINE HYDROCHLORIDE,50 mg/30mL,LIQUID,ORAL,Histamine H1 Receptor Antagonists [MoA],CAT006,Respiratory
MED007452,49698-006,Chloroxylenol,Asepso Sport Antiseptic,Codaa Switzerland Ag,CHLOROXYLENOL,2.5 mg/g,SOAP,TOPICAL,UNKNOWN,CAT015,Others
MED007479,49967-194,"Avobenzone, Octisalate And Octocrylene",Lancome Paris Visionnaire Broad Spectrum Spf 20 Sunscreen Advanced Multi Correcting All Skin Types,L'Oreal Usa Products Inc,AVOBENZONE,30 mg/g,CREAM,TOPICAL,UNKNOWN,CAT015,Others
MED007502,50072-200,Tecovirimat Monohydrate,Tpoxx,"Siga Technologies, Inc.",TECOVIRIMAT MONOHYDRATE,200 mg/1,CAPSULE,ORAL,Breast Cancer Resistance Protein Inhibitors [MoA],CAT012,Ophthalmology
MED007531,50090-1103,Cetirizine Hydrochloride,Childrens Cetirizine Hydrochloride Sugar Free Grape,A-S Medication Solutions,CETIRIZINE HYDROCHLORIDE,1 mg/mL,SOLUTION,ORAL,Histamine H1 Receptor Antagonists [MoA],CAT006,Respiratory
MED007546,50090-1740,Nystatin,Nystatin,A-S Medication Solutions,NYSTATIN,100000 [USP'U]/mL,SUSPENSION,ORAL,Polyene Antifungal [EPC],CAT001,Antibiotics
MED007548,50090-1830,Clarithromycin,Clarithromycin,A-S Medication Solutions,CLARITHROMYCIN,500 mg/1,"TABLET, FILM COATED",ORAL,Cytochrome P450 3A Inhibitors [MoA],CAT014,Vitamins & Supplements
MED007581,50090-3482,Dapagliflozin,Farxiga,A-S Medication Solutions,DAPAGLIFLOZIN PROPANEDIOL,5 mg/1,"TABLET, FILM COATED",ORAL,Sodium-Glucose Cotransporter 2 Inhibitor [EPC],CAT002,Cardiovascular
MED007591,50090-4130,Valsartan,Valsartan,A-S Medication Solutions,VALSARTAN,320 mg/1,"TABLET, FILM COATED",ORAL,Angiotensin 2 Receptor Antagonists [MoA],CAT003,Diabetes
MED007673,50090-6447,Varenicline,Varenicline,A-S Medication Solutions,VARENICLINE TARTRATE,.5 mg/1,"TABLET, FILM COATED",ORAL,Cholinergic Agonists [MoA],CAT005,Neurology
MED007689,50090-6679,Cetirizine Hydrochloride,Cetirizine Hydrochloride,A-S Medication Solutions,CETIRIZINE HYDROCHLORIDE,10 mg/1,"TABLET, COATED",ORAL,Histamine H1 Receptor Antagonists [MoA],CAT006,Respiratory
MED007722,50090-6983,Levothyroxine Sodium,Levothyroxine Sodium,A-S Medication Solutions,LEVOTHYROXINE SODIUM,.125 mg/1,TABLET,ORAL,Thyroxine [CS],CAT009,Oncology
MED007752,50090-7420,Gabapentin,Gabapentin,A-S Medication Solutions,GABAPENTIN,300 mg/1,CAPSULE,ORAL,Decreased Central Nervous System Disorganized Electrical Activity [PE],CAT005,Neurology
MED007775,50090-7665,Moxifloxacin Hydrochloride,Moxifloxacin Hydrochloride,A-S Medication Solutions,MOXIFLOXACIN HYDROCHLORIDE,400 mg/1,"TABLET, FILM COATED",ORAL,Fluoroquinolone Antibacterial [EPC],CAT001,Antibiotics
MED007832,50228-380,Quetiapine,Quetiapine Extended Release,"Sciegen Pharmaceuticals, Inc",QUETIAPINE FUMARATE,50 mg/1,"TABLET, FILM COATED, EXTENDED RELEASE",ORAL,Atypical Antipsychotic [EPC],CAT005,Neurology
MED007867,50268-185,Clindamycin Hydrochloride,Clindamycin Hydrochloride,Avpak,CLINDAMYCIN HYDROCHLORIDE,300 mg/1,CAPSULE,ORAL,Decreased Sebaceous Gland Activity [PE],CAT008,Dermatology
MED007895,50268-823,Sertraline Hydrochloride,Sertraline Hydrochloride,Avpak,SERTRALINE HYDROCHLORIDE,25 mg/1,"TABLET, FILM COATED",ORAL,Cytochrome P450 2D6 Inhibitors [MoA],CAT014,Vitamins & Supplements
MED007918,50419-750,Nifurtimox,Lampit,Bayer Healthcare Pharmaceuticals Inc.,NIFURTIMOX,30 mg/1,"TABLET, FILM COATED",ORAL,UNKNOWN,CAT015,Others
MED007926,50474-770,Brivaracetam,Briviact,"Ucb, Inc.",BRIVARACETAM,100 mg/1,"TABLET, FILM COATED",ORAL,Epoxide Hydrolase Inhibitors [MoA],CAT014,Vitamins & Supplements
MED007935,50580-228,Diphenhydramine Hydrochloride,Benadryl Allergy Liqui-Gels,Kenvue Brands Llc,DIPHENHYDRAMINE HYDROCHLORIDE,25 mg/1,"CAPSULE, LIQUID FILLED",ORAL,Histamine H1 Receptor Antagonists [MoA],CAT006,Respiratory
MED007944,50580-469,Acetaminophen,Tylenol Extra Strength,Kenvue Brands Llc,ACETAMINOPHEN,500 mg/1,"CAPSULE, LIQUID FILLED",ORAL,UNKNOWN,CAT015,Others
MED007953,50580-791,Cetirizine Hydrochloride,Childrens Zyrtec,Kenvue Brands Llc,CETIRIZINE HYDROCHLORIDE,10 mg/1,"TABLET, CHEWABLE",ORAL,Histamine H1 Receptor Antagonists [MoA],CAT006,Respiratory
MED008011,50845-0269,"Aconitum Napellus, Asafoetida, Chamomilla, Crocus Sativus, Hyoscyamus Niger, Ignatia Amara, Staphysagria, Valeriana Officinalis",Anger,Liddell Laboratories,ACONITUM NAPELLUS WHOLE,200 [hp_C]/mL,SPRAY,ORAL,UNKNOWN,CAT015,Others
MED008031,51060-217,Titanium Dioxide And Zinc Oxide,Foundcealer Multi-Tasking Foundation Broad Spectrum Spf 20 Sunscreen 44H Tan Honey,"Tarte, Inc.",TITANIUM DIOXIDE,74.7 mg/mL,LIQUID,TOPICAL,UNKNOWN,CAT015,Others
MED008090,51316-318,"Docusate Sodium, Sennosides",Cvs Health Stool Softener Plus Stimulant Laxative Softgel,"Cvs Pharmacy, Inc",DOCUSATE SODIUM,50 mg/1,"CAPSULE, LIQUID FILLED",ORAL,UNKNOWN,CAT015,Others
MED008093,51316-365,Ibuprofen,Ibuprofen,Cvs,IBUPROFEN,200 mg/1,TABLET,ORAL,Anti-Inflammatory Agents,CAT004,Pain Management
MED008151,51407-624,Nifedipine,Nifedipine,"Golden State Medical Supply, Inc.",NIFEDIPINE,90 mg/1,"TABLET, EXTENDED RELEASE",ORAL,Calcium Channel Antagonists [MoA],CAT003,Diabetes
MED008169,51407-800,Quetiapine,Quetiapine Extended Release,"Golden State Medical Supply, Inc.",QUETIAPINE FUMARATE,150 mg/1,"TABLET, FILM COATED, EXTENDED RELEASE",ORAL,Atypical Antipsychotic [EPC],CAT005,Neurology
MED008184,51407-907,Galantamine,Galantamine,"Golden State Medical Supply, Inc.",GALANTAMINE HYDROBROMIDE,8 mg/1,"TABLET, FILM COATED",ORAL,Cholinesterase Inhibitor [EPC],CAT005,Neurology
MED008227,0019-1333,Ioversol,Optiray 350,Liebel-Flarsheim Company Llc,IOVERSOL,741 mg/mL,INJECTION,INTRA-ARTERIAL,Radiographic Contrast Agent [EPC],CAT014,Vitamins & Supplements
MED008252,51655-544,Levothyroxine Sodium,Levothyroxine Sodium,"Northwind Health Company, Llc",LEVOTHYROXINE SODIUM,100 ug/1,TABLET,ORAL,Thyroxine [CS],CAT009,Oncology
MED008287,51662-1320,Epinephrine,Epinephrine,"Hf Acquisition Co Llc, Dba Healthfirst",EPINEPHRINE,.3 mg/.3mL,"INJECTION, SOLUTION",INTRAMUSCULAR,Adrenergic alpha-Agonists [MoA],CAT003,Diabetes
MED008289,51662-1340,Nitroglycerin,Nitroglycerin,"Hf Acquisition Co Llc, Dba Healthfirst",NITROGLYCERIN,20 mg/g,OINTMENT,TOPICAL,Nitrate Vasodilator [EPC],CAT003,Diabetes
MED008297,51662-1414,Protamine Sulfate,Protamine Sulfate,"Hf Acquisition Co Llc, Dba Healthfirst",PROTAMINE SULFATE,10 mg/mL,"INJECTION, SOLUTION",INTRAVENOUS,Heparin Binding Activity [MoA],CAT003,Diabetes
MED008350,51862-462,Itraconazole,Tolsura,Mayne Pharma Commercial Llc,ITRACONAZOLE,65 mg/1,"CAPSULE, GELATIN COATED",ORAL,Azole Antifungal [EPC],CAT001,Antibiotics
MED008353,51862-690,Tavaborole,Tavaborole,Mayne Pharma Commercial Llc,TAVABOROLE,43.5 mg/mL,SOLUTION,TOPICAL,Boron Compounds [CS],CAT014,Vitamins & Supplements
MED008396,0220-2798,Potassium Iodide,Kali Iodatum,Boiron,POTASSIUM IODIDE,5 [hp_C]/5[hp_C],PELLET,ORAL,UNKNOWN,CAT015,Others
MED008429,52854-920,"Octocrylene, Octisalate, And Avobenzone",Land Shark Spf 20,"Tropical Seas, Inc.",AVOBENZONE,1 g/100mL,LOTION,TOPICAL,UNKNOWN,CAT015,Others
MED008430,52854-956,"Octocrylene, Octisalate, And Avobenzone",Land Shark Spf 50 Sport,"Tropical Seas, Inc.",AVOBENZONE,3 g/100mL,SPRAY,TOPICAL,UNKNOWN,CAT015,Others
MED008457,53145-695,"Dextromethorphan Hbr, Guaifenesin, Phenylephrine Hcl",Mucosan Multi-Symptom Honey,"Menper Distributors, Inc.",DEXTROMETHORPHAN HYDROBROMIDE,10 mg/5mL,LIQUID,ORAL,Adrenergic alpha1-Agonists [MoA],CAT003,Diabetes
MED008470,53247-134,Sodium Fluoride,Cinnafresh,Bob Barker Company Inc.,SODIUM FLUORIDE,2.2 mg/g,"GEL, DENTIFRICE",DENTAL,UNKNOWN,CAT015,Others
MED008478,53329-195,Acetaminophen,Medline,"Medline Industries, Lp",ACETAMINOPHEN,500 mg/1,TABLET,ORAL,UNKNOWN,CAT015,Others
MED008479,53329-214,Ethyl Alcohol,Spectrum 62% Hand Sanitizer,"Medline Industries, Lp",ALCOHOL,62 mL/100mL,GEL,TOPICAL,UNKNOWN,CAT015,Others
MED008541,53755-120,"Avobenzone, Octocrylene, Octinoxate, Octisalate, Oxybenzone",Serious Skincare Serious-C3 Plasma Bio Technology C Cream Spf 30,Flageoli Limited,AVOBENZONE,30 mg/mL,CREAM,TOPICAL,UNKNOWN,CAT015,Others
MED008543,53809-201,"Guaifenesin, Dextromethorphan Hbr",Dometuss-Dm,Domel Laboratories,DEXTROMETHORPHAN HYDROBROMIDE,30 mg/5mL,LIQUID,ORAL,Decreased Respiratory Secretion Viscosity [PE],CAT006,Respiratory
MED008563,53943-301,Simethicone,Gas Relief,"Discount Drug Mart, Inc",DIMETHICONE,80 mg/1,"TABLET, CHEWABLE",ORAL,Skin Barrier Activity [PE],CAT008,Dermatology
MED008569,53943-614,"Calcium Carbonate, Magnesium Hydroxide",Supreme Antacid,"Discount Drug Mart, Inc",CALCIUM CARBONATE,400 mg/5mL,LIQUID,ORAL,Blood Coagulation Factor [EPC],CAT003,Diabetes
MED008581,54092-100,Mesalamine,Mesalamine,"Takeda Pharmaceuticals America, Inc.",MESALAMINE,1.2 g/1,"TABLET, DELAYED RELEASE",ORAL,Aminosalicylate [EPC],CAT007,Gastrointestinal
MED008602,54323-215,"White Petrolatum, Zinc Oxide",Flanders Buttocks,Flanders Inc,PETROLATUM,66.2 g/100g,OINTMENT,TOPICAL,UNKNOWN,CAT015,Others
MED008610,54340-270,Benzalkonium Chloride,Dial Complete Antibacterial Bar Spring Water,Henkel Corporation,BENZALKONIUM CHLORIDE,.1 g/100g,SOAP,TOPICAL,UNKNOWN,CAT015,Others
MED008634,54860-448,Alcohol,Smart Care Hand Sanitizer 3Pk 01,"Shenzhen Lantern Scicence Co.,Ltd.",ALCOHOL,70 mL/100mL,SPRAY,TOPICAL,UNKNOWN,CAT015,Others
MED008636,54860-455,Alcohol,Mart Care Assorted Hand Sanitizer 0.94Oz-Sweet Pea 01,"Shenzhen Lantern Scicence Co.,Ltd.",ALCOHOL,70 mL/100mL,SPRAY,TOPICAL,UNKNOWN,CAT015,Others
MED008641,54860-543,Alcohol,Smart Care Hand Sanitizer Champagne Toast,"Shenzhen Lantern Scicence Co.,Ltd.",ALCOHOL,70 mL/100mL,SPRAY,TOPICAL,UNKNOWN,CAT015,Others
MED008658,55037-840,Oxygen/Nitrogen 25/75,Oxygen/Nitrogen 25/75,"Matheson Tri-Gas, Inc.",OXYGEN,250 mL/L,GAS,RESPIRATORY (INHALATION),UNKNOWN,CAT015,Others
MED008672,55111-419,Lamotrigine,Lamotrigine,Dr.Reddy'S Laboratories Limited,LAMOTRIGINE,250 mg/1,"TABLET, EXTENDED RELEASE",ORAL,Anti-epileptic Agent [EPC],CAT005,Neurology
MED008685,55150-117,Ampicillin Sodium And Sulbactam Sodium,Ampicillin And Sulbactam,Eugia Us Llc,AMPICILLIN SODIUM,2 g/1,"INJECTION, POWDER, FOR SOLUTION",INTRAMUSCULAR,Penicillin-class Antibacterial [EPC],CAT001,Antibiotics
MED008689,55150-165,Lidocaine Hydrochloride,Lidocaine Hydrochloride,Eugia Us Llc,LIDOCAINE HYDROCHLORIDE,20 mg/mL,"INJECTION, SOLUTION",EPIDURAL,Amide Local Anesthetic [EPC],CAT004,Pain Management
MED008695,0220-3590,Sodium Chloride,Natrum Muriaticum,Boiron,SODIUM CHLORIDE,10 [hp_M]/10[hp_M],PELLET,ORAL,UNKNOWN,CAT015,Others
MED008699,55150-302,Phenylephrine Hydrochloride,Phenylephrine Hydrochloride,Eugia Us Llc,PHENYLEPHRINE HYDROCHLORIDE,10 mg/mL,INJECTION,INTRAVENOUS,Adrenergic alpha1-Agonists [MoA],CAT003,Diabetes
MED008740,55154-4349,Baclofen,Baclofen,"Cardinal Health 107, Llc",BACLOFEN,5 mg/1,TABLET,ORAL,GABA A Agonists [MoA],CAT005,Neurology
MED008741,55154-4451,Metoprolol Tartrate,Metoprolol,"Cardinal Health 107, Llc",METOPROLOL TARTRATE,5 mg/5mL,INJECTION,INTRAVENOUS,Adrenergic beta-Antagonists [MoA],CAT003,Diabetes
MED008792,55301-299,Cetylpyridinium Chloride,Antiseptic,Your Military Exchanges,CETYLPYRIDINIUM CHLORIDE,.7 mg/mL,RINSE,ORAL,UNKNOWN,CAT015,Others
MED008811,0220-3936,Passiflora Incarnata Flowering Top,Passiflora Incarnata,Boiron,PASSIFLORA INCARNATA FLOWERING TOP,4 [hp_X]/1,PELLET,ORAL,UNKNOWN,CAT015,Others
MED008883,55714-4773,"Elaps Corallinus, Crotalus Horridus, Bryonia, Calc. Fluor., Carduus Mar., Cholesterinum, Cinchona, Digitalis, Hamamelis, Hydrofluoricum Acidum, Lachesis, Lycopodium, Naja, Pulsatilla, Vipera Berus, Zinc. Met., Aesculus Hipp., Echinacea",Varicose Veins,"Newton Laboratories, Inc.",ANEMONE PULSATILLA,15 [hp_X]/mL,LIQUID,ORAL,UNKNOWN,CAT015,Others
MED008897,55741-004,Nicotine Polacrilex,Habitrol Nicotine Polacrilex 2 Mg Coated Cinnamon,Dr. Reddy'S Laboratories Inc.,NICOTINE,2 mg/1,"GUM, CHEWING",ORAL,Cholinergic Nicotinic Agonist [EPC],CAT005,Neurology
MED008954,0220-4397,Toxicodendron Pubescens Leaf,Rhus Tox,Boiron,TOXICODENDRON PUBESCENS LEAF,9 [hp_C]/9[hp_C],PELLET,ORAL,UNKNOWN,CAT015,Others
MED008997,57243-503,"Dextromethorphan Hydrobromide, Guaifenesin",Tussin Cough Expectorant Cough Supressant Dm,"Salado Sales, Inc.",DEXTROMETHORPHAN HYDROBROMIDE,10 mg/5mL,LIQUID,ORAL,Decreased Respiratory Secretion Viscosity [PE],CAT006,Respiratory
MED009023,57424-708,Chloroxylenol,Hi-Tech,Economical Janitorial Supplies,CHLOROXYLENOL,3.75 mg/mL,SOAP,TOPICAL,UNKNOWN,CAT015,Others
MED009040,57664-395,Venlafaxine,Venlafaxine,"Sun Pharmaceutical Industries, Inc.",VENLAFAXINE HYDROCHLORIDE,75 mg/1,TABLET,ORAL,Norepinephrine Uptake Inhibitors [MoA],CAT005,Neurology
MED009055,57687-301,"Helianthemum Nummularium Flower, Clematis Vitalba Flower, Impatiens Glandulifera Flower, Prunus Cerasifera Flower, And Ornithogalum Umbellatum",Rescue Pearls,"Nelson Bach Usa, Ltd.",CLEMATIS VITALBA FLOWER,5 [hp_X]/1,"CAPSULE, LIQUID FILLED",ORAL,UNKNOWN,CAT015,Others
MED009087,0220-4642,Senna Leaf,Senna,Boiron,SENNA LEAF,30 [hp_C]/30[hp_C],PELLET,ORAL,UNKNOWN,CAT015,Others
MED009114,58264-0079,"Hypericum Perforatum, Lachesis Muta Venom, Lytta Vesicatoria, Echinacea Angustifolia, Sodium Chloride, And Plantago Major",D-78,"Dna Labs, Inc.",ECHINACEA ANGUSTIFOLIA,6 [hp_X]/mL,SOLUTION,SUBLINGUAL,UNKNOWN,CAT015,Others
MED009119,58264-0131,Potassium Chloride,D-125,"Dna Labs, Inc.",POTASSIUM CHLORIDE,6 [hp_X]/mL,SOLUTION,SUBLINGUAL,Increased Large Intestinal Motility [PE],CAT007,Gastrointestinal
MED009148,58411-003,Octinoxate And Titanium Dioxide,Cle De Peau Beaute The Foundation N M O40,Shiseido Americas Corporation,OCTINOXATE,1.165 g/28mL,PASTE,TOPICAL,UNKNOWN,CAT015,Others
MED009189,0220-4868,"Spongia Officinalis Skeleton, Roasted",Spongia Tosta,Boiron,"SPONGIA OFFICINALIS SKELETON, ROASTED",12 [hp_C]/12[hp_C],PELLET,ORAL,UNKNOWN,CAT015,Others
MED009203,58602-036,Cetirizine Hydrochloride,Childrens Cetirizine Hydrochloride Hives Relief,Aurohealth Llc,CETIRIZINE HYDROCHLORIDE,1 mg/mL,SOLUTION,ORAL,Histamine H1 Receptor Antagonists [MoA],CAT006,Respiratory
MED009255,59050-560,Povidone-Iodine,Maokang Povidone-Iodine Scrub,"Changzhou Maokang Medical Products Co., Ltd",POVIDONE-IODINE,75 mg/mL,LIQUID,TOPICAL,UNKNOWN,CAT015,Others
MED009283,0220-5046,"Thyroid, Unspecified",Thyroidinum,Boiron,"THYROID, UNSPECIFIED",1 [hp_M]/[hp_M],PELLET,ORAL,UNKNOWN,CAT015,Others
MED009328,59572-415,Lenalidomide,Revlimid,Celgene Corporation,LENALIDOMIDE,15 mg/1,CAPSULE,ORAL,Thalidomide Analog [EPC],CAT012,Ophthalmology
MED009332,59579-008,Carbon Dioxide Oxygen Mix,Carbon Dioxide Oxygen Mix,Linde Gas & Equipment Inc.,CARBON DIOXIDE,300 mL/L,GAS,RESPIRATORY (INHALATION),Radiographic Contrast Agent [EPC],CAT014,Vitamins & Supplements
MED009346,59651-286,Allopurinol,Allopurinol,Aurobindo Pharma Limited,ALLOPURINOL,300 mg/1,TABLET,ORAL,Xanthine Oxidase Inhibitor [EPC],CAT003,Diabetes
MED009378,59651-893,Doxazosin Mesylate,Doxazosin,Aurobindo Pharma Limited,DOXAZOSIN MESYLATE,2 mg/1,TABLET,ORAL,Adrenergic alpha-Antagonists [MoA],CAT003,Diabetes
MED009385,59726-064,Cetirizine Hcl,All Day Allergy Relief,"P & L Development, Llc",CETIRIZINE HYDROCHLORIDE,10 mg/1,CAPSULE,ORAL,Histamine H1 Receptor Antagonists [MoA],CAT006,Respiratory
MED009402,0220-5485,Zinc Sulfate Heptahydrate,Zincum Sulphuricum,Boiron,ZINC SULFATE HEPTAHYDRATE,30 [hp_C]/30[hp_C],PELLET,ORAL,Copper Absorption Inhibitor [EPC],CAT007,Gastrointestinal
MED009415,59762-0170,Tolterodine Tartrate,Tolterodine Tartrate,Mylan Pharmaceuticals Inc.,TOLTERODINE TARTRATE,1 mg/1,"TABLET, FILM COATED",ORAL,Cholinergic Muscarinic Antagonist [EPC],CAT005,Neurology
MED009426,59779-164,Ethyl Alcohol,Ethyl Rubbing Alcohol,"Cvs Pharmacy, Inc.",ALCOHOL,70 mL/100mL,LIQUID,TOPICAL,UNKNOWN,CAT015,Others
MED009432,59779-648,"Dextromethorphan Hbr, Guaifenesin, Phenylephrine Hcl",Severe Congestion And Cough Multi-Symptom Maximum Strength,Cvs Pharmacy,DEXTROMETHORPHAN HYDROBROMIDE,10 mg/1,"TABLET, FILM COATED",ORAL,Adrenergic alpha1-Agonists [MoA],CAT003,Diabetes
MED009486,60429-737,Paroxetine Hydrochloride,Paroxetine,"Golden State Medical Supply, Inc.",PAROXETINE HYDROCHLORIDE ANHYDROUS,40 mg/1,"TABLET, FILM COATED",ORAL,Serotonin Reuptake Inhibitor [EPC],CAT005,Neurology
MED009495,60505-0560,Ofloxacin,Ofloxacin,Apotex Corp.,OFLOXACIN,3 mg/mL,SOLUTION,OPHTHALMIC,Quinolone Antimicrobial [EPC],CAT001,Antibiotics
MED009514,60505-4740,Lisdexamfetamine Dimesylate,Lisdexamfetamine Dimesylate,Apotex Corp.,LISDEXAMFETAMINE DIMESYLATE,20 mg/1,CAPSULE,ORAL,Central Nervous System Stimulant [EPC],CAT005,Neurology
MED009557,60687-605,Atenolol,Atenolol,American Health Packaging,ATENOLOL,25 mg/1,TABLET,ORAL,Adrenergic beta-Antagonists [MoA],CAT003,Diabetes
MED009561,60687-629,Fenofibrate,Fenofibrate,American Health Packaging,FENOFIBRATE,145 mg/1,TABLET,ORAL,Peroxisome Proliferator Receptor alpha Agonist [EPC],CAT003,Diabetes
MED009621,60913-207,Isopropyl Alcohol,Alcohol Prep Pads,Phoenix Healthcare Solutions Llc,ISOPROPYL ALCOHOL,70 mL/100mL,SWAB,TOPICAL,UNKNOWN,CAT015,Others
MED009644,61152-196,"Atropa Belladonna, Ephedra Distachya Flowering Twig, Histamine Dihydrochloride, Goldenseal, Potassium Dichromate, Strychnos Nux-Vomica Seed, Teucrium Marum",Snore Stop Extinguisher Throat,Green Pharmaceuticals Inc,ATROPA BELLADONNA,6 [hp_X]/4.5mL,SPRAY,ORAL,Allergens [CS],CAT006,Respiratory
MED009659,61314-647,Tobramycin And Dexamethasone,Tobramycin And Dexamethasone,Sandoz Inc,DEXAMETHASONE,1 mg/mL,SUSPENSION/ DROPS,OPHTHALMIC,Aminoglycoside Antibacterial [EPC],CAT001,Antibiotics
MED009667,0245-1075,Topiramate,Qudexy Xr,"Upsher-Smith Laboratories, Llc",TOPIRAMATE,150 mg/1,"CAPSULE, EXTENDED RELEASE",ORAL,Cytochrome P450 2C19 Inhibitors [MoA],CAT014,Vitamins & Supplements
MED009677,61589-0233,"Octinoxate, Titanium Dioixide, Octisalate",No7 Perfect And Perfect Intense Advanced All In One Foundation Spf 50 Deeply Honey,Bcm Cosmetique Sas,OCTINOXATE,1.95 g/30g,CREAM,TOPICAL,UNKNOWN,CAT015,Others
MED009725,61919-624,Doxycycline Monohydrate,Doxycycline Monohydrate,Direct Rx,DOXYCYCLINE,100 mg/1,CAPSULE,ORAL,Tetracycline-class Drug [EPC],CAT001,Antibiotics
MED009741,61957-3233,"Octisalate, Titanium Dioxide",Dior Forever Skin Glow Flawless Radiant Skin True Foundation Spf 25 5N Neutral,Parfums Christian Dior,OCTISALATE,45 mg/mL,EMULSION,TOPICAL,UNKNOWN,CAT015,Others
MED009764,61995-2436,Colloidal Oatmeal,Al0043600 Alba Botanica Ve Herbal Healing Body,"The Hain Celestial Group, Inc.",OATMEAL,.4 g/100g,LOTION,TOPICAL,Allergens [CS],CAT006,Respiratory
MED009767,62007-055,Sodium Fluoride,Pcxx Strawberry Apf F,Ross Healthcare Inc.,SODIUM FLUORIDE,.0272 g/g,"AEROSOL, FOAM",DENTAL,UNKNOWN,CAT015,Others
MED009777,62106-0624,"Arnica Montana, Aurum Muriaticum, Cactus Grandiflorus, Convallaria Majalis, Digitalis Purpurea, Oryctolagus Cuniculus Heart, Spigelia Marilandica, Valeriana Officinalis, Veratrum Album",Hhr,Seroyal Usa,ARNICA MONTANA ROOT,6 [hp_X]/30mL,LIQUID,SUBLINGUAL,UNKNOWN,CAT015,Others
MED009868,62234-001,Oxygen,Oxygen,"Pembroke Drug Center, Inc. Dba Healthkeeperz",OXYGEN,99 L/100L,GAS,RESPIRATORY (INHALATION),UNKNOWN,CAT015,Others
MED009934,62559-149,Esterified Estrogens And Methyltestosterone,Esterified Estrogens And Methyltestosterone,"Ani Pharmaceuticals, Inc.","ESTROGENS, ESTERIFIED",1.25 mg/1,TABLET,ORAL,Androgen Receptor Agonists [MoA],CAT009,Oncology
MED009938,62559-241,Methazolamide,Methazolamide,"Ani Pharmaceuticals, Inc.",METHAZOLAMIDE,50 mg/1,TABLET,ORAL,UNKNOWN,CAT015,Others
MED009975,62670-6822,Alcohol,Anti Bacterial Hand Gel Sweet Orange And Agave,"Bath & Body Works, Inc.",ALCOHOL,71 mL/100mL,GEL,TOPICAL,UNKNOWN,CAT015,Others
MED009995,62670-7003,"Avobenzone,Homosalate,Octisalate",Bath And Body Works Spf Pink Dream,"Bath & Body Works, Inc.",AVOBENZONE,2.5 mg/100mg,STICK,TOPICAL,UNKNOWN,CAT015,Others
MED010015,62742-4120,Zinc Oxide And Titanium Dioxide,Cover Recover Spf 30 Cocoa,"Allure Labs, Inc",TITANIUM DIOXIDE,65 mg/mL,CREAM,TOPICAL,Copper Absorption Inhibitor [EPC],CAT007,Gastrointestinal
MED010043,62839-3364,Titanium Dioxide,Nu Colour Bioadaptive Bb Plus Foundation - Linen,"Nse Products, Inc.",TITANIUM DIOXIDE,120 mg/mL,LOTION,TOPICAL,UNKNOWN,CAT015,Others
MED010057,63029-594,Salicylic Acid,Compound W One Step Pads,Medtech Products Inc.,SALICYLIC ACID,.4 g/1,PLASTER,TOPICAL,UNKNOWN,CAT015,Others
MED010123,63083-9214,Calcarea Combination,Calcarea Combination 9214,Professional Complementary Health Formulas,ANHYDROUS DIBASIC CALCIUM PHOSPHATE,8 [hp_X]/29.5mL,LIQUID,ORAL,UNKNOWN,CAT015,Others
MED010128,63083-9309,Organophosphate Combination,Organophosphate Combination 9309,Professional Complementary Health Formulas,BLACK COHOSH,3 [hp_X]/29.5mL,LIQUID,ORAL,UNKNOWN,CAT015,Others
MED010135,63090-660,Trofinetide,Daybue,Acadia Pharmaceuticals Inc.,TROFINETIDE,200 mg/mL,SOLUTION,ORAL,Cytochrome P450 3A4 Inhibitors [MoA],CAT014,Vitamins & Supplements
MED010138,63135-312,Lidocaine 4%,Topicaine,Esba Laboratories Inc.,LIDOCAINE,4 g/100g,GEL,TOPICAL,Amide Local Anesthetic [EPC],CAT004,Pain Management
MED010183,63187-575,Hydrocortisone,Hydrocortisone,Proficient Rx Lp,HYDROCORTISONE,.5 g/100g,CREAM,TOPICAL,Corticosteroid Hormone Receptor Agonists [MoA],CAT004,Pain Management
MED010193,63187-761,Diclofenac Sodium,Diclofenac Sodium,Proficient Rx Lp,DICLOFENAC SODIUM,75 mg/1,"TABLET, DELAYED RELEASE",ORAL,Anti-Inflammatory Agents,CAT004,Pain Management
MED010200,63187-864,Rosuvastatin Calcium,Rosuvastatin Calcium,Proficient Rx Lp,ROSUVASTATIN CALCIUM,10 mg/1,"TABLET, FILM COATED",ORAL,HMG-CoA Reductase Inhibitor [EPC],CAT003,Diabetes
MED010244,63323-452,Morphine Sulfate,Morphine Sulfate,"Fresenius Kabi Usa, Llc",MORPHINE SULFATE,2 mg/mL,"INJECTION, SOLUTION",INTRAMUSCULAR,Full Opioid Agonists [MoA],CAT004,Pain Management
MED010274,63323-943,Succinylcholine Chloride,Succinylcholine Chloride,"Fresenius Kabi Usa, Llc",SUCCINYLCHOLINE CHLORIDE,20 mg/mL,"INJECTION, SOLUTION",INTRAMUSCULAR,Depolarizing Neuromuscular Blocker [EPC],CAT005,Neurology
MED010318,63545-097,Aratinga Arythrogenys,Aratinga Arythrogenys,"Hahnemann Laboratories, Inc.",ARATINGA ERYTHROGENYS FEATHER,100 [hp_C]/1,PELLET,ORAL,UNKNOWN,CAT015,Others
MED010332,63545-230,Artemisia Vulgaris,Artemisia Vulgaris,"Hahnemann Laboratories, Inc.",ARTEMISIA VULGARIS ROOT,12 [hp_C]/1,PELLET,ORAL,UNKNOWN,CAT015,Others
MED010348,63545-399,Baryta Muriatica,Baryta Muriatica,"Hahnemann Laboratories, Inc",BARIUM CHLORIDE DIHYDRATE,100 [hp_C]/1,PELLET,ORAL,UNKNOWN,CAT015,Others
MED010371,63545-641,Chimaphila Umbellata,Chimaphila Umbellata,"Hahnemann Laboratories, Inc.",CHIMAPHILA UMBELLATA,12 [hp_C]/1,PELLET,ORAL,UNKNOWN,CAT015,Others
MED010400,63561-0173,Methocarbamol,"Methocarbamol Tablets, Usp, 500 Mg","Granulation Technology, Inc.",METHOCARBAMOL,500 mg/1,"TABLET, FILM COATED",ORAL,Centrally-mediated Muscle Relaxation [PE],CAT005,Neurology
MED010521,63629-8795,Cilostazol,Cilostazol,Bryant Ranch Prepack,CILOSTAZOL,100 mg/1,TABLET,ORAL,Phosphodiesterase 3 Inhibitor [EPC],CAT003,Diabetes
MED010542,63629-9500,Paroxetine Hydrochloride Hemihydrate,Paroxetine,Bryant Ranch Prepack,PAROXETINE HYDROCHLORIDE HEMIHYDRATE,37.5 mg/1,"TABLET, FILM COATED, EXTENDED RELEASE",ORAL,Serotonin Reuptake Inhibitor [EPC],CAT005,Neurology
MED010564,63742-333,Lidocaine,Quick Numb,"Clinical Resolution Laboratory, Inc.",LIDOCAINE,50 mg/g,CREAM,TOPICAL,Amide Local Anesthetic [EPC],CAT004,Pain Management
MED010625,63941-456,Acetaminophen,Regular Strength Pain Relief,Valu Merchandisers Company,ACETAMINOPHEN,325 mg/1,TABLET,ORAL,UNKNOWN,CAT015,Others
MED010626,63941-473,"Acetaminophen, Chlorpheniramine Maleate, Dextromethorphan Hbr, Phenylephrine Hcl",Multi-Symptom Cold,Valu Merchandisers Company,ACETAMINOPHEN,325 mg/1,"TABLET, FILM COATED",ORAL,Adrenergic alpha1-Agonists [MoA],CAT003,Diabetes
MED010636,63941-922,Docosanol,Docosanol,Best Choice (Valu Merchandisers Company),DOCOSANOL,100 mg/g,CREAM,TOPICAL,UNKNOWN,CAT015,Others
MED010644,63981-853,Docusate Sodium,Stool Softener Laxative,Costco Wholesale,DOCUSATE SODIUM,100 mg/1,"CAPSULE, LIQUID FILLED",ORAL,UNKNOWN,CAT015,Others
MED010656,64336-170,Oxymetazoline Hydrochloride,Vicks Sinex Severe Original,Procter & Gamble Manufacturing Gmbh,OXYMETAZOLINE HYDROCHLORIDE,.0005095 g/mL,SPRAY,NASAL,Imidazolines [CS],CAT005,Neurology
MED010657,64336-171,Oxymetazoline Hydrochloride,Vicks Sinex Severe Original Ultra Fine Mist,"Procter & Gamble Manufacturing Gmbh,",OXYMETAZOLINE HYDROCHLORIDE,.0005095 g/mL,SPRAY,NASAL,Imidazolines [CS],CAT005,Neurology
MED010715,64889-0001,Oxygen,Oxygen 64889-0001,Advanced Oxy-Med Services Inc,OXYGEN,99 L/100L,GAS,RESPIRATORY (INHALATION),UNKNOWN,CAT015,Others
MED010721,64942-1686,Aluminum Chlorohydrate,Dove,"Conopco, Inc. D/B/A Unilever",ALUMINUM CHLOROHYDRATE,20.2 g/100g,"AEROSOL, SPRAY",TOPICAL,UNKNOWN,CAT015,Others
MED010725,64942-1727,Aluminum Zirconium Tetrachlorohydrex Gly,Dove,Conopco Inc. D/B/A/ Unilever,ALUMINUM ZIRCONIUM TETRACHLOROHYDREX GLY,11.4 g/100g,STICK,TOPICAL,UNKNOWN,CAT015,Others
MED010771,64942-2344,Advanced Care Coconut Water And Lime 72H Antiperspirant Deodorant,Dove,Conopco Inc. D/B/A/ Unilever,ALUMINUM SESQUICHLOROHYDRATE,12.8 g/100g,STICK,TOPICAL,UNKNOWN,CAT015,Others
MED010779,64942-2396,Apollo 48H Sweat And Odor Protection Antiperspirant Deodorant Stick,Axe,"Conopco, Inc. D/B/A Unilever",ALUMINUM ZIRCONIUM TETRACHLOROHYDREX GLY,18.2 g/100g,STICK,TOPICAL,UNKNOWN,CAT015,Others
MED010782,64942-2405,Fifa 26 Palo Santo And Sage Limited Edition Antiperspirant Body Spray,Dove,Conopco D/B/A Unilever,ALUMINUM SESQUICHLOROHYDRATE,15.2 g/100g,SPRAY,TOPICAL,UNKNOWN,CAT015,Others
MED010826,64980-686,Enalapril Maleate,Enalapril Maleate,"Rising Pharma Holdings, Inc.",ENALAPRIL MALEATE,5 mg/1,TABLET,ORAL,Angiotensin Converting Enzyme Inhibitor [EPC],CAT003,Diabetes
MED010864,65145-116,Phenylephrine Hydrochloride,Phenylephrine Hydrochloride,Caplin Steriles Limited,PHENYLEPHRINE HYDROCHLORIDE,50 mg/5mL,INJECTION,INTRAVENOUS,Adrenergic alpha1-Agonists [MoA],CAT003,Diabetes
MED010885,65162-280,Paliperidone,Paliperidone,Amneal Pharmaceuticals Llc,PALIPERIDONE,1.5 mg/1,"TABLET, EXTENDED RELEASE",ORAL,Atypical Antipsychotic [EPC],CAT005,Neurology
MED010888,65162-370,Fesoterodine Fumarate,Fesoterodine Fumarate,Amneal Pharmaceuticals Llc,FESOTERODINE FUMARATE,8 mg/1,"TABLET, EXTENDED RELEASE",ORAL,UNKNOWN,CAT015,Others
MED010971,65841-050,Meloxicam,Meloxicam,Zydus Lifesciences Limited,MELOXICAM,7.5 mg/1,TABLET,ORAL,Anti-Inflammatory Agents,CAT004,Pain Management
MED010973,65841-639,Divalproex Sodium,Divalproex Sodium,Zydus Lifesciences Limited,DIVALPROEX SODIUM,125 mg/1,"CAPSULE, COATED PELLETS",ORAL,Anti-epileptic Agent [EPC],CAT005,Neurology
MED010987,65852-019,"Dextromethorphan Hydrobromide, Guaifenesin",Giltuss Childrens Cough And Chest Congestion,"Dextrum Laboratories, Inc",DEXTROMETHORPHAN HYDROBROMIDE,10 mg/5mL,SOLUTION,ORAL,Decreased Respiratory Secretion Viscosity [PE],CAT006,Respiratory
MED011014,65862-609,Pramipexole Dihydrochloride,Pramipexole Dihydrochloride,Aurobindo Pharma Limited,PRAMIPEXOLE DIHYDROCHLORIDE,1.5 mg/1,TABLET,ORAL,Dopamine Agonists [MoA],CAT005,Neurology
MED011068,0338-9051,Micafungin In Sodium Chloride,Micafungin In Sodium Chloride,Baxter Healthcare Corporation,MICAFUNGIN SODIUM,50 mg/50mL,INJECTION,INTRAVENOUS,Echinocandin Antifungal [EPC],CAT001,Antibiotics
MED011094,66467-2240,Sodium Fluoride,60 Second Fluoride Gel,"Darby Dental Supply, Llc",SODIUM FLUORIDE,5.6 g/454g,GEL,DENTAL,UNKNOWN,CAT015,Others
MED011118,66738-030,Lip Balm Spf25,"Intense Therapy Lip Balm Spf25, Shea Butter And Vitamin E","Jack Black, Llc",AVOBENZONE,3 g/1000g,OINTMENT,TOPICAL,UNKNOWN,CAT015,Others
MED011128,66794-258,Pantoprazole Sodium,Pantoprazole Sodium I.V.,Piramal Critical Care,PANTOPRAZOLE SODIUM,40 mg/10mL,"INJECTION, POWDER, FOR SOLUTION",INTRAVENOUS,Proton Pump Inhibitor [EPC],CAT007,Gastrointestinal
MED011130,66800-0096,"Avobenzone 3%, Homosalate 10%, Octisalate 5%, Octocrylene 5%",Coppertone Complete Sunscreen Spf 50,Beiersdorf Inc,AVOBENZONE,3 g/100g,SPRAY,TOPICAL,UNKNOWN,CAT015,Others
MED011155,66993-168,Fluticasone Furoate,Fluticasone Furoate Ellipta,Prasco Laboratories,FLUTICASONE FUROATE,200 ug/1,POWDER,RESPIRATORY (INHALATION),Corticosteroid Hormone Receptor Agonists [MoA],CAT004,Pain Management
MED011172,67046-0433,Lisinopril And Hydrochlorothiazide,Lisinopril And Hydrochlorothiazide,Coupler Llc,HYDROCHLOROTHIAZIDE,12.5 mg/1,TABLET,ORAL,Angiotensin Converting Enzyme Inhibitor [EPC],CAT003,Diabetes
MED011184,67046-1307,Cefuroxime Axetil,Cefuroxime Axetil,Coupler Llc,CEFUROXIME AXETIL,250 mg/1,TABLET,ORAL,Cephalosporin Antibacterial [EPC],CAT001,Antibiotics
MED011187,0053-0230,Etranacogene Dezaparvovec,Hemgenix,Csl Behring,UNKNOWN,UNKNOWN,KIT,UNKNOWN,UNKNOWN,CAT015,Others
MED011205,67046-1613,Zidovudine,Zidovudine,Coupler Llc,ZIDOVUDINE,300 mg/1,TABLET,ORAL,Human Immunodeficiency Virus Nucleoside Analog Reverse Transcriptase Inhibitor [EPC],CAT001,Antibiotics
MED011209,67046-1649,Quetiapine Fumarate,Quetiapine Fumarate,Coupler Llc,QUETIAPINE FUMARATE,50 mg/1,"TABLET, FILM COATED",ORAL,Atypical Antipsychotic [EPC],CAT005,Neurology
MED011216,0053-0260,Etranacogene Dezaparvovec,Hemgenix,Csl Behring,UNKNOWN,UNKNOWN,KIT,UNKNOWN,UNKNOWN,CAT015,Others
MED011247,67239-0240,Lidocaine Hydrochloride And Epinephrine Bitartrate,Lidocaine,Safco Dental Supply Co,EPINEPHRINE BITARTRATE,.01 mg/mL,"INJECTION, SOLUTION",SUBMUCOSAL,Adrenergic alpha-Agonists [MoA],CAT003,Diabetes
MED011250,67296-1463,Fluticasone Propionate,Good Sense 24 Hour Allergy Nasal,"Redpharm Drug, Inc",FLUTICASONE PROPIONATE,50 ug/1,"SPRAY, METERED",NASAL,Corticosteroid Hormone Receptor Agonists [MoA],CAT004,Pain Management
MED011254,0363-0304,Oxymetazoline Hydrochloride,Anefrin Nasal Original,Walgreen Company,OXYMETAZOLINE HYDROCHLORIDE,.05 g/100mL,SPRAY,NASAL,Imidazolines [CS],CAT005,Neurology
MED011261,67296-2136,Furosemide,Furosemide,Redpharm Drug,FUROSEMIDE,20 mg/1,TABLET,ORAL,Increased Diuresis at Loop of Henle [PE],CAT003,Diabetes
MED011270,67296-2225,Losartan Potassium,Losartan Potassium,Redpharm Drug,LOSARTAN POTASSIUM,50 mg/1,"TABLET, FILM COATED",ORAL,Angiotensin 2 Receptor Antagonists [MoA],CAT003,Diabetes
MED011290,67457-445,Rifampin,Rifampin,Mylan Institutional Llc,RIFAMPIN,600 mg/10mL,"INJECTION, POWDER, LYOPHILIZED, FOR SOLUTION",INTRAVENOUS,Rifamycin Antibacterial [EPC],CAT001,Antibiotics
MED011291,67457-531,Docetaxel Anhydrous,Docetaxel,Mylan Institutional Llc,DOCETAXEL ANHYDROUS,10 mg/mL,"INJECTION, SOLUTION",INTRAVENOUS,Microtubule Inhibition [PE],CAT012,Ophthalmology
MED011298,67457-853,Acetazolamide Sodium,Acetazolamide,Mylan Institutional Llc,ACETAZOLAMIDE SODIUM,500 mg/5mL,"INJECTION, POWDER, LYOPHILIZED, FOR SOLUTION",INTRAVENOUS,Carbonic Anhydrase Inhibitor [EPC],CAT003,Diabetes
MED011302,67544-002,Acetaminophen And Codeine Phosphate,Acetaminophen And Codeine Phosphate,"Aphena Pharma Solutions - Tennessee, Llc",ACETAMINOPHEN,300 mg/1,TABLET,ORAL,Full Opioid Agonists [MoA],CAT004,Pain Management
MED011397,68001-624,Methylprednisolone,Methylprednisolone,Bluepoint Laboratories,METHYLPREDNISOLONE,4 mg/1,TABLET,ORAL,Corticosteroid Hormone Receptor Agonists [MoA],CAT004,Pain Management
MED011431,68071-1548,Valacyclovir Hydrochloride,Valacyclovir Hydrochloride,"Nucare Pharmacuticals,Inc.",VALACYCLOVIR HYDROCHLORIDE,1 g/1,"TABLET, FILM COATED",ORAL,DNA Polymerase Inhibitors [MoA],CAT012,Ophthalmology
MED011473,68071-3323,Hydrochlorothiazide,Hydrochlorothiazide,"Nucare Pharmaceuticals, Inc.",HYDROCHLOROTHIAZIDE,50 mg/1,TABLET,ORAL,Increased Diuresis [PE],CAT003,Diabetes
MED011483,68071-3544,Miconazole Nitrate,Miconazole 7,"Nucare Pharmaceuticals,Inc.",MICONAZOLE NITRATE,20 mg/g,CREAM,VAGINAL,Azole Antifungal [EPC],CAT001,Antibiotics
MED011494,68071-3640,Penicillin V Potassium,Penicillin V Potassium,"Nucare Pharmaceuticals,Inc.",PENICILLIN V POTASSIUM,500 mg/1,"TABLET, FILM COATED",ORAL,Penicillin-class Antibacterial [EPC],CAT001,Antibiotics
MED011629,68084-344,Topiramate,Topiramate,American Health Packaging,TOPIRAMATE,100 mg/1,"TABLET, FILM COATED",ORAL,Cytochrome P450 2C19 Inhibitors [MoA],CAT014,Vitamins & Supplements
MED011633,68084-713,Venlafaxine Hydrochloride,Venlafaxine Hydrochloride,American Health Packaging,VENLAFAXINE HYDROCHLORIDE,150 mg/1,"CAPSULE, EXTENDED RELEASE",ORAL,Norepinephrine Uptake Inhibitors [MoA],CAT005,Neurology
MED011690,68180-970,Levothyroxine Sodium,Levothyroxine Sodium,"Lupin Pharmaceuticals, Inc.",LEVOTHYROXINE SODIUM,.112 mg/1,TABLET,ORAL,Thyroxine [CS],CAT009,Oncology
MED011702,68210-4110,Loratadine,Loratadine,Spirit Pharmaceuticals Llc,LORATADINE,10 mg/1,TABLET,ORAL,UNKNOWN,CAT015,Others
MED011746,68382-791,Acyclovir,Acyclovir,Zydus Pharmaceuticals (Usa) Inc.,ACYCLOVIR,400 mg/1,TABLET,ORAL,DNA Polymerase Inhibitors [MoA],CAT012,Ophthalmology
MED011766,68462-119,Fluconazole,Fluconazole,"Glenmark Pharmaceuticals Inc., Usa",FLUCONAZOLE,150 mg/1,TABLET,ORAL,Azole Antifungal [EPC],CAT001,Antibiotics
MED011809,68475-006,Carglumic Acid,Carglumic Acid,Navinta Llc,CARGLUMIC ACID,200 mg/1,"TABLET, FOR SUSPENSION",ORAL,Carbamoyl Phosphate Synthetase 1 Activator [EPC],CAT014,Vitamins & Supplements
MED011813,68475-803,Diazepam,Diazepam,Navinta Llc,DIAZEPAM,10 mg/2mL,GEL,RECTAL,Benzodiazepine [EPC],CAT005,Neurology
MED011860,68605-7171,Benzethonium Chloride,A-Cute Derm Antisepation,"Abbe Laboratories, Inc.",BENZETHONIUM CHLORIDE,2 mg/mL,GEL,CUTANEOUS,UNKNOWN,CAT015,Others
MED011883,68788-4008,Atorvastatin Calcium,Atorvastatin Calcium,Preferred Pharmaceuticals Inc.,ATORVASTATIN CALCIUM TRIHYDRATE,10 mg/1,"TABLET, FILM COATED",ORAL,HMG-CoA Reductase Inhibitor [EPC],CAT003,Diabetes
MED011893,0054-0220,Quetiapine Fumarate,Quetiapine Fumarate,Hikma Pharmaceuticals Usa Inc.,QUETIAPINE FUMARATE,25 mg/1,TABLET,ORAL,Atypical Antipsychotic [EPC],CAT005,Neurology
MED011914,68788-7726,Meloxicam,Meloxicam,"Preferred Pharmaceuticals, Inc.",MELOXICAM,7.5 mg/1,TABLET,ORAL,Anti-Inflammatory Agents,CAT004,Pain Management
MED011952,68788-8605,Loratadine,Loratadine,Preferred Pharmaceuticals Inc.,LORATADINE,10 mg/1,TABLET,ORAL,UNKNOWN,CAT015,Others
MED011974,68788-8852,Amoxicillin,Amoxicillin,Preferred Pharmaceuticals Inc.,AMOXICILLIN,200 mg/5mL,"POWDER, FOR SUSPENSION",ORAL,Penicillin-class Antibacterial [EPC],CAT001,Antibiotics
MED012054,69097-954,Pregabalin,Pregabalin,"Cipla Usa, Inc.",PREGABALIN,25 mg/1,CAPSULE,ORAL,UNKNOWN,CAT015,Others
MED012073,69168-432,Mucus Relief Dm,Mucus Relief Dm Immediate Release,Allegiant Health,DEXTROMETHORPHAN HYDROBROMIDE,20 mg/1,TABLET,ORAL,Decreased Respiratory Secretion Viscosity [PE],CAT006,Respiratory
MED012083,0363-7214,"Acetaminophen, Aspirin, Caffeine",Extra Strength Headache Relief,Walgreens,ACETAMINOPHEN,250 mg/1,TABLET,ORAL,Anti-Inflammatory Agents,CAT004,Pain Management
MED012111,69238-7033,Fludrocortisone Acetate,Fludrocortisone Acetate,Amneal Pharmaceuticals Ny Llc,FLUDROCORTISONE ACETATE,.1 mg/1,TABLET,ORAL,UNKNOWN,CAT015,Others
MED012223,69435-1402,Zinc Oxide,Fre Glow Me Lightweight Tinted Moisturizer Medium Deep,Peer Pharm Ltd.,ZINC OXIDE,19.2 g/100mL,CREAM,TOPICAL,UNKNOWN,CAT015,Others
MED012230,69452-157,Rizatriptan Benzoate,Rizatriptan Benzoate,"Bionpharma Inc.,",RIZATRIPTAN BENZOATE,10 mg/1,"TABLET, ORALLY DISINTEGRATING",ORAL,Serotonin 1b Receptor Agonists [MoA],CAT005,Neurology
MED012242,69473-006,"Titanium Dioxide, Zinc Oxide",Alumier Md Sheer Hydration,Alumier Labs,TITANIUM DIOXIDE,70 mg/mL,LOTION,TOPICAL,UNKNOWN,CAT015,Others
MED012254,69517-155,"Acetaminophen, Phenylephrine Hydrochloride, Dextromethorphan Hydrobromide",Pentrexcilina,Healthlife Of Usa,ACETAMINOPHEN,325 mg/1,TABLET,ORAL,Adrenergic alpha1-Agonists [MoA],CAT003,Diabetes
MED012279,69653-200,"Precipitated Calcium Carbonate, Tocopherol Acetate, Aluminium Chlorohydroxy Allantoinate, Dibasic Calcium Phosphate Hydrate",Bis Ii Tooth,"Jewoo Medical Co.,Ltd",.ALPHA.-TOCOPHEROL ACETATE,.04 g/100g,"PASTE, DENTIFRICE",DENTAL,Blood Coagulation Factor [EPC],CAT003,Diabetes
MED012331,0363-9961,Menthol,Walgreens Severe Honey Lemon Throat Drops,Walgreens,MENTHOL,20 mg/1,LOZENGE,ORAL,UNKNOWN,CAT015,Others
MED012344,69842-605,Nicotine Polacrilex,Nicotine,Cvs Pharmacy,NICOTINE,2 mg/1,LOZENGE,ORAL,Cholinergic Nicotinic Agonist [EPC],CAT005,Neurology
MED012358,0363-9998,"Onion, Calcium Sulfide, Sodium Chloride, Anemone Pulsatilla, Arabica Coffee Bean, Matricaria Chamomilla, Sulfur, Phosphorus And Goldenseal",Childrens Cold And Cough Day And Night Value Pack,Walgreen Company,UNKNOWN,UNKNOWN,KIT,UNKNOWN,UNKNOWN,CAT015,Others
MED012380,69848-588,Acetaminophen And Ibuprofen,Aacetaminophen And Ibuprofen,"Granules Usa, Inc.",ACETAMINOPHEN,250 mg/1,TABLET,ORAL,Anti-Inflammatory Agents,CAT004,Pain Management
MED012382,69892-072,"Eucalyptol, Menthol, Methyl Salicylate, Thymol",Antiseptic Mouthrinse,"Rockland Cosmetics, Inc.",EUCALYPTOL,.92 mg/mL,MOUTHWASH,ORAL,UNKNOWN,CAT015,Others
MED012396,69945-051,Technetium Tc-99M,Ultra-Technekow V4,Curium Us Llc,TECHNETIUM TC-99M SODIUM PERTECHNETATE,5 Ci/1,"INJECTION, SOLUTION",INTRAVENOUS,UNKNOWN,CAT015,Others
MED012413,69968-0702,"Avobenzone, Homosalate, Octisalate, And Octocrylene",Neutrogena Hydro Boost Hyaluronic Acid Moisturizer With Sunscreen Broad Spectrum Spf 50,Kenvue Brands Llc,AVOBENZONE,30 mg/mL,LOTION,TOPICAL,UNKNOWN,CAT015,Others
MED012416,69968-0723,Salicylic Acid,Neutrogena Scalp Therapy Anti-Dandruff Extra Strength,Kenvue Brands Llc,SALICYLIC ACID,30 mg/mL,SHAMPOO,TOPICAL,UNKNOWN,CAT015,Others
MED012427,69968-0828,"Avobenzone, Homosalate, Octisalate, Octocrylene",Neutrogena Clear Face Serum Sunscreen Broad Spectrum Spf 60,Kenvue Brands Llc,AVOBENZONE,30 mg/mL,LIQUID,TOPICAL,UNKNOWN,CAT015,Others
MED012444,69981-704,"Petrolatum, Cod Liver",Curefini Dermal,Rev Pharma Corporation,COD LIVER OIL,100 mg/mL,CREAM,TOPICAL,UNKNOWN,CAT015,Others
MED012449,70000-0018,Purified Water,Leader Eye Wash,Cardinal Health,WATER,99.05 g/100mL,SOLUTION,OPHTHALMIC,UNKNOWN,CAT015,Others
MED012453,70000-0060,Povidone Iodine Prep Solution 10%,Leader Povidone-Iodine 10% Topical Solution,Cardinal Health,POVIDONE-IODINE,10 mg/mL,LIQUID,TOPICAL,UNKNOWN,CAT015,Others
MED012502,70069-031,Haloperidol Decanoate,Haloperidol Decanoate,"Somerset Therapeutics, Llc",HALOPERIDOL DECANOATE,100 mg/mL,INJECTION,INTRAMUSCULAR,Typical Antipsychotic [EPC],CAT005,Neurology
MED012505,70069-066,Ropivacaine Hydrochloride,Ropivacaine Hydrochloride,"Somerset Therapeutics, Llc",ROPIVACAINE HYDROCHLORIDE,10 mg/mL,INJECTION,EPIDURAL,Amide Local Anesthetic [EPC],CAT004,Pain Management
MED012508,70069-232,Brimonidine Tartrate,Brimonidine Tartrate,"Somerset Therapeutics, Llc",BRIMONIDINE TARTRATE,2 mg/mL,SOLUTION/ DROPS,OPHTHALMIC,Adrenergic alpha-Agonists [MoA],CAT003,Diabetes
MED012559,70121-2484,Bortezomib,Boruzu,Amneal Pharmaceuticals Llc,BORTEZOMIB,3.5 mg/1.4mL,INJECTION,INTRAVENOUS,Proteasome Inhibitor [EPC],CAT012,Ophthalmology
MED012567,70163-0010,"Calcarea Carbonica, Kali Phosphoricum, Lycopodium Clavatum, Passiflora Incarnata, Gallicum Acidum",No More Monsters,Naturalcare,DIBASIC POTASSIUM PHOSPHATE,6 [hp_X]/1,"TABLET, CHEWABLE",ORAL,UNKNOWN,CAT015,Others
MED012581,70377-052,Lenalidomide,Lenalidomide,"Biocon Pharma Inc.,",LENALIDOMIDE,15 mg/1,CAPSULE,ORAL,Thalidomide Analog [EPC],CAT012,Ophthalmology
MED012650,70518-1443,Prazosin Hydrochloride,Prazosin Hydrochloride,Remedyrepack Inc.,PRAZOSIN HYDROCHLORIDE,5 mg/1,CAPSULE,ORAL,Adrenergic alpha-Antagonists [MoA],CAT003,Diabetes
MED012694,70518-3040,Omega-3-Acid Ethyl Esters,Omega-3-Acid Ethyl Esters,Remedyrepack Inc.,OMEGA-3-ACID ETHYL ESTERS,1 g/1,"CAPSULE, LIQUID FILLED",ORAL,Fatty Acids,CAT013,Vaccines & Biologics
MED012718,70518-3540,Prednisone,Prednisone,Remedyrepack Inc.,PREDNISONE,20 mg/1,TABLET,ORAL,Corticosteroid Hormone Receptor Agonists [MoA],CAT004,Pain Management
MED012719,70518-3548,Brexpiprazole,Rexulti,Remedyrepack Inc.,BREXPIPRAZOLE,2 mg/1,TABLET,ORAL,Atypical Antipsychotic [EPC],CAT005,Neurology
MED012736,70518-4022,Hydralazine Hydrochloride,Hydralazine Hydrochloride,Remedyrepack Inc.,HYDRALAZINE HYDROCHLORIDE,10 mg/1,TABLET,ORAL,Arteriolar Vasodilation [PE],CAT003,Diabetes
MED012764,0378-8766,Buprenorphine And Naloxone,Buprenorphine And Naloxone,Mylan Pharmaceuticals Inc.,BUPRENORPHINE HYDROCHLORIDE,4 mg/1,FILM,BUCCAL,Opioid Antagonist [EPC],CAT004,Pain Management
MED012815,70677-1039,Oxymetazoline Hydrochloride,Foster And Thrive Nasal,Strategic Sourcing Services Llc,OXYMETAZOLINE HYDROCHLORIDE,.05 g/100mL,"SPRAY, METERED",NASAL,Imidazolines [CS],CAT005,Neurology
MED012824,0054-0939,Tapentadol Hydrochloride,Tapentadol,Hikma Pharmaceuticals Usa Inc.,TAPENTADOL HYDROCHLORIDE,200 mg/1,"TABLET, FILM COATED, EXTENDED RELEASE",ORAL,Opioid Agonist [EPC],CAT004,Pain Management
MED012830,70677-1200,Benzoin Resin,Benzoin Tincture,116956644,BENZOIN RESIN,1000 mg/mL,LIQUID,TOPICAL,UNKNOWN,CAT015,Others
MED012841,70692-078,Diphenhydramine Hydrochloride,Good Remedies Allergy Relief Softgel,Strive Pharmaceuticals Inc.,DIPHENHYDRAMINE HYDROCHLORIDE,25 mg/1,"CAPSULE, LIQUID FILLED",ORAL,Histamine H1 Receptor Antagonists [MoA],CAT006,Respiratory
MED012855,70700-284,Fulvestrant,Fulvestrant,"Xiromed, Llc",FULVESTRANT,50 mg/mL,"INJECTION, SOLUTION",INTRAMUSCULAR,Estrogen Receptor Antagonist [EPC],CAT009,Oncology
MED012864,70710-1160,Mirabegron,Mirabegron,Zydus Pharmaceuticals (Usa) Inc.,MIRABEGRON,50 mg/1,"TABLET, EXTENDED RELEASE",ORAL,Adrenergic beta3-Agonists [MoA],CAT003,Diabetes
MED012874,70710-1351,Colchicine,Colchicine,Zydus Pharmaceuticals Usa Inc.,COLCHICEINE,.6 mg/1,TABLET,ORAL,UNKNOWN,CAT015,Others
MED012876,70710-1398,Eltrombopag,Eltrombopag,Zydus Pharmaceuticals Usa Inc.,ELTROMBOPAG OLAMINE,75 mg/1,TABLET,ORAL,Breast Cancer Resistance Protein Inhibitors [MoA],CAT012,Ophthalmology
MED012878,70710-1532,Cisatracurium Besylate,Cisatracurium Besylate,Zydus Pharmaceuticals Usa Inc.,CISATRACURIUM BESYLATE,2 mg/mL,INJECTION,INTRAVENOUS,Neuromuscular Nondepolarizing Blockade [PE],CAT005,Neurology
MED012895,70710-2083,Methylene Blue,Methylene Blue,Zydus Pharmaceuticals Usa Inc.,METHYLENE BLUE,10 mg/mL,INJECTION,INTRAVENOUS,Oxidation-Reduction Activity [MoA],CAT014,Vitamins & Supplements
MED012908,70748-411,Brivaracetam,Brivaracetam,"Lupin Pharmaceuticals, Inc.",BRIVARACETAM,10 mg/mL,SOLUTION,ORAL,Epoxide Hydrolase Inhibitors [MoA],CAT014,Vitamins & Supplements
MED012943,70771-1139,Azathioprine,Azathioprine,Zydus Lifesciences Limited,AZATHIOPRINE,25 mg/1,TABLET,ORAL,Nucleic Acid Synthesis Inhibitors [MoA],CAT012,Ophthalmology
MED012947,70771-1167,Minocycline Hydrochloride,Minocycline Hydrochloride,Zydus Lifesciences Limited,MINOCYCLINE HYDROCHLORIDE,135 mg/1,"TABLET, EXTENDED RELEASE",ORAL,Decreased Prothrombin Activity [PE],CAT003,Diabetes
MED012949,70771-1178,Amitriptyline Hydrochloride,Amitriptyline Hydrochloride,Zydus Lifesciences Limited,AMITRIPTYLINE HYDROCHLORIDE,150 mg/1,"TABLET, FILM COATED",ORAL,Tricyclic Antidepressant [EPC],CAT005,Neurology
MED013065,71141-179,"Acetaminophen, Dextromethorphan Hbr, Phenylephrine Hcl",Cold And Flu,Lidl Us Llc,ACETAMINOPHEN,325 mg/15mL,SOLUTION,ORAL,Adrenergic alpha1-Agonists [MoA],CAT003,Diabetes
MED013149,71205-842,Perphenazine,Perphenazine,Proficient Rx Lp,PERPHENAZINE,4 mg/1,"TABLET, FILM COATED",ORAL,Phenothiazine [EPC],CAT005,Neurology
MED013158,71205-910,Clomipramine Hydrochloride,Clomipramine Hydrochloride,Proficient Rx Lp,CLOMIPRAMINE HYDROCHLORIDE,25 mg/1,CAPSULE,ORAL,Tricyclic Antidepressant [EPC],CAT005,Neurology
MED013187,71238-847,"Methyl Salicylate, Menthol, Capsaicin",Lbri Super Aloe Stop The Pain,"L'Bris, Pure 'N Natural",CAPSAICIN,.3 mg/mL,CREAM,TOPICAL,UNKNOWN,CAT015,Others
MED013256,71335-0843,Amlodipine Besylate,Amlodipine Besylate,Bryant Ranch Prepack,AMLODIPINE BESYLATE,10 mg/1,TABLET,ORAL,Calcium Channel Antagonists [MoA],CAT003,Diabetes
MED013282,71335-1163,Buprenorphine Hcl,Buprenorphine Hcl,Bryant Ranch Prepack,BUPRENORPHINE HYDROCHLORIDE,8 mg/1,TABLET,SUBLINGUAL,Partial Opioid Agonist [EPC],CAT004,Pain Management
MED013298,71335-1538,Tamsulosin Hydrochloride,Tamsulosin Hydrochloride,Bryant Ranch Prepack,TAMSULOSIN HYDROCHLORIDE,.4 mg/1,CAPSULE,ORAL,Adrenergic alpha-Antagonists [MoA],CAT003,Diabetes
MED013313,71335-1775,Metronidazole,Metronidazole,Bryant Ranch Prepack,METRONIDAZOLE,250 mg/1,TABLET,ORAL,Nitroimidazole Antimicrobial [EPC],CAT001,Antibiotics
MED013319,71335-1832,Aripiprazole,Aripiprazole,Bryant Ranch Prepack,ARIPIPRAZOLE,5 mg/1,TABLET,ORAL,Atypical Antipsychotic [EPC],CAT005,Neurology
MED013324,71335-1925,Naproxen Sodium,Naproxen Sodium,Bryant Ranch Prepack,NAPROXEN SODIUM,275 mg/1,"TABLET, FILM COATED",ORAL,Anti-Inflammatory Agents,CAT004,Pain Management
MED013331,71335-1986,Bupropion Hydrochloride,Bupropion Hydrochloride Sr,Bryant Ranch Prepack,BUPROPION HYDROCHLORIDE,100 mg/1,"TABLET, EXTENDED RELEASE",ORAL,Aminoketone [EPC],CAT005,Neurology
MED013353,71335-2224,Metformin Hydrochloride,Metformin Hydrochloride,Bryant Ranch Prepack,METFORMIN HYDROCHLORIDE,500 mg/1,"TABLET, FILM COATED",ORAL,Biguanide [EPC],CAT002,Cardiovascular
MED013365,71335-2383,Methocarbamol,Methocarbamol,Bryant Ranch Prepack,METHOCARBAMOL,500 mg/1,TABLET,ORAL,Centrally-mediated Muscle Relaxation [PE],CAT005,Neurology
MED013377,71335-2509,Clonazepam,Clonazepam,Bryant Ranch Prepack,CLONAZEPAM,.5 mg/1,TABLET,ORAL,Benzodiazepine [EPC],CAT005,Neurology
MED013412,71335-2746,Pravastatin Sodium,Pravastatin Sodium,Bryant Ranch Prepack,PRAVASTATIN SODIUM,40 mg/1,TABLET,ORAL,HMG-CoA Reductase Inhibitor [EPC],CAT003,Diabetes
MED013422,0409-2305,Midazolam Hydrochloride,Midazolam,"Hospira, Inc.",MIDAZOLAM HYDROCHLORIDE,1 mg/mL,"INJECTION, SOLUTION",INTRAMUSCULAR,Benzodiazepine [EPC],CAT005,Neurology
MED013434,71335-2995,Flecainide Acetate,Flecainide Acetate,Bryant Ranch Prepack,FLECAINIDE ACETATE,50 mg/1,TABLET,ORAL,Antiarrhythmic [EPC],CAT003,Diabetes
MED013462,71335-9696,Vardenafil Hydrochloride,Vardenafil Hydrochloride,Bryant Ranch Prepack,VARDENAFIL HYDROCHLORIDE,10 mg/1,TABLET,ORAL,Phosphodiesterase 5 Inhibitor [EPC],CAT003,Diabetes
MED013498,71598-100,Dextromethorphan Hbr,Robohbr Cough Suppressant,"Dxm Pharmaceutical, Inc",DEXTROMETHORPHAN HYDROBROMIDE,30 mg/1,TABLET,ORAL,Sigma-1 Agonist [EPC],CAT005,Neurology
MED013500,0409-4264,Hydromorphone Hydrochloride,Hydromorphone Hydrochloride,"Hospira, Inc.",HYDROMORPHONE HYDROCHLORIDE,.5 mg/.5mL,"INJECTION, SOLUTION",INTRAMUSCULAR,Full Opioid Agonists [MoA],CAT004,Pain Management
MED013550,71610-756,Gabapentin,Gabapentin,"Aphena Pharma Solutions - Tennessee, Llc",GABAPENTIN,100 mg/1,CAPSULE,ORAL,Decreased Central Nervous System Disorganized Electrical Activity [PE],CAT005,Neurology
MED013571,71610-904,Zolpidem Tartrate,Zolpidem Tartrate,"Aphena Pharma Solutions - Tennessee, Llc",ZOLPIDEM TARTRATE,5 mg/1,"TABLET, FILM COATED",ORAL,Central Nervous System Depression [PE],CAT005,Neurology
MED013582,71687-3009,Pamabrom,Pamprin Bloat,"Focus Consumer Healthcare, Llc",PAMABROM,50 mg/1,"TABLET, FILM COATED",ORAL,UNKNOWN,CAT015,Others
MED013597,0409-7969,"Potassium Chloride, Sodium Chloride, Calcium Chloride, And Magnesium Chloride",Plegisol,"Hospira, Inc.",CALCIUM CHLORIDE,17.6 mg/100mL,"INJECTION, SOLUTION",INTRA-ARTERIAL,Blood Coagulation Factor [EPC],CAT003,Diabetes
MED013612,71872-7093,Glycopyrrolate,Glycopyrrolate,"Medical Purchasing Solutions, Llc",GLYCOPYRROLATE,.2 mg/mL,INJECTION,INTRAMUSCULAR,Anticholinergic [EPC],CAT005,Neurology
MED013659,71971-9121,"Drosera, Arnica Montana, Bryonia, Ipecacuanha, Cetraria Islandica, Coccus Cacti, Corallium Rubrum, Stannum Metallicum",Kids Relief,Homeolab International (Canada) Inc,ARNICA MONTANA,3 [hp_C]/100mL,LIQUID,ORAL,UNKNOWN,CAT015,Others
MED013674,72043-2289,Zinc Oxide And Octinoxate Sunscreen,Eltamd Uv Daily Spf40,"Cp Skin Health Group, Inc.",OCTINOXATE,75 g/1000g,LOTION,TOPICAL,Copper Absorption Inhibitor [EPC],CAT007,Gastrointestinal
MED013702,72162-1162,Perphenazine,Perphenazine,Bryant Ranch Prepack,PERPHENAZINE,2 mg/1,"TABLET, FILM COATED",ORAL,Phenothiazine [EPC],CAT005,Neurology
MED013742,0527-1394,Loxapine,Loxapine,"Lannett Company, Inc.",LOXAPINE SUCCINATE,5 mg/1,CAPSULE,ORAL,UNKNOWN,CAT015,Others
MED013775,72638-001,"Aceticum Acidum, Anacardium Orientale, Baryta Iodata, Calcarea Carbonica, Capsicum Annum, Focus Versiculosus, Graphites, Natrum Sulphuricum, Phytolacca Decandra, Stannum Metallicum, Thyroidinum, Zincum Metallicum",Metabolic Reset,"Hanoun, Andrew Functional Medicine Inc.",ACETIC ACID,10 [hp_X]/59mL,LIQUID,ORAL,Allergens [CS],CAT006,Respiratory
MED013832,72789-405,Sildenafil Citrate,Sildenafil Citrate,"Pd-Rx Pharmaceuticals, Inc.",SILDENAFIL CITRATE,50 mg/1,TABLET,ORAL,Phosphodiesterase 5 Inhibitor [EPC],CAT003,Diabetes
MED013862,72839-293,"Avobenzone 3%, Homosalate 15%, Octisalate 5%, Octocrylene 10%",Caribbean Breeze Spf 70 Sunscreen,"Derma Care Research Labs, Llc",AVOBENZONE,3 g/100g,SPRAY,TOPICAL,UNKNOWN,CAT015,Others
MED013891,72865-316,Topiramate,Topiramate,"Xlcare Pharmaceuticals, Inc.",TOPIRAMATE,200 mg/1,TABLET,ORAL,Cytochrome P450 2C19 Inhibitors [MoA],CAT014,Vitamins & Supplements
MED013911,0536-1206,Calcium Carbonate 10Gr (648 Mg),Calcium Carbonate 10 Gr (648 Mg) (Antacid),Rugby Laboratories,CALCIUM CARBONATE,648 mg/1,TABLET,ORAL,UNKNOWN,CAT015,Others
MED013957,73057-350,Acetaminophen 500Mg,Pharbetol,Ulai Health Llc,ACETAMINOPHEN,500 mg/1,"TABLET, COATED",ORAL,UNKNOWN,CAT015,Others
MED013970,73076-201,Lmnoop Athletes Foot Cream,Lmnoop Athletes Foot Cream,"Shenzhen Ishan Technology Co., Ltd",OATMEAL,1 g/100g,CREAM,TOPICAL,Allergens [CS],CAT006,Respiratory
MED013979,0536-1311,Guaifenesin,Rugby Chest Congestion Relief G450,Rugby Laboratories,GUAIFENESIN,400 mg/1,TABLET,ORAL,Decreased Respiratory Secretion Viscosity [PE],CAT006,Respiratory
MED013982,73141-024,Maraviroc,Maraviroc,A2A Integrated Pharmaceuticals,MARAVIROC,150 mg/1,"TABLET, FILM COATED",ORAL,CCR5 Co-receptor Antagonist [EPC],CAT001,Antibiotics
MED013991,0536-1327,Acetaminophen,Rugby Regular Strength Acetaminophen,Rugby Laboratories,ACETAMINOPHEN,325 mg/1,TABLET,ORAL,UNKNOWN,CAT015,Others
MED014030,73418-100,Zinc Oxide,Baby Mineral Sunscreen Spf55,Hello Bello,ZINC OXIDE,200 mg/g,LOTION,TOPICAL,UNKNOWN,CAT015,Others
MED014089,73656-047,Sodium Monofluorophosphate,White Glo Purple Color Corrector Fluoride Anticavity,White Glo Usa Inc,SODIUM MONOFLUOROPHOSPHATE,7.6 mg/g,"PASTE, DENTIFRICE",DENTAL,UNKNOWN,CAT015,Others
MED014110,73928-191,Alcohol Antiseptic,Jolly Rancher Blue Raspberry Hydrating Hand Sanitizer,"Kingkey Mbc Life Technology Group Co.,Ltd",ALCOHOL,62 mL/100mL,LIQUID,TOPICAL,UNKNOWN,CAT015,Others
MED014124,74307-811,Aluminum. Sesquichlorohydrate,Carpe Antiperspirant Cucumber Spa,Clutch Inc,ALUMINUM SESQUICHLOROHYDRATE,20 g/100g,STICK,TOPICAL,UNKNOWN,CAT015,Others
MED014130,74676-5906,Triptorelin Pamoate,Trelstar,Verity Pharmaceuticals Inc.,UNKNOWN,UNKNOWN,KIT,UNKNOWN,UNKNOWN,CAT015,Others
MED014140,74866-414,Minoxidil,Suavecito 5% Minoxidil Solution,"Suavecito, Inc.",MINOXIDIL,50 mg/mL,LIQUID,TOPICAL,Arteriolar Vasodilation [PE],CAT003,Diabetes
MED014142,75065-024,Sodium Fluoride,Made By Dentists For Kids Eyeball Juice (Watermelon),Made By Dentists Inc,SODIUM FLUORIDE,1.5 mg/g,PASTE,DENTAL,UNKNOWN,CAT015,Others
MED014171,75826-120,Dextroamphetamine Sulfate,Dextroamphetamine Sulfate,Winder Laboratories Llc,DEXTROAMPHETAMINE SULFATE,2.5 mg/1,TABLET,ORAL,Central Nervous System Stimulant [EPC],CAT005,Neurology
MED014216,75936-638,"Avobenzone, Homosalate, Octisalate, Octocrylene",Unseen Sunscreen Lip Protector Spf 30,"Supergoop, Llc",AVOBENZONE,3 g/100mL,STICK,TOPICAL,UNKNOWN,CAT015,Others
MED014278,76282-744,Tamsulosin Hydrochloride,Tamsulosin Hydrochloride,"Exelan Pharmaceuticals, Inc.",TAMSULOSIN HYDROCHLORIDE,.4 mg/1,CAPSULE,ORAL,Adrenergic alpha-Antagonists [MoA],CAT003,Diabetes
MED014282,0574-0145,Trospium Chloride,Trospium Chloride,Padagis Us Llc,TROSPIUM CHLORIDE,20 mg/1,"TABLET, FILM COATED",ORAL,Cholinergic Muscarinic Antagonist [EPC],CAT005,Neurology
MED014296,76354-198,"Homosalate, Octisalate, Octocrylene, Zinc Oxide",E.L.F. Camo Cc Cream Spf 30 Rich 640 W,"E.L.F. Cosmetics, Inc.",HOMOSALATE,50 mg/g,CREAM,TOPICAL,UNKNOWN,CAT015,Others
MED014299,76354-449,"Avobenzone, Homosalate, Octisalate, Octocrylene",E L F Whoa Glow Broad Spectrum Spf 30 Sunscreen Sheer Champagne Shimmer Sunlight,"E.L.F. Cosmetics, Inc.",AVOBENZONE,30 mg/mL,CREAM,TOPICAL,UNKNOWN,CAT015,Others
MED014304,76354-520,"Zinc Oxide, Titanium Dioxide, Homosalate, Octisalate, Octocrylene",E.L.F Camo Semi-Matte Cc Cream Spf 30 Tan 415 C,"E.L.F. Cosmetics, Inc.",HOMOSALATE,50 mg/g,CREAM,TOPICAL,Copper Absorption Inhibitor [EPC],CAT007,Gastrointestinal
MED014345,76420-524,"Ammonia, Lidocaine Hydrochloride, Triamcinolone Acetonide, Povidone-Iodine",Physician Ez Use Joint Tunnel And Trigger Kit,"Asclemed Usa, Inc.",UNKNOWN,UNKNOWN,KIT,UNKNOWN,UNKNOWN,CAT015,Others
MED014376,76420-925,Spironolactone,Spironolactone,"Asclemed Usa, Inc.",SPIRONOLACTONE,25 mg/1,"TABLET, COATED",ORAL,Aldosterone Antagonist [EPC],CAT003,Diabetes
MED014402,76483-100,Aripiprazole,Aripiprazole,Square Pharmaceuticals Limited,ARIPIPRAZOLE,10 mg/1,"TABLET, ORALLY DISINTEGRATING",ORAL,Atypical Antipsychotic [EPC],CAT005,Neurology
MED014404,76670-0010,Sodium Fluoride,Doctrust Doublex Tooth,"Docsmedi Co., Ltd.",SODIUM FLUORIDE,.22 g/100g,"PASTE, DENTIFRICE",DENTAL,UNKNOWN,CAT015,Others
MED014439,0591-3331,Bupropion Hydrochloride,Bupropion Hydrochloride Xl,"Actavis Pharma, Inc.",BUPROPION HYDROCHLORIDE,150 mg/1,"TABLET, FILM COATED, EXTENDED RELEASE",ORAL,Aminoketone [EPC],CAT005,Neurology
MED014451,78691-021,Hydrogen Peroxide,Biopure 3 Hydrogen Peroxide,Quest Usa Corp,HYDROGEN PEROXIDE,30 mg/mL,LIQUID,TOPICAL,UNKNOWN,CAT015,Others
MED014468,79481-0052,Nicotine,Nicotine,"Meijer, Inc.",NICOTINE,21 mg/24h,PATCH,TRANSDERMAL,Cholinergic Nicotinic Agonist [EPC],CAT005,Neurology
MED014521,79903-154,Ivermectin,Ivermectin,Walmart Inc.,IVERMECTIN,5 mg/g,LOTION,TOPICAL,Antiparasitic [EPC],CAT001,Antibiotics
MED014536,79903-287,Benzalkonium Chloride,Equate Antibacterial Wipes Fresh,"Walmart, Inc.",BENZALKONIUM CHLORIDE,.115 g/1,CLOTH,TOPICAL,UNKNOWN,CAT015,Others
MED014580,80425-0115,Eszopiclone,Eszopiclone,"Advanced Rx Pharmacy Of Tennessee, Llc",ESZOPICLONE,3 mg/1,"TABLET, FILM COATED",ORAL,UNKNOWN,CAT015,Others
MED014603,80425-0274,Tramadol Hydrochloride,Tramadol Hydrochloride,"Advanced Rx Pharmacy Of Tennessee, Llc",TRAMADOL HYDROCHLORIDE,50 mg/1,"TABLET, COATED",ORAL,Full Opioid Agonists [MoA],CAT004,Pain Management
MED014606,80425-0304,Sildenafil Citrate,Sildenafil Citrate,"Advanced Rx Pharmacy Of Tennessee, Llc",SILDENAFIL CITRATE,20 mg/1,TABLET,ORAL,Phosphodiesterase 5 Inhibitor [EPC],CAT003,Diabetes
MED014612,80425-0371,Desonide,Desonide,"Advanced Rx Of Tennessee, Llc",DESONIDE,.5 mg/g,CREAM,TOPICAL,Corticosteroid Hormone Receptor Agonists [MoA],CAT004,Pain Management
MED014643,80491-8012,Aprocitentan,Tryvio,Idorsia Pharmaceuticals Ltd,APROCITENTAN,12.5 mg/1,"TABLET, FILM COATED",ORAL,Endothelin Receptor Antagonist [EPC],CAT003,Diabetes
MED014647,80513-100,Docusate Sodium,"Docusate Sodium, Extra Strength 250 Mg",Advanced Rx Llc,DOCUSATE SODIUM,250 mg/1,"CAPSULE, GELATIN COATED",ORAL,UNKNOWN,CAT015,Others
MED014691,80777-345,Respiratory Syncytial Virus Vaccine,Mresvia,"Moderna Us, Inc.",RNA-100-AR02,50 ug/.5mL,SUSPENSION,INTRAMUSCULAR,UNKNOWN,CAT015,Others
MED014694,80830-1673,Calcium Gluconate,Calcium Gluconate,Amneal Pharmaceuticals Private Limited,CALCIUM GLUCONATE MONOHYDRATE,98 mg/mL,"INJECTION, SOLUTION",INTRAVENOUS,Blood Coagulation Factor [EPC],CAT003,Diabetes
MED014757,81665-104,Cromolyn Sodium,Cromolyn Sodium,Omnivium Pharmaceuticals Llc,CROMOLYN SODIUM,100 mg/5mL,"SOLUTION, CONCENTRATE",ORAL,Decreased Histamine Release [PE],CAT006,Respiratory
MED014783,81964-003,Amoxicillin And Clavulanate Potassium,Augmentin Es-600,"Usantibiotics, Llc",AMOXICILLIN,600 mg/5mL,FOR SUSPENSION,ORAL,Penicillin-class Antibacterial [EPC],CAT001,Antibiotics
MED014789,82009-044,Losartan Potassium,Losartan Potassium,Quallent Pharmaceuticals Health Llc,LOSARTAN POTASSIUM,100 mg/1,"TABLET, FILM COATED",ORAL,Angiotensin 2 Receptor Antagonists [MoA],CAT003,Diabetes
MED014819,82153-280,Zinc Oxide,Live Tinted Glow-Up Hyperpigmentation Essentials,"Live Tinted, Inc.",UNKNOWN,UNKNOWN,KIT,UNKNOWN,UNKNOWN,CAT015,Others
MED014840,0615-8460,Carbidopa And Levodopa,Carbidopa And Levodopa,"Ncs Healthcare Of Ky, Llc Dba Vangard Labs",CARBIDOPA,25 mg/1,"TABLET, EXTENDED RELEASE",ORAL,Amino Acids,CAT013,Vaccines & Biologics
MED014850,82442-899,Nicotine Polacrilex,Up And Up Uncoated Mint Nicotine,Target Corporation,NICOTINE,2 mg/1,"GUM, CHEWING",ORAL,Cholinergic Nicotinic Agonist [EPC],CAT005,Neurology
MED014855,82448-150,Nirogacestat,Ogsiveo,"Springworks Therapeutics, Inc.",NIROGACESTAT,150 mg/1,"TABLET, FILM COATED",ORAL,Cytochrome P450 2C19 Inducers [MoA],CAT014,Vitamins & Supplements
MED014861,82501-0733,"Acetaminophen, Dextromethorphan Hydrobromide, Doxylamine Succinate, Phenylephrine Hydrochloride",Goodnow Cold And Flu Day Relief Cold And Flu Night Relief,"Gobrands, Inc",UNKNOWN,UNKNOWN,KIT,UNKNOWN,UNKNOWN,CAT015,Others
MED014872,82575-100,Salicylic Acid,Acne Body Wash,Curology,SALICYLIC ACID,20 mg/mL,SOAP,TOPICAL,UNKNOWN,CAT015,Others
MED014926,82804-046,Doxycycline,Doxycycline,Proficient Rx Lp,DOXYCYCLINE HYCLATE,100 mg/1,CAPSULE,ORAL,Tetracycline-class Drug [EPC],CAT001,Antibiotics
MED014965,82866-005,"Homosalate, Octisalate, Octocrylene, Avobenzone",Prideful Spf 15 Lip Balm-Passion Fruit,Prideful Llc,AVOBENZONE,20 mg/g,STICK,TOPICAL,UNKNOWN,CAT015,Others
MED014979,82876-503,Allantoin,Bath Bomb 2-Pack (Orange),Carolina Cannabis Creations Llc,ALLANTOIN,1.1 g/187.91g,"TABLET, SOLUBLE",TOPICAL,Alkalinizing Activity [MoA],CAT014,Vitamins & Supplements
MED014988,82953-043,"Avobenzone,Homosalate,Octocrylene,Octisalate",Sunscreen Stick Spf30( Cb400) 01,"Cosmuses Cosmetics (Ningbo) Co., Ltd.",AVOBENZONE,3 g/100g,LIPSTICK,TOPICAL,UNKNOWN,CAT015,Others
MED014992,82969-1003,Calc Sulph,Bestmade Natural Products Calc Sulph,Bestmade Natural Products,CALCIUM SULFATE,6 [hp_X]/6[hp_X],"TABLET, SOLUBLE",ORAL,Blood Coagulation Factor [EPC],CAT003,Diabetes
MED015009,82969-2106,"Aesculus, Beta Vulgaris, Calc Fluor, Negundium Americana, Paeonia Off, Ratanhia, Sedum Acre, Sulphur",Bestmade Natural Products Bm106,Bestmade Natural Products,ACER NEGUNDO WHOLE,30 [hp_C]/30[hp_C],LIQUID,ORAL,UNKNOWN,CAT015,Others
MED015040,82969-5070,Magnesia Muriatica,Bestmade Natural Products Mag Mur,Bestmade Natural Products,MAGNESIUM CHLORIDE,30 [hp_C]/30[hp_C],"TABLET, SOLUBLE",ORAL,Calculi Dissolution Agent [EPC],CAT007,Gastrointestinal
MED015084,83027-0031,"Caulophyllum Thalictroides, Hypophysis Suis, Hypothalamus Suis, Pineal Gland (Suis), Cimicifuga Racemosa, Natrum Muriaticum, Cinchona Officinalis, Adrenocorticotrophin",Pituitary Liquescence,"Nutritional Specialties, Inc.",BLACK COHOSH,6 [hp_X]/mL,LIQUID,ORAL,Adrenocorticotropic Hormone [CS],CAT009,Oncology
MED015096,83027-0076,"Carduus Marianus, Berberis Vulgaris, Chelidonium Majus, Echinacea Purpurea, Zingiber Officinale, Bryonia (Alba), Glandula Suprarenalis (Bovine), Spleen (Suis), Atropinum Sulphuricum, Magnesia Phosphorica, Lycopodium Clavatum",Adrenal Sarcode,"Nutritional Specialties, Inc.",ATROPINE SULFATE,10 [hp_X]/mL,SPRAY,ORAL,Allergens [CS],CAT006,Respiratory
MED015134,83209-192,Fluoxetine Hydrochloride,Fluoxetine,Boswell Pharmacy Services Llc D/B/A Bps Wholesale,FLUOXETINE HYDROCHLORIDE,10 mg/1,CAPSULE,ORAL,Serotonin Reuptake Inhibitor [EPC],CAT005,Neurology
MED015148,83270-171,Midazolam Hydrochloride,Midazolam,Onesource Specialty Pharma Limited,MIDAZOLAM HYDROCHLORIDE,1 mg/mL,"INJECTION, SOLUTION",INTRAMUSCULAR,Benzodiazepine [EPC],CAT005,Neurology
MED015152,83286-139,Zinc Oxide,Drmtlgy Lip Silk - Soft,Drmtlgy,ZINC OXIDE,132 mg/mL,LOTION,TOPICAL,UNKNOWN,CAT015,Others
MED015154,0641-6213,Glycopyrrolate,Glycopyrrolate,Hikma Pharmaceuticals Usa Inc.,GLYCOPYRROLATE,.2 mg/mL,INJECTION,INTRAMUSCULAR,Anticholinergic [EPC],CAT005,Neurology
MED015171,83324-166,Acetaminophen Diphenhydramine Hcl,Pain Reliever Pm,Quality Choice (Chain Drug Marketing Association),ACETAMINOPHEN,500 mg/1,"TABLET, COATED",ORAL,Histamine H1 Receptor Antagonists [MoA],CAT006,Respiratory
MED015173,83324-169,Magnesium Citrate,Citroma,Chain Drug Marketing Association,MAGNESIUM CITRATE,1.745 g/29.6mL,LIQUID,ORAL,Calculi Dissolution Agent [EPC],CAT007,Gastrointestinal
MED015219,83608-104,Ultimate Erection Enhancer,Instant Erection,"Novelties By Nasswalk, Inc.",BENZOCAINE,5 g/100mL,CREAM,TOPICAL,Allergens [CS],CAT006,Respiratory
MED015269,83804-003,Minoxidil 5%,Hair Serum,"Shenzhen Shandian Jingling Technology Co., Ltd.",MINOXIDIL,.05 g/mL,SOLUTION,TOPICAL,Arteriolar Vasodilation [PE],CAT003,Diabetes
MED015282,83819-003,"Olive Extract, Sulfur",Dermveda Jock Itch,Celcius Corp.,OLEA EUROPAEA (OLIVE) LEAF POWDER,8 [hp_X]/118mL,SPRAY,TOPICAL,UNKNOWN,CAT015,Others
MED015292,83831-183,Bendamustine Hydrochloride,Bendamustine Hydrochloride,"Avyxa Pharma, Llc",BENDAMUSTINE HYDROCHLORIDE,100 mg/4mL,INJECTION,INTRAVENOUS,Alkylating Activity [MoA],CAT012,Ophthalmology
MED015320,84025-312,Bodylotion,Bodylotion,"Guangzhou Yanxi Biotechnology Co., Ltd",HYALURONIC ACID,3 mg/120mL,CREAM,CUTANEOUS,UNKNOWN,CAT015,Others
MED015414,84423-070,Iaha Whitening Serum,Iaha Whitening Serum,"Guangzhou Kadiya Biotechnology Co., Ltd.",ASCORBIC ACID,2 g/100mL,"CREAM, AUGMENTED",CUTANEOUS,Ascorbic Acid [CS],CAT013,Vaccines & Biologics
MED015516,84989-008,Glycerin,Ximonth Jimerito Honey For Eyes,"Shantou Ximonth Biotechnology Co., Ltd.",HONEY,.006 mg/30mg,LIQUID,TOPICAL,UNKNOWN,CAT015,Others
MED015555,85179-003,"Homosalate, Octocrylene, Octinoxate, Octisalate, Avobenzone",Sugargirl Glowy Face Screen Shimmer Sunscreen Spf 30,I World Llc,AVOBENZONE,30 mg/mL,LOTION,TOPICAL,UNKNOWN,CAT015,Others
MED015558,85179-043,"Homosalate, Octocrylene, Octisalate, Avobenzone",Sugargirl Set Spf 30 Sunscreen Shimmer Sunscreen Mist For The Face,I World Llc,AVOBENZONE,30 mg/mL,LIQUID,TOPICAL,UNKNOWN,CAT015,Others
MED015579,85248-072,Tolnaftate 1% Multi-Purpose Treatment,Reinreude Multi-Purpose Treatment,"Jiangxi Yudexi Pharmaceutical Co., Ltd",TOLNAFTATE,1 g/100mL,LIQUID,TOPICAL,UNKNOWN,CAT015,Others
MED015599,85248-232,Undecylenic Acid 25% Fungal Nail Repair Renewal,Sovs Fungal Nail Repair Renewal,"Jiangxi Yudexi Pharmaceutical Co., Ltd",UNDECYLENIC ACID,25 g/100mL,LIQUID,TOPICAL,UNKNOWN,CAT015,Others
MED015633,85384-0014,"Tolnaftate,Clotrimazole",Tagrid Antifungal Kit,Tagrid Llc,UNKNOWN,UNKNOWN,KIT,TOPICAL,UNKNOWN,CAT015,Others
MED015642,85398-019,Tolnaftate 1%,Hermon Antifungal Soap.,Beautivity Llc,TOLNAFTATE,10 mg/g,SOAP,TOPICAL,UNKNOWN,CAT015,Others
MED015649,85424-020,Salicylic Acid 3%,Roycederm Seborrheic Dermatitis And Psoriasis Shampoo.,Roycederm Llc,SALICYLIC ACID,7.5 g/250g,SHAMPOO,TOPICAL,UNKNOWN,CAT015,Others
MED015655,85446-045,"Avobenzone, Ethylhexyl Salicylate, Homosalate, Octocrylene",Solmed Sunscreen Face Shield,Feelfree Llc,AVOBENZONE,1.5 g/50g,CREAM,TOPICAL,UNKNOWN,CAT015,Others
MED015658,85463-205,Zinc Oxide,Body Protect,Noble Center For Healthy Aging Llc,ZINC OXIDE,200 mg/g,CREAM,TOPICAL,UNKNOWN,CAT015,Others
MED015740,85730-219,"Titanium Dioxide, Zinc Oxide",Sunshade Mineral Stick Sunscreen,Bellagena Skincare Studio & Spa,TITANIUM DIOXIDE,40 mg/g,STICK,TOPICAL,UNKNOWN,CAT015,Others
MED015763,85766-155,Onabotulinumtoxina,Botox,Sportpharm Llc,BOTULINUM TOXIN TYPE A,100 [USP'U]/1,"INJECTION, POWDER, LYOPHILIZED, FOR SOLUTION",INTRADERMAL,Acetylcholine Release Inhibitor [EPC],CAT005,Neurology
MED015767,85766-199,Ondansetron,Ondansetron,Sportpharm Llc,ONDANSETRON HYDROCHLORIDE,2 mg/mL,"INJECTION, SOLUTION",INTRAMUSCULAR,Serotonin 3 Receptor Antagonists [MoA],CAT005,Neurology
MED015788,0832-1250,Ramelteon,Ramelteon,"Upsher-Smith Laboratories, Llc",RAMELTEON,8 mg/1,"TABLET, FILM COATED",ORAL,Melatonin Receptor Agonist [EPC],CAT005,Neurology
MED015796,85816-3016,"Calc Phos, Ferr Phos, Kali Phos, Mag Phos, Nat Mur.",Bm Bio16,Bm Private Limited,FERROSOFERRIC PHOSPHATE,3 [hp_X]/g,GLOBULE,ORAL,Calculi Dissolution Agent [EPC],CAT007,Gastrointestinal
MED015829,85957-036,Acyclovir,Acyclovir,Aryeh Pharma Corp,ACYCLOVIR,50 mg/g,OINTMENT,TOPICAL,DNA Polymerase Inhibitors [MoA],CAT012,Ophthalmology
MED015863,87068-181,Delay Serum,A And E Marathon Delay Serum,Phe Inc,BENZOCAINE,7.5 mg/100mL,CREAM,TOPICAL,Allergens [CS],CAT006,Respiratory
MED015865,87078-972,"Acetaminophen, Dextromethorphan Hbr, Guaifenesin, Phenylephrine Hci",Onessip Adult Daytime Severe Cold And Flu,Medwise Lifesciences Inc.,ACETAMINOPHEN,650 mg/15mL,SOLUTION,ORAL,Adrenergic alpha1-Agonists [MoA],CAT003,Diabetes
MED015868,87094-112,Spf 30 Suncare Malon Daze,By The Beach Suncare,By The Beach Suncare Llc,OCTOCRYLENE,10 mg/100mL,CREAM,TOPICAL,UNKNOWN,CAT015,Others
MED015880,87204-170,Salicylic Acid 25%,Aiilo Wart Remover,"Guangzhou Huixue Biotechnology Co., Ltd.",SALICYLIC ACID,7.5 mg/30mL,LIQUID,TOPICAL,UNKNOWN,CAT015,Others
MED015885,87236-008,"Menthol, Zinc Oxide, White Petrolatum",Zinc Oxide With Menthol And White Petrolatum,Aldermed Inc.,MENTHOL,.44 g/100g,OINTMENT,TOPICAL,UNKNOWN,CAT015,Others
MED015946,87509-0002,Cetirizine Hcl,Indoor And Outdoor Allergy Relief,Famora Inc.,CETIRIZINE HYDROCHLORIDE,25 mg/1,"TABLET, COATED",ORAL,Histamine H1 Receptor Antagonists [MoA],CAT006,Respiratory
MED016183,0904-7046,Hydroxychloroquine Sulfate,Hydroxychloroquine Sulfate,Major Pharmaceuticals,HYDROXYCHLOROQUINE SULFATE,200 mg/1,"TABLET, FILM COATED",ORAL,Antimalarial [EPC],CAT001,Antibiotics
MED016638,0941-0429,"Sodium Chloride, Sodium Lactate, Calcium Chloride, Magnesium Chloride And Dextrose",Dianeal Pd-2 With Dextrose,Vantive Us Healthcare Llc,CALCIUM CHLORIDE,25.7 mg/100mL,"INJECTION, SOLUTION",INTRAPERITONEAL,Blood Coagulation Factor [EPC],CAT003,Diabetes
MED016794,0990-4178,"Isoleucine, Leucine, Lysine Acetate, Methionine, Phenylalanine, Threonine, Tryptophan, Valine, Alanine, Arginine, Aspartic Acid, Glutamic Acid, Glycine, Histidine, Proline, Serine, Taurine, And Tyrosine",Aminosyn-Pf,Icu Medical Inc.,ALANINE,490 mg/100mL,"INJECTION, SOLUTION",INTRAVENOUS,Amino Acid [EPC],CAT013,Vaccines & Biologics
MED016859,0998-0355,Tropicamide,Mydriacyl,"Alcon Laboratories, Inc.",TROPICAMIDE,10 mg/mL,SOLUTION/ DROPS,OPHTHALMIC,Anticholinergic [EPC],CAT005,Neurology
MED017097,10135-735,Pyrazinamide Tablet,Pyrazinamide,"Marlex Pharmaceuticals, Inc",PYRAZINAMIDE,500 mg/1,TABLET,ORAL,Antimycobacterial [EPC],CAT001,Antibiotics
MED017797,10742-7007,Dimethicone,Softlips Tropical Coconut,The Mentholatum Company,DIMETHICONE,20 mg/g,STICK,TOPICAL,Skin Barrier Activity [PE],CAT008,Dermatology
MED018429,11673-780,Alcohol,Coconut Macaroon Hand Sanitizer,Target Corporation,ALCOHOL,.62 mL/mL,GEL,TOPICAL,UNKNOWN,CAT015,Others
MED018436,11673-877,"Acetaminophen, Dextromethorphan Hydrobromide, Phenylephrine Hydrochloride, Diphenhydramine Hydrochloride",Up And Up Daytime Multi Symptom Severe Cold Nighttime Severe Cold And Cough,Target Corporation,UNKNOWN,UNKNOWN,KIT,UNKNOWN,UNKNOWN,CAT015,Others
MED018469,11822-0662,Chlorpheniramine Maleate,Allergy Relief,Rite Aid Corporation,CHLORPHENIRAMINE MALEATE,4 mg/1,TABLET,ORAL,Histamine H1 Receptor Antagonists [MoA],CAT006,Respiratory
MED018474,11822-0894,Ibuprofen,Ibuprofen,Rite Aid Corporation,IBUPROFEN,200 mg/1,"CAPSULE, LIQUID FILLED",ORAL,Anti-Inflammatory Agents,CAT004,Pain Management
MED018510,12496-0090,Risperidone,Perseris,Indivior Inc.,UNKNOWN,UNKNOWN,KIT,SUBCUTANEOUS,UNKNOWN,CAT015,Others
MED018550,13668-565,Tadalafil,Tadalafil,Torrent Pharmaceuticals Limited,TADALAFIL,2.5 mg/1,TABLET,ORAL,Phosphodiesterase 5 Inhibitor [EPC],CAT003,Diabetes
MED018559,13709-351,Itch Relief Gel,Itch Relief,Neilmed Pharmaceuticals Inc.,DIPHENHYDRAMINE HYDROCHLORIDE,20 mg/mL,GEL,TOPICAL,Histamine H1 Receptor Antagonists [MoA],CAT006,Respiratory
MED018561,13733-141,"Zinc Oxide, Titanium Dioxide, Octinoxate",Missha M Perfect Cover Bb No 13,"Able C&C Co., Ltd.",OCTINOXATE,.075 g/g,CREAM,TOPICAL,Copper Absorption Inhibitor [EPC],CAT007,Gastrointestinal
MED018576,14141-328,"Octinoxate, Zinc Oxide",Lbel Concentre Base Serum Antiedad Efecto Lifting Fps 15 Anti Aging Lifting Serum Foundation Spf 15 Beige 220-C,Bel Star Sa,OCTINOXATE,60 mg/mL,EMULSION,TOPICAL,UNKNOWN,CAT015,Others
MED018601,0088-2220,Insulin Glargine,Lantus,Sanofi-Aventis U.S. Llc,INSULIN GLARGINE,100 [iU]/mL,"INJECTION, SOLUTION",SUBCUTANEOUS,Insulin Analog [EPC],CAT002,Cardiovascular
MED018604,14789-011,Isoproterenol Hydrochloride,Isoproterenol Hydrochloride,Nexus Pharmaceuticals Llc,ISOPROTERENOL HYDROCHLORIDE,.2 mg/mL,"INJECTION, SOLUTION",INTRAMUSCULAR,Adrenergic beta-Agonists [MoA],CAT003,Diabetes
MED018657,16714-052,Clopidogrel,Clopidogrel,Northstar Rxllc,CLOPIDOGREL BISULFATE,75 mg/1,TABLET,ORAL,Cytochrome P450 2C8 Inhibitors [MoA],CAT014,Vitamins & Supplements
MED018660,16714-098,Tacrolimus,Tacrolimus,Northstar Rx Llc,TACROLIMUS,.5 mg/1,CAPSULE,ORAL,Calcineurin Inhibitor Immunosuppressant [EPC],CAT010,Allergy
MED018670,16714-213,Raloxifene Hydrochloride,Raloxifene Hydrochloride,Northstar Rx Llc,RALOXIFENE HYDROCHLORIDE,60 mg/1,"TABLET, FILM COATED",ORAL,Estrogen Agonist/Antagonist [EPC],CAT009,Oncology
MED018692,16714-731,Celecoxib,Celecoxib,Northstar Rxllc,CELECOXIB,50 mg/1,CAPSULE,ORAL,Anti-Inflammatory Agents,CAT004,Pain Management
MED018696,0093-2279,Amoxicillin And Clavulanate Potassium,Amoxicillin And Clavulanate Potassium,"Teva Pharmaceuticals Usa, Inc.",AMOXICILLIN,400 mg/5mL,"POWDER, FOR SUSPENSION",ORAL,Penicillin-class Antibacterial [EPC],CAT001,Antibiotics
MED018710,0093-3122,Norethindrone Acetate And Ethinyl Estradiol,Jinteli,"Teva Pharmaceuticals Usa, Inc.",ETHINYL ESTRADIOL,5 ug/1,TABLET,ORAL,Estrogen Receptor Agonists [MoA],CAT009,Oncology
MED018723,16729-694,Lenalidomide,Lenalidomide,Accord Healthcare Inc.,LENALIDOMIDE,10 mg/1,CAPSULE,ORAL,Thalidomide Analog [EPC],CAT012,Ophthalmology
MED018739,17271-721,Dextrose Monohydrate,Dextrose,Becton Dickinson And Company,DEXTROSE MONOHYDRATE,100 mg/mL,"INJECTION, SOLUTION",INTRAVENOUS,UNKNOWN,CAT015,Others
MED018743,17575-104,Carbon Dioxide,Carbon Dioxide,Agl Inhalation Therapy Co.,CARBON DIOXIDE,990 mL/L,GAS,RESPIRATORY (INHALATION),Radiographic Contrast Agent [EPC],CAT014,Vitamins & Supplements
MED018754,17856-0083,Acyclovir,Acyclovir,Atlantic Biologicals Corp.,ACYCLOVIR,200 mg/5mL,SUSPENSION,ORAL,DNA Polymerase Inhibitors [MoA],CAT012,Ophthalmology
MED018794,21130-727,"Avobenzone, Homosalate, Octisalate, Octocrylene",Signature Care Sport Spf 30 Sunscreen,"Safeway, Inc.",AVOBENZONE,30 mg/g,SPRAY,TOPICAL,UNKNOWN,CAT015,Others
MED018796,21130-738,"Dextromethorphan Hbr, Guaifenesin, And Phenylephrine Hcl",Maximum Strength Severe Congestion And Cough,Safeway,DEXTROMETHORPHAN HYDROBROMIDE,20 mg/20mL,LIQUID,ORAL,Adrenergic alpha1-Agonists [MoA],CAT003,Diabetes
MED018843,0093-5907,Mesalamine,Mesalamine,"Teva Pharmaceuticals Usa, Inc.",MESALAMINE,400 mg/1,"CAPSULE, DELAYED RELEASE",ORAL,Aminosalicylate [EPC],CAT007,Gastrointestinal
MED018936,0093-8117,Famciclovir,Famciclovir,"Teva Pharmaceuticals Usa, Inc.",FAMCICLOVIR,125 mg/1,"TABLET, FILM COATED",ORAL,DNA Polymerase Inhibitors [MoA],CAT012,Ophthalmology
MED018978,23155-833,Hydralazine Hydrochloride,Hydralazine Hydrochloride,Heritage Pharmaceuticals Inc. D/B/A Avet Pharmaceuticals Inc.,HYDRALAZINE HYDROCHLORIDE,25 mg/1,TABLET,ORAL,Arteriolar Vasodilation [PE],CAT003,Diabetes
MED019022,24385-479,Diphenhydramine Hydrochloride,Good Neighbor Pharmacy Allergy,Amerisource Bergen,DIPHENHYDRAMINE HYDROCHLORIDE,25 mg/1,TABLET,ORAL,Histamine H1 Receptor Antagonists [MoA],CAT006,Respiratory
MED019034,24658-707,Azithromycin,Azithromycin,Puracap Laboratories Llc Dba Blu Pharmaceuticals,AZITHROMYCIN MONOHYDRATE,200 mg/5mL,"POWDER, FOR SUSPENSION",ORAL,Macrolide Antimicrobial [EPC],CAT001,Antibiotics
MED019139,29978-587,"Dextromethorphan Hydrobromide, Guaifenesin And Phenylephrine Hydrochloride",Aquanaz,"Capital Pharmaceutical, Llc",DEXTROMETHORPHAN HYDROBROMIDE,15 mg/1,TABLET,ORAL,Adrenergic alpha1-Agonists [MoA],CAT003,Diabetes
MED019171,30142-881,"Zinc Oxide, Titanium Dioxide",Mineral Based Spf 50 Sunscreen,The Kroger Company,TITANIUM DIOXIDE,70 mg/g,STICK,TOPICAL,UNKNOWN,CAT015,Others
MED019190,31722-065,Fluvoxamine Maleate,Fluvoxamine Maleate,"Camber Pharmaceuticals, Inc.",FLUVOXAMINE MALEATE,150 mg/1,"CAPSULE, EXTENDED RELEASE",ORAL,Serotonin Reuptake Inhibitor [EPC],CAT005,Neurology
MED019195,31722-095,Spironolactone,Spironolactone,"Camber Pharmaceuticals, Inc.",SPIRONOLACTONE,50 mg/1,"TABLET, FILM COATED",ORAL,Aldosterone Antagonist [EPC],CAT003,Diabetes
MED019285,33342-320,Fluocinonide,Fluocinonide,Macleods Pharmaceuticals Limited,FLUOCINONIDE,.5 mg/mL,SOLUTION,TOPICAL,Corticosteroid Hormone Receptor Agonists [MoA],CAT004,Pain Management
MED019287,33342-402,Levothyroxine Sodium,Levothyroxine Sodium,Macleods Pharmaceuticals Limited,LEVOTHYROXINE SODIUM,175 ug/1,TABLET,ORAL,Thyroxine [CS],CAT009,Oncology
MED019322,35000-809,Sodium Fluoride,Colgate Optic White Stain Fighter With Baking Soda,Colgate-Palmolive Company,SODIUM FLUORIDE,1.1 mg/g,"PASTE, DENTIFRICE",DENTAL,UNKNOWN,CAT015,Others
MED019323,35000-893,Sodium Monofluorophosphate,Colgate Optic White Stain Prevention,Colgate-Palmolive Company,SODIUM MONOFLUOROPHOSPHATE,1 mg/g,"PASTE, DENTIFRICE",DENTAL,UNKNOWN,CAT015,Others
MED019333,35916-0470,Diphenhydramine Hydrochloride,Diphenhydramine Hydrochloride,Softgel Healthcare Pvt Ltd,DIPHENHYDRAMINE HYDROCHLORIDE,50 mg/1,"CAPSULE, LIQUID FILLED",ORAL,Histamine H1 Receptor Antagonists [MoA],CAT006,Respiratory
MED019344,36800-119,Simethicone,Infants Gas Relief,"Topco Associates, Llc",DIMETHICONE,20 mg/.3mL,SOLUTION/ DROPS,ORAL,Skin Barrier Activity [PE],CAT008,Dermatology
MED019345,0006-0568,Vorinostat,Zolinza,Merck Sharp & Dohme Llc,VORINOSTAT,100 mg/1,CAPSULE,ORAL,Histone Deacetylase Inhibitor [EPC],CAT012,Ophthalmology
MED019349,36800-219,"Dextromethorphan Hydrobromide, Guaifenesin",Topcare Mucus Dm,Topco Associates Llc,DEXTROMETHORPHAN HYDROBROMIDE,30 mg/1,"TABLET, EXTENDED RELEASE",ORAL,Decreased Respiratory Secretion Viscosity [PE],CAT006,Respiratory
MED019353,36800-275,Isopropyl Alcohol,Isopropyl Alcohol 70 Percent,Top Care (Topco Associates Llc),ISOPROPYL ALCOHOL,70 mL/100mL,LIQUID,TOPICAL,UNKNOWN,CAT015,Others
MED019364,36800-431,Diphenhydramine Hydrochloride,Topcare Sleep Aid Nighttime,Topco Associates Llc,DIPHENHYDRAMINE HYDROCHLORIDE,25 mg/1,"TABLET, FILM COATED",ORAL,Histamine H1 Receptor Antagonists [MoA],CAT006,Respiratory
MED019426,37662-0246,Chlorinum,Chlorinum,"Hahnemann Laboratories, Inc.",CHLORINE,100 [hp_C]/1,PELLET,ORAL,UNKNOWN,CAT015,Others
MED019440,37662-0359,Clematis Erecta,Clematis Erecta,"Hahnemann Laboratories, Inc.",CLEMATIS RECTA FLOWERING TOP,1 [hp_Q]/1,PELLET,ORAL,UNKNOWN,CAT015,Others
MED019445,0121-1008,Acetaminophen And Codeine Phosphate,Acetaminophen And Codeine Phosphate,"Pai Holdings, Llc Dba Pai Pharma",ACETAMINOPHEN,300 mg/12.5mL,SOLUTION,ORAL,Full Opioid Agonists [MoA],CAT004,Pain Management
MED019456,37662-0494,Coccus Cacti,Coccus Cacti,"Hahnemann Laboratories, Inc.",PROTORTONIA CACTI,500 [hp_C]/1,PELLET,ORAL,UNKNOWN,CAT015,Others
MED019463,37662-0577,Cryptomeria Japonica,Cryptomeria Japonica,"Hahnemann Laboratories, Inc.",CRYPTOMERIA JAPONICA WHOLE,1 [hp_Q]/1,PELLET,ORAL,UNKNOWN,CAT015,Others
MED019472,37662-0665,Echinacea Angustifolia,Echinacea Angustifolia,"Hahnemann Laboratories, Inc.",ECHINACEA ANGUSTIFOLIA WHOLE,6 [hp_C]/1,PELLET,ORAL,UNKNOWN,CAT015,Others
MED019488,37662-0813,Indium Metallicum,Indium Metallicum,"Hahnemann Laboratories, Inc.",INDIUM,500 [hp_C]/1,PELLET,ORAL,UNKNOWN,CAT015,Others
MED019517,37662-1095,Europium Metallicum,Europium Metallicum,"Hahnemann Laboratories, Inc.",EUROPIUM,100 [hp_C]/1,PELLET,ORAL,UNKNOWN,CAT015,Others
MED019544,37662-1318,Vinca Minor,Vinca Minor,"Hahnemann Laboratories, Inc.",VINCA MINOR,12 [hp_C]/1,PELLET,ORAL,UNKNOWN,CAT015,Others
MED019570,37662-1614,Urtica Urens,Urtica Urens,"Hahnemann Laboratories, Inc.",URTICA URENS,6 [hp_C]/1,PELLET,ORAL,UNKNOWN,CAT015,Others
MED019594,37662-1915,Niccolum Metallicum,Niccolum Metallicum,"Hahnemann Laboratories, Inc.",NICKEL,200 [hp_C]/1,PELLET,ORAL,Allergens [CS],CAT006,Respiratory
MED019603,37662-1980,Nux Vomica,Nux Vomica,"Hahnemann Laboratories, Inc.",STRYCHNOS NUX-VOMICA SEED,100 [hp_C]/1,PELLET,ORAL,Allergens [CS],CAT006,Respiratory
MED019619,37662-2166,Stramonium,Stramonium,"Hahnemann Laboratories, Inc.",DATURA STRAMONIUM,12 [hp_C]/1,PELLET,ORAL,UNKNOWN,CAT015,Others
MED019632,37662-2295,Strontium Carbonicum,Strontium Carbonicum,"Hahnemann Laboratories, Inc.",STRONTIUM CARBONATE,10 [hp_M]/1,PELLET,ORAL,UNKNOWN,CAT015,Others
MED019648,37662-2429,Rhus Toxicodendron,Rhus Toxicodendron,"Hahnemann Laboratories, Inc.",TOXICODENDRON PUBESCENS LEAF,1 [hp_Q]/1,PELLET,ORAL,UNKNOWN,CAT015,Others
MED019681,37662-2630,Gallium Metallicum,Gallium Metallicum,"Hahnemann Laboratories, Inc.",GALLIUM,12 [hp_C]/1,PELLET,ORAL,UNKNOWN,CAT015,Others
MED019685,37662-2657,Magnesia Iodata,Magnesia Iodata,"Hahnemann Laboratories, Inc.",MAGNESIUM IODIDE,200 [hp_C]/1,PELLET,ORAL,UNKNOWN,CAT015,Others
MED019714,37662-2941,Hamamelis Virginica,Hamamelis Virginica,"Hahnemann Laboratories, Inc.",HAMAMELIS VIRGINIANA ROOT BARK/STEM BARK,1 [hp_Q]/1,PELLET,ORAL,UNKNOWN,CAT015,Others
MED019719,37662-2981,Titanium Sulphuratum,Titanium Sulphuratum,"Hahnemann Laboratories, Inc.",TITANIUM DISULFATE,1 [hp_Q]/1,PELLET,ORAL,UNKNOWN,CAT015,Others
MED019722,0135-0630,Calcium Carbonate,Tums Chewy Bites,Haleon Us Holdings Llc,CALCIUM CARBONATE,750 mg/1,"TABLET, CHEWABLE",ORAL,Blood Coagulation Factor [EPC],CAT003,Diabetes
MED019765,0135-7011,Acetaminophen,Panadol Extra Strength,Haleon Us Holdings Llc,ACETAMINOPHEN,500 mg/1,"TABLET, FILM COATED",ORAL,UNKNOWN,CAT015,Others
MED019772,37662-3642,Terbium Metallicum,Terbium Metallicum,"Hahnemann Laboratories, Inc.",TERBIUM,30 [hp_C]/1,PELLET,ORAL,UNKNOWN,CAT015,Others
MED019780,37662-3723,Strontium Oxydatum,Strontium Oxydatum,"Hahnemann Laboratories, Inc.",STRONTIUM OXIDE,100 [hp_C]/1,PELLET,ORAL,UNKNOWN,CAT015,Others
MED019889,41163-053,"Acetaminophen, Dextromethorphan Hbr, Guaifenesin, Phenylephrine Hcl",Severe Cold,"United Natural Foods, Inc. Dba Unfi",ACETAMINOPHEN,325 mg/1,"TABLET, FILM COATED",ORAL,Adrenergic alpha1-Agonists [MoA],CAT003,Diabetes
MED019891,41163-081,Miconazole Nitrate,Equaline Miconazole 3,"United Natural Foods, Inc. Dba Unfi",UNKNOWN,UNKNOWN,KIT,UNKNOWN,UNKNOWN,CAT015,Others
MED019907,41163-613,Diphenhydramine Hydrochloride,Allergy Relief,"United Natural Foods, Inc. Dba Unfi",DIPHENHYDRAMINE HYDROCHLORIDE,25 mg/1,CAPSULE,ORAL,Histamine H1 Receptor Antagonists [MoA],CAT006,Respiratory
MED019917,41163-947,Salicylic Acid 2%,Oil Free Acne Wash,"United Natural Foods, Inc. Dba Unfi",SALICYLIC ACID,20.6 mg/mL,LOTION,TOPICAL,UNKNOWN,CAT015,Others
MED019940,41226-061,Acetaminophen,Kroger Children Pain Plus Fever Chewables,Kroger Company,ACETAMINOPHEN,160 mg/1,"TABLET, CHEWABLE",ORAL,UNKNOWN,CAT015,Others
MED019944,41226-694,"Dextromethorphan Hydrobromide, Acetaminophen, Doxylamine Succinate",Nighttime Cold And Flu,Kroger Company,ACETAMINOPHEN,325 mg/1,"CAPSULE, LIQUID FILLED",ORAL,Antihistamine [EPC],CAT006,Respiratory
MED020013,41520-996,Diphenhydramine Hydrochloride,Allergy Relief,"Foodhold U.S.A., Llc",DIPHENHYDRAMINE HYDROCHLORIDE,25 mg/1,"CAPSULE, LIQUID FILLED",ORAL,Histamine H1 Receptor Antagonists [MoA],CAT006,Respiratory
MED020018,0143-9507,Etomidate,Etomidate,Hikma Pharmaceuticals Usa Inc.,ETOMIDATE,2 mg/mL,INJECTION,INTRAVENOUS,General Anesthesia [PE],CAT005,Neurology
MED020032,42291-031,Dutasteride And Tamsulosin Hydrochloride Capsules,Dutasteride And Tamsulosin Hydrochloride,Avkare,DUTASTERIDE,.5 mg/1,CAPSULE,ORAL,5-alpha Reductase Inhibitor [EPC],CAT009,Oncology
MED020044,42291-416,Famciclovir,Famciclovir,Avkare,FAMCICLOVIR,500 mg/1,"TABLET, FILM COATED",ORAL,DNA Polymerase Inhibitors [MoA],CAT012,Ophthalmology
MED020109,42571-337,Diphenhydramine Hydrochloride,Diphenhydramine,Micro Labs Limited,DIPHENHYDRAMINE HYDROCHLORIDE,50 mg/mL,"INJECTION, SOLUTION",INTRAMUSCULAR,Histamine H1 Receptor Antagonists [MoA],CAT006,Respiratory
MED020134,0143-9723,Clonidine Hydrochloride,Clonidine Hydrochloride,Hikma Pharmaceuticals Usa Inc.,CLONIDINE HYDROCHLORIDE,500 ug/mL,"INJECTION, SOLUTION",INTRAVENOUS,Adrenergic alpha2-Agonists [MoA],CAT003,Diabetes
MED020168,42806-113,Hydrocodone Bitartrate And Acetaminophen,Hydrocodone Bitartrate And Acetaminophen,"Epic Pharma, Llc",ACETAMINOPHEN,325 mg/1,TABLET,ORAL,Opioid Agonist [EPC],CAT004,Pain Management
MED020247,43319-071,Zinc Oxide,Goongbe Baby Easy Wash Sunlotion Spf 30,Zero To Seven Inc.,ZINC OXIDE,20.026 g/100g,LOTION,TOPICAL,UNKNOWN,CAT015,Others
MED020279,43406-0674,"Allium Cepa, Calc Carb, Ferrum Phos, Hepar Sulph Calc, Lycopodium, Merc Solub, Pulsatilla, Silicea, Sulphur",Runny Nose Cp,"Natural Creations, Inc",CALCIUM SULFIDE,30 [hp_X]/mL,LIQUID,ORAL,Allergens [CS],CAT006,Respiratory
MED020341,43598-061,Ziprasidone Mesylate,Ziprasidone Mesylate,"Dr.Reddy'S Laboratories, Inc.",ZIPRASIDONE MESYLATE,20 mg/mL,"INJECTION, POWDER, LYOPHILIZED, FOR SOLUTION",INTRAMUSCULAR,Atypical Antipsychotic [EPC],CAT005,Neurology
MED020344,43598-103,Atorvastatin Calcium,Atorvastatin Calcium,Dr. Reddy'S Laboratories Inc,ATORVASTATIN CALCIUM TRIHYDRATE,80 mg/1,TABLET,ORAL,HMG-CoA Reductase Inhibitor [EPC],CAT003,Diabetes
MED020366,43598-553,Lamotrigine,Lamotrigine,Dr. Reddys Laboratories Inc.,LAMOTRIGINE,200 mg/1,"TABLET, ORALLY DISINTEGRATING",ORAL,Anti-epileptic Agent [EPC],CAT005,Neurology
MED020384,43598-939,Topiramate,Topiramate,Dr. Reddys Laboratories Inc.,TOPIRAMATE,25 mg/1,"CAPSULE, EXTENDED RELEASE",ORAL,Cytochrome P450 2C19 Inhibitors [MoA],CAT014,Vitamins & Supplements
MED020490,44517-020,Nitrous Oxide,Nitrous Oxide,Corrigan Propane Llc Dba Blue Water Industrial Products,NITROUS OXIDE,99 L/100L,GAS,RESPIRATORY (INHALATION),UNKNOWN,CAT015,Others
MED020507,44717-089,"Homosalate, Octisalate, Zinc Oxide",Perfecting Blendrops Broad Spectrum Spf 46,"Wasatch Product Development, Llc",HOMOSALATE,6 g/100g,SOLUTION/ DROPS,TOPICAL,UNKNOWN,CAT015,Others
MED020521,44911-0299,"Aurum Metallicum, Baryta Carbonica, Calcarea Carbonica, Lachesis Mutus, Lycopodium Clavatum, Natrum Muriaticum, Nux Vomica, Phosphorus",Mentox Hp,"Energique, Inc.",BARIUM CARBONATE,30 [hp_X]/mL,LIQUID,ORAL,Allergens [CS],CAT006,Respiratory
MED020527,44911-0473,"Aralia Quinquefolia, Ginkgo Biloba, Hydrocotyle Asiatica, Cerebrum Suis, Hypophysis Suis, Hypothalamus Suis, Phosphorus, Silicea",Hypothalmupar,"Energique, Inc.",AMERICAN GINSENG,3 [hp_X]/mL,LIQUID,ORAL,UNKNOWN,CAT015,Others
MED020536,44911-0601,"Coxsackie Nosode A3, A4, A5, A7, B1, B3, B5",Hfm Cord,"Energique, Inc.",HUMAN COXSACKIEVIRUS A,6 [hp_C]/mL,LIQUID,ORAL,UNKNOWN,CAT015,Others
MED020564,45802-269,Permethrin,Permethrin,Padagis Israel Pharmaceuticals Ltd,PERMETHRIN,50 mg/g,CREAM,TOPICAL,Pyrethrins [CS],CAT001,Antibiotics
MED020576,45963-345,Desipramine Hydrochloride,Desipramine Hydrochloride,"Actavis Pharma, Inc.",DESIPRAMINE HYDROCHLORIDE,100 mg/1,"TABLET, FILM COATED",ORAL,Tricyclic Antidepressant [EPC],CAT005,Neurology
MED020580,46122-203,Cetirizine Hcl,Good Neighbor Pharmacy Childrens All Day Allergy,Amerisource Bergen,CETIRIZINE HYDROCHLORIDE,5 mg/5mL,SOLUTION,ORAL,Histamine H1 Receptor Antagonists [MoA],CAT006,Respiratory
MED020588,46122-628,Phenazopyridine Hydrochloride,Good Neighbor Maximum Strength Urinary Pain Relief,Amerisourcebergen Drug Corp,PHENAZOPYRIDINE HYDROCHLORIDE,99.5 mg/1,TABLET,ORAL,UNKNOWN,CAT015,Others
MED020651,46708-677,Chlorthalidone,Chlorthalidone Chlorthalidone,Alembic Pharmaceuticals Limited,CHLORTHALIDONE,50 mg/1,TABLET,ORAL,Increased Diuresis [PE],CAT003,Diabetes
MED020657,46708-742,Acitretin,Acitretin,Alembic Pharmaceuticals Limited,ACITRETIN,17.5 mg/1,CAPSULE,ORAL,Retinoid [EPC],CAT008,Dermatology
MED020670,47219-210,Naja Naja Venom,Nyloxin,Nutra Pharma Corporation,NAJA NAJA VENOM,3 [hp_X]/mL,"SPRAY, METERED",ORAL,UNKNOWN,CAT015,Others
MED020673,47335-219,Ketorolac Tromethamine,Ketorolac Tromethamine,"Sun Pharmaceutical Industries, Inc.",KETOROLAC TROMETHAMINE,5 mg/mL,SOLUTION/ DROPS,OPHTHALMIC,Anti-Inflammatory Agents,CAT004,Pain Management
MED020699,47593-675,Chloroxylenol,Lagarde,Ecolab Inc.,CHLOROXYLENOL,.5 mg/100mL,SOLUTION,TOPICAL,UNKNOWN,CAT015,Others
MED020758,48951-1128,Arnica E Pl. Tota 3,Arnica E Pl. Tota 3,Uriel Pharmacy Inc.,ARNICA MONTANA,3 [hp_X]/1,PELLET,ORAL,UNKNOWN,CAT015,Others
MED020804,49035-192,"Acetaminophen, Dextromethorphan Hbr, Doxylamine Succinate, Phenylephrine Hcl",Daytime Nighttime Cold Flu Relief,"Equate (Wal-Mart Stores, Inc.) (See Also Wal-Mart Inc)",UNKNOWN,UNKNOWN,KIT,UNKNOWN,UNKNOWN,CAT015,Others
MED020832,49035-921,Esomeprazole,Equate Esomeprazole Magnesium,Wal-Mart Stores Inc,ESOMEPRAZOLE,20 mg/1,"CAPSULE, DELAYED RELEASE",ORAL,Cytochrome P450 2C19 Inhibitors [MoA],CAT014,Vitamins & Supplements
MED020844,49252-065,Olmesartan Medoxomil,Olmesartan Medoxomil,Inventia Healthcare Limited,OLMESARTAN MEDOXOMIL,5 mg/1,"TABLET, COATED",ORAL,Angiotensin 2 Receptor Antagonists [MoA],CAT003,Diabetes
MED020893,49575-002,Nitrogen,Nitrogen,Machine & Welding Supply Company Dba Arc3 Gases South,NITROGEN,990 mL/L,GAS,RESPIRATORY (INHALATION),UNKNOWN,CAT015,Others
MED020934,49884-171,Colchicine,Colchicine,"Par Health Usa, Llc",COLCHICINE,.6 mg/1,"TABLET, FILM COATED",ORAL,Alkaloid [EPC],CAT012,Ophthalmology
MED021018,50090-2444,Ceftriaxone Sodium,Ceftriaxone Sodium,A-S Medication Solutions,CEFTRIAXONE SODIUM,250 mg/1,"INJECTION, POWDER, FOR SOLUTION",INTRAMUSCULAR,Cephalosporin Antibacterial [EPC],CAT001,Antibiotics
MED021026,50090-3204,Pravastatin Sodium,Pravastatin Sodium,A-S Medication Solutions,PRAVASTATIN SODIUM,80 mg/1,TABLET,ORAL,HMG-CoA Reductase Inhibitor [EPC],CAT003,Diabetes
MED021030,50090-3292,Valsartan And Hydrochlorothiazide,Valsartan And Hydrochlorothiazide,A-S Medication Solutions,HYDROCHLOROTHIAZIDE,12.5 mg/1,"TABLET, FILM COATED",ORAL,Angiotensin 2 Receptor Antagonists [MoA],CAT003,Diabetes
MED021088,0220-0951,Bufo Bufo Cutaneous Gland,Bufo Rana,Boiron,BUFO BUFO CUTANEOUS GLAND,9 [hp_C]/9[hp_C],PELLET,ORAL,UNKNOWN,CAT015,Others
MED021106,0220-0973,Calcium Fluoride,Calcarea Fluorica,Boiron,CALCIUM FLUORIDE,12 [hp_C]/12[hp_C],PELLET,ORAL,UNKNOWN,CAT015,Others
MED021117,50090-6177,Raloxifene Hydrochloride,Raloxifene Hydrochloride,A-S Medication Solutions,RALOXIFENE HYDROCHLORIDE,60 mg/1,"TABLET, COATED",ORAL,Estrogen Agonist/Antagonist [EPC],CAT009,Oncology
MED021118,50090-6226,Azithromycin,Azithromycin,A-S Medication Solutions,AZITHROMYCIN MONOHYDRATE,200 mg/5mL,"POWDER, FOR SUSPENSION",ORAL,Macrolide Antimicrobial [EPC],CAT001,Antibiotics
MED021163,50090-6869,Baclofen,Baclofen,A-S Medication Solutions,BACLOFEN,10 mg/1,TABLET,ORAL,GABA A Agonists [MoA],CAT005,Neurology
MED021172,50090-6965,Fexofenadine Hcl,Fexofenadine Hcl,A-S Medication Solutions,FEXOFENADINE HYDROCHLORIDE,180 mg/1,TABLET,ORAL,Histamine H1 Receptor Antagonists [MoA],CAT006,Respiratory
MED021223,50090-7677,Enalapril Maleate,Enalapril Maleate,A-S Medication Solutions,ENALAPRIL MALEATE,20 mg/1,TABLET,ORAL,Angiotensin Converting Enzyme Inhibitor [EPC],CAT003,Diabetes
MED021231,50090-7732,Dicyclomine Hydrochloride,Dicyclomine Hydrochloride,A-S Medication Solutions,DICYCLOMINE HYDROCHLORIDE,20 mg/1,TABLET,ORAL,Anticholinergic [EPC],CAT005,Neurology
MED021243,50090-7868,Metformin Hydrochloride,Metformin Hydrochloride,A-S Medication Solutions,METFORMIN HYDROCHLORIDE,1000 mg/1,"TABLET, FILM COATED",ORAL,Biguanide [EPC],CAT002,Cardiovascular
MED021256,50111-787,Azithromycin,Azithromycin,"Teva Pharmaceuticals Usa, Inc.",AZITHROMYCIN MONOHYDRATE,250 mg/1,"TABLET, FILM COATED",ORAL,Macrolide Antimicrobial [EPC],CAT001,Antibiotics
MED021259,50181-0084,"Phytolacca Decandra, Hypophysis (Suis), Scrophularia Nodosa, Hypothalamus (Suis), Calcarea Carbonica, Cimicifuga Racemosa, Lilium Tigrinum, Sulphur, Causticum, Graphites, Kali Phosphoricum",Mbm 13 Female,"The Wellness Center For Research And Education, Inc.",BLACK COHOSH,89 [hp_C]/mL,LIQUID,ORAL,UNKNOWN,CAT015,Others
MED021276,0220-1306,Quinine Sulfate,Chininum Sulphuricum,Boiron,QUININE SULFATE,9 [hp_C]/9[hp_C],PELLET,ORAL,Antimalarial [EPC],CAT001,Antibiotics
MED021277,50228-500,Diltiazem Hydrochloride,Diltiazem Hydrochloride,"Sciegen Pharmaceuticals, Inc.",DILTIAZEM HYDROCHLORIDE,420 mg/1,"TABLET, EXTENDED RELEASE",ORAL,Calcium Channel Antagonists [MoA],CAT003,Diabetes
MED021289,50242-122,Pirfenidone,Esbriet,"Genentech, Inc.",PIRFENIDONE,267 mg/1,"TABLET, COATED",ORAL,Pyridone [EPC],CAT014,Vitamins & Supplements
MED021310,50268-191,Cyclobenzaprine,Cyclobenzaprine Hydrochloride,Avpak,CYCLOBENZAPRINE HYDROCHLORIDE,10 mg/1,"TABLET, FILM COATED",ORAL,Centrally-mediated Muscle Relaxation [PE],CAT005,Neurology
MED021340,50268-797,Ursodiol,Ursodiol,Avpak,URSODIOL,300 mg/1,CAPSULE,ORAL,Bile Acid [EPC],CAT007,Gastrointestinal
MED021352,50390-211,Titanium Dioxide,Artistry Exact Fit Longwearing Foundation Shade Cappuccino L5W1,Amway Corp,TITANIUM DIOXIDE,40.25 mg/mL,CREAM,TOPICAL,UNKNOWN,CAT015,Others
MED021355,50390-240,"Octinoxate, Oxybenzone",Artistry Youth Xtend Lifting Smoothing Foundation Shade Golden L4N1,Amway Corp,OCTINOXATE,75 mg/mL,CREAM,TOPICAL,UNKNOWN,CAT015,Others
MED021384,50580-752,Cetirizine Hydrochloride,Zyrtec Allergy,Kenvue Brands Llc,UNKNOWN,UNKNOWN,KIT,UNKNOWN,UNKNOWN,CAT015,Others
MED021401,50742-665,"Phenobarbital, Hyoscyamine Sulfate, Atropine Sulfate, Scopolamine Hydrobromide","Phenobarbital, Hyoscyamine Sulfate, Atropine Sulfate, Scopolamine Hydrobromide","Ingenus Pharmaceuticals, Llc",ATROPINE SULFATE,.0194 mg/5mL,ELIXIR,ORAL,Anticholinergic [EPC],CAT005,Neurology
MED021439,50991-740,"Dextromethorphan Hydrobromide, Guaifenesin, Phenylephrine Hydrochloride",Deconex Dmx,"Poly Pharmaceuticals, Inc.",DEXTROMETHORPHAN HYDROBROMIDE,17.5 mg/1,TABLET,ORAL,Adrenergic alpha1-Agonists [MoA],CAT003,Diabetes
MED021451,51060-339,Titanium Dioxide,Double Duty Beauty Shape Tape Cloud Coverage Broad Spectrum Spf 15 Sunscreen 35N Medium Neutral,"Tarte, Inc.",TITANIUM DIOXIDE,99 mg/mL,LIQUID,TOPICAL,UNKNOWN,CAT015,Others
MED021466,51079-685,Atenolol,Atenolol,Mylan Institutional Inc.,ATENOLOL,100 mg/1,TABLET,ORAL,Adrenergic beta-Antagonists [MoA],CAT003,Diabetes
MED021480,51167-400,Ivacaftor,Kalydeco,Vertex Pharmaceuticals Incorporated,IVACAFTOR,75 mg/1,GRANULE,ORAL,Chloride Channel Activation Potentiators [MoA],CAT006,Respiratory
MED021536,51316-974,"Avobenzone, Homosalate, Octisalate, Octocrylene",Cvs 70 Daily Clear Sunscreen,Cvs Pharmacy,AVOBENZONE,30 mg/g,SPRAY,TOPICAL,UNKNOWN,CAT015,Others
MED021537,51316-981,Tolnaftate,Toe Area Treatment,Cvs,TOLNAFTATE,10 mg/mL,LIQUID,TOPICAL,UNKNOWN,CAT015,Others
MED021545,51393-5622,"Centella Asiatica, Iris Versicolor Root, Arctium Lappa Root, Sodium Chloride, Ruta Graveolens Flowering Top, Silicon Dioxide, Taraxacum Officinale, And Thuja Occidentalis Root",Eczema Control,Forces Of Nature,ARCTIUM LAPPA ROOT,12 [hp_C]/100mL,SOLUTION/ DROPS,TOPICAL,UNKNOWN,CAT015,Others
MED021609,51628-0033,Chloroxylenol,Xtra Antibacterial Hand Juicy Orange,"My Imports Usa, Llc",CHLOROXYLENOL,3 mg/mL,GEL,TOPICAL,UNKNOWN,CAT015,Others
MED021626,51655-087,Alfuzosin Hydrochloride,Alfuzosin Hydrochloride,"Northwind Health Company, Llc",ALFUZOSIN HYDROCHLORIDE,10 mg/1,"TABLET, FILM COATED, EXTENDED RELEASE",ORAL,Adrenergic alpha-Antagonists [MoA],CAT003,Diabetes
MED021627,51655-088,Hydrochlorothiazide,Hydrochlorothiazide,"Northwind Health Company, Llc",HYDROCHLOROTHIAZIDE,25 mg/1,TABLET,ORAL,Increased Diuresis [PE],CAT003,Diabetes
MED021667,51655-943,Carvedilol,Carvedilol,"Northwind Health Company, Llc",CARVEDILOL,6.25 mg/1,"TABLET, FILM COATED",ORAL,Adrenergic alpha-Antagonists [MoA],CAT003,Diabetes
MED021681,0220-2426,Calcium Sulfide,Hepar Sulphuris Calcareum,Boiron,CALCIUM SULFIDE,1 [hp_M]/[hp_M],PELLET,ORAL,UNKNOWN,CAT015,Others
MED021689,51662-1376,Hydralazine Hydrochloride,Hydralazine Hydrochloride,"Hf Acquisition Co Llc, Dba Healthfirst",HYDRALAZINE HYDROCHLORIDE,20 mg/mL,INJECTION,INTRAMUSCULAR,Arteriolar Vasodilation [PE],CAT003,Diabetes
MED021705,51662-1583,Aspirin,Aspirn,"Hf Acquisition Co Llc, Dba Healthfirst",ASPIRIN,325 mg/1,"TABLET, FILM COATED",ORAL,Anti-Inflammatory Agents,CAT004,Pain Management
MED021707,51662-1584,Dextrose Monohydrate,Dextrose Monohydrate,"Hf Acquisition Co Llc, Dba Healthfirst",DEXTROSE MONOHYDRATE,25 g/50mL,"INJECTION, SOLUTION",INTRAVENOUS,UNKNOWN,CAT015,Others
MED021732,51672-4001,Nortriptyline Hydrochloride,Nortriptyline Hydrochloride,"Taro Pharmaceuticals U.S.A., Inc.",NORTRIPTYLINE HYDROCHLORIDE,10 mg/1,CAPSULE,ORAL,Tricyclic Antidepressant [EPC],CAT005,Neurology
MED021754,51754-0204,Verapamil Hydrochloride,Verapamil Hydrochloride,"Exela Pharma Sciences, Llc",VERAPAMIL HYDROCHLORIDE,2.5 mg/mL,INJECTION,INTRAVENOUS,Calcium Channel Antagonists [MoA],CAT003,Diabetes
MED021769,51824-109,Naproxen Sodium,Careall Naproxen Sodium,"New World Imports, Inc.",NAPROXEN SODIUM,220 mg/1,TABLET,ORAL,Anti-Inflammatory Agents,CAT004,Pain Management
MED021773,51991-034,Milnacipran Hydrochloride,Milnacipran Hydrochloride,"Breckenridge Pharmaceutical, Inc.",MILNACIPRAN HYDROCHLORIDE,12.5 mg/1,TABLET,ORAL,Norepinephrine Uptake Inhibitors [MoA],CAT005,Neurology
MED021777,51991-359,Asenapine Maleate,Asenapine,"Breckenridge Pharmaceutical, Inc.",ASENAPINE MALEATE,5 mg/1,TABLET,SUBLINGUAL,Atypical Antipsychotic [EPC],CAT005,Neurology
MED021778,51991-360,Asenapine Maleate,Asenapine,"Breckenridge Pharmaceutical, Inc.",ASENAPINE MALEATE,10 mg/1,TABLET,SUBLINGUAL,Atypical Antipsychotic [EPC],CAT005,Neurology
MED021789,52000-112,Sodium Monofluorophosphate,Universal Advanced Whitening Anti-Cavity Fluoride,Universal Distribution Center Llc,SODIUM MONOFLUOROPHOSPHATE,.76 g/100g,PASTE,DENTAL,UNKNOWN,CAT015,Others
MED021857,53041-618,"Acteaminophen, Dextromethorphan Hbr, Guaifenesin, Phenylephrine Hcl","Tussnex Fm Cold, Flu And Sore Throat",Guardian Drug Company,ACETAMINOPHEN,650 mg/20mL,LIQUID,ORAL,Adrenergic alpha1-Agonists [MoA],CAT003,Diabetes
MED021862,53045-280,"Sodium Fluoride, Potassium Nitrate",Ionite H,"Dharma Research, Inc.",POTASSIUM NITRATE,5 mg/100g,"GEL, DENTIFRICE",DENTAL,UNKNOWN,CAT015,Others
MED021867,53145-319,Undecylenic Acid,Hongocura S,"Menper Distributors, Inc.",UNDECYLENIC ACID,20 mg/100mL,SPRAY,TOPICAL,UNKNOWN,CAT015,Others
MED021871,53185-381,Ibuprofen 200Mg,Ibuprofen 200Mg,"Athlete'S Needs, Inc.",IBUPROFEN,200 mg/1,"TABLET, COATED",ORAL,Anti-Inflammatory Agents,CAT004,Pain Management
MED021875,53208-411,"Avobenzone, Homosalate, Octinoxate, Octisalate, Octocrylene",Gangnam Glow Sunscreen 50,Lg Household & Health Care Ltd.,AVOBENZONE,27 mg/mL,CREAM,TOPICAL,UNKNOWN,CAT015,Others
MED021885,53329-800,Isopropyl Alcohol,Isopropyl Alcohol,"Medline Industries, Lp",ISOPROPYL ALCOHOL,70 mL/100mL,LIQUID,TOPICAL,UNKNOWN,CAT015,Others
MED021905,53499-2845,Cold Flu Relief Elderberry,Cold Flu Relief Elderberry,Schwabe North America,ACONITUM NAPELLUS,4 [hp_X]/120mL,SYRUP,ORAL,UNKNOWN,CAT015,Others
MED021918,53645-1441,Cinis Radix Comp 30X,Cinis Radix Comp 30X,"True Botanica, Llc",ACER RUBRUM WHOLE,30 [hp_X]/30mL,LIQUID,ORAL,UNKNOWN,CAT015,Others
MED021940,53746-191,Naproxen Sodium,Naproxen Sodium (Nsaid) Fever Reducer/ Pain Reliever,Amneal Pharmaceuticals Of New York Llc,NAPROXEN SODIUM,220 mg/1,TABLET,ORAL,Anti-Inflammatory Agents,CAT004,Pain Management
MED021957,53942-871,Hydrogen Peroxide,Hydrogen Peroxide,"Demoulas Super Markets, Inc",HYDROGEN PEROXIDE,30 mg/mL,SOLUTION,TOPICAL,UNKNOWN,CAT015,Others
MED021968,53943-239,"Acetaminophen, Chlorpheniramine Maleate, Dextromethorphan Hydrobromide, And Phenylephrine Hydrochloride",Cold Max Nighttime,Discount Drug Mart,ACETAMINOPHEN,325 mg/1,"TABLET, COATED",ORAL,Adrenergic alpha1-Agonists [MoA],CAT003,Diabetes
MED021982,53943-512,"Dextromethorphann Hbr, Guaifenesin",Childrens Cough Mucus Relief,Discount Drug Mart,DEXTROMETHORPHAN HYDROBROMIDE,5 mg/5mL,LIQUID,ORAL,Decreased Respiratory Secretion Viscosity [PE],CAT006,Respiratory
MED022028,54451-005,Nitrogen,Nitrogen,Baker'S Gas & Welding Supplies Inc.,NITROGEN,990 mL/L,GAS,RESPIRATORY (INHALATION),UNKNOWN,CAT015,Others
MED022029,54473-220,"Avobenzone 2.5%, Octinoxate 6%, Oxybenzone 3%",Sun Shades Lip Balm Mountain Mint,Melaleuca Inc.,AVOBENZONE,.1175 g/4.25g,STICK,TOPICAL,UNKNOWN,CAT015,Others
MED022033,54473-410,Colloidal Oatmeal,Renew Intensive Skin Therapy Targeted Eczema Treatment,Melaleuca Inc.,OATMEAL,.5 g/50mL,CREAM,TOPICAL,Allergens [CS],CAT006,Respiratory
MED022038,54723-031,Lidocaine Hydrochloride,Hello Sugar,"Sambria Pharmaceuticals, Llc",LIDOCAINE HYDROCHLORIDE,5 g/100g,CREAM,TOPICAL,Amide Local Anesthetic [EPC],CAT004,Pain Management
MED022059,54860-458,Alcohol,Meijer Hydrating Hand Sanitizer 1Oz - Vanilla,"Shenzhen Lantern Scicence Co.,Ltd.",ALCOHOL,70 mL/100mL,SPRAY,TOPICAL,UNKNOWN,CAT015,Others
MED022061,54860-515,Alcohol,Smart Care Kids Hand Sanitizer Transformers,"Shenzhen Lantern Scicence Co.,Ltd.",ALCOHOL,70 mL/100mL,SPRAY,TOPICAL,UNKNOWN,CAT015,Others
MED022064,54860-556,Alcohol,Smart Care Hand Sanitizer Wild Cherry Blossom,"Shenzhen Lantern Scicence Co.,Ltd.",ALCOHOL,70 mL/100mL,SPRAY,TOPICAL,UNKNOWN,CAT015,Others
MED022071,54973-3014,"Calcium Phosphate, Iron, Potassium Phosphate, Unspecified Form, Magnesium Phosphate, Dibasic Trihydrate, And Sodium Phosphate",Nerve Tonic,Hyland'S Inc.,"CALCIUM PHOSPHATE, UNSPECIFIED FORM",3 [hp_X]/1,TABLET,ORAL,Blood Coagulation Factor [EPC],CAT003,Diabetes
MED022072,54973-3093,"Oyster Shell Calcium Carbonate, Crude, Causticum, Matricaria Recutita, Cinchona Officinalis Bark, Copper, Lycopodium Clavatum Spore, Magnesium Phosphate, Dibasic Trihydrate, Toxicodendron Pubescens Leaf, Silicon Dioxide, And Sulfur",Leg Cramps Pm,Hyland'S Inc.,CAUSTICUM,12 [hp_X]/1,"TABLET, SOLUBLE",ORAL,Calculi Dissolution Agent [EPC],CAT007,Gastrointestinal
MED022083,54973-4113,"Bryonia Alba Root,Calcium Sulfide,Pulsatilla Vulgaris Whole,Ferrosoferric Phosphate,Phosphorus,Antimony Potassium Tartrate,Ipecac,Rumex Crispus Root",Kids Cough And Mucus Daytime Grape Flavor,Hyland'S Consumer Health Inc.,ANTIMONY POTASSIUM TARTRATE,15 [hp_X]/mL,LIQUID,ORAL,UNKNOWN,CAT015,Others
MED022090,55038-001,"Camphor (Synthetic), Menthol, Methyl Salicylate",Pomada Dragon Pain Relieving,Televisa Consumer Products Usa,CAMPHOR (SYNTHETIC),40 mg/g,CREAM,TOPICAL,UNKNOWN,CAT015,Others
MED022094,55111-136,Isotretinoin,Zenatane,Dr. Reddy'S Laboratories Limited,ISOTRETINOIN,20 mg/1,"CAPSULE, GELATIN COATED",ORAL,Retinoid [EPC],CAT008,Dermatology
MED022095,55111-256,Ziprasidone,Ziprasidone,Dr. Reddy'S Laboratories Limited,ZIPRASIDONE HYDROCHLORIDE,20 mg/1,CAPSULE,ORAL,Atypical Antipsychotic [EPC],CAT005,Neurology
MED022142,55150-341,Ketorolac Tromethamine,Ketorolac Tromethamine,Eugia Us Llc,KETOROLAC TROMETHAMINE,60 mg/2mL,"INJECTION, SOLUTION",INTRAMUSCULAR,Anti-Inflammatory Agents,CAT004,Pain Management
MED022161,0220-3646,Sodium Sulfate,Natrum Sulphuricum,Boiron,SODIUM SULFATE,12 [hp_X]/12[hp_X],PELLET,ORAL,UNKNOWN,CAT015,Others
MED022247,0220-3973,Kerosene,Petroleum,Boiron,KEROSENE,1 [hp_M]/[hp_M],PELLET,ORAL,UNKNOWN,CAT015,Others
MED022260,55319-968,"Acetaminophen, Dextromethorphan Hydrobromide, Doxylamine Succinate",Nighttime Cold And Flu Relief,Family Dollar (Family Wellness),ACETAMINOPHEN,325 mg/1,"CAPSULE, LIQUID FILLED",ORAL,Antihistamine [EPC],CAT006,Respiratory
MED022274,55513-148,Epoetin Alfa,Epogen,"Amgen, Inc",EPOETIN,4000 [iU]/mL,SOLUTION,INTRAVENOUS,Erythropoiesis-stimulating Agent [EPC],CAT010,Allergy
MED022298,0220-4051,Physostigma Venenosum Seed,Physostigma Venenosum,Boiron,PHYSOSTIGMA VENENOSUM SEED,30 [hp_C]/30[hp_C],PELLET,ORAL,UNKNOWN,CAT015,Others
MED022335,55758-511,"Glycerin, Naphazoline Hcl",Redness Relief,Pharmadel Llc,GLYCERIN,.25 mg/mL,SOLUTION/ DROPS,OPHTHALMIC,Allergens [CS],CAT006,Respiratory
MED022388,0220-4407,Ricinus Communis Seed,Ricinus Communis,Boiron,RICINUS COMMUNIS SEED,5 [hp_C]/5[hp_C],PELLET,ORAL,UNKNOWN,CAT015,Others
MED022396,56152-4012,Benzoyl Peroxide,Anti Bac Acne Clearing,Cosmetic Enterprise Ltd,BENZOYL PEROXIDE,5 g/100mL,LOTION,TOPICAL,UNKNOWN,CAT015,Others
MED022417,57237-322,Nicotine Polacrilex,Nicotine Polacrilex,"Rising Pharma Holdings, Inc.",NICOTINE,2 mg/1,"GUM, CHEWING",ORAL,Cholinergic Nicotinic Agonist [EPC],CAT005,Neurology
MED022426,57337-041,Aluminum Chlorohydrate,Xtracare Dry Fresh Invisible Solid,Rejoice International,ALUMINUM CHLOROHYDRATE,11 g/57g,CREAM,TOPICAL,UNKNOWN,CAT015,Others
MED022444,57337-155,Aluminum Chlorohydrate,Dry Shower Fresh 3.5Oz,Rejoice International Corp.,ALUMINUM CHLOROHYDRATE,23.3 g/100g,"AEROSOL, SPRAY",TOPICAL,UNKNOWN,CAT015,Others
MED022455,57627-126,"Octinoxate, Titanium Dioxide",Alabaster Perfecting Makeup Spf 25 Merle Norman,"Merle Norman Cosmetics, Inc",OCTINOXATE,2.25 g/30mL,EMULSION,TOPICAL,UNKNOWN,CAT015,Others
MED022467,57664-606,Methylphenidate Hydrochloride,Methylphenidate Hydrochloride,"Sun Pharmaceutical Industries, Inc.",METHYLPHENIDATE HYDROCHLORIDE,18 mg/1,"TABLET, EXTENDED RELEASE",ORAL,Central Nervous System Stimulant [EPC],CAT005,Neurology
MED022486,0220-4562,Saponaria Officinalis Root,Saponaria Officinalis,Laboratoires Boiron,SAPONARIA OFFICINALIS ROOT,6 [hp_X]/1,PELLET,ORAL,UNKNOWN,CAT015,Others
MED022507,57955-9980,"Agnus Castus, Aletris Farinosa, Avena Sativa, Alumina, Conium, Calcarea Carbonica, Helleborus Niger, Lecithin, Natrum Carbonicum, Nux Moschata, Oleander, Phosphoricum Acdium, Plumb Met, Picricum Acidum, Rna, Sulphur, Xerophyllum And Zincum Metallicum.",Memory And Alertness,King Bio Inc.,ALETRIS FARINOSA ROOT,10 [hp_X]/59mL,LIQUID,ORAL,Allergens [CS],CAT006,Respiratory
MED022521,58151-099,Tolterodine Tartrate,Detrol,Viatris Specialty Llc,TOLTERODINE TARTRATE,2 mg/1,"TABLET, FILM COATED",ORAL,Cholinergic Muscarinic Antagonist [EPC],CAT005,Neurology
MED022538,0220-4657,Sepia Officinalis Juice,Sepia,Boiron,SEPIA OFFICINALIS JUICE,200 [kp_C]/200[kp_C],PELLET,ORAL,UNKNOWN,CAT015,Others
MED022555,58264-0250,Ceratostigma Willmottianum Whole,T-5,"Dna Labs, Inc.",CERATOSTIGMA WILLMOTTIANUM WHOLE,30 [hp_X]/mL,SOLUTION,SUBLINGUAL,UNKNOWN,CAT015,Others
MED022613,58544-150,"Avobenzone, Homosalate, Octisalate, Octocrylene",Tonefitsun Ultra Moisturizing Vegan Sunscreen,"Hankook Cosmetics Manufacturing Co.,Ltd_Eumseong Factory",AVOBENZONE,2.7 g/100mL,CREAM,TOPICAL,UNKNOWN,CAT015,Others
MED022616,58552-139,"Chlorpheniramine Maleate, Dextromethorphan Hydrobromide, Phenylephrine Hydrochloride",Giltuss Childrens Allergy Plus Cough And Congestion,Gil Pharmaceutical Corp,CHLORPHENIRAMINE MALEATE,2 mg/5mL,SOLUTION,ORAL,Adrenergic alpha1-Agonists [MoA],CAT003,Diabetes
MED022618,58602-017,Fluticasone Propionate,Fluticasone Propionate,Aurohealth Llc,FLUTICASONE PROPIONATE,50 ug/1,"SPRAY, METERED",NASAL,Corticosteroid Hormone Receptor Agonists [MoA],CAT004,Pain Management
MED022622,58602-725,Omeprazole And Sodium Bicarbonate,Omeprazole And Sodium Bicarbonate,Aurohealth Llc,OMEPRAZOLE,20 mg/1,CAPSULE,ORAL,Alkalinizing Activity [MoA],CAT014,Vitamins & Supplements
MED022633,0220-4894,Comfrey Root,Symphytum Officinale,Boiron,COMFREY ROOT,1 [hp_M]/[hp_M],PELLET,ORAL,UNKNOWN,CAT015,Others
MED022784,59651-342,Lenalidomide,Lenalidomide,Aurobindo Pharma Limited,LENALIDOMIDE,2.5 mg/1,CAPSULE,ORAL,Thalidomide Analog [EPC],CAT012,Ophthalmology
MED022842,59746-211,Cyclobenzaprine Hydrochloride,Cyclobenzaprine Hydrochloride,Jubilant Cadista Pharmaceuticals Inc.,CYCLOBENZAPRINE HYDROCHLORIDE,5 mg/1,"TABLET, FILM COATED",ORAL,Centrally-mediated Muscle Relaxation [PE],CAT005,Neurology
MED022880,59779-777,Nuance Salma Hayek Renewed Radiance Moisturizing Day Cream Broad Spectrum Spf 30 Sunscreen,Nuance Salma Hayek Renewed Radiance Moisturizing Day Cream Broad Spectrum Spf 30 Sunscreen,"Cvs Pharmacy, Inc",AVOBENZONE,3 g/100g,LOTION,TOPICAL,UNKNOWN,CAT015,Others
MED022893,60219-1349,Tadalafil,Tadalafil,Amneal Pharmaceuticals Ny Llc,TADALAFIL,20 mg/1,"TABLET, FILM COATED",ORAL,Phosphodiesterase 5 Inhibitor [EPC],CAT003,Diabetes
MED022938,60505-2834,Atomoxetine Hydrochloride,Atomoxetine Hydrochloride,Apotex Corp.,ATOMOXETINE HYDROCHLORIDE,60 mg/1,CAPSULE,ORAL,Norepinephrine Reuptake Inhibitor [EPC],CAT005,Neurology
MED022947,60505-3803,Nilotinib,Nilotinib,Apotex Corp.,NILOTINIB,50 mg/1,CAPSULE,ORAL,Bcr-Abl Tyrosine Kinase Inhibitors [MoA],CAT012,Ophthalmology
MED022976,0220-9331,"Arnica Montana Whole, Arisaema Triphyllum Root, Ferrosoferric Phosphate, Calcium Sulfide, Toxicodendron Pubescens Leaf, Spongia Officinalis Skeleton, Roasted",Voicecalm,Boiron,ARISAEMA TRIPHYLLUM ROOT,9 [hp_C]/1,PELLET,ORAL,UNKNOWN,CAT015,Others
MED022985,60687-479,Carbamazepine,Carbamazepine,American Health Packaging,CARBAMAZEPINE,100 mg/1,"TABLET, CHEWABLE",ORAL,Cytochrome P450 1A2 Inducers [MoA],CAT014,Vitamins & Supplements
MED022997,60687-705,Demeclocycline,Demeclocycline Hydrochloride,American Health Packaging,DEMECLOCYCLINE HYDROCHLORIDE,300 mg/1,TABLET,ORAL,Tetracycline-class Antimicrobial [EPC],CAT001,Antibiotics
MED023000,60687-727,Colchicine,Colchicine,American Health Packaging,COLCHICINE,.6 mg/1,"TABLET, FILM COATED",ORAL,Alkaloid [EPC],CAT012,Ophthalmology
MED023031,60760-315,Hydrochlorothiazide,Hydrochlorothiazide,St. Mary'S Medical Park Pharmacy,HYDROCHLOROTHIAZIDE,25 mg/1,TABLET,ORAL,Increased Diuresis [PE],CAT003,Diabetes
MED023032,60760-397,Carisoprodol,Carisoprodol,St. Mary'S Medical Park Pharmacy,CARISOPRODOL,350 mg/1,TABLET,ORAL,Centrally-mediated Muscle Relaxation [PE],CAT005,Neurology
MED023097,61096-1035,"Aralia Quin, Arnica, Avena, Baryta Carb, Carduus Mar, Dna, Hepar Suis, Medulla Ossis Suis, Pancreas Suis, Phosphoricum Ac, Pituitarum Posterium, Thuja Occ",Rejuvenation Plus,Eight And Company L.L.C,AMERICAN GINSENG,4 [hp_X]/41mL,LIQUID,ORAL,UNKNOWN,CAT015,Others
MED023120,61442-192,Memantine Hydrochloride,Memantine Hydrochloride,"Carlsbad Technology, Inc.",MEMANTINE HYDROCHLORIDE,5 mg/1,"TABLET, FILM COATED",ORAL,N-methyl-D-aspartate Receptor Antagonist [EPC],CAT005,Neurology
MED023129,61504-145,Naproxen Sodium,Naproxen Sodium,Amerifoods Trading Company,NAPROXEN SODIUM,220 mg/1,"TABLET, COATED",ORAL,Anti-Inflammatory Agents,CAT004,Pain Management
MED023134,61577-8120,Histamine Dihydrochloride,Arthritis Pain Relief Cream,Sombra Cosmetics Inc.,HISTAMINE DIHYDROCHLORIDE,.00025 g/g,CREAM,TOPICAL,UNKNOWN,CAT015,Others
MED023149,61594-046,"Magnesium Sulfate, Unspecified Form",Theraworx Relief For Muscle Cramps Roll-On,"Avadim Holdings, Inc.","MAGNESIUM SULFATE, UNSPECIFIED FORM",6 [hp_X]/mL,AEROSOL,TOPICAL,Calculi Dissolution Agent [EPC],CAT007,Gastrointestinal
MED023205,61957-3225,"Octisalate, Titanium Dioxide",Dior Forever Skin Glow Flawless Radiant Skin True Foundation Spf 25 3Wp Warm Peach,Parfums Christian Dior,OCTISALATE,45 mg/mL,EMULSION,TOPICAL,UNKNOWN,CAT015,Others
MED023269,62135-549,Lorazepam,Lorazepam,"Chartwell Rx, Llc",LORAZEPAM,2 mg/mL,CONCENTRATE,ORAL,Benzodiazepine [EPC],CAT005,Neurology
MED023290,62135-903,Rivastigmine Tartrate,Rivastigmine Tartrate,"Chartwell Rx, Llc",RIVASTIGMINE TARTRATE,6 mg/1,CAPSULE,ORAL,Cholinesterase Inhibitor [EPC],CAT005,Neurology
MED023292,62135-917,Levocetirizine Dihydrochloride,Levocetirizine Dihydrochloride,"Chartwell Rx, Llc",LEVOCETIRIZINE DIHYDROCHLORIDE,.5 mg/mL,SOLUTION,ORAL,Histamine H1 Receptor Antagonists [MoA],CAT006,Respiratory
MED023297,62168-0853,Menthol,"Icy Hot Medicated, Back","Lead Chemical Co., Ltd.","MENTHOL, UNSPECIFIED FORM",428.5 mg/1,PATCH,TOPICAL,UNKNOWN,CAT015,Others
MED023337,62332-279,Duloxetine,Duloxetine Hydrochloride,Alembic Pharmaceuticals Inc.,DULOXETINE HYDROCHLORIDE,30 mg/1,"CAPSULE, DELAYED RELEASE",ORAL,Norepinephrine Uptake Inhibitors [MoA],CAT005,Neurology
MED023388,62559-485,Carbamazepine,Carbamazepine,"Ani Pharmaceuticals, Inc.",CARBAMAZEPINE,200 mg/1,"CAPSULE, EXTENDED RELEASE",ORAL,Cytochrome P450 1A2 Inducers [MoA],CAT014,Vitamins & Supplements
MED023401,62670-6612,Aluminum Zirconium Trichlorohydrex Gly,Mens Collection Antiperspirant Deodorant Noir,"Bath And Body Works, Distr.",ALUMINUM ZIRCONIUM TRICHLOROHYDREX GLY,16 g/100g,STICK,TOPICAL,UNKNOWN,CAT015,Others
MED023407,62670-6666,Alcohol,Anti Bacterial Hand Gel Sweet Cinnamon Pumpkin,"Bath & Body Works, Inc.",ALCOHOL,71 mL/100mL,GEL,TOPICAL,UNKNOWN,CAT015,Others
MED023460,62742-4199,Zinc Oxide,Sheer Zinc Spf 30,Allure Labs,ZINC OXIDE,186 mg/g,CREAM,TOPICAL,UNKNOWN,CAT015,Others
MED023508,63083-2003,Anti-Diarrhea Drops,Anti-Diarrhea Drops 2003,Professional Complementary Health Formulas,ALOE,4 [hp_X]/59mL,LIQUID,ORAL,UNKNOWN,CAT015,Others
MED023517,63083-2069,Digestive Stimulator Formula,Digestive Stimulator Formula 2069,Professional Complementary Health Formulas,ASIAN GINSENG,3 [hp_X]/59mL,LIQUID,ORAL,Allergens [CS],CAT006,Respiratory
MED023550,63083-9221,Drosera Combination,Drosera Combination 9221,Professional Complementary Health Formulas,ACTIVATED CHARCOAL,12 [hp_X]/29.5mL,LIQUID,ORAL,UNKNOWN,CAT015,Others
MED023560,63083-9418,Staph/Strep/Respiratory Nosode Combination,Staph/Strep/Respiratory Nosode Combination 9418,Professional Complementary Health Formulas,ACONITUM NAPELLUS WHOLE,4 [hp_X]/29.5mL,LIQUID,ORAL,UNKNOWN,CAT015,Others
MED023570,63135-727,Lidocaine 4%,Lubricaine,Esba Laboratories Inc.,LIDOCAINE,4 g/100g,GEL,TOPICAL,Amide Local Anesthetic [EPC],CAT004,Pain Management
MED023583,63187-127,Clindamycin Hydrochloride,Clindamycin Hydrochloride,Proficient Rx Lp,CLINDAMYCIN HYDROCHLORIDE,300 mg/1,CAPSULE,ORAL,Decreased Sebaceous Gland Activity [PE],CAT008,Dermatology
MED023603,63187-535,Naproxen,Naproxen,Proficient Rx Lp,NAPROXEN,375 mg/1,TABLET,ORAL,Anti-Inflammatory Agents,CAT004,Pain Management
MED023625,63187-794,Naproxen Sodium,Good Sense Naproxen Sodium,Proficient Rx Lp,NAPROXEN SODIUM,220 mg/1,"TABLET, FILM COATED",ORAL,Anti-Inflammatory Agents,CAT004,Pain Management
MED023636,63187-970,Eszopiclone,Eszopiclone,Proficient Rx Lp,ESZOPICLONE,2 mg/1,"TABLET, FILM COATED",ORAL,UNKNOWN,CAT015,Others
MED023641,63304-010,Metoprolol Succinate,Metoprolol Succinate,Sun Pharmaceutical Industries Inc.,METOPROLOL SUCCINATE,100 mg/1,"CAPSULE, EXTENDED RELEASE",ORAL,Adrenergic beta-Antagonists [MoA],CAT003,Diabetes
MED023698,63323-738,Famotidine,Famotidine,"Fresenius Kabi Usa, Llc",FAMOTIDINE,10 mg/mL,"INJECTION, SOLUTION",INTRAVENOUS,Histamine H2 Receptor Antagonists [MoA],CAT006,Respiratory
MED023705,63354-054,"Avobenzone,Homosalate,Octocrylene",Hawaiian Tropic Everyday Active Spf30,Edgewell Personal Care Brands Llc,AVOBENZONE,2.2 g/100g,LOTION,TOPICAL,UNKNOWN,CAT015,Others
MED023737,63479-0714,"Adenosine Triphosphate, Aurum Metallicum, Camphora, Graphite, Ignatia Amara, Ruta Graveolens, Stramonium",G14 Parasymp-Met,Apex Energetics Inc.,ADENOSINE TRIPHOSPHATE,7 [hp_X]/mL,SOLUTION/ DROPS,SUBLINGUAL,Allergens [CS],CAT006,Respiratory
MED023745,63517-244,Isopropyl Alcohol,Alcohol Sterile,Cardinal Health 200 Llc,ISOPROPYL ALCOHOL,.7 mL/mL,SWAB,TOPICAL,UNKNOWN,CAT015,Others
MED023865,63629-2319,Clonidine Hydrochloride,Clonidine Hydrochloride,Bryant Ranch Prepack,CLONIDINE HYDROCHLORIDE,.3 mg/1,TABLET,ORAL,Adrenergic alpha2-Agonists [MoA],CAT003,Diabetes
MED023970,63629-9436,Cephalexin,Cephalexin,Bryant Ranch Prepack,CEPHALEXIN,750 mg/1,CAPSULE,ORAL,Cephalosporin Antibacterial [EPC],CAT001,Antibiotics
MED024004,63824-575,"Acetaminophen, Dextromethorphan Hydrobromide, Guaifenesin, And Phenylephrine Hydrochloride",Maximum Strength Mucinex Fast-Max Cold And Flu,Reckitt Benckiser Llc,ACETAMINOPHEN,325 mg/1,"TABLET, FILM COATED",ORAL,Adrenergic alpha1-Agonists [MoA],CAT003,Diabetes
MED024029,63868-732,Nicotine Polacrilex Lozenge 4 Mg,Nicotine Polacrilex Lozenge Mint,Chain Drug Marketing Association Inc,NICOTINE,4 mg/1,LOZENGE,ORAL,Cholinergic Nicotinic Agonist [EPC],CAT005,Neurology
MED024045,63941-311,Pyrithione Zinc,Dandruff,Valu Merchandisers Company,PYRITHIONE ZINC,10 mg/mL,SHAMPOO,TOPICAL,UNKNOWN,CAT015,Others
MED024061,63970-001,Oxygen,Oxygen,"Texoma Medical Services, Inc. Dba Western Medical Equipment",OXYGEN,99 L/100L,GAS,RESPIRATORY (INHALATION),UNKNOWN,CAT015,Others
MED024100,64578-0109,Homeopathic Liquid,Isopathic Phenolic Rings,Energetix Corporation,ACETALDEHYDE,12 [hp_X]/59.1mL,LIQUID,ORAL,Acidifying Activity [MoA],CAT014,Vitamins & Supplements
MED024110,64646-420,Alcohol,Hand Sanitizer,Charlotte Products Ltd.,ALCOHOL,75 mL/100mL,SOLUTION,TOPICAL,UNKNOWN,CAT015,Others
MED024120,64850-440,Phendimetrazine Tartrate,Phendimetrazine Tartrate,"Elite Laboratories, Inc",PHENDIMETRAZINE TARTRATE,35 mg/1,TABLET,ORAL,Appetite Suppression [PE],CAT005,Neurology
MED024192,0316-0284,Adapalene,Panoxyl,Crown Laboratories,ADAPALENE,1 mg/g,GEL,TOPICAL,Retinoid [EPC],CAT008,Dermatology
MED024196,64942-2475,Advanced Protection Cedarwood And Lavender Antiperspirant Deodorant,Degree,Conopco D/B/A Unilever,ALUMINUM SESQUICHLOROHYDRATE,16 g/100g,STICK,TOPICAL,UNKNOWN,CAT015,Others
MED024313,65162-902,Aripiprazole,Aripiprazole,Amneal Pharmaceuticals Llc,ARIPIPRAZOLE,30 mg/1,TABLET,ORAL,Atypical Antipsychotic [EPC],CAT005,Neurology
MED024342,65250-266,Bupivacaine,Exparel,"Pacira Pharmaceuticals, Inc.",BUPIVACAINE,13.3 mg/mL,"INJECTION, SUSPENSION, LIPOSOMAL",INFILTRATION,Amide Local Anesthetic [EPC],CAT004,Pain Management
MED024347,65435-0700,"Homosalate, Octocrylene, Octisalate, Avobenzone",Safe Sea Spf Sport 65,Nidaria Technology Ltd,AVOBENZONE,30 mg/mL,LOTION,TOPICAL,UNKNOWN,CAT015,Others
MED024353,0338-0669,"Potassium Chloride, Dextrose Monohydrate And Sodium Chloride",Potassium Chloride In Dextrose And Sodium Chloride,Baxter Healthcare Company,DEXTROSE MONOHYDRATE,5 g/100mL,"INJECTION, SOLUTION",INTRAVENOUS,Increased Large Intestinal Motility [PE],CAT007,Gastrointestinal
MED024358,65649-303,Rifaximin,Xifaxan,"Salix Pharmaceuticals, Inc.",RIFAXIMIN,550 mg/1,TABLET,ORAL,Rifamycin Antibacterial [EPC],CAT001,Antibiotics
MED024362,65692-0564,Summer Sangria Spf 15 Broad Spectrum Lip Balm,Summer Sangria Spf 15 Broad Spectrum Lip Balm,"Raining Rose, Inc",AVOBENZONE,.09 g/4.25g,STICK,TOPICAL,UNKNOWN,CAT015,Others
MED024365,65841-536,Potassium Citrate,Potassium Citrate,Zydus Lifesciences Limited,POTASSIUM CITRATE,5 meq/1,"TABLET, EXTENDED RELEASE",ORAL,Acidifying Activity [MoA],CAT014,Vitamins & Supplements
MED024370,65841-686,Lamotrigine,Lamotrigine,Zydus Lifesciences Limited,LAMOTRIGINE,200 mg/1,TABLET,ORAL,Anti-epileptic Agent [EPC],CAT005,Neurology
MED024398,65862-467,Famciclovir,Famciclovir,Aurobindo Pharma Limited,FAMCICLOVIR,500 mg/1,"TABLET, FILM COATED",ORAL,DNA Polymerase Inhibitors [MoA],CAT012,Ophthalmology
MED024420,65862-780,Olmesartan Medoxomil And Hydrochlorothiazide,Olmesartan Medoxomil And Hydrochlorothiazide,Aurobindo Pharma Limited,HYDROCHLOROTHIAZIDE,12.5 mg/1,"TABLET, FILM COATED",ORAL,Angiotensin 2 Receptor Antagonists [MoA],CAT003,Diabetes
MED024423,65862-847,Clozapine,Clozapine,Aurobindo Pharma Limited,CLOZAPINE,200 mg/1,TABLET,ORAL,Atypical Antipsychotic [EPC],CAT005,Neurology
MED024429,65862-927,Finasteride,Finasteride,Aurobindo Pharma Limited,FINASTERIDE,1 mg/1,"TABLET, FILM COATED",ORAL,5-alpha Reductase Inhibitor [EPC],CAT009,Oncology
MED024458,66096-708,"Antimonium Sulphuratum Aureum, Antimonium Tartaricum, Bryonia Alba, Drosera Rotundifolia, Ipecacuanha, Kali Muriaticum, Rumex Crispus, Senega Officinalis, Spongia Tosta.",Kids Cough Relief Syrup,Ohm Pharma Inc.,ANTIMONY PENTASULFIDE,12 [hp_X]/148mL,LIQUID,ORAL,Increased Large Intestinal Motility [PE],CAT007,Gastrointestinal
MED024481,66298-8507,Moxifloxacin Hydrochloride,Moxifloxacin,Hp Halden Pharma As,MOXIFLOXACIN HYDROCHLORIDE,400 mg/250mL,"INJECTION, SOLUTION",INTRAVENOUS,Fluoroquinolone Antibacterial [EPC],CAT001,Antibiotics
MED024487,66343-102,"Apis Mellifica, Lachesis Mutus, Phosphorus, Thymus Gland, Zinc Met",Emvita 15,Rubimed Ag,APIS MELLIFERA,800 [hp_C]/60mL,LIQUID,ORAL,Allergens [CS],CAT006,Respiratory
MED024515,66715-7857,"Acetaminophen, Guaifenesin, And Phenylephrine Hydrochloride","Tylenol Sinus Severe, Travel Basix","Lil Drug Store Products, Inc",ACETAMINOPHEN,325 mg/1,"TABLET, COATED",ORAL,Adrenergic alpha1-Agonists [MoA],CAT003,Diabetes
MED024547,66902-091,Isopropyl Alcohol,Germ Attack 91% Isopropyl Alcohol,"Natural Essentials, Inc.",ISOPROPYL ALCOHOL,.91 mL/mL,LIQUID,TOPICAL,UNKNOWN,CAT015,Others
MED024580,67046-0517,Levothyroxine Sodium,Levothyroxine Sodium,Coupler Llc,LEVOTHYROXINE SODIUM,.175 mg/1,TABLET,ORAL,Thyroxine [CS],CAT009,Oncology
MED024596,67046-1209,Tramadol Hydrochloride,Tramadol Hydrochloride,Coupler Llc,TRAMADOL HYDROCHLORIDE,50 mg/1,"TABLET, COATED",ORAL,Full Opioid Agonists [MoA],CAT004,Pain Management
MED024624,67046-1646,Ibuprofen,Ibuprofen,Coupler Llc,IBUPROFEN,600 mg/1,"TABLET, FILM COATED",ORAL,Anti-Inflammatory Agents,CAT004,Pain Management
MED024643,0053-0270,Etranacogene Dezaparvovec,Hemgenix,Csl Behring,UNKNOWN,UNKNOWN,KIT,UNKNOWN,UNKNOWN,CAT015,Others
MED024659,67184-1003,Cefepime Hydrochloride,Cefepime,"Qilu Pharmaceutical Co., Ltd.",CEFEPIME HYDROCHLORIDE,1 g/1,"INJECTION, POWDER, FOR SOLUTION",INTRAMUSCULAR,Cephalosporin Antibacterial [EPC],CAT001,Antibiotics
MED024805,0363-0587,Aspirin,Aspirin,Walgreen Company,ASPIRIN,81 mg/1,"TABLET, DELAYED RELEASE",ORAL,Anti-Inflammatory Agents,CAT004,Pain Management
MED024806,68001-453,Ziprasidone Hydrochloride,Ziprasidone Hydrochloride,Bluepoint Laboratories,ZIPRASIDONE HYDROCHLORIDE,80 mg/1,CAPSULE,ORAL,Atypical Antipsychotic [EPC],CAT005,Neurology
MED024840,68025-071,Tramadol Hydrochloride,Conzip,"Vertical Pharmaceuticals, Llc",TRAMADOL HYDROCHLORIDE,100 mg/1,"CAPSULE, EXTENDED RELEASE",ORAL,Full Opioid Agonists [MoA],CAT004,Pain Management
MED024855,68071-2203,Losartan Potassium,Losartan Potassium 100 Mg,"Nucare Pharmaceuticals,Inc.",LOSARTAN POTASSIUM,100 mg/1,"TABLET, FILM COATED",ORAL,Angiotensin 2 Receptor Antagonists [MoA],CAT003,Diabetes
MED024875,68071-2947,Ibuprofen,Ibuprofen,"Nucare Pharmaceuticals,Inc.",IBUPROFEN,600 mg/1,TABLET,ORAL,Anti-Inflammatory Agents,CAT004,Pain Management
MED024894,68071-3453,Amlodipine Besylate,Amlodipine Besylate 10 Mg,"Nucare Pharmaceuticals,Inc.",AMLODIPINE BESYLATE,10 mg/1,TABLET,ORAL,Calcium Channel Antagonists [MoA],CAT003,Diabetes
MED024910,68071-3679,Ibuprofen,Ibuprofen,"Nucare Pharmaceuticals, Inc.",IBUPROFEN,600 mg/1,"TABLET, FILM COATED",ORAL,Anti-Inflammatory Agents,CAT004,Pain Management
MED024918,68071-3798,Acetaminophen And Codeine Phosphate,Acetaminophen And Codeine Phosphate,"Nucare Pharmaceuticals, Inc.",ACETAMINOPHEN,300 mg/1,TABLET,ORAL,Full Opioid Agonists [MoA],CAT004,Pain Management
MED025023,68084-027,Warfarin Sodium,Warfarin Sodium,American Health Packaging,WARFARIN SODIUM,2.5 mg/1,TABLET,ORAL,Vitamin K Antagonist [EPC],CAT013,Vaccines & Biologics
MED025049,68094-256,Morphine Sulfate,Morphine Sulfate,"Precision Dose, Inc.",MORPHINE SULFATE,100 mg/5mL,SOLUTION,ORAL,Full Opioid Agonists [MoA],CAT004,Pain Management
MED025053,68118-080,Mitotane,Lysodren,"Esteve Pharmaceuticals, S.A.",MITOTANE,500 mg/1,TABLET,ORAL,Cytochrome P450 3A4 Inducers [MoA],CAT014,Vitamins & Supplements
MED025081,68180-699,Tramadol Hydrochloride,Tramadol Hydrochloride,"Lupin Pharmaceuticals, Inc.",TRAMADOL HYDROCHLORIDE,300 mg/1,"TABLET, EXTENDED RELEASE",ORAL,Full Opioid Agonists [MoA],CAT004,Pain Management
MED025089,0363-1648,Magnesium Hydroxide,Milk Of Magnesia Cherry,Walgreen Company,MAGNESIUM HYDROXIDE,1200 mg/15mL,LIQUID,ORAL,Calculi Dissolution Agent [EPC],CAT007,Gastrointestinal
MED025091,68180-903,Norethindrone And Ethinyl Estradiol,Kaitlib Fe,"Lupin Pharmaceuticals, Inc.",UNKNOWN,UNKNOWN,KIT,UNKNOWN,UNKNOWN,CAT015,Others
MED025114,68382-051,Meloxicam,Meloxicam,Zydus Pharmaceuticals Usa Inc.,MELOXICAM,15 mg/1,TABLET,ORAL,Anti-Inflammatory Agents,CAT004,Pain Management
MED025119,68382-119,Azathioprine,Azathioprine,Zydus Pharmaceuticals Usa Inc.,AZATHIOPRINE,75 mg/1,TABLET,ORAL,Nucleic Acid Synthesis Inhibitors [MoA],CAT012,Ophthalmology
MED025124,68382-205,Gabapentin,Gabapentin,Zydus Pharmaceuticals Usa Inc.,GABAPENTIN,800 mg/1,"TABLET, FILM COATED",ORAL,Decreased Central Nervous System Disorganized Electrical Activity [PE],CAT005,Neurology
MED025128,68382-327,Estradiol,Estradiol,Zydus Pharmaceuticals Usa Inc.,ESTRADIOL,.06 mg/d,PATCH,TRANSDERMAL,Estradiol Congeners [CS],CAT009,Oncology
MED025144,68382-747,Diltiazem Hydrochloride,Tiadylt Er,Zydus Pharmaceuticals (Usa) Inc.,DILTIAZEM HYDROCHLORIDE,240 mg/1,"CAPSULE, EXTENDED RELEASE",ORAL,Calcium Channel Antagonists [MoA],CAT003,Diabetes
MED025154,68391-430,"Acetaminophen, Diphenhydramine",Extra Strength Acetaminophen Pm,Bjwc (Berkley & Jensen / Bj'S),ACETAMINOPHEN,500 mg/1,TABLET,ORAL,Histamine H1 Receptor Antagonists [MoA],CAT006,Respiratory
MED025155,68391-711,"Dextromethorphan Hbr, Guaifenesin",Berkley And Jensen Tussin Dm Max,Bjwc,DEXTROMETHORPHAN HYDROBROMIDE,20 mg/20mL,SOLUTION,ORAL,Decreased Respiratory Secretion Viscosity [PE],CAT006,Respiratory
MED025177,68462-299,Alclometasone Dipropionate,Alclometasone Dipropionate,"Glenmark Pharmaceuticals Inc., Usa",ALCLOMETASONE DIPROPIONATE,.5 mg/g,OINTMENT,TOPICAL,Corticosteroid Hormone Receptor Agonists [MoA],CAT004,Pain Management
MED025230,68577-112,"Octisalate, Octocrylene",Leg Body Makeup,"Cosmax Usa, Corporation",OCTISALATE,3.2 mg/100mg,CREAM,TOPICAL,UNKNOWN,CAT015,Others
MED025235,0363-3390,Antacid,Antacid Extra Strength,Walgreen Co.,CALCIUM CARBONATE,750 mg/1,"TABLET, CHEWABLE",ORAL,UNKNOWN,CAT015,Others
MED025244,68577-235,Zinc Oxide,Laura Geller X Bliss Shine - N - Shield Lip Balm Spf 15 Golden Hour,"Cosmax Usa, Corp",ZINC OXIDE,13.5 mg/100mL,LIPSTICK,TOPICAL,UNKNOWN,CAT015,Others
MED025251,68599-4681,Pain Reliever,Acetaminophen,Mckesson,ACETAMINOPHEN,.5 g/g,TABLET,ORAL,UNKNOWN,CAT015,Others
MED025300,68788-7118,Trazodone Hydrochloride,Trazodone Hydrochloride,Preferred Pharmaceuticals Inc.,TRAZODONE HYDROCHLORIDE,50 mg/1,TABLET,ORAL,Serotonin Reuptake Inhibitor [EPC],CAT005,Neurology
MED025303,68788-7205,Metformin Hydrochloride,Metformin Hydrochloride,Preferred Pharmaceuticals Inc.,METFORMIN HYDROCHLORIDE,750 mg/1,"TABLET, EXTENDED RELEASE",ORAL,Biguanide [EPC],CAT002,Cardiovascular
MED025322,68788-8124,Azithromycin,Azithromycin,Preferred Pharmaceuticals Inc.,AZITHROMYCIN DIHYDRATE,250 mg/1,"TABLET, FILM COATED",ORAL,Macrolide Antimicrobial [EPC],CAT001,Antibiotics
MED025398,68999-064,Ethosuximide,Ethosuximide,"Chartwell Governmental & Specialty Rx, Llc.",ETHOSUXIMIDE,250 mg/5mL,SOLUTION,ORAL,Anti-epileptic Agent [EPC],CAT005,Neurology
MED025424,0363-6683,Docusate Sodium 50Mg And Sennosides 8.6Mg,Senna-S,Walgreens,DOCUSATE SODIUM,50 mg/1,"CAPSULE, LIQUID FILLED",ORAL,UNKNOWN,CAT015,Others
MED025466,69145-201,Lidocaine,Desert Harvest Releveum,Desert Harvest Inc.,LIDOCAINE,40 mg/mL,CREAM,TOPICAL,Amide Local Anesthetic [EPC],CAT004,Pain Management
MED025584,0054-0334,Cevimeline Hydrochloride,Cevimeline Hydrochloride,Hikma Pharmaceuticals Usa Inc.,CEVIMELINE HYDROCHLORIDE,30 mg/1,CAPSULE,ORAL,Cholinergic Muscarinic Agonists [MoA],CAT005,Neurology
MED025587,0363-9026,Acetaminophen,Pain Reliever,Walgreens Co.,ACETAMINOPHEN,325 mg/1,"TABLET, FILM COATED",ORAL,UNKNOWN,CAT015,Others
MED025596,69423-542,Aluminum Zirconium Tetrachlorohydrex Gly,Old Spice High Endurance Pure Sport,The Procter & Gamble Manufacturing Company,ALUMINUM ZIRCONIUM TETRACHLOROHYDREX GLY,17 g/100g,STICK,TOPICAL,UNKNOWN,CAT015,Others
MED025598,69423-555,Salicylic Acid,First Aid Beauty Fab Pharma White Clay Acne Treatment,The Procter & Gamble Manufacturing Company,SALICYLIC ACID,2 g/100mL,DISC,TOPICAL,UNKNOWN,CAT015,Others
MED025616,69423-801,"Acetaminophen, Dextromethorphan Hbr, Doxylamine Succinate",Vicks Nyquil Ultra Concentrated Cold And Flu,The Procter & Gamble Manufacturing Company,ACETAMINOPHEN,325 mg/1,"CAPSULE, LIQUID FILLED",ORAL,Antihistamine [EPC],CAT006,Respiratory
MED025658,0363-9538,Acetaminophen,Acetaminophen,Walgreens,ACETAMINOPHEN,500 mg/1,TABLET,ORAL,UNKNOWN,CAT015,Others
MED025659,69483-006,Benzocaine,Dental City Topical Anesthetic,Icp Inc Dba Dental City,BENZOCAINE,200 mg/g,GEL,DENTAL,Allergens [CS],CAT006,Respiratory
MED025678,69555-500,Zinc Oxide,Stream2Sea Sport Lip Balm Spf 50,"Stream2Sea, Llc",ZINC OXIDE,20 g/100g,STICK,TOPICAL,Copper Absorption Inhibitor [EPC],CAT007,Gastrointestinal
MED025694,69625-496,"Avobenzone, Homosalate, Octisalate And Octocrylene",La Roche Posay Laboratoire Dermatologique Anthelios 60 Face Light Fluid Sunscreen Broad Spectrum Spf 60 Water Resistant 80 Minutes,Cosmetique Active Production,AVOBENZONE,30 mg/mL,LOTION,TOPICAL,UNKNOWN,CAT015,Others
MED025722,0363-9835,Diphenhydramine Hydrochloride,Diphenhydramine Hydrochloride,Walgreen Company,DIPHENHYDRAMINE HYDROCHLORIDE,25 mg/1,CAPSULE,ORAL,Histamine H1 Receptor Antagonists [MoA],CAT006,Respiratory
MED025763,69842-507,Lansoprazole,Lansoprazole,Cvs Pharmacy,LANSOPRAZOLE,15 mg/1,"TABLET, ORALLY DISINTEGRATING, DELAYED RELEASE",ORAL,Inhibition Gastric Acid Secretion [PE],CAT007,Gastrointestinal
MED025776,69842-725,Advanced Scar Gel,Cvs Health Advanced Scar Gel,Cvs Health,ALLANTOIN,5 mg/g,GEL,TOPICAL,UNKNOWN,CAT015,Others
MED025811,69945-098,Xenon,"Xenon, Xe-133",Curium Us Llc,XENON XE-133,10 mCi/mL,GAS,RESPIRATORY (INHALATION),Inhalation Diagnostic Agent [EPC],CAT014,Vitamins & Supplements
MED025828,69968-0511,Hydrocortisone,Aveeno Hydrocortisone Anti-Itch,Kenvue Brands Llc,HYDROCORTISONE,10 mg/g,CREAM,TOPICAL,Corticosteroid Hormone Receptor Agonists [MoA],CAT004,Pain Management
MED025833,69968-0571,"Avobenzone, Homosalate, Octisalate, And Octocrylene",Neutrogena Clear Face Breakout Free Oil Free Sunscreen Broad Spectrum Spf 30,Kenvue Brands Llc,AVOBENZONE,25 mg/mL,LOTION,TOPICAL,UNKNOWN,CAT015,Others
MED025855,69968-0903,Sodium Fluoride,Listerine Total Care Kids Anticavity Fluoride Rinse Bubble Blast,Kenvue Brands Llc,SODIUM FLUORIDE,.1 mg/mL,MOUTHWASH,ORAL,UNKNOWN,CAT015,Others
MED025859,0378-0633,Iloperidone,Iloperidone,Mylan Pharmaceuticals Inc.,ILOPERIDONE,6 mg/1,TABLET,ORAL,Atypical Antipsychotic [EPC],CAT005,Neurology
MED025866,70000-0035,Aspirin,Aspirin Regular Strength,"Cardinal Health 110, Llc. Dba Leader",ASPIRIN,325 mg/1,"TABLET, DELAYED RELEASE",ORAL,Anti-Inflammatory Agents,CAT004,Pain Management
MED025883,70000-0345,Nicotine Polacrilex,Nicotine Polacrilex Original,"Cardinal Health 110, Llc. Dba Leader 70000",NICOTINE,2 mg/1,"GUM, CHEWING",BUCCAL,Cholinergic Nicotinic Agonist [EPC],CAT005,Neurology
MED025896,70000-0635,Mometasone Furoate,Leader Allergy Nasal,"Cardinal Health 110, Llc. Dba Leader",MOMETASONE FUROATE MONOHYDRATE,50 ug/1,"SPRAY, METERED",NASAL,Corticosteroid Hormone Receptor Agonists [MoA],CAT004,Pain Management
MED025921,70010-137,Naproxen,Naproxen,Granules Pharmaceuticals Inc.,NAPROXEN,250 mg/1,TABLET,ORAL,Anti-Inflammatory Agents,CAT004,Pain Management
MED025940,70060-1510,Zinc Oxide,Radiant Shield Tinted Mineral Sunscreen Spf 40,"Cosmedical Technologies, Llc",ZINC OXIDE,170 mg/mL,CREAM,TOPICAL,Copper Absorption Inhibitor [EPC],CAT007,Gastrointestinal
MED025943,70069-027,Buprenorphine Hydrochloride,Buprenorphine Hydrochloride,"Somerset Therapeutics, Llc",BUPRENORPHINE HYDROCHLORIDE,.324 mg/mL,INJECTION,INTRAMUSCULAR,Partial Opioid Agonist [EPC],CAT004,Pain Management
MED025944,70069-072,Naloxone Hydrochloride,Naloxone Hydrochloride,"Somerset Therapeutics, Llc",NALOXONE HYDROCHLORIDE,.4 mg/mL,"INJECTION, SOLUTION",INTRAMUSCULAR,Opioid Antagonist [EPC],CAT004,Pain Management
MED025949,70069-687,Ofloxacin,Ofloxacin,"Somerset Therapeutics, Llc",OFLOXACIN,3 mg/mL,SOLUTION/ DROPS,AURICULAR (OTIC),Quinolone Antimicrobial [EPC],CAT001,Antibiotics
MED025951,70069-696,Timolol Hemihydrate,Timolol Hemihydrate,"Somerset Therapeutics, Llc",TIMOLOL ANHYDROUS,5 mg/mL,SOLUTION/ DROPS,OPHTHALMIC,Adrenergic beta-Antagonists [MoA],CAT003,Diabetes
MED025968,70108-113,"Avobenzone, Homosalate, Octisalate, Octocrylene",Smart Care Sport Ultra Clear Sunscreen Spf 50,Ashtel Studios Inc.,AVOBENZONE,2.7 g/100g,SPRAY,TOPICAL,UNKNOWN,CAT015,Others
MED025988,0378-3950,Atorvastatin Calcium,Atorvastatin Calcium,Mylan Pharmaceuticals Inc.,ATORVASTATIN CALCIUM TRIHYDRATE,10 mg/1,"TABLET, FILM COATED",ORAL,HMG-CoA Reductase Inhibitor [EPC],CAT003,Diabetes
MED026017,70377-047,Pravastatin Sodium,Pravastatin Sodium,Biocon Pharma Inc.,PRAVASTATIN SODIUM,40 mg/1,TABLET,ORAL,HMG-CoA Reductase Inhibitor [EPC],CAT003,Diabetes
MED026023,70377-112,Everolimus,Everolimus,Biocon Pharma Inc.,EVEROLIMUS,1 mg/1,TABLET,ORAL,Cytochrome P450 2D6 Inhibitors [MoA],CAT014,Vitamins & Supplements
MED026030,70436-014,Olmesartan Medoxomil And Amlodipine Besylate And Hydrochlorothiazide,Olmesartan Medoxomil And Amlodipine Besylate And Hydrochlorothiazide,"Slate Run Pharmaceuticals, Llc",AMLODIPINE BESYLATE,5 mg/1,"TABLET, FILM COATED",ORAL,Angiotensin 2 Receptor Antagonists [MoA],CAT003,Diabetes
MED026064,70518-0445,Lorazepam,Lorazepam,Remedyrepack Inc.,LORAZEPAM,2 mg/1,TABLET,ORAL,Benzodiazepine [EPC],CAT005,Neurology
MED026078,70518-1599,Haloperidol,Haloperidol,Remedyrepack Inc.,HALOPERIDOL,10 mg/1,TABLET,ORAL,Typical Antipsychotic [EPC],CAT005,Neurology
MED026086,70518-1880,Cefdinir,Cefdinir,Remedyrepack Inc.,CEFDINIR,300 mg/1,CAPSULE,ORAL,Cephalosporin Antibacterial [EPC],CAT001,Antibiotics
MED026093,70518-2048,Epinephrine,Epinephrine,Remedyrepack Inc.,EPINEPHRINE,.3 mg/.3mL,INJECTION,SUBCUTANEOUS,Adrenergic alpha-Agonists [MoA],CAT003,Diabetes
MED026113,70518-2640,Oxybutynin Chloride,Oxybutynin Chloride,Remedyrepack Inc.,OXYBUTYNIN CHLORIDE,5 mg/1,TABLET,ORAL,Cholinergic Muscarinic Antagonist [EPC],CAT005,Neurology
MED026145,70518-3683,Divalproex Sodium,Divalproex Sodium,Remedyrepack Inc.,DIVALPROEX SODIUM,125 mg/1,"TABLET, DELAYED RELEASE",ORAL,Anti-epileptic Agent [EPC],CAT005,Neurology
MED026153,70518-3886,Amoxicillin,Amoxicillin,Remedyrepack Inc.,AMOXICILLIN,500 mg/1,"TABLET, FILM COATED",ORAL,Penicillin-class Antibacterial [EPC],CAT001,Antibiotics
MED026172,70518-4197,Enalapril Maleate,Enalapril Maleate,Remedyrepack Inc.,ENALAPRIL MALEATE,10 mg/1,TABLET,ORAL,Angiotensin Converting Enzyme Inhibitor [EPC],CAT003,Diabetes
MED026211,70518-4533,Metoprolol Succinate,Metoprolol Succinate,Remedyrepack Inc.,METOPROLOL SUCCINATE,100 mg/1,"TABLET, FILM COATED, EXTENDED RELEASE",ORAL,Adrenergic beta-Antagonists [MoA],CAT003,Diabetes
MED026258,0395-2325,Povidone Iodine 10%,Humco Povidone Iodine,"Humco Holding Group, Inc.",POVIDONE-IODINE,100 mg/mL,LIQUID,TOPICAL,UNKNOWN,CAT015,Others
MED026266,70677-1291,Guaifenesin,Foster And Thrive Mucus Relief,Strategic Sourcing Services Llc,GUAIFENESIN,600 mg/1,"TABLET, MULTILAYER, EXTENDED RELEASE",ORAL,Decreased Respiratory Secretion Viscosity [PE],CAT006,Respiratory
MED026283,70707-157,Benzoyl Peroxide,Face Reality 5% Advanced Acne Med,Face Reality,BENZOYL PEROXIDE,50 mg/mL,CREAM,TOPICAL,UNKNOWN,CAT015,Others
MED026295,70710-1129,Chlorpromazine Hydrochloride,Chlorpromazine Hydrochloride,Zydus Pharmaceuticals (Usa) Inc.,CHLORPROMAZINE HYDROCHLORIDE,10 mg/1,"TABLET, FILM COATED",ORAL,Phenothiazine [EPC],CAT005,Neurology
MED026336,70748-127,Varenicline,Varenicline,"Lupin Pharmaceuticals, Inc.",VARENICLINE TARTRATE,.5 mg/1,"TABLET, FILM COATED",ORAL,Cholinergic Agonists [MoA],CAT005,Neurology
MED026353,70756-250,Atorvastatin Calcium,Atorvastatin Calcium,Lifestar Pharma Llc,ATORVASTATIN CALCIUM TRIHYDRATE,80 mg/1,"TABLET, FILM COATED",ORAL,HMG-CoA Reductase Inhibitor [EPC],CAT003,Diabetes
MED026375,70771-1177,Amitriptyline Hydrochloride,Amitriptyline Hydrochloride,Zydus Lifesciences Limited,AMITRIPTYLINE HYDROCHLORIDE,100 mg/1,"TABLET, FILM COATED",ORAL,Tricyclic Antidepressant [EPC],CAT005,Neurology
MED026381,70771-1367,Nifedipine,Nifedipine,Zydus Lifesciences Limited,NIFEDIPINE,90 mg/1,"TABLET, EXTENDED RELEASE",ORAL,Calcium Channel Antagonists [MoA],CAT003,Diabetes
MED026412,70771-1850,Zinc Sulfate,Zinc Sulfate,Zydus Lifesciences Limited,ZINC SULFATE,5 mg/mL,"INJECTION, SOLUTION",INTRAVENOUS,Copper Absorption Inhibitor [EPC],CAT007,Gastrointestinal
MED026419,70793-034,Zinc Oxide,Absolutely Natural Broad Spectrum Spf 50Plus Sunscreen,Absolutely Natural,ZINC OXIDE,24 g/100mL,LOTION,TOPICAL,UNKNOWN,CAT015,Others
MED026432,70954-016,Thiothixene,Thiothixene,"Ani Pharmaceuticals, Inc.",THIOTHIXENE,5 mg/1,CAPSULE,ORAL,Typical Antipsychotic [EPC],CAT005,Neurology
MED026433,70954-076,Meloxicam,Meloxicam,"Ani Pharmaceuticals, Inc.",MELOXICAM,5 mg/1,CAPSULE,ORAL,Anti-Inflammatory Agents,CAT004,Pain Management
MED026445,70970-008,Sodium Chloride,Ohtrust Artifical Eyedrop,"Nanoplus Technology Co., Limited",SODIUM CHLORIDE,9 mg/mL,LIQUID,OPHTHALMIC,UNKNOWN,CAT015,Others
MED026490,71205-128,Montelukast,Montelukast Sodium,Proficient Rx Lp,MONTELUKAST SODIUM,5 mg/1,"TABLET, CHEWABLE",ORAL,Leukotriene Receptor Antagonist [EPC],CAT006,Respiratory
MED026558,71209-010,Glyburide,Glyburide,Cadila Pharmaceuticals Limited,GLYBURIDE,2.5 mg/1,TABLET,ORAL,Sulfonylurea Compounds [CS],CAT002,Cardiovascular
MED026562,71212-100,Ethanol,Chemstation E3 Hand Sanitizer,Chemstation,ALCOHOL,710 g/L,LIQUID,TOPICAL,UNKNOWN,CAT015,Others
MED026657,71335-1093,Gabapentin,Gabapentin,Bryant Ranch Prepack,GABAPENTIN,300 mg/1,CAPSULE,ORAL,Decreased Central Nervous System Disorganized Electrical Activity [PE],CAT005,Neurology
MED026672,71335-1338,Venlafaxine Hydrochloride,Venlafaxine Hydrochloride,Bryant Ranch Prepack,VENLAFAXINE HYDROCHLORIDE,75 mg/1,"CAPSULE, EXTENDED RELEASE",ORAL,Norepinephrine Uptake Inhibitors [MoA],CAT005,Neurology
MED026683,71335-1492,Oxycodone And Acetaminophen,Oxycodone And Acetaminophen,Bryant Ranch Prepack,ACETAMINOPHEN,325 mg/1,TABLET,ORAL,Full Opioid Agonists [MoA],CAT004,Pain Management
MED026691,71335-1672,Duloxetine,Duloxetine,Bryant Ranch Prepack,DULOXETINE HYDROCHLORIDE,30 mg/1,"CAPSULE, DELAYED RELEASE",ORAL,Norepinephrine Uptake Inhibitors [MoA],CAT005,Neurology
MED026724,0409-1304,Hydromorphone Hydrochloride,Hydromorphone Hydrochloride,"Hospira, Inc.",HYDROMORPHONE HYDROCHLORIDE,4 mg/mL,"INJECTION, SOLUTION",INTRAMUSCULAR,Full Opioid Agonists [MoA],CAT004,Pain Management
MED026785,71335-2652,Bupropion Hydrochloride,Bupropion Hydrochloride,Bryant Ranch Prepack,BUPROPION HYDROCHLORIDE,100 mg/1,"TABLET, FILM COATED",ORAL,Aminoketone [EPC],CAT005,Neurology
MED026794,71335-2740,Hydrocodone Bitartrate And Acetaminophen,Hydrocodone Bitartrate And Acetaminophen,Bryant Ranch Prepack,ACETAMINOPHEN,325 mg/1,TABLET,ORAL,Opioid Agonist [EPC],CAT004,Pain Management
MED026802,71335-2849,Folic Acid,Folic Acid,Bryant Ranch Prepack,FOLIC ACID,1 mg/1,TABLET,ORAL,UNKNOWN,CAT015,Others
MED026810,0409-2344,Dobutamine,Dobutamine,"Hospira, Inc.",DOBUTAMINE HYDROCHLORIDE,12.5 mg/mL,"INJECTION, SOLUTION, CONCENTRATE",INTRAVENOUS,Adrenergic beta-Agonists [MoA],CAT003,Diabetes
MED026880,71610-063,Carvedilol,Carvedilol,"Aphena Pharma Solutions - Tennessee, Llc",CARVEDILOL,6.25 mg/1,"TABLET, FILM COATED",ORAL,Adrenergic alpha-Antagonists [MoA],CAT003,Diabetes
MED026905,71610-557,Lithium Carbonate,Lithium Carbonate,"Aphena Pharma Solutions - Tennessee, Llc",LITHIUM CARBONATE,300 mg/1,CAPSULE,ORAL,Mood Stabilizer [EPC],CAT005,Neurology
MED026939,71610-878,Doxazosin,Doxazosin,"Aphena Pharma Solutions - Tennessee, Llc",DOXAZOSIN MESYLATE,8 mg/1,TABLET,ORAL,Adrenergic alpha-Antagonists [MoA],CAT003,Diabetes
MED026979,71770-200,Sodium Phenylbutyrate,Pheburane,Medunik Usa,UNKNOWN,UNKNOWN,KIT,UNKNOWN,UNKNOWN,CAT015,Others
MED026981,71804-534,Salicylic Acid,Mdacne Customized Acne Cleanser Hydrating Salicylic Acid,Mdalgorithms Inc,SALICYLIC ACID,5 mg/mL,CREAM,TOPICAL,UNKNOWN,CAT015,Others
MED026984,71811-009,Lidocaine,Maximum Strength 4% Lidocaine Patch Healtha2Z,Intermed Laboratories Private Limited,LIDOCAINE,40 mg/1,PATCH,TOPICAL,Amide Local Anesthetic [EPC],CAT004,Pain Management
MED027031,71881-400,"Fecal Microbiota Spores, Live-Brpk",Vowst,"Aimmune Therapeutics, Inc.",DONOR HUMAN STOOL SPORES (ETHANOL TREATED),30000000 [CFU]/1,CAPSULE,ORAL,UNKNOWN,CAT015,Others
MED027045,71919-817,Helleborus Niger Root,Helleborus Niger,Washington Homeopathic Products,HELLEBORUS NIGER ROOT,30 [hp_C]/1,PELLET,ORAL,UNKNOWN,CAT015,Others
MED027053,71930-045,Oxycodone And Acetaminophen,Oxycodone And Acetaminophen,Eywa Pharma Inc,ACETAMINOPHEN,325 mg/1,TABLET,ORAL,Full Opioid Agonists [MoA],CAT004,Pain Management
MED027060,71971-9216,"Arnica Montana, Ferrum Phosphoricum, Hypericum Perforatum, Thuja Occidentalis, Ledum Palustre",Kids Relief,Homeolab International (Canada) Inc,ARNICA MONTANA,8 [hp_X]/25mL,LIQUID,ORAL,UNKNOWN,CAT015,Others
MED027083,72090-010,Fexofenadine Hydrochloride,Fexofenadine Hydrochloride,"Pioneer Life Sciences, Llc",FEXOFENADINE HYDROCHLORIDE,180 mg/1,TABLET,ORAL,Histamine H1 Receptor Antagonists [MoA],CAT006,Respiratory
MED027140,0480-2045,Vilazodone Hydrochloride,Vilazodone Hydrochloride,"Teva Pharmaceuticals, Inc.",VILAZODONE HYDROCHLORIDE,10 mg/1,"TABLET, FILM COATED",ORAL,UNKNOWN,CAT015,Others
MED027155,72162-2086,Methylphenidate Hydrochloride,Methylphenidate Hydrochloride,Bryant Ranch Prepack,METHYLPHENIDATE HYDROCHLORIDE,10 mg/1,TABLET,ORAL,Central Nervous System Stimulant [EPC],CAT005,Neurology
MED027177,72162-2296,"Adapalene And Benzoyl Peroxide Gel, 0.1%/2.5%","Adapalene And Benzoyl Peroxide Gel, 0.1%/2.5%",Bryant Ranch Prepack,ADAPALENE,1 mg/g,GEL,TOPICAL,Retinoid [EPC],CAT008,Dermatology
MED027221,72189-149,Fluconazole,Fluconazole,Direct Rx,FLUCONAZOLE,150 mg/1,TABLET,ORAL,Azole Antifungal [EPC],CAT001,Antibiotics
MED027235,72189-352,Hydrocodone Apap,Hydrocodone Apap,Direct_Rx,ACETAMINOPHEN,325 mg/1,TABLET,ORAL,Opioid Agonist [EPC],CAT004,Pain Management
MED027236,72189-356,Chlorthalidone,Chlorthalidone,Direct_Rx,CHLORTHALIDONE,25 mg/1,TABLET,ORAL,Increased Diuresis [PE],CAT003,Diabetes
MED027307,0485-0151,"Methenamine, Sodium Phosphate, Monobasic, Methylene Blue, And Hyoscyamine Sulfate",Urogesic Blue,"Edwards Pharmaceuticals, Inc.",HYOSCYAMINE SULFATE,.12 mg/1,"TABLET, COATED",ORAL,Increased Large Intestinal Motility [PE],CAT007,Gastrointestinal
MED027340,72288-384,Dextromethorphan Polistirex,Basic Care Cough Dm,Amazon.Com Services Llc,DEXTROMETHORPHAN HYDROBROMIDE,30 mg/5mL,SUSPENSION,ORAL,Sigma-1 Agonist [EPC],CAT005,Neurology
MED027354,72288-932,"Avobenzone, Homosalate, Octisalate",Sheer Touch Sunscreen Spf 30,Amazon.Com Services Llc,AVOBENZONE,30 mg/mL,LOTION,TOPICAL,UNKNOWN,CAT015,Others
MED027373,72344-116,Homosalate 10.00% Octocrylene 6.00% Avobenzone 3.00%,Surface Sun Spf 50 Dry Touch Fragrance Free,Surface Products Corp,AVOBENZONE,3 g/100mL,LOTION,TOPICAL,UNKNOWN,CAT015,Others
MED027383,72444-0201,Zinc Oxide,Crunchi Sunlight Body Sunscreen Spf 30,"Crunchi, Llc.",ZINC OXIDE,125 mg/mL,LIQUID,TOPICAL,Copper Absorption Inhibitor [EPC],CAT007,Gastrointestinal
MED027453,73487-008,Chloroxylenol,Power Force Antibacterial Handsoap Green Apple Scent,Korex Chicago Llc,CHLOROXYLENOL,.3 g/100mL,LIQUID,TOPICAL,UNKNOWN,CAT015,Others
MED027488,73656-003,Sodium Monofluorophosphate,White Glo Micellar,White Glo Usa Inc,UNKNOWN,UNKNOWN,KIT,UNKNOWN,UNKNOWN,CAT015,Others
MED027524,74307-302,Aluminum Sesquichlorohydrate,Underarmplus Illuminating Citrus Glow,"Clutch, Inc",ALUMINUM SESQUICHLOROHYDRATE,15 g/100g,STICK,TOPICAL,UNKNOWN,CAT015,Others
MED027546,75065-032,Sodium Fluoride,Made By Dentists For Kids Fluoride Anticavity Bamboolicious (Bubblegum),Made By Dentists Inc.,SODIUM FLUORIDE,1.5 mg/g,PASTE,DENTAL,UNKNOWN,CAT015,Others
MED027574,75834-122,Acyclovir,Acyclovir,"Nivagen Pharmaceuticals, Inc.",ACYCLOVIR,400 mg/1,TABLET,ORAL,DNA Polymerase Inhibitors [MoA],CAT012,Ophthalmology
MED027586,75907-004,Liothyronine Sodium,Liothyronine Sodium,Dr. Reddy'S Labratories Inc.,LIOTHYRONINE SODIUM,50 ug/1,TABLET,ORAL,Triiodothyronine [CS],CAT009,Oncology
MED027601,75929-273,Brexpiprazole,Rexulti,"Pharma Packaging Solutions, Llc Dba Tjoapack Llc",BREXPIPRAZOLE,2 mg/1,TABLET,ORAL,Atypical Antipsychotic [EPC],CAT005,Neurology
MED027623,76162-029,Magnesium Sulfate,Epsom Salt,Topco Associates Llc,MAGNESIUM SULFATE HEPTAHYDRATE,1 g/g,"GRANULE, FOR SOLUTION",ORAL,Calculi Dissolution Agent [EPC],CAT007,Gastrointestinal
MED027684,76354-131,"Homosalate, Octisalate, Avobenzone",Naturium Dew Glow Tinted Moisturizer Spf50,"E.L.F. Cosmetics, Inc.",AVOBENZONE,3 g/50mL,LOTION,TOPICAL,UNKNOWN,CAT015,Others
MED027699,76354-530,"Zinc Oxide, Titanium Dioxide, Homosalate, Octisalate, Octocrylene",E L F Camo Semi Matte Cc Spf 30 Fair 100 W,"E.L.F. Cosmetics, Inc.",HOMOSALATE,50 mg/g,CREAM,TOPICAL,Copper Absorption Inhibitor [EPC],CAT007,Gastrointestinal
MED027764,76420-653,Alprazolam,Alprazolam,"Asclemed Usa, Inc.",ALPRAZOLAM,2 mg/1,"TABLET, EXTENDED RELEASE",ORAL,Benzodiazepine [EPC],CAT005,Neurology
MED027805,76472-3006,Sodium Borate,Borax 200Ck,Sevene Usa,SODIUM BORATE,200 [kp_C]/1,PELLET,SUBLINGUAL,UNKNOWN,CAT015,Others
MED027828,76961-101,Eflapegrastim-Xnst,Rolvedon,"Spectrum Pharmaceuticals, Inc.",EFLAPEGRASTIM,13.2 mg/.6mL,"INJECTION, SOLUTION",SUBCUTANEOUS,Granulocyte Colony-Stimulating Factor [CS],CAT010,Allergy
MED027882,79378-111,Maralixibat Chloride,Livmarli,Mirum Pharmaceuticals Inc.,MARALIXIBAT CHLORIDE,19 mg/mL,SOLUTION,ORAL,Ileal Bile Acid Transporter Inhibitor [EPC],CAT007,Gastrointestinal
MED027895,79481-0989,Lidocaine 4%,Meijer Pain Relief,Meijer,LIDOCAINE,4 g/100g,LIQUID,TOPICAL,Amide Local Anesthetic [EPC],CAT004,Pain Management
MED027924,0591-5714,Amoxapine,Amoxapine,"Actavis Pharma, Inc.",AMOXAPINE,50 mg/1,TABLET,ORAL,Tricyclic Antidepressant [EPC],CAT005,Neurology
MED027929,79903-122,"Acetaminophen, Dextromethorphan Hydrobromide, Doxylamine Succinate, Phenylephrine Hydrochloride",Equate Nighttime Cold And Flu,Walmart Inc.,ACETAMINOPHEN,325 mg/15mL,SOLUTION,ORAL,Adrenergic alpha1-Agonists [MoA],CAT003,Diabetes
MED027934,0597-0024,Ipratropium Bromide And Albuterol,Combivent Respimat,"Boehringer Ingelheim Pharmaceuticals, Inc.",ALBUTEROL SULFATE,100 ug/1,"SPRAY, METERED",RESPIRATORY (INHALATION),Adrenergic beta2-Agonists [MoA],CAT003,Diabetes
MED027943,79903-233,20% Benzocaine And 3% Resorcinol Cream,Equate Vagicaine,Walmart Inc.,BENZOCAINE HYDROCHLORIDE,200 mg/g,CREAM,TOPICAL,Allergens [CS],CAT006,Respiratory
MED028026,0603-2433,Benztropine Mesylate,Benztropine Mesylate,"Endo Usa, Inc.",BENZTROPINE MESYLATE,.5 mg/1,TABLET,ORAL,Anticholinergic [EPC],CAT005,Neurology
MED028058,80603-103,Testosterone Undecanoate,Kyzatrex,Marius Pharmaceuticals,TESTOSTERONE UNDECANOATE,150 mg/1,"CAPSULE, LIQUID FILLED",ORAL,Androgen Receptor Agonists [MoA],CAT009,Oncology
MED028081,80725-142,Carvedilol,Coreg,Waylis Therapeutics Llc,CARVEDILOL,25 mg/1,"TABLET, FILM COATED",ORAL,Adrenergic alpha-Antagonists [MoA],CAT003,Diabetes
MED028108,81277-003,Aluminum Chlorohydrate,Brut Classic Antiperspirant And Deodorant,Sodalis Usa Llc,ALUMINUM CHLOROHYDRATE,20.9 g/100g,"AEROSOL, SPRAY",TOPICAL,UNKNOWN,CAT015,Others
MED028128,81522-192,Fexofenadine Hydrochloride,Allergy Relief,Fsa Store Inc.,FEXOFENADINE HYDROCHLORIDE,180 mg/1,TABLET,ORAL,Histamine H1 Receptor Antagonists [MoA],CAT006,Respiratory
MED028137,81665-109,Diethylpropion Hydrochloride,Diethylpropion Hydrochloride Er,Omnivium Pharmaceuticals Llc.,DIETHYLPROPION HYDROCHLORIDE,75 mg/1,"TABLET, EXTENDED RELEASE",ORAL,Appetite Suppression [PE],CAT005,Neurology
MED028151,81952-123,Enoxaparin Sodium,Enoxaparin Sodium,Hepalink Usa Inc.,ENOXAPARIN SODIUM,30 mg/.3mL,"INJECTION, SOLUTION",SUBCUTANEOUS,Heparin,CAT003,Diabetes
MED028181,82109-126,"Homosalate, Zinc Oxide",Positive Light Tinted Moisturizer Broad Spectrum Spf 20 Sunscreen 14W,"Rare Beauty, Llc",HOMOSALATE,65 mg/mL,LOTION,TOPICAL,UNKNOWN,CAT015,Others
MED028193,82141-2363,Titanium Dioxide,Toty Ilumina Cc Creamy Compact Refill 3N,Chipican Llc,TITANIUM DIOXIDE,10.4 g/100g,CREAM,TOPICAL,UNKNOWN,CAT015,Others
MED028206,0615-8421,Metoprolol,Metoprolol Tartrate,"Ncs Healthcare Of Ky, Llc Dba Vangard Labs",METOPROLOL TARTRATE,25 mg/1,TABLET,ORAL,Adrenergic beta-Antagonists [MoA],CAT003,Diabetes
MED028252,82560-283,Menthol,Amp Relief Pain Relief Cream,Coastal Formulas Llc,MENTHOL,80 mg/mL,CREAM,TOPICAL,UNKNOWN,CAT015,Others
MED028288,82711-106,"Xylitol, Calcium Lactate",Kids Oral Care Flavor Free,Toothfilm Inc.,CALCIUM LACTATE,.02 mg/20mg,SPRAY,DENTAL,Blood Coagulation Factor [EPC],CAT003,Diabetes
MED028308,82804-093,Valacyclovir Hydrochloride,Valacyclovir Hydrochloride,Proficient Rx Lp,VALACYCLOVIR HYDROCHLORIDE,1 g/1,"TABLET, FILM COATED",ORAL,DNA Polymerase Inhibitors [MoA],CAT012,Ophthalmology
MED028314,82804-163,"Acetaminophen, Aspirin And Caffeine",Extra Strength Pain Reliever,Proficient Rx Lp,ACETAMINOPHEN,250 mg/1,"TABLET, FILM COATED",ORAL,Anti-Inflammatory Agents,CAT004,Pain Management
MED028343,82868-089,Benazepril Hydrochloride,Benazepril Hydrochloride,"Northwind Health Company, Llc",BENAZEPRIL HYDROCHLORIDE,40 mg/1,"TABLET, COATED",ORAL,Angiotensin Converting Enzyme Inhibitor [EPC],CAT003,Diabetes
MED028363,82953-015,Alcohol,Hand Sanitizer 01,"Cosmuses Cosmetics (Ningbo) Co., Ltd.",ALCOHOL,62 mL/100mL,LIQUID,TOPICAL,UNKNOWN,CAT015,Others
MED028370,82968-005,Tadalafil,Tadalafil,Fourrts (India) Laboratories Private Limited,TADALAFIL,20 mg/1,"TABLET, FILM COATED",ORAL,Phosphodiesterase 5 Inhibitor [EPC],CAT003,Diabetes
MED028373,82969-1018,Kali Muriaticum,Bestmade Natural Products Kali Mur (Lactose-Free),Bestmade Natural Products,POTASSIUM CHLORIDE,6 [hp_X]/6[hp_X],TABLET,ORAL,Increased Large Intestinal Motility [PE],CAT007,Gastrointestinal
MED028417,82969-5019,Aurum Metallicum,Bestmade Natural Products Aurum Met,Bestmade Natural Products,GOLD,30 [hp_C]/30[hp_C],"TABLET, SOLUBLE",ORAL,Allergens [CS],CAT006,Respiratory
MED028440,82969-9025,"Nat Phos, Nat Sulph, Silicea",Bestmade Natural Products Bio25,Bestmade Natural Products,SILICA,6 [hp_X]/6[hp_X],LIQUID,ORAL,Increased Large Intestinal Motility [PE],CAT007,Gastrointestinal
MED028444,0641-6023,Famotidine,Famotidine,Hikma Pharmaceuticals Usa Inc.,FAMOTIDINE,10 mg/mL,INJECTION,INTRAVENOUS,Histamine H2 Receptor Antagonists [MoA],CAT006,Respiratory
MED028456,83004-038,Pramoxine Hydrochloride,Terramed Just Think Comfort Gynocare Bv Guard Intimate Wipes,Rida Llc,PRAMOXINE HYDROCHLORIDE,1 g/100mL,CLOTH,TOPICAL,UNKNOWN,CAT015,Others
MED028460,83005-0002,Zinc Oxide,Sqween Paint-On Sun Protection For Independent Kids Mineral Sunscreen Spf 30,Sqween Llc,ZINC OXIDE,150 mg/mL,CREAM,TOPICAL,Copper Absorption Inhibitor [EPC],CAT007,Gastrointestinal
MED028559,83324-142,Oxymetazoline Hydrochloride,Quality Choice No Drip Nasal Mist,Quality Choice (Chain Drug Marketing Association),OXYMETAZOLINE HYDROCHLORIDE,.05 g/100mL,SPRAY,NASAL,Imidazolines [CS],CAT005,Neurology
MED028569,83324-307,Menthol,Quality Choice Cough Drops Black Cherry Sugar Free,"Chain Drug Marketing Association, Inc.","MENTHOL, UNSPECIFIED FORM",5.8 mg/1,LOZENGE,ORAL,UNKNOWN,CAT015,Others
MED028580,83457-103,Adalimumab-Adaz,Hyrimoz,Cordavis Limited,ADALIMUMAB,40 mg/.8mL,"INJECTION, SOLUTION",SUBCUTANEOUS,Antibodies,CAT010,Allergy
MED028585,83564-110,Acellular Tissue Engineered Vessel,Symvess,"Humacyte Global, Inc.",ACELLULAR TISSUE ENGINEERED VESSEL,420 mm/1,IMPLANT,INTRAVASCULAR,UNKNOWN,CAT015,Others
MED028622,83711-130,Antiperspirant Stick,Suave Invisible Solid Antiperspirant Deodorant Cocoa Butter And Shea,"Suave Brands Co, Llc",ALUMINUM ZIRCONIUM TETRACHLOROHYDREX GLY,18.2 g/100g,STICK,TOPICAL,UNKNOWN,CAT015,Others
MED028635,83807-032,Lidocaine Hydrochloride,Everlit Care Products Burn Relief,Everlit Global Inc.,LIDOCAINE HYDROCHLORIDE,2 g/100mL,SPRAY,TOPICAL,Amide Local Anesthetic [EPC],CAT004,Pain Management
MED028650,83854-006,Bupivacaine Hydrochloride,Bupivacaine Hydrochloride,Anthea Pharma Private Limited,BUPIVACAINE HYDROCHLORIDE,5 mg/mL,"INJECTION, SOLUTION",PERINEURAL,Amide Local Anesthetic [EPC],CAT004,Pain Management
MED028656,83862-005,Zinc Oxide,Florida Glow Spf 30,Southeast Holdings Corp.,ZINC OXIDE,14.6 g/100mL,LOTION,TOPICAL,Copper Absorption Inhibitor [EPC],CAT007,Gastrointestinal
MED028658,83881-445,"Menthol 5%, Lidocaine 4%",Lidothol Es,Clinic Pharma,LIDOCAINE,.04 g/g,SYSTEM,TRANSDERMAL,Amide Local Anesthetic [EPC],CAT004,Pain Management
MED028683,84053-910,Phentermine Hydrochloride,Phentermine Hydrochloride,Martek Pharmacal Co.,PHENTERMINE HYDROCHLORIDE,30 mg/1,CAPSULE,ORAL,Appetite Suppression [PE],CAT005,Neurology
MED028691,84126-033,"Avobenzone, Homosalate, Octisalate, And Octocrylene",Olay Total Effects Advanced Facial Moisturizer With Sunscreen Broad Spectrum Spf 15 Fragrance-Free,The Procter & Gamble Manufacturing Company,AVOBENZONE,3 g/100mL,LOTION,TOPICAL,UNKNOWN,CAT015,Others
MED028712,84126-278,"Avobenzone, Homosalate, Octisalate, And Octocrylene",Olay Super Serum Body Broad Spectrum Spf 30,The Procter & Gamble Manufacturing Company,AVOBENZONE,3 g/100mL,LOTION,TOPICAL,UNKNOWN,CAT015,Others
MED028750,84185-102,Sodium Fluoride,Willo Bubble Twist,Willo 32 Inc,SODIUM FLUORIDE,1 mg/mL,"PASTE, DENTIFRICE",DENTAL,UNKNOWN,CAT015,Others
MED028752,84204-0002,"Homosalate, Octocrylene, Octisalate, Zinc Oxide",Black Girl Sunscreen Spf 50 Broad Spectrum,"Black Girl Sunscreen, Llc",HOMOSALATE,100 mg/mL,LOTION,TOPICAL,UNKNOWN,CAT015,Others
MED028785,84379-284,Diphenhydramine Hcl,Revasol Sleep Aid,Rnv Llc,DIPHENHYDRAMINE HCL,50 mg/30mL,LIQUID,ORAL,Histamine H1 Receptor Antagonists [MoA],CAT006,Respiratory
MED028799,84447-002,Sodium Chloride Tablet,Sodium Chloride,Belleview Bioscience Llc,SODIUM CHLORIDE,1000 mg/1,TABLET,ORAL,UNKNOWN,CAT015,Others
MED028810,84507-031,Shampoo,Gowilove Biotion Shampoo.,"Guangdong Miaolian Cosmetics Co., Ltd.",MELALEUCA ALTERNIFOLIA (TEA TREE) LEAF OIL,.001 mg/100mL,SHAMPOO,TOPICAL,UNKNOWN,CAT015,Others
MED028879,84958-001,"Octyl Methoxycinnamate, Zinc Oxide, Titanium Dioxide",Foundation Light Spectrum,"Guangzhou Bo Win Trade Co., Ltd.",OCTINOXATE,7.5 g/100g,LIQUID,TOPICAL,UNKNOWN,CAT015,Others
MED028924,85179-047,"Homosalate, Octocrylene, Octisalate, Avobenzone",Sugargirl Spf 30 Sunscreen Illuminating Stick Solar,I World Llc,AVOBENZONE,30 mg/g,STICK,TOPICAL,UNKNOWN,CAT015,Others
MED028947,85248-158,Menthol 5% Numbing,Dermfree Numbing,"Jiangxi Yudexi Pharmaceutical Co., Ltd",MENTHOL,5 g/100g,CREAM,TOPICAL,UNKNOWN,CAT015,Others
MED029041,85509-3008,Lidocaine,Lidocaine,Phoenix Rx Llc,LIDOCAINE,50 mg/g,OINTMENT,TOPICAL,Amide Local Anesthetic [EPC],CAT004,Pain Management
MED029097,85752-208,Zinc Oxide,Glow Up Ageless Daily Protection Sunscreen,"Clean Slate Skin & Body, Inc.",ZINC OXIDE,160 mg/g,CREAM,TOPICAL,UNKNOWN,CAT015,Others
MED029098,85766-005,Cephalexin,Cephalexin,Sportpharm Llc,CEPHALEXIN,250 mg/1,CAPSULE,ORAL,Cephalosporin Antibacterial [EPC],CAT001,Antibiotics
MED029105,85766-078,Amoxicillin And Clavulanate Potassium,Amoxicillin And Clavulanate Potassium,Sportpharm Llc,AMOXICILLIN,875 mg/1,"TABLET, FILM COATED",ORAL,Penicillin-class Antibacterial [EPC],CAT001,Antibiotics
MED029126,85782-013,Isopropyl Alcohol,Dark 6-Pack Hand Sanitizer,"Handetizer, Llc",ISOPROPYL ALCOHOL,72 mL/100mL,SPRAY,TOPICAL,UNKNOWN,CAT015,Others
MED029168,85861-205,Zinc Oxide,Total Body Block Sunscreen,Adr Suncare,ZINC OXIDE,200 mg/g,CREAM,TOPICAL,UNKNOWN,CAT015,Others
MED029213,87063-086,Levothyroxine Sodium,Levothyroxine Sodium,Asclemed Usa Inc.,LEVOTHYROXINE SODIUM,88 ug/1,TABLET,ORAL,Thyroxine [CS],CAT009,Oncology
MED029225,87092-001,Non-Nano Zinc Oxide 25%,Face And Body Sunscreen,"Guangzhou Shengyanghui Industrial Trading Co., Ltd",ZINC OXIDE,25 g/100g,CREAM,CUTANEOUS,UNKNOWN,CAT015,Others
MED029238,87204-164,Tolnaftate 1%,Flyleaf Fungal Nail Treatment,"Guangzhou Huixue Biotechnology Co., Ltd.",TOLNAFTATE,1 mg/15mL,LIQUID,TOPICAL,UNKNOWN,CAT015,Others
MED029243,87228-2010,Hydrocortisone 1%,Hydrocortisone,Pharmacy Choice Inc,HYDROCORTISONE,1 mg/100g,CREAM,TOPICAL,Corticosteroid Hormone Receptor Agonists [MoA],CAT004,Pain Management
MED029252,87247-422,Ethyl Alcohol,Bcbg Generation Hand Sanitizer Wild Watermelon Scent,Diamond Life Cosmetics Trading Fzco,ALCOHOL,70 mL/100mL,SPRAY,TOPICAL,UNKNOWN,CAT015,Others
MED029270,87276-003,Ivermectin,Ivometn Ivermectin Lice Treatment,"Shenzhen Zhenshangzekai Technology Co., Ltd.",IVERMECTIN,.5 g/100g,LOTION,TOPICAL,Antiparasitic [EPC],CAT001,Antibiotics
MED029271,87276-261,Salicylic Acid,Wart Remover,"Shenzhen Zhenshangzekai Technology Co., Ltd.",SALICYLIC ACID,10 g/100g,OINTMENT,TOPICAL,UNKNOWN,CAT015,Others
MED029280,87302-212,Ethyl Alcohol,Fresh Feels Hand Sanitizer Mist Cotton Candy Scent,Amber Glow Cosmetics Limited,ALCOHOL,70 mL/100mL,SPRAY,TOPICAL,UNKNOWN,CAT015,Others
MED029292,87420-977,Zinc Oxide,Steak N Shake Beef Tallow Sunscreen Spf 30,"Hrr Enterprises, Inc",ZINC OXIDE,225 mg/mL,CREAM,TOPICAL,Copper Absorption Inhibitor [EPC],CAT007,Gastrointestinal
MED029327,0904-6450,Isosorbide Mononitrate,Isosorbide Mononitrate,Major Pharmaceuticals,ISOSORBIDE MONONITRATE,60 mg/1,"TABLET, EXTENDED RELEASE",ORAL,Nitrate Vasodilator [EPC],CAT003,Diabetes
MED029328,87634-001,Salicylic Acid,Wart Remover,Dr.Ramay Beauty Science Inc,SALICYLIC ACID,20 g/100g,GEL,TOPICAL,UNKNOWN,CAT015,Others
MED029341,87827-001,"Ammonia Inhalant, Smelling Salts",Smelling Salts,"Shenzhen Leadtop E-Commerce Co.,Ltd.",AMMONIA,15 g/100g,INHALANT,RESPIRATORY (INHALATION),UNKNOWN,CAT015,Others
MED029358,98132-250,Salicylic Acid,Bareminerals Blemish Rescue Skin-Clearing Loose Foundation Deepest Deep 6C,Orveon Global Us Llc,SALICYLIC ACID,30 mg/6g,POWDER,TOPICAL,UNKNOWN,CAT015,Others
MED029591,0904-7162,Metformin Hydrochloride,Metformin Hydrochloride,Major Pharmaceuticals,METFORMIN HYDROCHLORIDE,500 mg/1,TABLET,ORAL,Biguanide [EPC],CAT002,Cardiovascular
MED029617,0904-7200,Lisinopril,Lisinopril,Major Pharmaceuticals,LISINOPRIL,40 mg/1,TABLET,ORAL,Angiotensin Converting Enzyme Inhibitor [EPC],CAT003,Diabetes
MED029756,0904-7416,Phenytoin Sodium,Phenytoin Sodium,Major Pharmaceuticals,PHENYTOIN SODIUM,100 mg/1,"CAPSULE, EXTENDED RELEASE",ORAL,Anti-epileptic Agent [EPC],CAT005,Neurology
MED030557,10157-1119,"Dimethicone, Octinoxate, And Octisalate",Blistex Medicated Lip Balm,Blistex Inc,DIMETHICONE,2 g/100g,STICK,TOPICAL,Skin Barrier Activity [PE],CAT008,Dermatology
MED030620,10210-0023,"Octinoxate, Oxybenzone, Petrolatum",Carmex Classic Lip Balm Medicated Spf 15,"Carma Laboratories, Inc.",OCTINOXATE,7.5 g/100g,SALVE,TOPICAL,UNKNOWN,CAT015,Others
MED030683,10237-001,Salicylic Acid,Hero Pore Release Blackhead Clearing,"Church & Dwight Co., Inc.",SALICYLIC ACID,20 mg/mL,LIQUID,TOPICAL,UNKNOWN,CAT015,Others
MED030933,10578-136,Menthol,Dr. Blue Painzaway Pain Relieving Roll-On,Indiana Botanic Gardens,MENTHOL,4.6 g/100g,LOTION,TOPICAL,UNKNOWN,CAT015,Others
MED031049,10702-185,Oxycodone And Acetaminophen,Oxycodone And Acetaminophen,"Kvk-Tech, Inc.",ACETAMINOPHEN,325 mg/1,TABLET,ORAL,Full Opioid Agonists [MoA],CAT004,Pain Management
MED031145,10742-1062,"Camphor, Eucalyptus Oil, Menthol",Mentholatum Soothing Vapor Rub Cherry,The Mentholatum Company,"CAMPHOR, (-)-",28 mg/g,OINTMENT,TOPICAL,UNKNOWN,CAT015,Others
MED031187,10742-4359,Salicylic Acid,Oxy 3 In 1 Acne Pads,The Mentholatum Company,SALICYLIC ACID,20 mg/1,SWAB,TOPICAL,UNKNOWN,CAT015,Others
MED031286,0074-8350,Risankizumab-Rzaa,Skyrizi,Abbvie Inc.,RISANKIZUMAB,180 mg/1.2mL,INJECTION,SUBCUTANEOUS,Interleukin-23 Antagonist [EPC],CAT010,Allergy
MED031358,70277-503,Pemigatinib,Pemigatinib,Lonza Tampa Llc,PEMIGATINIB,13.5 mg/1,TABLET,UNKNOWN,UNKNOWN,CAT015,Others
MED031458,11344-050,Povidone-Iodine,Povidone Iodine Solution First Aid Antiseptic,"Nice-Pak Products, Llc",POVIDONE-IODINE,10 mg/mL,SOLUTION,TOPICAL,UNKNOWN,CAT015,Others
MED031848,11673-748,Naproxen Sodium,Naproxen Sodium,Target Corporation,NAPROXEN SODIUM,220 mg/1,"CAPSULE, LIQUID FILLED",ORAL,Anti-Inflammatory Agents,CAT004,Pain Management
MED031905,11822-3470,Calcium Carbonate,Extra Strength Antacid Tropical Fruit,Rite Aid,CALCIUM CARBONATE,750 mg/1,TABLET,ORAL,Blood Coagulation Factor [EPC],CAT003,Diabetes
MED031957,13668-182,Rosuvastatin Calcium,Rosuvastatin Calcium,Torrent Pharmaceuticals Limited,ROSUVASTATIN CALCIUM,40 mg/1,"TABLET, COATED",ORAL,HMG-CoA Reductase Inhibitor [EPC],CAT003,Diabetes
MED031958,13668-202,Darifenacin,Darifenacin,Torrent Pharmaceuticals Limited,DARIFENACIN HYDROBROMIDE,7.5 mg/1,"TABLET, EXTENDED RELEASE",ORAL,Cholinergic Muscarinic Antagonist [EPC],CAT005,Neurology
MED031960,13668-285,Carbamazepine,Carbamazepine,Torrent Pharmaceuticals Limited,CARBAMAZEPINE,200 mg/1,"TABLET, EXTENDED RELEASE",ORAL,Cytochrome P450 1A2 Inducers [MoA],CAT014,Vitamins & Supplements
MED031965,0078-1028,Alpelisib,Vijoice,Novartis Pharmaceuticals Corporation,ALPELISIB,125 mg/1,TABLET,ORAL,UNKNOWN,CAT015,Others
MED031971,13668-661,Penciclovir,Penciclovir,Torrent Pharmaceuticals Limited,PENCICLOVIR,10 mg/g,CREAM,TOPICAL,DNA Polymerase Inhibitors [MoA],CAT012,Ophthalmology
MED032017,14335-341,Levoleucovorin Injection,Levoleucovorin Calcium,"Hainan Poly Pharm. Co., Ltd.",LEVOLEUCOVORIN CALCIUM,10 mg/1,"INJECTION, SOLUTION",INTRAVENOUS,Folate Analog [EPC],CAT012,Ophthalmology
MED032061,16103-399,Docusate Sodium 100Mg,Docusate Sodium,"Pharbest Pharmaceuticals, Inc.",DOCUSATE SODIUM,100 mg/1,CAPSULE,ORAL,UNKNOWN,CAT015,Others
MED032072,16571-661,Meclizine Hydrochloride,Meclizine Hydrochloride,"Rising Pharma Holdings, Inc.",MECLIZINE HYDROCHLORIDE,25 mg/1,TABLET,ORAL,Antiemetic [EPC],CAT007,Gastrointestinal
MED032097,16714-226,Losartan Potassium And Hydrochlorothiazide,Losartan Potassium And Hydrochlorothiazide,Northstar Rx Llc,HYDROCHLOROTHIAZIDE,12.5 mg/1,"TABLET, FILM COATED",ORAL,Angiotensin 2 Receptor Antagonists [MoA],CAT003,Diabetes
MED032106,16714-483,Clindamycin Palmitate Hydrochloride (Pediatric),Clindamycin Palmitate Hydrochloride (Pediatric),Northstar Rx Llc,CLINDAMYCIN PALMITATE HYDROCHLORIDE,75 mg/5mL,SOLUTION,ORAL,Decreased Sebaceous Gland Activity [PE],CAT008,Dermatology
MED032116,16714-885,Acyclovir,Acyclovir,Northstar Rx Llc,ACYCLOVIR,50 mg/g,OINTMENT,TOPICAL,DNA Polymerase Inhibitors [MoA],CAT012,Ophthalmology
MED032136,16729-288,Cisplatin,Cisplatin,Accord Healthcare Inc.,CISPLATIN,1 mg/mL,INJECTION,INTRAVENOUS,Platinum-based Drug [EPC],CAT012,Ophthalmology
MED032143,16729-443,Bupropion Hydrochloride,Bupropion Hydrochloride,Accord Healthcare Inc.,BUPROPION HYDROCHLORIDE,150 mg/1,"TABLET, EXTENDED RELEASE",ORAL,Aminoketone [EPC],CAT005,Neurology
MED032144,16729-449,Levothyroxine Sodium,Levothyroxine Sodium,Accord Healthcare Inc.,LEVOTHYROXINE SODIUM,75 ug/1,TABLET,ORAL,Thyroxine [CS],CAT009,Oncology
MED032173,17856-0090,Finasteride,Finasteride,Atlantic Biologicals Corps,FINASTERIDE,5 mg/1,"TABLET, FILM COATED",ORAL,5-alpha Reductase Inhibitor [EPC],CAT009,Oncology
MED032194,21130-396,Ibuprofen,Ibuprofen,Better Living Brands Llc.,IBUPROFEN,200 mg/1,TABLET,ORAL,Anti-Inflammatory Agents,CAT004,Pain Management
MED032218,21130-898,Dimethicone,Oatmeal,"Better Living Brands, Llc",DIMETHICONE,13 mg/mL,LOTION,TOPICAL,Skin Barrier Activity [PE],CAT008,Dermatology
MED032220,21130-942,Pyrithione Zinc,2 In 1 Dandruff,"Better Living Brands, Llc",PYRITHIONE ZINC,10 mg/mL,SHAMPOO,TOPICAL,UNKNOWN,CAT015,Others
MED032230,21749-545,Benzalkonium Chloride,Signatry Antibacterial Plum Foam Handwash,"Gojo Industries, Inc.",BENZALKONIUM CHLORIDE,.5 mg/100mL,LIQUID,TOPICAL,UNKNOWN,CAT015,Others
MED032356,0093-8162,Quetiapine,Quetiapine,"Teva Pharmaceuticals Usa, Inc.",QUETIAPINE FUMARATE,100 mg/1,"TABLET, FILM COATED",ORAL,Atypical Antipsychotic [EPC],CAT005,Neurology
MED032410,23155-240,Metoclopramide Hydrochloride,Metoclopramide,Heritage Pharmaceuticals Inc. D/B/A Avet Pharmaceuticals Inc.,METOCLOPRAMIDE HYDROCHLORIDE,5 mg/mL,INJECTION,INTRAMUSCULAR,Dopamine D2 Antagonists [MoA],CAT005,Neurology
MED032446,24275-0185,Fludeoxyglucose F18,Fludeoxyglucose F18,Ucsf Radiopharmaceutical Facility,FLUDEOXYGLUCOSE F-18,300 mCi/mL,INJECTION,INTRAVENOUS,Radioactive Diagnostic Agent [EPC],CAT014,Vitamins & Supplements
MED032449,0113-0044,Acetaminophen,Good Sense Pain Relief,L. Perrigo Company,ACETAMINOPHEN,650 mg/1,"TABLET, FILM COATED, EXTENDED RELEASE",ORAL,UNKNOWN,CAT015,Others
MED032471,24385-606,Miconazole Nitrate,Good Neighbor Pharmacy Miconazole 3,Amerisource Bergen,UNKNOWN,UNKNOWN,KIT,UNKNOWN,UNKNOWN,CAT015,Others
MED032499,24979-723,Galantamine,Galantamine,"Upsher-Smith Laboratories, Llc",GALANTAMINE HYDROBROMIDE,8 mg/1,"TABLET, FILM COATED",ORAL,Cholinesterase Inhibitor [EPC],CAT005,Neurology
MED032500,24979-725,Anastrozole Tablets,Anastrozole,"Upsher-Smith Laboratories, Llc",ANASTROZOLE,1 mg/1,TABLET,ORAL,Aromatase Inhibitor [EPC],CAT009,Oncology
MED032541,27241-015,Montelukast Sodium,Montelukast Sodium,Ajanta Pharma Usa Inc.,MONTELUKAST SODIUM,4 mg/1,GRANULE,ORAL,Leukotriene Receptor Antagonist [EPC],CAT006,Respiratory
MED032545,27241-163,Captopril,Captopril,Ajanta Pharma Usa Inc.,CAPTOPRIL,100 mg/1,TABLET,ORAL,Angiotensin Converting Enzyme Inhibitor [EPC],CAT003,Diabetes
MED032564,27808-244,Lacosamide,Lacosamide,Tris Pharma Inc,LACOSAMIDE,100 mg/1,TABLET,ORAL,Decreased Central Nervous System Disorganized Electrical Activity [PE],CAT005,Neurology
MED032575,29300-136,Clonidine Hydrochloride,Clonidine Hydrochloride,"Unichem Pharmaceuticals (Usa), Inc.",CLONIDINE HYDROCHLORIDE,.2 mg/1,TABLET,ORAL,Adrenergic alpha2-Agonists [MoA],CAT003,Diabetes
MED032581,29300-287,Tadalafil,Tadalafil,"Unichem Pharmaceuticals (Usa), Inc.",TADALAFIL,5 mg/1,"TABLET, FILM COATED",ORAL,Phosphodiesterase 5 Inhibitor [EPC],CAT003,Diabetes
MED032601,30142-404,Diphenhydramine Hcl,Childrens Allergy Relief,Kroger Company,DIPHENHYDRAMINE HYDROCHLORIDE,12.5 mg/5mL,SOLUTION,ORAL,Histamine H1 Receptor Antagonists [MoA],CAT006,Respiratory
MED032617,0006-0005,Suvorexant,Belsomra,Merck Sharp & Dohme Llc,SUVOREXANT,5 mg/1,"TABLET, FILM COATED",ORAL,Cytochrome P450 3A Inhibitors [MoA],CAT014,Vitamins & Supplements
MED032642,31722-004,Venlafaxine Hydrochloride,Venlafaxine Hydrochloride,"Camber Pharmaceuticals, Inc.",VENLAFAXINE HYDROCHLORIDE,150 mg/1,"CAPSULE, EXTENDED RELEASE",ORAL,Norepinephrine Uptake Inhibitors [MoA],CAT005,Neurology
MED032656,31722-263,Erlotinib,Erlotinib,"Camber Pharmaceuticals, Inc.",ERLOTINIB HYDROCHLORIDE,25 mg/1,"TABLET, FILM COATED",ORAL,Kinase Inhibitor [EPC],CAT012,Ophthalmology
MED032672,31722-544,Lithium Carbonate,Lithium Carbonate,"Camber Pharmaceuticals, Inc.",LITHIUM CARBONATE,150 mg/1,CAPSULE,ORAL,Mood Stabilizer [EPC],CAT005,Neurology
MED032697,31722-892,"Olmesartan Medoxomil, Amlodipine And Hydrochlorothiazide","Olmesartan Medoxomil, Amlodipine And Hydrochlorothiazide","Camber Pharmaceuticals, Inc.",AMLODIPINE BESYLATE,5 mg/1,"TABLET, FILM COATED",ORAL,Angiotensin 2 Receptor Antagonists [MoA],CAT003,Diabetes
MED032711,33342-033,Pramipexole Dihydrochloride,Pramipexole Dihydrochloride,Macleods Pharmaceuticals Limited,PRAMIPEXOLE DIHYDROCHLORIDE,.5 mg/1,TABLET,ORAL,Dopamine Agonists [MoA],CAT005,Neurology
MED032723,33342-127,Aripiprazole,Aripiprazole,Macleods Pharmaceuticals Limited,ARIPIPRAZOLE,30 mg/1,TABLET,ORAL,Atypical Antipsychotic [EPC],CAT005,Neurology
MED032731,33342-249,Repaglinide,Repaglinide,Macleods Pharmaceuticals Limited,REPAGLINIDE,1 mg/1,TABLET,ORAL,Glinide [EPC],CAT002,Cardiovascular
MED032775,35324-274,Menthol,Arnimax Penetrating Pain Relief Gel,Wynnpharm Inc.,MENTHOL,30 mg/g,GEL,TOPICAL,UNKNOWN,CAT015,Others
MED032786,35573-468,"Dextroamphetamine Saccharate, Amphetamine Aspartate Monohydrate, Dextroamphetamine Sulfate, And Amphetamine Sulfate","Dextroamphetamine Saccharate, Amphetamine Aspartate Monohydrate, Dextroamphetamine Sulfate, And Amphetamine Sulfate","Burel Pharmaceuticals, Llc",AMPHETAMINE ASPARTATE MONOHYDRATE,6.25 mg/1,"CAPSULE, EXTENDED RELEASE",ORAL,Central Nervous System Stimulant [EPC],CAT005,Neurology
MED032791,35916-1936,Sennosides,Sennosides,Softgel Healthcare Pvt Ltd,SENNOSIDES,8.6 mg/1,"CAPSULE, LIQUID FILLED",ORAL,UNKNOWN,CAT015,Others
MED032801,36800-141,Famotidine,Topcare Acid Reducer,Topco Associates Llc,FAMOTIDINE,10 mg/1,"TABLET, FILM COATED",ORAL,Histamine H2 Receptor Antagonists [MoA],CAT006,Respiratory
MED032806,0116-1221,Chlorhexidine Gluconate 4%,Foster And Thrive,"Xttrium Laboratories, Inc.",CHLORHEXIDINE GLUCONATE,4 g/100mL,SOLUTION,TOPICAL,Decreased Cell Wall Integrity [PE],CAT001,Antibiotics
MED032858,0121-0820,Theophylline,Theophylline,"Pai Holdings, Llc Dba Pai Pharma",THEOPHYLLINE,80 mg/15mL,SOLUTION,ORAL,Methylxanthine [EPC],CAT006,Respiratory
MED032885,37662-0376,China Officinalis,China Officinalis,"Hahnemann Laboratories, Inc.",CINCHONA OFFICINALIS BARK,6 [hp_C]/1,PELLET,ORAL,UNKNOWN,CAT015,Others
MED032906,37662-0554,Copaiva Officinalis,Copaiva Officinalis,"Hahnemann Laboratories, Inc.",COPAIFERA OFFICINALIS RESIN,6 [hp_C]/1,PELLET,ORAL,UNKNOWN,CAT015,Others
MED032912,37662-0572,Cryptomeria Japonica,Cryptomeria Japonica,"Hahnemann Laboratories, Inc.",CRYPTOMERIA JAPONICA WHOLE,30 [hp_C]/1,PELLET,ORAL,UNKNOWN,CAT015,Others
MED032913,37662-0589,Cuprum Aceticum,Cuprum Aceticum,"Hahnemann Laboratories, Inc.",CUPRIC ACETATE,100 [hp_C]/1,PELLET,ORAL,UNKNOWN,CAT015,Others
MED032925,37662-0719,Ferrum Muriaticum,Ferrum Muriaticum,"Hahnemann Laboratories, Inc.",FERRIC CHLORIDE,12 [hp_C]/1,PELLET,ORAL,Iron [CS],CAT013,Vaccines & Biologics
MED032938,37662-0825,Euphrasia Officinalis,Euphrasia Officinalis,"Hahnemann Laboratories, Inc.",EUPHRASIA STRICTA,6 [hp_C]/1,PELLET,ORAL,UNKNOWN,CAT015,Others
MED032943,37662-0845,Ferrum Sulphuricum,Ferrum Sulphuricum,"Hahnemann Laboratories, Inc.",FERROUS SULFATE,30 [hp_C]/1,PELLET,ORAL,UNKNOWN,CAT015,Others
MED032944,37662-0863,Kali Aceticum,Kali Aceticum,"Hahnemann Laboratories, Inc.",POTASSIUM ACETATE,200 [hp_C]/1,PELLET,ORAL,Increased Large Intestinal Motility [PE],CAT007,Gastrointestinal
MED032969,37662-1114,Natrum Nitricum,Natrum Nitricum,"Hahnemann Laboratories, Inc.",SODIUM NITRATE,1 [hp_M]/1,PELLET,ORAL,UNKNOWN,CAT015,Others
MED032973,37662-1157,Natrum Fluoratum,Natrum Fluoratum,"Hahnemann Laboratories, Inc.",SODIUM FLUORIDE,100 [hp_C]/1,PELLET,ORAL,UNKNOWN,CAT015,Others
MED032976,37662-1191,Nuphar Luteum,Nuphar Luteum,"Hahnemann Laboratories, Inc.",NUPHAR LUTEUM ROOT,1 [hp_Q]/1,PELLET,ORAL,UNKNOWN,CAT015,Others
MED033042,37662-1778,Lycopodium Clavatum,Lycopodium Clavatum,"Hahnemann Laboratories, Inc.",LYCOPODIUM CLAVATUM SPORE,30 [hp_C]/1,PELLET,ORAL,UNKNOWN,CAT015,Others
MED033046,37662-1795,Mercurius Corrosivus,Mercurius Corrosivus,"Hahnemann Laboratories, Inc.",MERCURIC CHLORIDE,12 [hp_C]/1,PELLET,ORAL,UNKNOWN,CAT015,Others
MED033066,37662-1988,Oleander,Oleander,"Hahnemann Laboratories, Inc.",NERIUM OLEANDER LEAF,100 [hp_C]/1,PELLET,ORAL,UNKNOWN,CAT015,Others
MED033075,37662-2036,Pix Liquida,Pix Liquida,"Hahnemann Laboratories, Inc.",PINE TAR,30 [hp_C]/1,PELLET,ORAL,UNKNOWN,CAT015,Others
MED033078,37662-2049,Ruthenium,Ruthenium,"Hahnemann Laboratories, Inc.",RUTHENIUM,1 [hp_M]/1,PELLET,ORAL,UNKNOWN,CAT015,Others
MED033088,37662-2142,Zincum Metallicum,Zincum Metallicum,"Hahnemann Laboratories, Inc.",ZINC,100 [hp_C]/1,PELLET,ORAL,UNKNOWN,CAT015,Others
MED033104,0135-0456,Calcium Carbonate,Tums Smoothies,Haleon Us Holdings Llc,CALCIUM CARBONATE,750 mg/1,"TABLET, CHEWABLE",ORAL,Blood Coagulation Factor [EPC],CAT003,Diabetes
MED033110,37662-2333,Petroselinum Sativum,Petroselinum Sativum,"Hahnemann Laboratories, Inc.",PETROSELINUM CRISPUM,30 [hp_C]/1,PELLET,ORAL,UNKNOWN,CAT015,Others
MED033139,37662-2579,Etherum,Etherum,"Hahnemann Laboratories, Inc.",ETHER,30 [hp_C]/1,PELLET,ORAL,UNKNOWN,CAT015,Others
MED033148,37662-2697,Aluminum Metallicum,Aluminum Metallicum,"Hahnemann Laboratories, Inc.",ALUMINUM,100 [hp_C]/1,PELLET,ORAL,UNKNOWN,CAT015,Others
MED033196,37662-3083,Strontium Phosphoricum,Strontium Phosphoricum,"Hahnemann Laboratories, Inc.",STRONTIUM PHOSPHATE,1 [hp_Q]/1,PELLET,ORAL,UNKNOWN,CAT015,Others
MED033228,37662-3353,Scandium Muriaticum,Scandium Muriaticum,"Hahnemann Laboratories, Inc.",SCANDIUM CHLORIDE,30 [hp_C]/1,PELLET,ORAL,UNKNOWN,CAT015,Others
MED033251,37662-3585,Aluminium Sulphuricum,Aluminium Sulphuricum,"Hahnemann Laboratories, Inc.",ALUMINUM SULFATE,12 [hp_C]/1,PELLET,ORAL,UNKNOWN,CAT015,Others
MED033253,37662-3603,Ammonium Bromatum,Ammonium Bromatum,"Hahnemann Laboratories, Inc.",AMMONIUM BROMIDE,100 [hp_C]/1,PELLET,ORAL,UNKNOWN,CAT015,Others
MED033262,37662-3664,Anagallis Arvensis,Anagallis Arvensis,"Hahnemann Laboratories, Inc.",ANAGALLIS ARVENSIS WHOLE,6 [hp_C]/1,PELLET,ORAL,UNKNOWN,CAT015,Others
MED033289,37662-3879,Manganum Nitricum,Manganum Nitricum,"Hahnemann Laboratories, Inc.",MANGANESE NITRATE TETRAHYDRATE,1 [hp_Q]/1,PELLET,ORAL,UNKNOWN,CAT015,Others
MED033301,37662-4016,Pulsatilla Nigricans,Pulsatilla Nigricans,"Hahnemann Laboratories, Inc.",PULSATILLA PRATENSIS WHOLE,12 [hp_C]/1,PELLET,ORAL,UNKNOWN,CAT015,Others
MED033323,37808-045,Olopatadine Hydrochloride Ophthalmic Solution,Once Daily Relief,H E B,OLOPATADINE HYDROCHLORIDE,2 mg/mL,SOLUTION,OPHTHALMIC,Decreased Histamine Release [PE],CAT006,Respiratory
MED033363,37808-732,"Omeprazole, Sodium Bicarbonate",Omeprazole And Sodium Bicarbonate,H E B,OMEPRAZOLE,20 mg/1,"CAPSULE, GELATIN COATED",ORAL,Cytochrome P450 2C19 Inhibitors [MoA],CAT014,Vitamins & Supplements
MED033384,39328-090,Pregabalin,Pregabalin,"Patrin Pharma, Inc.",PREGABALIN,20 mg/mL,SOLUTION,ORAL,UNKNOWN,CAT015,Others
MED033399,41163-228,"Acetaminophen, Diphenhydramine Hcl",Acetaminophen Pm Extra Strength,"United Natural Foods, Inc. Dba Unfi",ACETAMINOPHEN,500 mg/1,"TABLET, COATED",ORAL,Histamine H1 Receptor Antagonists [MoA],CAT006,Respiratory
MED033436,41226-510,Benzalkonium Chloride,Kroger Springwater Antibacterial,Kroger Company,BENZALKONIUM CHLORIDE,130 mg/100mL,LIQUID,TOPICAL,UNKNOWN,CAT015,Others
MED033445,0143-9367,Methotrexate,Methotrexate,Hikma Pharmaceuticals Usa Inc.,METHOTREXATE,1 g/1,"INJECTION, POWDER, LYOPHILIZED, FOR SOLUTION",INTRA-ARTERIAL,Folate Analog Metabolic Inhibitor [EPC],CAT012,Ophthalmology
MED033450,41250-298,Calcium Carbonate,Meijer Extra Strength Antacid,Meijer Distribution Inc,CALCIUM CARBONATE,750 mg/1,"TABLET, CHEWABLE",ORAL,UNKNOWN,CAT015,Others
MED033472,41250-890,Loratadine,Non Drowsy Allergy Relief,Meijer Distribution Inc,LORATADINE,10 mg/1,"TABLET, ORALLY DISINTEGRATING",ORAL,UNKNOWN,CAT015,Others
MED033489,41520-032,"Acetaminophen, Dextromethorphan Hbr, Phenylephrine Hcl",Careone Daytime Cold And Flu,American Sales Company,ACETAMINOPHEN,325 mg/15mL,SOLUTION,ORAL,Adrenergic alpha1-Agonists [MoA],CAT003,Diabetes
MED033492,41520-089,Liquid Bandage,Benzethonium Chloride Plus Dyclonine Hydrochloride,Foodhold Usa,BENZETHONIUM CHLORIDE,.2 mg/9mL,LIQUID,TOPICAL,UNKNOWN,CAT015,Others
MED033499,41520-792,Nicotine Polacrilex,Careone Nicotine,American Sales Company,NICOTINE,2 mg/1,"GUM, CHEWING",ORAL,Cholinergic Nicotinic Agonist [EPC],CAT005,Neurology
MED033562,42507-141,Famotidine,Acid Reducer Original Strength,Hyvee Inc,FAMOTIDINE,10 mg/1,"TABLET, FILM COATED",ORAL,Histamine H2 Receptor Antagonists [MoA],CAT006,Respiratory
MED033600,0143-9684,Flumazenil,Flumazenil,Hikma Pharmaceuticals Usa Inc.,FLUMAZENIL,.1 mg/mL,"INJECTION, SOLUTION",INTRAVENOUS,Benzodiazepine Antagonist [EPC],CAT005,Neurology
MED033634,0143-9787,Enalaprilat,Enalaprilat,Hikma Pharmaceuticals Usa Inc.,ENALAPRILAT DIHYDRATE,1.25 mg/mL,INJECTION,INTRAVENOUS,Angiotensin Converting Enzyme Inhibitor [EPC],CAT003,Diabetes
MED033645,42806-186,Nystatin Topical Powder,Klayesta,"Epic Pharma, Llc",NYSTATIN,100000 U/g,POWDER,TOPICAL,Polyene Antifungal [EPC],CAT001,Antibiotics
MED033679,42914-001,Oxygen,Oxygen,"Aspen Air U.S., Llc",OXYGEN,99 L/100L,GAS,RESPIRATORY (INHALATION),UNKNOWN,CAT015,Others
MED033690,43063-656,Cefuroxime Axetil,Cefuroxime Axetil,"Pd-Rx Pharmaceuticals, Inc.",CEFUROXIME AXETIL,250 mg/1,"TABLET, FILM COATED",ORAL,Cephalosporin Antibacterial [EPC],CAT001,Antibiotics
MED033712,43063-994,Bupropion Hydrochloride,Bupropion Hydrochloride,"Pd-Rx Pharmaceuticals, Inc.",BUPROPION HYDROCHLORIDE,100 mg/1,TABLET,ORAL,Aminoketone [EPC],CAT005,Neurology
MED033819,43598-372,Colchicine,Colchicine,"Dr.Reddys Laboratories, Inc.",COLCHICINE,.6 mg/1,TABLET,ORAL,Alkaloid [EPC],CAT012,Ophthalmology
MED033835,43598-755,Levetiracetam Injection,Levetiracetam,Dr.Reddy'S Laboratories Inc,LEVETIRACETAM,5 mg/mL,INJECTION,INTRAVENOUS,Decreased Central Nervous System Disorganized Electrical Activity [PE],CAT005,Neurology
MED033894,43857-0219,Aspen,Bio Aspen,"Bioactive Nutritional, Inc.",POPULUS TREMULA FLOWERING TOP,6 [hp_X]/mL,LIQUID,ORAL,UNKNOWN,CAT015,Others
MED033896,43857-0247,Candida Albicans,Candida Alb,"Bioactive Nutritional, Inc.",CANDIDA ALBICANS,30 [hp_X]/mL,LIQUID,ORAL,Allergens [CS],CAT006,Respiratory
MED033942,44567-310,Penicillin G Potassium,Penicillin G Potassium,"Wg Critical Care, Llc",PENICILLIN G POTASSIUM,1000000 [iU]/1,"INJECTION, POWDER, FOR SOLUTION",INTRAMUSCULAR,Penicillin-class Antibacterial [EPC],CAT001,Antibiotics
MED033967,44911-0495,"Plantago Major, Xanthoxylum Fraxineum, Colocynthis, Magnesia Phosphorica, Agaricus Muscarius, Hypericum Perforatum, Argentum Nitricum, Carboneum Sulphuratum, Curare, Thallium Metallicum",Nerve Pro Hp,"Energique, Inc.",AMANITA MUSCARIA FRUITING BODY,12 [hp_X]/mL,LIQUID,ORAL,Calculi Dissolution Agent [EPC],CAT007,Gastrointestinal
MED033981,44911-0720,"Cinnamomum, Echinacea (Angustifolia), Hydrastis Canadensis, Lappa Major, Trifolium Pratense, Viscum Album",Regen Hp,"Energique, Inc.",ARCTIUM LAPPA ROOT,12 [hp_X]/mL,LIQUID,ORAL,Allergens [CS],CAT006,Respiratory
MED033997,0187-0005,Tretinoin,Altreno,"Bausch Health Us, Llc",TRETINOIN,.5 mg/g,LOTION,TOPICAL,Retinoid [EPC],CAT008,Dermatology
MED034001,45802-358,"Diphenhydramine Hydrochloride, Zinc Acetate",Diphenhydramine Hcl And Zinc Acetate,Padagis Israel Pharmaceuticals Ltd,DIPHENHYDRAMINE HYDROCHLORIDE,2 g/100g,CREAM,TOPICAL,Copper Absorption Inhibitor [EPC],CAT007,Gastrointestinal
MED034033,46122-696,Acetaminophen,Pain Relief,Amerisource Bergen,ACETAMINOPHEN,500 mg/1,"TABLET, COATED",ORAL,UNKNOWN,CAT015,Others
MED034035,46122-715,Nicotine Polacrilex,Nicotine Mini,Amerisourcebergen (Good Neighbor Pharmacy) 46122,NICOTINE,2 mg/1,LOZENGE,ORAL,Cholinergic Nicotinic Agonist [EPC],CAT005,Neurology
MED034039,46122-798,Diphenhydramine Hcl,Good Neighbor Pharmacy Childrens Allergy Relief,Amerisource Bergen,DIPHENHYDRAMINE HYDROCHLORIDE,12.5 mg/1,"TABLET, CHEWABLE",ORAL,Histamine H1 Receptor Antagonists [MoA],CAT006,Respiratory
MED034072,46708-493,Tizanidine Hydrochloride,Tizanidine Hydrochloride,Alembic Pharmaceuticals Limited,TIZANIDINE HYDROCHLORIDE,6 mg/1,CAPSULE,ORAL,Adrenergic alpha2-Agonists [MoA],CAT003,Diabetes
MED034112,47593-305,Triclosan,Digiclean E,Ecolab Inc.,TRICLOSAN,3 mg/mL,SOLUTION,TOPICAL,UNKNOWN,CAT015,Others
MED034113,0220-0118,Amanita Muscaria Fruiting Body,Agaricus Muscarius,Boiron,AMANITA MUSCARIA FRUITING BODY,30 [hp_C]/30[hp_C],PELLET,ORAL,UNKNOWN,CAT015,Others
MED034152,47781-690,Rasagiline,Rasagiline,"Alvogen, Inc.",RASAGILINE MESYLATE,1 mg/1,TABLET,ORAL,Monoamine Oxidase Inhibitor [EPC],CAT005,Neurology
MED034166,48433-152,Haloperidol,Haloperidol,"Safecor Health, Llc",HALOPERIDOL,1 mg/1,TABLET,ORAL,Typical Antipsychotic [EPC],CAT005,Neurology
MED034204,48951-9393,Viscum 3%,Viscum 3%,"Uriel Pharmacy, Inc",VISCUM ALBUM FRUITING TOP,1 [hp_X]/g,OINTMENT,TOPICAL,UNKNOWN,CAT015,Others
MED034210,49035-163,Sodium Fluoride,Anticavity,Walmart Inc.,SODIUM FLUORIDE,.1 mg/mL,MOUTHWASH,ORAL,UNKNOWN,CAT015,Others
MED034228,49035-699,"Diphenhydramine Citrate, Ibuprofen",Equate Ibuprofen Pm,Wal-Mart Stores Inc,DIPHENHYDRAMINE CITRATE,38 mg/1,"TABLET, FILM COATED",ORAL,Anti-Inflammatory Agents,CAT004,Pain Management
MED034239,49035-803,Calcium Carbonate,Ultra Strength Antacid Assorted Berries,Wal-Mart Stores Inc.,CALCIUM CARBONATE,1000 mg/1,"TABLET, CHEWABLE",ORAL,Blood Coagulation Factor [EPC],CAT003,Diabetes
MED034321,49702-223,Maraviroc,Selzentry,Viiv Healthcare Company,MARAVIROC,150 mg/1,"TABLET, FILM COATED",ORAL,CCR5 Co-receptor Antagonist [EPC],CAT001,Antibiotics
MED034344,49884-277,Olanzapine And Fuoxetine,Olanzapine And Fluoxetine,"Par Health Usa, Llc",FLUOXETINE HYDROCHLORIDE,25 mg/1,CAPSULE,ORAL,Atypical Antipsychotic [EPC],CAT005,Neurology
MED034365,0220-0636,Gold,Aurum Metallicum,Boiron,GOLD,8 [hp_X]/1,PELLET,ORAL,Allergens [CS],CAT006,Respiratory
MED034396,0220-0677,Gold Trichloride,Aurum Muriaticum,Boiron,GOLD TRICHLORIDE,200 [kp_C]/200[kp_C],PELLET,ORAL,UNKNOWN,CAT015,Others
MED034400,50090-0540,Diclofenac Sodium,Diclofenac Sodium,A-S Medication Solutions,DICLOFENAC SODIUM,50 mg/1,"TABLET, DELAYED RELEASE",ORAL,Anti-Inflammatory Agents,CAT004,Pain Management
MED034455,50090-3390,Diazepam,Diazepam,A-S Medication Solutions,DIAZEPAM,2 mg/1,TABLET,ORAL,Benzodiazepine [EPC],CAT005,Neurology
MED034478,50090-4736,Simvastatin,Simvastatin,A-S Medication Solutions,SIMVASTATIN,40 mg/1,"TABLET, FILM COATED",ORAL,HMG-CoA Reductase Inhibitor [EPC],CAT003,Diabetes
MED034504,50090-5428,Ketorolac Tromethamine,Ketorolac Tromethamine,A-S Medication Solutions,KETOROLAC TROMETHAMINE,30 mg/mL,"INJECTION, SOLUTION",INTRAMUSCULAR,Anti-Inflammatory Agents,CAT004,Pain Management
MED034506,50090-5467,Dulaglutide,Trulicity,A-S Medication Solutions,DULAGLUTIDE,3 mg/.5mL,"INJECTION, SOLUTION",SUBCUTANEOUS,GLP-1 Receptor Agonist [EPC],CAT002,Cardiovascular
MED034531,50090-6087,Levothyroxine Sodium,Levothyroxine Sodium,A-S Medication Solutions,LEVOTHYROXINE SODIUM,88 ug/1,TABLET,ORAL,Thyroxine [CS],CAT009,Oncology
MED034591,50090-6932,Famotidine,Famotidine,A-S Medication Solutions,FAMOTIDINE,20 mg/1,"TABLET, FILM COATED",ORAL,Histamine H2 Receptor Antagonists [MoA],CAT006,Respiratory
MED034608,50090-7294,Lisinopril And Hydrochlorothiazide Tablets,Lisinopril And Hydrochlorothiazide,A-S Medication Solutions,HYDROCHLOROTHIAZIDE,25 mg/1,TABLET,ORAL,Angiotensin Converting Enzyme Inhibitor [EPC],CAT003,Diabetes
MED034638,50090-7564,Aripiprazole,Aripiprazole,A-S Medication Solutions,ARIPIPRAZOLE,2 mg/1,TABLET,ORAL,Atypical Antipsychotic [EPC],CAT005,Neurology
MED034654,50090-7789,Ibuprofen,Ibuprofen,A-S Medication Solutions,IBUPROFEN,400 mg/1,"TABLET, FILM COATED",ORAL,Anti-Inflammatory Agents,CAT004,Pain Management
MED034702,50228-504,Metformin Hydrochloride Extended-Release Tablets,Metformin Hydrochloride,"Sciegen Pharmaceuticals, Inc.",METFORMIN HYDROCHLORIDE,1000 mg/1,"TABLET, FILM COATED, EXTENDED RELEASE",ORAL,Biguanide [EPC],CAT002,Cardiovascular
MED034712,50242-145,Pertuzumab,Perjeta,"Genentech, Inc.",PERTUZUMAB,30 mg/mL,"INJECTION, SOLUTION, CONCENTRATE",INTRAVENOUS,HER2/Neu/cerbB2 Antagonists [MoA],CAT012,Ophthalmology
MED034713,50242-215,Omalizumab,Xolair Pfs,"Genentech, Inc.",OMALIZUMAB,150 mg/mL,"INJECTION, SOLUTION",SUBCUTANEOUS,Anti-IgE [EPC],CAT010,Allergy
MED034719,50268-039,Amitriptyline Hydrochloride,Amitriptyline Hydrochloride,Avpak,AMITRIPTYLINE HYDROCHLORIDE,50 mg/1,"TABLET, FILM COATED",ORAL,Tricyclic Antidepressant [EPC],CAT005,Neurology
MED034733,50268-268,Docusate Sodium,Docusate Sodium,Avpak,DOCUSATE SODIUM,250 mg/1,"CAPSULE, LIQUID FILLED",ORAL,UNKNOWN,CAT015,Others
MED034765,50332-0056,Povidone-Iodine,Povidone-Iodine,Hart Health,POVIDONE-IODINE,10 mg/mL,SOLUTION,TOPICAL,UNKNOWN,CAT015,Others
MED034771,50390-002,"Ensulizole,Octinoxate, Oxybenzone, Titanium Dioxide, Zinc Oxide",Artistry Ideal Radiance Illuminating Cc Spf 50 Broad Spectrum Sunscreen Medium,Amway Corp,ENSULIZOLE,20 mg/mL,CREAM,TOPICAL,Copper Absorption Inhibitor [EPC],CAT007,Gastrointestinal
MED034797,50580-245,"Acetaminophen, Chlorpheniramine Maleate, And Dextromethorphan Hydrobromide",Childrens Tylenol Cold Plus Cough Plus Runny Nose,Kenvue Brands Llc,ACETAMINOPHEN,160 mg/5mL,SUSPENSION,ORAL,Histamine H1 Receptor Antagonists [MoA],CAT006,Respiratory
MED034805,50580-496,Acetaminophen,Tylenol Regular Strength,Kenvue Brands Llc,ACETAMINOPHEN,325 mg/1,TABLET,ORAL,UNKNOWN,CAT015,Others
MED034849,50844-254,Aspirin,Coated Aspirin,"L.N.K. International, Inc.",ASPIRIN,325 mg/1,"TABLET, FILM COATED",ORAL,Anti-Inflammatory Agents,CAT004,Pain Management
MED034861,50991-132,"Dextromethorphan Hbr, Phenylephrine Hcl, Pyrilamine Maleate",Polytussin Dm,"Poly Pharmaceuticals, Inc.",DEXTROMETHORPHAN HYDROBROMIDE,7.5 mg/5mL,SYRUP,ORAL,Adrenergic alpha1-Agonists [MoA],CAT003,Diabetes
MED034863,50991-776,"Pheniramine Maleate, Phenylephrine Hcl",Alahist D,"Poly Pharmaceuticals, Inc.",PHENIRAMINE MALEATE,17.5 mg/1,TABLET,ORAL,Adrenergic alpha1-Agonists [MoA],CAT003,Diabetes
MED034871,0220-1638,Cyclamen Purpurascens Tuber,Cyclamen Europaeum,Boiron,CYCLAMEN PURPURASCENS TUBER,5 [hp_C]/5[hp_C],PELLET,ORAL,UNKNOWN,CAT015,Others
MED034885,51079-051,Pantoprazole Sodium,Pantoprazole Sodium,Mylan Institutional Inc.,PANTOPRAZOLE SODIUM,40 mg/1,"TABLET, DELAYED RELEASE",ORAL,Proton Pump Inhibitor [EPC],CAT007,Gastrointestinal
MED034906,0220-1806,Solanum Dulcamara Top,Dulcamara,Boiron,SOLANUM DULCAMARA TOP,12 [hp_C]/12[hp_C],PELLET,ORAL,UNKNOWN,CAT015,Others
MED034907,51316-003,Antacid,Cvs Tropical Fruit,Cvs,CALCIUM CARBONATE,1000 mg/1,"TABLET, CHEWABLE",ORAL,Blood Coagulation Factor [EPC],CAT003,Diabetes
MED034931,51316-473,"Dextromethorphan Hydrobromide, Guaifenesin",Cough And Chest Congestion Dm,"Cvs Woonsocket Prescription Center, Incorporated",DEXTROMETHORPHAN HYDROBROMIDE,20 mg/20mL,SOLUTION,ORAL,Decreased Respiratory Secretion Viscosity [PE],CAT006,Respiratory
MED034935,51316-613,"Acetaminophen, Dextromethorphan Hydrobromide, Guaifenesin, Phenylephrine Hydrochloride",Daytime Severe,"Cvs Woonsocket Prescription Center, Incorporated",ACETAMINOPHEN,325 mg/15mL,SOLUTION,ORAL,Adrenergic alpha1-Agonists [MoA],CAT003,Diabetes
MED034945,51316-739,Cimetidine,Acid Controller,"Cvs Woonsocket Prescription Center, Incorporated",CIMETIDINE,200 mg/1,"TABLET, FILM COATED",ORAL,Histamine H2 Receptor Antagonists [MoA],CAT006,Respiratory
MED034962,51393-6112,Calendula Officinalis Flowering Top And Silicon Dioxide,Acne/Pimple Control,Forces Of Nature,CALENDULA OFFICINALIS FLOWERING TOP,6 [hp_X]/1000mL,SOLUTION/ DROPS,TOPICAL,UNKNOWN,CAT015,Others
MED035030,51628-4235,Isopropyl Alcohol,American Redcross 70% Isopropyl Rubbing Alcohol With Wintergreen,My Imports Usa Llc,ISOPROPYL ALCOHOL,70 mL/100mL,LIQUID,TOPICAL,UNKNOWN,CAT015,Others
MED035111,51662-1459,Amidate(Tm) Etomidate,Amidate(Tm) Etomidate,"Hf Acquisition Co Llc, Dba Healthfirst",ETOMIDATE,2 mg/mL,"INJECTION, SOLUTION",INTRAVENOUS,General Anesthesia [PE],CAT005,Neurology
MED035126,51662-1674,Diphenhydramine Hydrochloride,Diphenhydramine Hydrochloride,"Hf Acquisition Co Llc, Dba Healthfirst",DIPHENHYDRAMINE HYDROCHLORIDE,25 mg/1,"TABLET, FILM COATED",ORAL,Histamine H1 Receptor Antagonists [MoA],CAT006,Respiratory
MED035142,51672-2035,Miconazole Nitrate,Miconazole Nitrate,"Sun Pharmaceutical Industries, Inc.",MICONAZOLE NITRATE,20 mg/g,CREAM,VAGINAL,Azole Antifungal [EPC],CAT001,Antibiotics
MED035149,51672-4074,Hydrocortisone Butyrate,Hydrocortisone Butyrate,"Taro Pharmaceuticals U.S.A., Inc.",HYDROCORTISONE BUTYRATE,1 mg/g,CREAM,TOPICAL,Corticosteroid Hormone Receptor Agonists [MoA],CAT004,Pain Management
MED035182,52000-101,White Petroleum,Universal Baby Fresh Scent Petroleum,Universal Distribution Center Llc,PETROLATUM,99.9 g/100g,JELLY,TOPICAL,UNKNOWN,CAT015,Others
MED035188,52003-011,Oxygen,Oxygen,Messer Canada Inc.,OXYGEN,995 mL/L,GAS,RESPIRATORY (INHALATION),UNKNOWN,CAT015,Others
MED035269,0220-2943,Wood Creosote,Kreosotum,Boiron,WOOD CREOSOTE,30 [hp_C]/30[hp_C],PELLET,ORAL,UNKNOWN,CAT015,Others
MED035276,53208-741,"Avobenzone, Homosalate, Octisalate, Octocrylene",Belif Dew Guard - Milky Sun Serum Broad Spectrum Spf 40 Sunscreen,"Lg H&H Co., Ltd.",AVOBENZONE,2.7 g/100g,CREAM,TOPICAL,UNKNOWN,CAT015,Others
MED035291,53329-664,Loperamide Hydrochloride,Loperamide Hydrochloride,"Medline Industries, Lp",LOPERAMIDE HYDROCHLORIDE,2 mg/1,TABLET,ORAL,Opioid Agonist [EPC],CAT004,Pain Management
MED035297,0220-2979,Potassium Sulfate,Kali Sulphuricum,Boiron,POTASSIUM SULFATE,1 [hp_M]/[hp_M],PELLET,ORAL,Increased Large Intestinal Motility [PE],CAT007,Gastrointestinal
MED035303,53489-478,Sulindac,Sulindac,"Sun Pharmaceutical Industries, Inc.",SULINDAC,150 mg/1,TABLET,ORAL,Anti-Inflammatory Agents,CAT004,Pain Management
MED035310,53499-5295,Guaifenesin,Respiratory Relief,"Schwabe North America, Inc",GUAIFENESIN,400 mg/1,TABLET,ORAL,Decreased Respiratory Secretion Viscosity [PE],CAT006,Respiratory
MED035358,53746-926,Lacosamide,Lacosamide,Amneal Pharmaceuticals Of New York Llc,LACOSAMIDE,200 mg/1,TABLET,ORAL,Decreased Central Nervous System Disorganized Electrical Activity [PE],CAT005,Neurology
MED035381,53943-154,"Docusate Sodium, Sennosides",Drug Mart Stool Softener Plus Stimulant Laxative,"Discount Drug Mart, Inc",DOCUSATE SODIUM,50 mg/1,TABLET,ORAL,UNKNOWN,CAT015,Others
MED035425,0220-3256,Magnesium Chloride,Magnesia Muriatica,Boiron,MAGNESIUM CHLORIDE,9 [hp_C]/9[hp_C],PELLET,ORAL,Calculi Dissolution Agent [EPC],CAT007,Gastrointestinal
MED035452,54738-025,Meclizine Hcl 25Mg Chewable Tablets,Meclizine Hcl,"Richmond Pharmaceuticals, Inc.",MECLIZINE HYDROCHLORIDE,25 mg/1,"TABLET, CHEWABLE",ORAL,Antiemetic [EPC],CAT007,Gastrointestinal
MED035490,54973-4057,"Rumex Crispus Root, Antimony Potassium Tartrate, Bryonia Alba Root, Matricaria Chamomilla Whole, Pulsatilla Vulgaris, Calcium Sulfide, Ipecac, Goldenseal, Phosphorus, Ferrosoferric Phosphate",Kids Cough And Mucus Nighttime Grape Flavor,Hyland'S Consumer Health Inc.,ANTIMONY POTASSIUM TARTRATE,15 [hp_X]/mL,LIQUID,ORAL,UNKNOWN,CAT015,Others
MED035494,55037-302,Air,Air,"Matheson Tri-Gas, Inc.",AIR,1000 mL/L,GAS,RESPIRATORY (INHALATION),UNKNOWN,CAT015,Others
MED035501,0220-3470,Hexaplex Trunculus Hypobranchial Gland Juice,Murex Purpurea,Boiron,HEXAPLEX TRUNCULUS HYPOBRANCHIAL GLAND JUICE,30 [hp_C]/30[hp_C],PELLET,ORAL,UNKNOWN,CAT015,Others
MED035505,55111-332,Pantoprazole,Pantoprazole,Dr.Reddy'S Laboratories Limited,PANTOPRAZOLE SODIUM,20 mg/1,"TABLET, DELAYED RELEASE",ORAL,Proton Pump Inhibitor [EPC],CAT007,Gastrointestinal
MED035506,55111-520,Atomoxetine,Atomoxetine,Dr. Reddy'S Laboratories Limited,ATOMOXETINE HYDROCHLORIDE,18 mg/1,CAPSULE,ORAL,Norepinephrine Reuptake Inhibitor [EPC],CAT005,Neurology
MED035525,55150-237,Dexamethasone Sodium Phosphate,Dexamethasone Sodium Phosphate,Eugia Us Llc,DEXAMETHASONE SODIUM PHOSPHATE,4 mg/mL,"INJECTION, SOLUTION",INTRA-ARTICULAR,Corticosteroid Hormone Receptor Agonists [MoA],CAT004,Pain Management
MED035581,55154-6751,Calcium Carbonate,Calcium Carbonate,"Cardinal Health 107, Llc",CALCIUM CARBONATE,500 mg/1,"TABLET, CHEWABLE",ORAL,Blood Coagulation Factor [EPC],CAT003,Diabetes
MED035590,55154-8175,Glimepiride,Glimepiride,"Cardinal Health 107, Llc",GLIMEPIRIDE,2 mg/1,TABLET,ORAL,Sulfonylurea Compounds [CS],CAT002,Cardiovascular
MED035657,55513-508,Apremilast,Otezla,"Amgen, Inc",UNKNOWN,UNKNOWN,KIT,UNKNOWN,UNKNOWN,CAT015,Others
MED035685,55700-787,Citalopram Hydrobromide,Citalopram Hydrobromide,"Quality Care Products, Llc",CITALOPRAM HYDROBROMIDE,10 mg/1,TABLET,ORAL,Serotonin Reuptake Inhibitor [EPC],CAT005,Neurology
MED035721,55714-9004,Progesterone,Progesterone,"Newton Laboratories, Inc.",PROGESTERONE,15 [hp_X]/mL,LIQUID,ORAL,Progesterone [CS],CAT009,Oncology
MED035757,0220-4307,Radium Bromide,Radium Bromatum,Boiron,RADIUM BROMIDE,200 [kp_C]/200[kp_C],PELLET,ORAL,UNKNOWN,CAT015,Others
MED035760,55910-599,"Acetaminophen, Dextromethorphan Hbr, Doxylamine Succinate",Cold And Flu Relief Nighttime,"Dolgencorp, Inc. (Dollar General & Rexall)",ACETAMINOPHEN,325 mg/1,"CAPSULE, LIQUID FILLED",ORAL,Antihistamine [EPC],CAT006,Respiratory
MED035770,55910-790,Simethicone,Infants Gas Relief Drops,Dolgencorp Inc,"DIMETHICONE, UNSPECIFIED",20 mg/.3mL,EMULSION,ORAL,Skin Barrier Activity [PE],CAT008,Dermatology
MED035825,57337-018,Ethyl Alcohol,Instant Hand Sanitizer,"Rejoice International, Inc.",ALCOHOL,6 mL/10mL,GEL,TOPICAL,UNKNOWN,CAT015,Others
MED035866,57664-503,Tizanidine,Tizanidine,"Sun Pharmaceutical Industries, Inc.",TIZANIDINE HYDROCHLORIDE,4 mg/1,TABLET,ORAL,Adrenergic alpha2-Agonists [MoA],CAT003,Diabetes
MED035931,0220-4670,Silicon Dioxide,Silicea,Boiron,SILICON DIOXIDE,15 [hp_C]/15[hp_C],PELLET,ORAL,UNKNOWN,CAT015,Others
MED035944,58264-0282,Rosa Canina Whole,T-37,"Dna Labs, Inc.",ROSA CANINA WHOLE,30 [hp_X]/mL,SOLUTION,SUBLINGUAL,UNKNOWN,CAT015,Others
MED035955,58264-0386,Lonicera Japonica Top,G-23,"Dna Labs, Inc.",LONICERA JAPONICA TOP,1 [hp_X]/mL,SOLUTION,SUBLINGUAL,UNKNOWN,CAT015,Others
MED035971,58411-018,"Avobenzone, Homosalate, Octisalate, And Octocrylene",Cle De Peau Beaute Restorative Day Supreme,Shiseido Americas Corporation,AVOBENZONE,1.29125 g/50mL,CREAM,TOPICAL,UNKNOWN,CAT015,Others
MED035986,58411-570,Octinoxate And Titanium Dioxide,Shiseido Synchro Skin Radiant Lifting Foundation 220,Shiseido Americas Corporation,OCTINOXATE,2.484 g/30mL,EMULSION,TOPICAL,UNKNOWN,CAT015,Others
MED035994,58411-844,Octinoxate And Titanium Dioxide,Cle De Peau Beaute The Foundation N O40 Light Tan Ocher,Shiseido Americas Corporation,OCTINOXATE,1092 mg/28mL,EMULSION,TOPICAL,UNKNOWN,CAT015,Others
MED036034,58593-005,"Acetaminophen, Dextromethorphan Hbr, Guaifenesin",Rompe Pecho Max,Efficient Laboratories Inc,ACETAMINOPHEN,650 mg/20mL,LIQUID,ORAL,Decreased Respiratory Secretion Viscosity [PE],CAT006,Respiratory
MED036052,58602-823,Cetirizine Hydrochloride,Cetirizine Hydrochloride (Allergy),Aurohealth Llc,CETIRIZINE HYDROCHLORIDE,10 mg/1,TABLET,ORAL,Histamine H1 Receptor Antagonists [MoA],CAT006,Respiratory
MED036063,58657-120,Magnesium Oxide,Magnesium Oxide,"Method Pharmaceuticals, Llc",MAGNESIUM OXIDE,400 mg/1,TABLET,ORAL,Calculi Dissolution Agent [EPC],CAT007,Gastrointestinal
MED036067,58657-456,"Methenamine, Sodium Phosphate, Monobasic, Anhydrous, Phenyl Salicylate, Methylene Blue And Hyoscyamine Sulfate",Uro-Mp,"Method Pharmaceuticals, Llc",HYOSCYAMINE SULFATE,.12 mg/1,CAPSULE,ORAL,Increased Large Intestinal Motility [PE],CAT007,Gastrointestinal
MED036126,59088-801,"Diclofenac Sodium, Capsaicin",Lextol,Puretek Corporation,UNKNOWN,UNKNOWN,KIT,UNKNOWN,UNKNOWN,CAT015,Others
MED036144,59353-065,Difelikefalin,Korsuva,"Vifor (International), Inc.",DIFELIKEFALIN ACETATE,50 ug/mL,"INJECTION, SOLUTION",INTRAVENOUS,Kappa Opioid Receptor Agonist [EPC],CAT004,Pain Management
MED036165,59469-320,"Amanita Muscaria Fruiting Body, Garlic, Aristolochia Clematitis Whole, Simaba Cedron Seed, Goldenseal, Okoubaka Aubrevillei Bark, And Vincetoxicum Hirundinaria Leaf",Mucan,Pekana Naturheilmittel Gmbh,AMANITA MUSCARIA FRUITING BODY,6 [hp_X]/50mL,SOLUTION/ DROPS,ORAL,Allergens [CS],CAT006,Respiratory
MED036172,59579-009,Helium Oxygen Mixture,Helium Oxygen Mixture,Linde Gas & Equipment Inc.,HELIUM,800 mL/L,GAS,RESPIRATORY (INHALATION),UNKNOWN,CAT015,Others
MED036225,0220-5287,Vipera Berus Venom,Vipera Berus,Boiron,VIPERA BERUS VENOM,12 [hp_C]/12[hp_C],PELLET,ORAL,UNKNOWN,CAT015,Others
MED036253,59762-1350,Rifabutin,Rifabutin,Mylan Pharmaceuticals Inc.,RIFABUTIN,150 mg/1,CAPSULE,ORAL,Rifamycin Antimycobacterial [EPC],CAT001,Antibiotics
MED036261,59779-199,Miconazole Nitrate,Miconazole 1 Yeast Infection Relief,Cvs Pharmacy,UNKNOWN,UNKNOWN,KIT,UNKNOWN,UNKNOWN,CAT015,Others
MED036265,59779-569,Medicated Callus Removers,Salicylic Acid,Cvs Pharmacy,SALICYLIC ACID,40 mg/41,PATCH,TOPICAL,UNKNOWN,CAT015,Others
MED036268,59779-644,Benzocaine,Honey Lemon Sore Throat Lozenges,Cvs Pharmacy,BENZOCAINE,15 mg/1,LOZENGE,ORAL,Allergens [CS],CAT006,Respiratory
MED036294,60219-2279,Everolimus,Everolimus,Amneal Pharmaceuticals Ny Llc,EVEROLIMUS,2 mg/1,"TABLET, FOR SUSPENSION",ORAL,Cytochrome P450 2D6 Inhibitors [MoA],CAT014,Vitamins & Supplements
MED036329,60505-2522,Cilostazol,Cilostazol,Apotex Corp.,CILOSTAZOL,100 mg/1,TABLET,ORAL,Phosphodiesterase 3 Inhibitor [EPC],CAT003,Diabetes
MED036341,60505-3952,Omeprazole,Omeprazole,Apotex Corp,OMEPRAZOLE,20 mg/1,"CAPSULE, DELAYED RELEASE",ORAL,Cytochrome P450 2C19 Inhibitors [MoA],CAT014,Vitamins & Supplements
MED036386,60687-535,Bumetanide,Bumetanide,American Health Packaging,BUMETANIDE,2 mg/1,TABLET,ORAL,Increased Diuresis at Loop of Henle [PE],CAT003,Diabetes
MED036400,60687-735,Misoprostol,Misoprostol,American Health Packaging,MISOPROSTOL,100 ug/1,TABLET,ORAL,Prostaglandin E1 Analog [EPC],CAT004,Pain Management
MED036425,60717-653,Aluminum Zirconium Trichlorohydrix Gly 20%,Emj Antiperspirant First Down Fresh Mod 2.6 Oz,Rna Pharm Llc,ALUMINUM ZIRCONIUM TRICHLOROHYDREX GLY,.2 g/g,STICK,TOPICAL,UNKNOWN,CAT015,Others
MED036450,60760-786,Losartan Potassium,Losartan Potassium,St. Mary'S Medical Park Pharmacy,LOSARTAN POTASSIUM,50 mg/1,"TABLET, FILM COATED",ORAL,Angiotensin 2 Receptor Antagonists [MoA],CAT003,Diabetes
MED036474,60793-600,Penicillin G Benzathine And Penicillin G Procaine,Bicillin Cr,Pfizer Laboratories Div Pfizer Inc,PENICILLIN G BENZATHINE,600000 [iU]/2mL,"INJECTION, SUSPENSION",INTRAMUSCULAR,Penicillin-class Antibacterial [EPC],CAT001,Antibiotics
MED036495,60986-1040,"Hydrastis Canadensis, Lycopodium Clavatum, Ephedra Vulgaris, Mezereum, Petroleum, Pulsatilla, Thuja Occidentalis",Acusine,Marco Pharma International Llc,DAPHNE MEZEREUM BARK,3 [hp_X]/mL,SPRAY,NASAL,UNKNOWN,CAT015,Others
MED036520,61314-245,Betaxolol Hydrochloride,Betaxolol Hydrochloride,Sandoz Inc,BETAXOLOL HYDROCHLORIDE,5.6 mg/mL,SOLUTION/ DROPS,OPHTHALMIC,Adrenergic beta-Antagonists [MoA],CAT003,Diabetes
MED036528,61354-119,Titanium Dioxide,Powder,Oxygen Development Llc,FERRIC OXIDE RED,1.75 mg/100mg,POWDER,TOPICAL,UNKNOWN,CAT015,Others
MED036542,61589-0220,"Octinoxate, Titanium Dioixide, Octisalate",No7 Perfect And Perfect Intense Advanced All In One Foundation Spf 50 Creme,Bcm Cosmetique Sas,OCTINOXATE,1.95 g/30g,CREAM,TOPICAL,UNKNOWN,CAT015,Others
MED036543,61589-0228,"Octinoxate, Titanium Dioixide, Octisalate",No7 Perfect And Perfect Intense Advanced All In One Foundation Spf 50 Wheat,Bcm Cosmetique Sas,OCTINOXATE,1.95 g/30g,CREAM,TOPICAL,UNKNOWN,CAT015,Others
MED036550,61596-100,Mi Paste One Kids Blue Raspberry,Mipasteone Kids Blue Raspberry,Gc America Inc.,SODIUM FLUORIDE,.24 g/100g,"PASTE, DENTIFRICE",DENTAL,UNKNOWN,CAT015,Others
MED036555,61649-532,Zinc Oxide,Attitude Sunly Kids Mineral Sunscreen Sprayer Spf 50 Unscented,9055-7588 Qubec Inc.Dba Attitude,ZINC OXIDE,24 g/100g,SPRAY,TOPICAL,UNKNOWN,CAT015,Others
MED036620,62011-0390,Loperamide Hydrochloride,Anti-Diarrheal,Strategic Sourcing Services Llc,LOPERAMIDE HYDROCHLORIDE,2 mg/1,"CAPSULE, LIQUID FILLED",ORAL,Opioid Agonist [EPC],CAT004,Pain Management
MED036630,0264-7625,Dextrose And Potassium Chloride,Potassium Chloride In Dextrose,B. Braun Medical Inc.,DEXTROSE,5 g/100mL,SOLUTION,INTRAVENOUS,Increased Large Intestinal Motility [PE],CAT007,Gastrointestinal
MED036637,62106-1061,Silicea,Silicea 6X,Seroyal Usa,SILICON DIOXIDE,6 [hp_X]/1,TABLET,SUBLINGUAL,UNKNOWN,CAT015,Others
MED036645,62106-1233,"Arsenicum Album, Hepar Sulphuris Calcareum, Hydrastis Canadensis, Kali Bichromicum, Kali Iodatum, Pyrogenium",Pyrogenium Plex,Seroyal Usa,ARSENIC TRIOXIDE,5 [hp_C]/30mL,LIQUID,ORAL,UNKNOWN,CAT015,Others
MED036684,62135-760,Methylprednisolone,Methylprednisolone,"Chartwell Rx, Llc",METHYLPREDNISOLONE,4 mg/1,TABLET,ORAL,Corticosteroid Hormone Receptor Agonists [MoA],CAT004,Pain Management
MED036691,62135-878,Ondansetron,Ondansetron,"Chartwell Rx, Llc",ONDANSETRON,16 mg/1,"TABLET, ORALLY DISINTEGRATING",ORAL,Serotonin 3 Receptor Antagonists [MoA],CAT005,Neurology
MED036692,62135-895,Memantine,Memantine,"Chartwell Rx, Llc",MEMANTINE HYDROCHLORIDE,5 mg/1,TABLET,ORAL,N-methyl-D-aspartate Receptor Antagonist [EPC],CAT005,Neurology
MED036710,62212-002,Menthol,Amish Origins Pain Relieving Menthol 8%,"Amish Origins Management, Llc",MENTHOL,80 mg/g,OINTMENT,TOPICAL,UNKNOWN,CAT015,Others
MED036733,62332-096,Lamotrigine,Lamotrigine,Alembic Pharmaceuticals Inc.,LAMOTRIGINE,25 mg/1,"TABLET, FOR SUSPENSION",ORAL,Anti-epileptic Agent [EPC],CAT005,Neurology
MED036735,62332-118,Bupropion Hydrochloride,Bupropion Hydrochloride,Alembic Pharmaceuticals Inc.,BUPROPION HYDROCHLORIDE,75 mg/1,"TABLET, FILM COATED",ORAL,Aminoketone [EPC],CAT005,Neurology
MED036767,62332-583,Bromfenac Sodium,Bromfenac Sodium,Alembic Pharmaceuticals Inc.,BROMFENAC SODIUM,.805 mg/mL,SOLUTION/ DROPS,OPHTHALMIC,Anti-Inflammatory Agents,CAT004,Pain Management
MED036775,62332-649,Cyclobenzaprine Hydrochloride,Cyclobenzaprine Hydrochloride,Alembic Pharmaceuticals Inc.,CYCLOBENZAPRINE HYDROCHLORIDE,7.5 mg/1,"TABLET, FILM COATED",ORAL,Centrally-mediated Muscle Relaxation [PE],CAT005,Neurology
MED036838,62670-6963,Alcohol,Anti Bacterial Hand Gel Pistachio Milk And Honey,"Bath & Body Works, Inc.",ALCOHOL,71 mL/100mL,GEL,TOPICAL,UNKNOWN,CAT015,Others
MED036886,63004-8710,Repository Corticotropin,Acthar,Mallinckrodt Ard Llc,CORTICOTROPIN,80 [USP'U]/mL,INJECTION,INTRAMUSCULAR,Adrenocorticotropic Hormone [CS],CAT009,Oncology
MED036891,63029-531,Benzocaine,Outgro,Medtech Products Inc.,BENZOCAINE,18.6 g/100mL,LIQUID,TOPICAL,Allergens [CS],CAT006,Respiratory
MED036905,63083-2033,Immune System Stimulator Drops,Immune System Stimulator Drops 2033,Professional Complementary Health Formulas,BEEF LIVER,6 [hp_X]/59mL,LIQUID,ORAL,Allergens [CS],CAT006,Respiratory
MED036915,63083-2142,Carcinosin Miasm Drops,Carcinosin Miasm Drops 2142,Professional Complementary Health Formulas,ARSENIC TRIOXIDE,200 [hp_X]/59mL,LIQUID,ORAL,UNKNOWN,CAT015,Others
MED036922,63083-4021,Low Mycosis Nosode,Low Mycosis Nosode 4021,Professional Complementary Health Formulas,ASPERGILLUS NIGER VAR. NIGER,6 [hp_X]/59mL,LIQUID,ORAL,Allergens [CS],CAT006,Respiratory
MED036935,63083-7108,Bryonia,Bryonia 7108,Professional Complementary Health Formulas,BRYONIA ALBA ROOT,6 [hp_X]/29.5mL,LIQUID,ORAL,UNKNOWN,CAT015,Others
MED036939,63083-7138,Sulphur,Sulphur 7138,Professional Complementary Health Formulas,SULFUR,6 [hp_X]/29.5mL,LIQUID,ORAL,UNKNOWN,CAT015,Others
MED036956,63083-9618,Mammary Drops,Mammary Drops 9618,Professional Complementary Health Formulas,SUS SCROFA MAMMARY GLAND,12 [hp_X]/29.5mL,LIQUID,ORAL,UNKNOWN,CAT015,Others
MED036968,63148-400,Benzalkonium Chloride,Berkley Jensen,Apollo Health And Beauty Care,BENZALKONIUM CHLORIDE,130 mg/100mL,SOAP,TOPICAL,UNKNOWN,CAT015,Others
MED037002,63187-501,Clotrimazole,Clotrimazole,Proficient Rx Lp,CLOTRIMAZOLE,1 g/100g,CREAM,TOPICAL,Azole Antifungal [EPC],CAT001,Antibiotics
MED037042,63304-450,Morphine Sulfate,Morphine Sulfate,"Sun Pharmaceutical Industries, Inc.",MORPHINE SULFATE,15 mg/1,"TABLET, FILM COATED, EXTENDED RELEASE",ORAL,Full Opioid Agonists [MoA],CAT004,Pain Management
MED037146,63545-157,Armadillidium Vulgare,Armadillidium Vulgare,"Hahnemann Laboratories, Inc.",ARMADILLIDIUM VULGARE WHOLE,500 [hp_C]/1,PELLET,ORAL,UNKNOWN,CAT015,Others
MED037162,63545-323,Aurum Muriaticum Natronatum,Aurum Muriaticum Natronatum,"Hahnemann Laboratories, Inc.",SODIUM TETRACHLOROAURATE,1 [hp_M]/1,PELLET,ORAL,UNKNOWN,CAT015,Others
MED037211,63545-772,Agaricus Muscarius,Agaricus Muscarius,"Hahnemann Laboratories, Inc.",AMANITA MUSCARIA FRUITING BODY,1 [hp_M]/1,PELLET,ORAL,UNKNOWN,CAT015,Others
MED037265,63629-2304,Hydrocodone Polistirex And Chlorpheniramine Polistirex,Hydrocodone Polistirex And Chlorpheniramine Polistirex Extended-Release,Bryant Ranch Prepack,CHLORPHENIRAMINE MALEATE,8 mg/5mL,"SUSPENSION, EXTENDED RELEASE",ORAL,Histamine H1 Receptor Antagonists [MoA],CAT006,Respiratory
MED037311,63629-8347,Methimazole,Methimazole,Bryant Ranch Prepack,METHIMAZOLE,5 mg/1,TABLET,ORAL,Thyroid Hormone Synthesis Inhibitor [EPC],CAT009,Oncology
MED037326,0037-6823,Pramoxine Hydrochloride,Proctofoam Ns,Viatris Specialty Llc,PRAMOXINE HYDROCHLORIDE,150 mg/15g,"AEROSOL, FOAM",RECTAL,UNKNOWN,CAT015,Others
MED037337,63629-8768,Silver Sulfadiazine,Silver Sulfadiazine,Bryant Ranch Prepack,SILVER SULFADIAZINE,10 mg/g,CREAM,TOPICAL,Sulfonamide Antibacterial [EPC],CAT001,Antibiotics
MED037363,63629-9323,Betamethasone Dipropionate,Betamethasone Dipropionate,Bryant Ranch Prepack,BETAMETHASONE DIPROPIONATE,.5 mg/g,OINTMENT,TOPICAL,Corticosteroid Hormone Receptor Agonists [MoA],CAT004,Pain Management
MED037382,63739-724,Potassium Chloride,Potassium Chloride,Mckesson Corporation Dba Sky Packaging,POTASSIUM CHLORIDE,20 meq/15mL,SOLUTION,ORAL,Increased Large Intestinal Motility [PE],CAT007,Gastrointestinal
MED037395,63824-129,Oxymetazoline Hydrochloride,Mucinex Sinus-Max Severe Nasal Congestion Relief Clear And Cool Nasal,Reckitt Benckiser Llc,OXYMETAZOLINE HYDROCHLORIDE,.05 g/100mL,SOLUTION,NASAL,Imidazolines [CS],CAT005,Neurology
MED037432,63868-957,Dextromethorphan Hbr,Cough Relief Cough Suppressant,Quality Choice (Chain Drug Marketing Association),DEXTROMETHORPHAN HYDROBROMIDE,15 mg/5mL,LIQUID,ORAL,Sigma-1 Agonist [EPC],CAT005,Neurology
MED037469,63981-915,Omeprazole,Kirkland Signature Omeprazole,Costco Wholesale Company,OMEPRAZOLE,20 mg/1,"TABLET, DELAYED RELEASE",ORAL,Cytochrome P450 2C19 Inhibitors [MoA],CAT014,Vitamins & Supplements
MED037487,0310-0679,Olaparib,Lynparza,Astrazeneca Pharmaceuticals Lp,OLAPARIB,150 mg/1,"TABLET, FILM COATED",ORAL,Poly(ADP-Ribose) Polymerase Inhibitor [EPC],CAT012,Ophthalmology
MED037515,64673-002,Oxygen,Oxygen Compressed Gas,"Medcyl Services, Ltd.",OXYGEN,1 L/L,GAS,RESPIRATORY (INHALATION),UNKNOWN,CAT015,Others
MED037528,64850-502,"Dextroamphetamine Saccharate, Amphetamine Aspartate, Dextroamphetamine Sulfate And Amphetamine Sulfate","Dextroamphetamine Saccharate, Amphetamine Aspartate, Dextroamphetamine Sulfate And Amphetamine Sulfate","Elite Laboratories, Inc.",AMPHETAMINE ASPARTATE MONOHYDRATE,2.5 mg/1,TABLET,ORAL,Central Nervous System Stimulant [EPC],CAT005,Neurology
MED037543,64942-1303,Aluminum Zirconium Tetrachlorohydrex Gly,Degree Clinical Sheer Powder Antiperspirant And Deodorant,Conopco Inc. D/B/A Unilever,ALUMINUM ZIRCONIUM TETRACHLOROHYDREX GLY,20 g/100g,STICK,TOPICAL,UNKNOWN,CAT015,Others
MED037628,64980-265,Methimazole,Methimazole,"Rising Pharma Holdings, Inc.",METHIMAZOLE,10 mg/1,TABLET,ORAL,Thyroid Hormone Synthesis Inhibitor [EPC],CAT009,Oncology
MED037703,65131-101,Acetaminophen-Dextromethorphan Hbr-Phenylephrine Hcl-Chlorpheniramine Maleate,Broncochem Cold And Flu Caplets,Laboratorio Magnachem International Srl,ACETAMINOPHEN,325 mg/1,"TABLET, COATED",ORAL,Adrenergic alpha1-Agonists [MoA],CAT003,Diabetes
MED037707,65145-127,Etomidate,Etomidate,Caplin Steriles Limited,ETOMIDATE,2 mg/mL,"INJECTION, SOLUTION",INTRAVENOUS,General Anesthesia [PE],CAT005,Neurology
MED037745,65174-200,Kit For The Preparation Of Technetium Tc 99M Exametazime For Leukocyte Labeling,Drax Exametazime,"Jubilant Draximage Inc., Dba Jubilant Radiopharma",TECHNETIUM TC-99M EXAMETAZIME,.5 mg/1,"INJECTION, POWDER, LYOPHILIZED, FOR SOLUTION",INTRAVENOUS,Radioactive Diagnostic Agent [EPC],CAT014,Vitamins & Supplements
MED037749,65197-502,Solarcaine Burn Pain Relief 4Oz,Solarcaine Burn Pain Relief 4Oz,Wellspring Pharmaceutical Corporation,LIDOCAINE HYDROCHLORIDE,4 g/100g,SPRAY,TOPICAL,Amide Local Anesthetic [EPC],CAT004,Pain Management
MED037766,65219-534,Tranexamic Acid,Tranexamic Acid In Sodium Chloride,"Fresenius Kabi Usa, Llc",TRANEXAMIC ACID,10 mg/mL,"INJECTION, SOLUTION",INTRAVENOUS,Antifibrinolytic Agent [EPC],CAT003,Diabetes
MED037769,65219-658,Potassium Phosphates,Potassium Phosphates,"Fresenius Kabi Usa, Llc",DIBASIC POTASSIUM PHOSPHATE,4.72 mg/mL,"INJECTION, SOLUTION",INTRAVENOUS,Increased Large Intestinal Motility [PE],CAT007,Gastrointestinal
MED037786,65628-206,Vancomycin Hydrochloride,Firvanq,"Azurity Pharmaceuticals, Inc",UNKNOWN,UNKNOWN,KIT,UNKNOWN,UNKNOWN,CAT015,Others
MED037810,65841-649,Topiramate,Topiramate,Zydus Lifesciences Limited,TOPIRAMATE,100 mg/1,"TABLET, FILM COATED",ORAL,Cytochrome P450 2C19 Inhibitors [MoA],CAT014,Vitamins & Supplements
MED037834,0338-1089,"Leucine, Phenylalanine, Lysine, Methionine, Isoleucine, Valine, Histidine, Threonine, Tryptophan, Alanine, Glycine, Arginine, Proline, Serine, Tyrosine, Dextrose",Clinimix,Baxter Healthcare Corporation,ALANINE,880 mg/100mL,INJECTION,INTRAVENOUS,Amino Acid [EPC],CAT013,Vaccines & Biologics
MED037866,65862-605,Pramipexole Dihydrochloride,Pramipexole Dihydrochloride,Aurobindo Pharma Limited,PRAMIPEXOLE DIHYDROCHLORIDE,.25 mg/1,TABLET,ORAL,Dopamine Agonists [MoA],CAT005,Neurology
MED037869,65862-651,Rivastigmine Tartrate,Rivastigmine Tartrate,Aurobindo Pharma Limited,RIVASTIGMINE TARTRATE,6 mg/1,CAPSULE,ORAL,Cholinesterase Inhibitor [EPC],CAT005,Neurology
MED037885,65862-751,Cefixime,Cefixime,Aurobindo Pharma Limited,CEFIXIME,100 mg/5mL,"POWDER, FOR SUSPENSION",ORAL,Cephalosporin Antibacterial [EPC],CAT001,Antibiotics
MED037905,0338-7005,"Leucine, Phenylalanine, Lysine, Methionine, Isoleucine, Valine, Histidine, Threonine, Tryptophan, Alanine, Glycine, Arginine, Proline, Serine, Tyrosine, Dextrose",Clinimix,Baxter Healthcare Corporation,ALANINE,880 mg/100mL,INJECTION,INTRAVENOUS,Amino Acid [EPC],CAT013,Vaccines & Biologics
MED037913,66096-788,Argentum Muriaticum,Argentum Muriaticum,Ohm Pharma Inc.,SILVER CHLORIDE,6 [hp_C]/6[hp_C],PELLET,ORAL,UNKNOWN,CAT015,Others
MED037937,66467-2210,Sodium Fluoride,60 Second Fluoride Gel,"Darby Dental Supply, Llc",SODIUM FLUORIDE,5.6 g/454g,GEL,DENTAL,UNKNOWN,CAT015,Others
MED038010,66993-167,Fluticasone Furoate,Fluticasone Furoate Ellipta,Prasco Laboratories,FLUTICASONE FUROATE,100 ug/1,POWDER,RESPIRATORY (INHALATION),Corticosteroid Hormone Receptor Agonists [MoA],CAT004,Pain Management
MED038095,67184-0593,Bumetanide,Bumetanide,"Qilu Pharmaceutical Co., Ltd.",BUMETANIDE,.25 mg/mL,INJECTION,INTRAMUSCULAR,Increased Diuresis at Loop of Henle [PE],CAT003,Diabetes
MED038114,67296-2152,Metronidazole,Metronidazole,Redpharm Drug,METRONIDAZOLE,500 mg/1,"TABLET, FILM COATED",ORAL,Nitroimidazole Antimicrobial [EPC],CAT001,Antibiotics
MED038150,67544-492,Paroxetine Hydrochloride,Paroxetine,"Aphena Pharma Solutions - Tennessee, Llc",PAROXETINE HYDROCHLORIDE ANHYDROUS,40 mg/1,"TABLET, FILM COATED",ORAL,Serotonin Reuptake Inhibitor [EPC],CAT005,Neurology
MED038160,67751-224,Stannous Fluoride,Colgate Total Sf Clean Mint,Navajo Manufacturing Company Inc.,STANNOUS FLUORIDE,1.1 mg/g,"PASTE, DENTIFRICE",DENTAL,UNKNOWN,CAT015,Others
MED038192,67877-480,Roflumilast,Roflumilast,"Ascend Laboratories, Llc",ROFLUMILAST,500 ug/1,TABLET,ORAL,Phosphodiesterase 4 Inhibitor [EPC],CAT003,Diabetes
MED038198,67877-563,Metformin Hcl,Metformin Hcl,"Ascend Laboratories, Llc",METFORMIN HYDROCHLORIDE,1000 mg/1,TABLET,ORAL,Biguanide [EPC],CAT002,Cardiovascular
MED038206,67877-655,Dexmethylphenidate Hydrochloride,Dexmethylphenidate Hydrochloride,"Ascend Laboratories, Llc",DEXMETHYLPHENIDATE HYDROCHLORIDE,2.5 mg/1,TABLET,ORAL,Central Nervous System Stimulant [EPC],CAT005,Neurology
MED038242,68001-494,Famotidine,Famotidine,Bluepoint Laboratories,FAMOTIDINE,10 mg/1,TABLET,ORAL,Histamine H2 Receptor Antagonists [MoA],CAT006,Respiratory
MED038253,68001-666,Aprepitant,Aprepitant,Bluepoint Laboratories,APREPITANT,40 mg/1,CAPSULE,ORAL,Cytochrome P450 2C9 Inducers [MoA],CAT014,Vitamins & Supplements
MED038286,68071-2112,Emtricitabine And Tenofovir Disoproxil Fumarate,Truvada,"Nucare Pharmaceuticals,Inc.",EMTRICITABINE,200 mg/1,"TABLET, FILM COATED",ORAL,Hepatitis B Virus Nucleoside Analog Reverse Transcriptase Inhibitor [EPC],CAT001,Antibiotics
MED038324,68071-3615,Lovastatin,Lovastatin,"Nucare Pharmaceuticals,Inc.",LOVASTATIN,20 mg/1,TABLET,ORAL,HMG-CoA Reductase Inhibitor [EPC],CAT003,Diabetes
MED038406,68078-050,Zinc Oxide,Sunforgettable Total Protection Sport Stick,Colorescience,ZINC OXIDE,135 mg/g,STICK,TOPICAL,UNKNOWN,CAT015,Others
MED038474,68180-197,Telmisartan And Amlodipine,Telmisartan And Amlodipine,"Lupin Pharmaceuticals, Inc.",AMLODIPINE BESYLATE,10 mg/1,TABLET,ORAL,Angiotensin 2 Receptor Antagonists [MoA],CAT003,Diabetes
MED038528,68382-108,Lamotrigine,Lamotrigine,Zydus Pharmaceuticals Usa Inc.,LAMOTRIGINE,5 mg/1,"TABLET, CHEWABLE",ORAL,Anti-epileptic Agent [EPC],CAT005,Neurology
MED038572,68436-120,Sorbutuss,Sorbutuss Nr,Dextrum Laboratories Inc.,DEXTROMETHORPHAN HYDROBROMIDE,10 mg/5mL,LIQUID,ORAL,Decreased Respiratory Secretion Viscosity [PE],CAT006,Respiratory
MED038586,68462-394,Norethindrone And Ethinyl Estradiol,Alyacen 1/35,"Glenmark Pharmaceuticals Inc., Usa",UNKNOWN,UNKNOWN,KIT,UNKNOWN,UNKNOWN,CAT015,Others
MED038600,68462-638,Nitroglycerin,Nitroglycerin,"Glenmark Pharmaceuticals Inc., Usa",NITROGLYCERIN,.3 mg/1,TABLET,SUBLINGUAL,Nitrate Vasodilator [EPC],CAT003,Diabetes
MED038621,68546-176,Deutetrabenazine,Austedo,"Teva Neuroscience, Inc.",UNKNOWN,UNKNOWN,KIT,UNKNOWN,UNKNOWN,CAT015,Others
MED038626,68577-146,"Homosalate, Octisalate, Zinc Oxide",Buildable Blur,"Cosmax Usa, Corporation",HOMOSALATE,9 mg/100mg,CREAM,TOPICAL,UNKNOWN,CAT015,Others
MED038629,68577-181,"Octinoxate, Titanium Dioxide, Zinc Oxide",Light Illusion Luminous Makeup Nude-Skin Feel Spf18 Classic Tan,"Cosmax Usa, Inc",OCTINOXATE,5 mg/100mg,CREAM,TOPICAL,UNKNOWN,CAT015,Others
MED038637,68599-0204,Dimethicone,Thera Moisturizing Body Shield,Mckesson Medical-Surgical Inc.,DIMETHICONE,15 mg/g,CREAM,TOPICAL,Skin Barrier Activity [PE],CAT008,Dermatology
MED038651,68678-013,Menthol,Cold Therapy,Ahc Ventures Corp Dba Cryoderm,MENTHOL,10 g/100mL,GEL,TOPICAL,UNKNOWN,CAT015,Others
MED038657,68682-301,Pyridostigmine Bromide,Pyridostigmine Bromide,Oceanside Pharmaceuticals,PYRIDOSTIGMINE BROMIDE,180 mg/1,"TABLET, EXTENDED RELEASE",ORAL,Cholinesterase Inhibitor [EPC],CAT005,Neurology
MED038672,68788-4010,Bupropion Hydrochloride,Bupropion Hydrochloride,Preferred Pharmaceuticals Inc.,BUPROPION HYDROCHLORIDE,150 mg/1,"TABLET, EXTENDED RELEASE",ORAL,Aminoketone [EPC],CAT005,Neurology
MED038740,68788-8432,Glimepiride,Glimepiride,Preferred Pharmaceuticals Inc.,GLIMEPIRIDE,4 mg/1,TABLET,ORAL,Sulfonylurea Compounds [CS],CAT002,Cardiovascular
MED038774,68788-8844,Naproxen,Naproxen,Preferred Pharmaceuticals Inc.,NAPROXEN,375 mg/1,TABLET,ORAL,Anti-Inflammatory Agents,CAT004,Pain Management
MED038804,68998-198,Acetaminophen,Pain Relief Extra Strength,"Marc Glassman, Inc.",ACETAMINOPHEN,500 mg/1,"TABLET, COATED",ORAL,UNKNOWN,CAT015,Others
MED038850,69097-839,Quinapril,Quinapril,Cipla Usa Inc.,QUINAPRIL HYDROCHLORIDE,5 mg/1,TABLET,ORAL,Angiotensin Converting Enzyme Inhibitor [EPC],CAT003,Diabetes
MED038852,69097-858,Fosinopril,Fosinopril Sodium,Cipla Usa Inc.,FOSINOPRIL SODIUM,40 mg/1,TABLET,ORAL,Angiotensin Converting Enzyme Inhibitor [EPC],CAT003,Diabetes
MED038858,69097-908,Lanreotide Acetate,Lanreotide Acetate,Cipla Usa Inc.,LANREOTIDE ACETATE,90 mg/.3mL,INJECTION,SUBCUTANEOUS,Somatostatin Analog [EPC],CAT003,Diabetes
MED038872,0363-7065,"Diclofenac Sodium Topical Gel, 1%",Diclofenac Sodium Topical Gel 1%,Walgreens Company,DICLOFENAC SODIUM,10 mg/g,GEL,TOPICAL,Anti-Inflammatory Agents,CAT004,Pain Management
MED038882,69168-481,Lidocaine Pain Relief,Lidocaine Pain Relief,Allegiant Health,LIDOCAINE,.04 g/100g,PATCH,TOPICAL,Amide Local Anesthetic [EPC],CAT004,Pain Management
MED038903,69238-1347,Tadalafil,Tadalafil,Amneal Pharmaceuticals Ny Llc,TADALAFIL,5 mg/1,"TABLET, FILM COATED",ORAL,Phosphodiesterase 5 Inhibitor [EPC],CAT003,Diabetes
MED038915,69238-2732,Sacubitril And Valsartan,Sacubitril And Valsartan,Amneal Pharmaceuticals Ny Llc,SACUBITRIL,49 mg/1,"TABLET, FILM COATED",ORAL,Angiotensin 2 Receptor Antagonists [MoA],CAT003,Diabetes
MED038950,69339-157,Levetiracetam,Levetiracetam,Natco Pharma Usa Llc,LEVETIRACETAM,100 mg/mL,SOLUTION,ORAL,Decreased Central Nervous System Disorganized Electrical Activity [PE],CAT005,Neurology
MED038959,0363-8780,Docusate Sodium And Sennosides,Stool Softener Laxative,Walgreens,DOCUSATE SODIUM,50 mg/1,TABLET,ORAL,UNKNOWN,CAT015,Others
MED038984,69367-449,Ibuprofen,Ibuprofen,"Westminster Pharmaceuticals, Llc",IBUPROFEN,800 mg/1,"TABLET, FILM COATED",ORAL,Anti-Inflammatory Agents,CAT004,Pain Management
MED038985,69367-616,Salsalate,Salsalate,"Westminster Pharmaceuticals, Llc",SALSALATE,750 mg/1,TABLET,ORAL,UNKNOWN,CAT015,Others
MED039006,69423-256,Aluminum Zirconium Trichlorohydrex Gly,Gillette Clinical Soft Ultimate Fresh,The Procter & Gamble Manufacturing Company,ALUMINUM ZIRCONIUM TRICHLOROHYDREX GLY,20 g/100g,CREAM,TOPICAL,UNKNOWN,CAT015,Others
MED039011,69423-556,Colloidal Oatmeal,First Aid Beauty Fab Ultra Repair Skin Protectant,The Procter & Gamble Manufacturing Company,OATMEAL,.5 g/100g,CREAM,TOPICAL,Allergens [CS],CAT006,Respiratory
MED039024,69423-859,Sodium Fluoride,Scope Stay Strong,The Procter & Gamble Manufacturing Company,SODIUM FLUORIDE,.02 mg/mL,RINSE,ORAL,UNKNOWN,CAT015,Others
MED039073,0363-9580,Nicotine Polacrilex,Nicotine,Walgreens,NICOTINE,4 mg/1,LOZENGE,ORAL,Cholinergic Nicotinic Agonist [EPC],CAT005,Neurology
MED039087,69557-222,Colchicine,Gloperba,Scilex Pharmaceuticals Inc.,COLCHICINE,.6 mg/5mL,SOLUTION,ORAL,Alkaloid [EPC],CAT012,Ophthalmology
MED039147,0363-9955,Loratadine,Loratadine,Walgreens Company,LORATADINE,5 mg/1,TABLET,ORAL,UNKNOWN,CAT015,Others
MED039150,69842-255,"Piperonyl Butoxide, Pyrethrum Extract",Cvs 3 Step Lice Solution,Cvs,UNKNOWN,UNKNOWN,KIT,TOPICAL,UNKNOWN,CAT015,Others
MED039191,69842-903,"Acetaminophen, Dextromethorphan Hydrobromide, Guaifenesin ,Phenylephrine Hcl",Cvs Maximum Strength Cold And Flu Relief,Cvs Pharmacy,ACETAMINOPHEN,650 mg/20mL,LIQUID,ORAL,Adrenergic alpha1-Agonists [MoA],CAT003,Diabetes
MED039220,0378-0277,Chlordiazepoxide And Amitriptyline Hydrochloride,Chlordiazepoxide And Amitriptyline Hydrochloride,Mylan Pharmaceuticals Inc.,AMITRIPTYLINE HYDROCHLORIDE,27.98 mg/1,"TABLET, FILM COATED",ORAL,Benzodiazepine [EPC],CAT005,Neurology
MED039248,69968-0842,"Avobenzone, Homosalate, Octisalate, And Octocrylene",Neutrogena Invisible Daily Defense Broad Spectrum Spf 30,Kenvue Brands Llc,AVOBENZONE,15 mg/mL,LOTION,TOPICAL,UNKNOWN,CAT015,Others
MED039296,70000-0680,Tolnaftate,Antifungal Liquid,"Leader/Cardinal Health 110, Inc.",TOLNAFTATE,10 mg/mL,LIQUID,TOPICAL,UNKNOWN,CAT015,Others
MED039318,70010-215,Lisdexamfetamine Dimesylate,Lisdexamfetamine Dimesylate,Granules Pharmaceuticals Inc.,LISDEXAMFETAMINE DIMESYLATE,20 mg/1,"TABLET, CHEWABLE",ORAL,Central Nervous System Stimulant [EPC],CAT005,Neurology
MED039319,70010-218,Lisdexamfetamine Dimesylate,Lisdexamfetamine Dimesylate,Granules Pharmaceuticals Inc.,LISDEXAMFETAMINE DIMESYLATE,50 mg/1,"TABLET, CHEWABLE",ORAL,Central Nervous System Stimulant [EPC],CAT005,Neurology
MED039326,70069-171,Cyanocobalamin,Cyanocobalamin,"Somerset Therapeutics, Llc",CYANOCOBALAMIN,1000 ug/mL,"INJECTION, SOLUTION",INTRAMUSCULAR,Vitamin B 12 [CS],CAT013,Vaccines & Biologics
MED039374,70121-1163,Furosemide,Furosemide,Amneal Pharmaceuticals Llc,FUROSEMIDE,20 mg/2mL,INJECTION,INTRAMUSCULAR,Increased Diuresis at Loop of Henle [PE],CAT003,Diabetes
MED039375,70121-1168,Triamcinolone Acetonide,Triamcinolone Acetonide,Amneal Pharmaceuticals Llc,TRIAMCINOLONE ACETONIDE,200 mg/5mL,"INJECTION, SUSPENSION",INTRA-ARTICULAR,Corticosteroid Hormone Receptor Agonists [MoA],CAT004,Pain Management
MED039393,70244-034,Loteprednol Etabonate,Loteprednol Etabonate,Sentiss Pharmaceuticals Llc,LOTEPREDNOL ETABONATE,5 mg/mL,SUSPENSION/ DROPS,OPHTHALMIC,Corticosteroid Hormone Receptor Agonists [MoA],CAT004,Pain Management
MED039401,70335-010,Alcohol,Germisept Antibacterial Hand Sanitizing Alcohol Wipes,"Innovent, Inc.",ALCOHOL,.75 mL/mL,CLOTH,TOPICAL,UNKNOWN,CAT015,Others
MED039411,70377-060,Labetalol Hydrochloride,Labetalol Hydrochloride,Biocon Pharma Inc.,LABETALOL HYDROCHLORIDE,100 mg/1,"TABLET, FILM COATED",ORAL,Adrenergic beta-Antagonists [MoA],CAT003,Diabetes
MED039446,70474-018,Octinoxate,Note Sunglow Foundation,Altona Cosmetics Technology Sanayi Ve Ticaret Anonim Sirketi,OCTINOXATE,6 mg/mL,CREAM,TOPICAL,UNKNOWN,CAT015,Others
MED039456,70518-0245,Losartan Potassium,Losartan Potassium,Remedyrepack Inc.,LOSARTAN POTASSIUM,50 mg/1,"TABLET, FILM COATED",ORAL,Angiotensin 2 Receptor Antagonists [MoA],CAT003,Diabetes
MED039461,0378-6120,Diltiazem Hydrochloride,Diltiazem Hydrochloride,Mylan Pharmaceuticals Inc.,DILTIAZEM HYDROCHLORIDE,120 mg/1,"CAPSULE, EXTENDED RELEASE",ORAL,Calcium Channel Antagonists [MoA],CAT003,Diabetes
MED039463,70518-1114,Nystatin And Triamcinolone Acetonide,Nystatin And Triamcinolone Acetonide,Remedyrepack Inc.,NYSTATIN,100000 [USP'U]/g,CREAM,TOPICAL,Corticosteroid Hormone Receptor Agonists [MoA],CAT004,Pain Management
MED039480,70518-1575,Risperidone,Risperidone,Remedyrepack Inc.,RISPERIDONE,.5 mg/1,TABLET,ORAL,Atypical Antipsychotic [EPC],CAT005,Neurology
MED039481,70518-1582,Olanzapine,Olanzapine,Remedyrepack Inc.,OLANZAPINE,20 mg/1,"TABLET, FILM COATED",ORAL,Atypical Antipsychotic [EPC],CAT005,Neurology
MED039486,70518-1713,Diazepam,Diazepam,Remedyrepack Inc.,DIAZEPAM,5 mg/1,TABLET,ORAL,Benzodiazepine [EPC],CAT005,Neurology
MED039504,70518-2472,Escitalopram,Escitalopram,Remedyrepack Inc.,ESCITALOPRAM OXALATE,10 mg/1,"TABLET, FILM COATED",ORAL,Serotonin Reuptake Inhibitor [EPC],CAT005,Neurology
MED039586,70518-4249,Baclofen,Baclofen,Remedyrepack Inc.,BACLOFEN,10 mg/1,TABLET,ORAL,GABA A Agonists [MoA],CAT005,Neurology
MED039591,70518-4263,Prazosin Hydrochloride,Prazosin Hydrochloride,Remedyrepack Inc.,PRAZOSIN HYDROCHLORIDE,2 mg/1,CAPSULE,ORAL,Adrenergic alpha-Antagonists [MoA],CAT003,Diabetes
MED039593,0378-8222,"Miconazole Nitrate, Zinc Oxide, White Petrolatum",Vusion,Mylan Pharmaceuticals Inc.,MICONAZOLE NITRATE,2.5 mg/g,OINTMENT,TOPICAL,Azole Antifungal [EPC],CAT001,Antibiotics
MED039616,70518-4476,Citalopram,Citalopram,Remedyrepack Inc.,CITALOPRAM HYDROBROMIDE,10 mg/1,"TABLET, FILM COATED",ORAL,Serotonin Reuptake Inhibitor [EPC],CAT005,Neurology
MED039632,70518-4645,Desipramine Hydrochloride,Desipramine Hydrochloride,Remedyrepack Inc.,DESIPRAMINE HYDROCHLORIDE,10 mg/1,TABLET,ORAL,Tricyclic Antidepressant [EPC],CAT005,Neurology
MED039659,70677-1043,Loratadine,Foster And Thrive Childrens Allergy Relief,Strategic Sourcing Services Llc,LORATADINE,5 mg/1,"TABLET, CHEWABLE",ORAL,UNKNOWN,CAT015,Others
MED039673,70677-1126,Caffeine,Stay Awake,Strategic Sourcing Services Llc,CAFFEINE,200 mg/1,TABLET,ORAL,Central Nervous System Stimulant [EPC],CAT005,Neurology
MED039704,70700-207,Levonorgestrel And Ethinyl Estradiol And Ethinyl Estradiol Tablets,Lojaimiess,Xiromed Llc,UNKNOWN,UNKNOWN,KIT,UNKNOWN,UNKNOWN,CAT015,Others
MED039738,70710-1586,Brivaracetam,Brivaracetam,Zydus Pharmaceuticals Usa Inc.,BRIVARACETAM,50 mg/1,"TABLET, FILM COATED",ORAL,Epoxide Hydrolase Inhibitors [MoA],CAT014,Vitamins & Supplements
MED039750,70710-2091,Docetaxel,Beizray,Zydus Pharmaceuticals Usa Inc.,UNKNOWN,UNKNOWN,KIT,UNKNOWN,UNKNOWN,CAT015,Others
MED039754,70729-291,Ibuprofen,Ibuprofen,"Breeden Brothers, Llc",IBUPROFEN,200 mg/1,"TABLET, FILM COATED",ORAL,Anti-Inflammatory Agents,CAT004,Pain Management
MED039767,70752-144,"Butalbital, Acetaminophen And Caffeine","Butalbital, Acetaminophen And Caffeine",Quagen Pharmaceuticals Llc,ACETAMINOPHEN,300 mg/1,CAPSULE,ORAL,Barbiturate [EPC],CAT005,Neurology
MED039796,70771-1163,Labetalol Hydrochloride,Labetalol Hydrochloride,Zydus Lifesciences Limited,LABETALOL HYDROCHLORIDE,100 mg/1,"TABLET, FILM COATED",ORAL,Adrenergic beta-Antagonists [MoA],CAT003,Diabetes
MED039807,70771-1393,Fluocinonide,Fluocinonide,Zydus Lifesciences Limited,FLUOCINONIDE,1 mg/g,CREAM,TOPICAL,Corticosteroid Hormone Receptor Agonists [MoA],CAT004,Pain Management
MED039819,70771-1610,Droxidopa,Droxidopa,Zydus Lifesciences Limited,DROXIDOPA,200 mg/1,CAPSULE,ORAL,Catecholamines [CS],CAT005,Neurology
MED039827,70771-1702,Famotidine,Famotidine,Zydus Lifesciences Limited,FAMOTIDINE,20 mg/1,"TABLET, FILM COATED",ORAL,Histamine H2 Receptor Antagonists [MoA],CAT006,Respiratory
MED039883,71085-075,Lidocaine,"Lidocaine Cream, 4%","Ipg Pharmaceuticals, Inc.",LIDOCAINE,4 g/100g,CREAM,TOPICAL,Amide Local Anesthetic [EPC],CAT004,Pain Management
MED039936,71205-180,Lisinopril,Lisinopril,Proficient Rx Lp,LISINOPRIL,20 mg/1,TABLET,ORAL,Angiotensin Converting Enzyme Inhibitor [EPC],CAT003,Diabetes
MED039975,71205-593,Ceftriaxone,Ceftriaxone,Proficient Rx Lp,CEFTRIAXONE SODIUM,2 g/1,"INJECTION, POWDER, FOR SOLUTION",INTRAMUSCULAR,Cephalosporin Antibacterial [EPC],CAT001,Antibiotics
MED039978,71205-615,Diphenhydramine Hcl,Diphenhydramine Hcl,Proficient Rx Lp,DIPHENHYDRAMINE HYDROCHLORIDE,25 mg/1,CAPSULE,ORAL,Histamine H1 Receptor Antagonists [MoA],CAT006,Respiratory
MED039981,71205-634,Famotidine,Famotidine,Proficient Rx Lp,FAMOTIDINE,40 mg/1,"TABLET, FILM COATED",ORAL,Histamine H2 Receptor Antagonists [MoA],CAT006,Respiratory
MED040014,71209-017,Hydralazine Hydrochloride,Hydralazine Hydrochloride,Cadila Pharmaceuticals Limited,HYDRALAZINE HYDROCHLORIDE,50 mg/1,TABLET,ORAL,Arteriolar Vasodilation [PE],CAT003,Diabetes
MED040024,71217-0057,"Citronellol, Geraniol, Linalool",Protecting May Morning Cushion 21,Inthismorning Co Ltd,".BETA.-CITRONELLOL, (R)-",.03018988 g/100g,POWDER,TOPICAL,Allergens [CS],CAT006,Respiratory
MED040056,71335-0146,Oxycodone And Acetaminophen,Oxycodone And Acetaminophen,Bryant Ranch Prepack,ACETAMINOPHEN,325 mg/1,TABLET,ORAL,Full Opioid Agonists [MoA],CAT004,Pain Management
MED040078,71335-0606,Rosuvastatin,Rosuvastatin,Bryant Ranch Prepack,ROSUVASTATIN CALCIUM,10 mg/1,"TABLET, FILM COATED",ORAL,HMG-CoA Reductase Inhibitor [EPC],CAT003,Diabetes
MED040085,71335-0725,Benzonatate,Benzonatate,Bryant Ranch Prepack,BENZONATATE,200 mg/1,CAPSULE,ORAL,Decreased Tracheobronchial Stretch Receptor Activity [PE],CAT006,Respiratory
MED040108,71335-1223,Diltiazem Hydrochloride,Diltiazem Hydrochloride Extended-Release,Bryant Ranch Prepack,DILTIAZEM HYDROCHLORIDE,120 mg/1,"CAPSULE, COATED, EXTENDED RELEASE",ORAL,Calcium Channel Antagonists [MoA],CAT003,Diabetes
MED040109,71335-1229,Ciprofloxacin Tablets,Ciprofloxacin,Bryant Ranch Prepack,CIPROFLOXACIN HYDROCHLORIDE,500 mg/1,"TABLET, COATED",ORAL,Cytochrome P450 1A2 Inhibitors [MoA],CAT014,Vitamins & Supplements
MED040126,71335-1549,Doxycycline Hyclate,Doxycycline Hyclate,Bryant Ranch Prepack,DOXYCYCLINE HYCLATE,100 mg/1,CAPSULE,ORAL,Tetracycline-class Drug [EPC],CAT001,Antibiotics
MED040130,71335-1724,Prazosin Hydrochloride,Prazosin Hydrochloride,Bryant Ranch Prepack,PRAZOSIN HYDROCHLORIDE,1 mg/1,CAPSULE,ORAL,Adrenergic alpha-Antagonists [MoA],CAT003,Diabetes
MED040146,71335-1880,Benzonatate,Benzonatate,Bryant Ranch Prepack,BENZONATATE,200 mg/1,CAPSULE,ORAL,Decreased Tracheobronchial Stretch Receptor Activity [PE],CAT006,Respiratory
MED040161,71335-2020,Fluoxetine Hydrochloride,Fluoxetine,Bryant Ranch Prepack,FLUOXETINE HYDROCHLORIDE,20 mg/1,CAPSULE,ORAL,Serotonin Reuptake Inhibitor [EPC],CAT005,Neurology
MED040191,71335-2423,Solifenacin Succinate,Solifenacin Succinate,Bryant Ranch Prepack,SOLIFENACIN SUCCINATE,5 mg/1,"TABLET, FILM COATED",ORAL,Cholinergic Muscarinic Antagonist [EPC],CAT005,Neurology
MED040192,71335-2434,Labetalol Hydrochloride,Labetalol Hydrochloride,Bryant Ranch Prepack,LABETALOL HYDROCHLORIDE,300 mg/1,"TABLET, FILM COATED",ORAL,Adrenergic beta-Antagonists [MoA],CAT003,Diabetes
MED040246,71335-2941,Ketoconazole,Ketoconazole,Bryant Ranch Prepack,KETOCONAZOLE,2 g/100g,"AEROSOL, FOAM",TOPICAL,Azole Antifungal [EPC],CAT001,Antibiotics
MED040283,71335-9730,Lisinopril And Hydrochlorothiazide Tablets,Lisinopril And Hydrochlorothiazide,Bryant Ranch Prepack,HYDROCHLOROTHIAZIDE,12.5 mg/1,TABLET,ORAL,Angiotensin Converting Enzyme Inhibitor [EPC],CAT003,Diabetes
MED040284,71335-9732,Doxepin Hydrochloride,Doxepin Hydrochloride,Bryant Ranch Prepack,DOXEPIN HYDROCHLORIDE,50 mg/1,CAPSULE,ORAL,Tricyclic Antidepressant [EPC],CAT005,Neurology
MED040288,71337-046,"Diclofenac Potassium, Film Coated",Diclofenac Potassium,Havix Group Inc D-B-A Aavis Pharmaceuticals,DICLOFENAC POTASSIUM,50 mg/1,TABLET,ORAL,Anti-Inflammatory Agents,CAT004,Pain Management
MED040325,71610-440,Losartan Potassium,Losartan Potassium,"Aphena Pharma Solutions - Tennessee, Llc",LOSARTAN POTASSIUM,50 mg/1,"TABLET, FILM COATED",ORAL,Angiotensin 2 Receptor Antagonists [MoA],CAT003,Diabetes
MED040338,71610-671,Losartan Potassium And Hydrochlorothiazide,Losartan Potassium And Hydrochlorothiazide,"Aphena Pharma Solutions - Tennessee, Llc",HYDROCHLOROTHIAZIDE,25 mg/1,"TABLET, FILM COATED",ORAL,Angiotensin 2 Receptor Antagonists [MoA],CAT003,Diabetes
MED040345,71610-744,Atorvastatin Calcium,Atorvastatin Calcium,"Aphena Pharma Solutions - Tennessee, Llc",ATORVASTATIN CALCIUM TRIHYDRATE,20 mg/1,"TABLET, FILM COATED",ORAL,HMG-CoA Reductase Inhibitor [EPC],CAT003,Diabetes
MED040365,71610-908,Tadalafil,Tadalafil,"Aphena Pharma Solutions - Tennessee, Llc",TADALAFIL,10 mg/1,TABLET,ORAL,Phosphodiesterase 5 Inhibitor [EPC],CAT003,Diabetes
MED040375,71610-982,Sacubitril And Valsartan,Sacubitril And Valsartan,"Aphena Pharma Solutions - Tennessee, Llc",SACUBITRIL,49 mg/1,TABLET,ORAL,Angiotensin 2 Receptor Antagonists [MoA],CAT003,Diabetes
MED040393,71742-0003,"Cactus Grandiflorus, Hamamelis Virginiana, Valeriana Officinalis, Arteria Suis, Heart (Suis), Arnica Montana, Aurum Metallicum, Baryta Muriatica, Cholesterinum, Lecithin, Magnesia Muriatica, Oxalicum Acidum, Phosphorus",Vascu-Pro T009,"Guangzhou Renuma Medical Systems Co., Ltd",ARNICA MONTANA WHOLE,12 [hp_X]/mL,LIQUID,ORAL,Allergens [CS],CAT006,Respiratory
MED040410,71811-006,Menthol,Cold Hot Medicated Patch 5% Menthol,Intermed Laboratories Private Limited,MENTHOL,5 g/1,PATCH,TOPICAL,UNKNOWN,CAT015,Others
MED040426,0409-9558,Rocuronium Bromide,Rocuronium Bromide,"Hospira, Inc.",ROCURONIUM BROMIDE,10 mg/mL,"INJECTION, SOLUTION",INTRAVENOUS,Neuromuscular Nondepolarizing Blockade [PE],CAT005,Neurology
MED040427,71872-7036,Rocuronium Bromide,Rocuronium Bromide,"Medical Purchasing Solutions, Llc",ROCURONIUM BROMIDE,10 mg/mL,SOLUTION,INTRAVENOUS,Neuromuscular Nondepolarizing Blockade [PE],CAT005,Neurology
MED040430,71872-7066,Dopamine Hydrochloride,Dopamine Hydrochloride,"Medical Purchasing Solutions, Llc",DOPAMINE HYDROCHLORIDE,40 mg/mL,"INJECTION, SOLUTION, CONCENTRATE",INTRAVENOUS,Catecholamine [EPC],CAT005,Neurology
MED040435,71872-7155,Metoprolol Tartrate,Metoprolol,"Medical Purchasing Solutions, Llc",METOPROLOL TARTRATE,5 mg/5mL,INJECTION,INTRAVENOUS,Adrenergic beta-Antagonists [MoA],CAT003,Diabetes
MED040439,71872-7179,Glycopyrrolate,Glycopyrrolate,"Medical Purchasing Solutions, Llc",GLYCOPYRROLATE,4 mg/20mL,INJECTION,INTRAMUSCULAR,Anticholinergic [EPC],CAT005,Neurology
MED040484,71927-026,Isopropyl Alcohol 50 % Wintergreen,Isopropyl Rubbing Alcohol Wintergreen Orazen Inc,Orazen Inc,ISOPROPYL ALCOHOL,50 mL/100mL,LIQUID,TOPICAL,UNKNOWN,CAT015,Others
MED040513,72090-001,Aspirin,Aspirin Pain Reliver,"Pioneer Life Sciences, Llc",ASPIRIN,81 mg/1,TABLET,ORAL,Anti-Inflammatory Agents,CAT004,Pain Management
MED040540,72162-1360,Furosemide,Furosemide,Bryant Ranch Prepack,FUROSEMIDE,20 mg/1,TABLET,ORAL,Increased Diuresis at Loop of Henle [PE],CAT003,Diabetes
MED040549,72162-1436,Clindamycin Phosphate,Clindamycin Phosphate,Bryant Ranch Prepack,CLINDAMYCIN PHOSPHATE,10 mg/g,GEL,TOPICAL,Decreased Sebaceous Gland Activity [PE],CAT008,Dermatology
MED040576,72162-1867,Minocycline Hydrochloride,Minocycline Hydrochloride,Bryant Ranch Prepack,MINOCYCLINE HYDROCHLORIDE,65 mg/1,"TABLET, FILM COATED, EXTENDED RELEASE",ORAL,Decreased Prothrombin Activity [PE],CAT003,Diabetes
MED040578,72162-1912,Ibuprofen Oral,Ibuprofen Oral,Bryant Ranch Prepack,IBUPROFEN,100 mg/5mL,SUSPENSION,ORAL,Anti-Inflammatory Agents,CAT004,Pain Management
MED040580,72162-1983,Zolpidem Tartrate,Zolpidem,Bryant Ranch Prepack,ZOLPIDEM TARTRATE,10 mg/1,TABLET,ORAL,Central Nervous System Depression [PE],CAT005,Neurology
MED040607,72162-2256,Doxycycline Hyclate,Doxycycline Hyclate,Bryant Ranch Prepack,DOXYCYCLINE HYCLATE,20 mg/1,TABLET,ORAL,Tetracycline-class Drug [EPC],CAT001,Antibiotics
MED040680,72189-366,Quetiapine Fumarate,Quetiapine Fumarate,Direct_Rx,QUETIAPINE FUMARATE,50 mg/1,"TABLET, FILM COATED",ORAL,Atypical Antipsychotic [EPC],CAT005,Neurology
MED040705,72189-629,Potassium Chloride Er,Potassium Chloride Er,Direct_Rx,POTASSIUM CHLORIDE,1500 mg/1,"TABLET, EXTENDED RELEASE",ORAL,Increased Large Intestinal Motility [PE],CAT007,Gastrointestinal
MED040721,72205-028,Febuxostat,Febuxostat,Novadoz Pharmaceuticals Llc,FEBUXOSTAT,40 mg/1,"TABLET, FILM COATED",ORAL,Xanthine Oxidase Inhibitor [EPC],CAT003,Diabetes
MED040733,72205-284,Abiraterone Acetate,Abiraterone,Novadoz Pharmaceuticals Llc,ABIRATERONE ACETATE,250 mg/1,"TABLET, FILM COATED",ORAL,Cytochrome P450 17A1 Inhibitor [EPC],CAT014,Vitamins & Supplements
MED040743,0485-0208,Guaifenesin And Phenylephrine,Ed Bron Gp,"Edwards Pharmaceuticals, Inc.",GUAIFENESIN,100 mg/5mL,LIQUID,ORAL,Adrenergic alpha1-Agonists [MoA],CAT003,Diabetes
MED040746,72241-052,Olanzapine,Olanzapine,Modavar Pharmaceuticals Llc,OLANZAPINE,5 mg/1,TABLET,ORAL,Atypical Antipsychotic [EPC],CAT005,Neurology
MED040778,72288-610,Mometasone Furoate Monohydrate,Basic Care Allergy,Amazon.Com Services Llc,MOMETASONE FUROATE MONOHYDRATE,50 ug/1,"SPRAY, METERED",NASAL,Corticosteroid Hormone Receptor Agonists [MoA],CAT004,Pain Management
MED040802,72367-000,Menthol,Sana Sana Menthol External Analgesic,Alquimia Najulam S De Rl De Cv,MENTHOL,150 mg/g,GEL,TOPICAL,UNKNOWN,CAT015,Others
MED040807,72427-3295,Pectin,Lolleez Watermelon,Bfy Llc,PECTIN,11.5 mg/7g,LOZENGE,ORAL,UNKNOWN,CAT015,Others
MED040835,72490-012,Capsaicin,Nufabrx Knee Sleeve,Nufabrx Llc,CAPSAICIN,.15 g/100g,CLOTH,TOPICAL,UNKNOWN,CAT015,Others
MED040848,72562-123,Trolamine Salicylate 10%,Copperlife Pain Relief,"Tommie Copper, Inc.",TROLAMINE SALICYLATE,10 g/100g,CREAM,TOPICAL,UNKNOWN,CAT015,Others
MED040857,72572-860,Vasopressin,Vasopressin,"Civica, Inc.",VASOPRESSIN,20 [USP'U]/mL,"INJECTION, SOLUTION",INTRAVENOUS,Decreased Diuresis [PE],CAT003,Diabetes
MED040861,72578-064,Ranolazine,Ranolazine,Viona Pharmaceuticals Inc,RANOLAZINE,500 mg/1,"TABLET, EXTENDED RELEASE",ORAL,Anti-anginal [EPC],CAT003,Diabetes
MED040905,72603-900,Bumetanide,Bumetanide,Northstar Rx Llc,BUMETANIDE,1 mg/1,TABLET,ORAL,Increased Diuresis at Loop of Henle [PE],CAT003,Diabetes
MED040909,72606-038,Denosumab-Bmwo,Osenvelt,"Celltrion Usa, Inc.",DENOSUMAB,120 mg/1.7mL,INJECTION,SUBCUTANEOUS,RANK Ligand Blocking Activity [MoA],CAT012,Ophthalmology
MED040913,72628-105,Menthol,Menthol Cough Drops,Boston Nutraceutical Production Sl,MENTHOL,5.8 mg/1,PASTILLE,ORAL,UNKNOWN,CAT015,Others
MED040920,72667-073,Menthol,Myderm Pro Freeze Cooling Menthol Pain Relief Roll-On,Inspec Solutions,MENTHOL,6 g/100g,GEL,TOPICAL,UNKNOWN,CAT015,Others
MED040943,0527-3282,Levothyroxine Sodium,Levothyroxine Sodium,"Lannett Company, Inc",LEVOTHYROXINE SODIUM,75 ug/1,TABLET,ORAL,Thyroxine [CS],CAT009,Oncology
MED041007,72854-351,Dextromethorphan Hydrobromide,Delsym Cough,Reckitt Benckiser Llc,DEXTROMETHORPHAN HYDROBROMIDE,15 mg/1,TABLET,ORAL,Sigma-1 Agonist [EPC],CAT005,Neurology
MED041035,72888-018,Sildenafil,Sildenafil Citrate,Advagen Pharma Ltd,SILDENAFIL CITRATE,20 mg/1,"TABLET, FILM COATED",ORAL,Phosphodiesterase 5 Inhibitor [EPC],CAT003,Diabetes
MED041058,72893-007,Ibritumomab Tiuxetan,Zevalin,Acrotech Biopharma Inc,UNKNOWN,UNKNOWN,KIT,UNKNOWN,UNKNOWN,CAT015,Others
MED041069,72976-005,"Benzalkonium Chloride, Lidocaine Hci",Ever Ready First Aid,Ever Ready First Aid,BENZALKONIUM CHLORIDE,1.3 mg/g,CREAM,TOPICAL,Amide Local Anesthetic [EPC],CAT004,Pain Management
MED041096,73096-754,"Camphor, Menthol",Cbd Clinic Deep-Rub Pain Relief - Level 5,"Abacus Health Products, Inc.",CAMPHOR (NATURAL),5 g/100g,OIL,TOPICAL,UNKNOWN,CAT015,Others
MED041122,73306-1120,Antiperspirant Above Invisible Masculino Aerosol,Antiperspirant Above Invisible Masculino,Baston Industria De Aerossis Ltda,ALUMINUM SESQUICHLOROHYDRATE,16 g/100g,"AEROSOL, SPRAY",TOPICAL,UNKNOWN,CAT015,Others
MED041137,73408-618,Aspirin,Thompson Aspirin,Thompson,ASPIRIN,325 mg/1,"TABLET, FILM COATED",ORAL,Anti-Inflammatory Agents,CAT004,Pain Management
MED041166,0574-2325,Tretinoin,Tretinoin,Padagis Us Llc,TRETINOIN,.25 mg/g,GEL,TOPICAL,Retinoid [EPC],CAT008,Dermatology
MED041184,76420-195,Nitrofurantoin (Monohydrate/Macrocrystals),Nitrofurantoin (Monohydrate/Macrocrystals),"Asclemed Usa, Inc.",NITROFURANTOIN,25 mg/1,CAPSULE,ORAL,Nitrofuran Antibacterial [EPC],CAT001,Antibiotics
MED041186,76420-213,Azithromycin,Azithromycin,"Asclemed Usa, Inc.",AZITHROMYCIN DIHYDRATE,250 mg/1,"TABLET, FILM COATED",ORAL,Macrolide Antimicrobial [EPC],CAT001,Antibiotics
MED041192,76420-271,Cyclobenzaprine Hydrochloride,Cyclobenzaprine Hydrochloride,"Asclemed Usa, Inc.",CYCLOBENZAPRINE HYDROCHLORIDE,10 mg/1,"TABLET, FILM COATED",ORAL,Centrally-mediated Muscle Relaxation [PE],CAT005,Neurology
MED041291,78206-127,Mometasone Furoate And Formoterol Fumarate Dihydrate,Dulera,Organon Llc,FORMOTEROL FUMARATE,5 ug/1,AEROSOL,RESPIRATORY (INHALATION),Adrenergic beta2-Agonists [MoA],CAT003,Diabetes
MED041307,79378-002,Cholic Acid,Cholbam,Mirum Pharmaceuticals Inc.,CHOLIC ACID,250 mg/1,CAPSULE,ORAL,Bile Acid [EPC],CAT007,Gastrointestinal
MED041419,80425-0102,Diclofenac Sodium,Diclofenac Sodium,"Advanced Rx Of Tennessee, Llc",DICLOFENAC SODIUM,50 mg/1,"TABLET, DELAYED RELEASE",ORAL,Anti-Inflammatory Agents,CAT004,Pain Management
MED041421,80425-0152,Pregabalin,Pregabalin,"Advanced Rx Pharmacy Of Tennessee, Llc",PREGABALIN,50 mg/1,CAPSULE,ORAL,UNKNOWN,CAT015,Others
MED041431,0597-9257,Zongertinib,Hernexeos,"Boehringer Ingelheim Pharmaceuticals, Inc.",ZONGERTINIB,60 mg/1,"TABLET, FILM COATED",ORAL,Breast Cancer Resistance Protein Inhibitors [MoA],CAT012,Ophthalmology
MED041437,0603-1554,Potassium Chloride,Potassium Chloride,"Endo Usa, Inc.",POTASSIUM CHLORIDE,1.5 g/1.58g,"POWDER, FOR SOLUTION",ORAL,UNKNOWN,CAT015,Others
MED041452,80425-0541,Capsaicin 0.025%,Capsaicin 0.025%,"Advanced Rx Of Tennessee, Llc",CAPSAICIN,2.5 mg/10g,PATCH,TRANSDERMAL,UNKNOWN,CAT015,Others
MED041473,80513-407,"Guaifenesin, Dextromethorphan Hbr",Mucus Relief Dm,Advanced Rx Llc,DEXTROMETHORPHAN HYDROBROMIDE,20 mg/1,TABLET,ORAL,Decreased Respiratory Secretion Viscosity [PE],CAT006,Respiratory
MED041482,80684-080,Alcohol,Lavender Scented Hand Sanitizer,"Fourstar Group Usa, Inc.",ALCOHOL,70 mL/100mL,LIQUID,TOPICAL,UNKNOWN,CAT015,Others
MED041487,80684-125,Alcohol,B.Pure Hand Sanitizer Green Apple Scented,"Fourstar Group Usa, Inc.",ALCOHOL,70 mL/100mL,LIQUID,TOPICAL,UNKNOWN,CAT015,Others
MED041497,80725-388,Carvedilol Phosphate,Coreg Cr,Waylis Therapeutics Llc,CARVEDILOL PHOSPHATE,80 mg/1,"CAPSULE, EXTENDED RELEASE",ORAL,Adrenergic alpha-Antagonists [MoA],CAT003,Diabetes
MED041515,81104-110,"Avobenzone, Homosalate, Octisalate, Octocrylene",Glow Body Mist Spf 50,Naked Sundays Pty Ltd,AVOBENZONE,4.5 g/100mL,SPRAY,TOPICAL,UNKNOWN,CAT015,Others
MED041528,81140-103,Oxycodone Hydrochloride,Roxybond,Protega Pharmaceuticals Inc,OXYCODONE HYDROCHLORIDE,30 mg/1,"TABLET, COATED",ORAL,Full Opioid Agonists [MoA],CAT004,Pain Management
MED041546,81520-255,"Vonoprazan Fumarate, Amoxicillin And Clarithromycin",Voquezna Triple Pak,Phathom Pharmaceuticals Inc.,UNKNOWN,UNKNOWN,KIT,UNKNOWN,UNKNOWN,CAT015,Others
MED041553,81522-954,"Avobenzone, Homosalate, Octisalate,",Caring Mill Kids Sunscreen Spf 50,Fsa Store Inc.,AVOBENZONE,30 mg/mL,LIQUID,TOPICAL,UNKNOWN,CAT015,Others
MED041559,81750-042,Kinfield Cloud Cover Mineral Body Sunscreen Broad Spectrum Spf 35,Kinfield Cloud Cover Mineral Body Sunscreen Broad Spectrum Spf 35,"Kinfield, Inc.",ZINC OXIDE,20 g/100g,LOTION,TOPICAL,Copper Absorption Inhibitor [EPC],CAT007,Gastrointestinal
MED041563,81877-727,Salicyclic Acid 3%,Salicyclic Acid 3% Gel,Forreal Pharmaceuticals Llc,SALICYLIC ACID,3 g/100g,GEL,TOPICAL,UNKNOWN,CAT015,Others
MED041611,82083-0029,Niacinamide,Pugan Vegan White Tomato Formula Cleansing Gel,Laon Commerce Co Ltd,NIACINAMIDE,.01 g/100mL,GEL,TOPICAL,UNKNOWN,CAT015,Others
MED041711,82725-0142,Loratadine,Loratadine,Cabinet Health P.B.C.,LORATADINE,10 mg/1,TABLET,ORAL,UNKNOWN,CAT015,Others
MED041731,82800-030,Sunscreen,Pink Beach Sunscreen Body Broad Spectrum Spf 50,"The Center Brands, Llc",AVOBENZONE,3 mg/100mg,OIL,TOPICAL,UNKNOWN,CAT015,Others
MED041804,82876-978,Caffeine,Earthmed Uplift Chewable Strawberry,Earthmed Llc,CAFFEINE,1 g/108.27g,CHEWABLE GEL,ORAL,Central Nervous System Stimulant [EPC],CAT005,Neurology
MED041841,82969-2087,"Gutheria, Helonias, Kali Bich, Kali Brom, Pulsatilla, Rhus Tox, Secale Corn",Bestmade Natural Products Bm87,Bestmade Natural Products,CHAMAELIRIUM LUTEUM ROOT,30 [hp_C]/30[hp_C],LIQUID,ORAL,UNKNOWN,CAT015,Others
MED041906,83021-300,"Propylene Glycol, Glyceryl Stearate Se, Humulus Lupulus (Hops) Cone Extract",Anubis Barcelona Regul Oil,Anubis Cosmetics Sl,ALCOHOL,.08 mL/200mL,CREAM,TOPICAL,Allergens [CS],CAT006,Respiratory
MED041923,83054-1502,Zinc Oxide,Inde Wild,Inde Wild,ZINC OXIDE,132 mg/mL,LOTION,TOPICAL,UNKNOWN,CAT015,Others
MED041924,83059-0113,"Acetaminophen, Dextromethorphan Hbr, Phenylephrine Hcl",Daytime Cold And Flu Multi Symptom Relief,Shield Pharmaceuticals Corp,ACETAMINOPHEN,325 mg/1,"CAPSULE, LIQUID FILLED",ORAL,Adrenergic alpha1-Agonists [MoA],CAT003,Diabetes
MED041952,83196-676,Salicylic Acid,Shaant Pore Purifying Face Scrub,Codex Labs Corporation,SALICYLIC ACID,2 g/100g,CREAM,TOPICAL,UNKNOWN,CAT015,Others
MED041954,83249-016,Zinc Oxide,Rms Suncoverup Super Tint Spf 50 Toffee,Rms Organics Llc,ZINC OXIDE,120 mg/mL,LOTION,TOPICAL,UNKNOWN,CAT015,Others
MED041956,83252-056,Zinc Oxide,Aussiezinc Mineral Sunscreen Spf50 Baby,Veganic Skn Limited,ZINC OXIDE,25 kg/100kg,CREAM,TOPICAL,UNKNOWN,CAT015,Others
MED041968,83286-014,"Zinc Oxide, Octinoxate",Broad Spectrum Spf45,"Drmtlgy, Llc",OCTINOXATE,7.5 g/100mL,GEL,TOPICAL,Copper Absorption Inhibitor [EPC],CAT007,Gastrointestinal
MED041984,0641-6259,Hydromorphone Hydrochloride,Hydromorphone Hydrochloride,Hikma Pharmaceuticals Usa Inc.,HYDROMORPHONE HYDROCHLORIDE,.2 mg/mL,INJECTION,INTRAMUSCULAR,Full Opioid Agonists [MoA],CAT004,Pain Management
MED042000,83446-101,Povidone-Iodine Cloth,Povidone-Iodine Pad Sterile,"Jinhua Jingdi Medical Supplies Co., Ltd",POVIDONE-IODINE,10 g/100g,CLOTH,TOPICAL,UNKNOWN,CAT015,Others
MED042020,83591-417,"Menthol, Capsaicin",Emu Therapy Red Hot Pepper Pain Relief Cream,Aca Management Llc,CAPSAICIN,.25 mg/mL,CREAM,TOPICAL,UNKNOWN,CAT015,Others
MED042084,83854-005,Bupivacaine Hydrochloride,Bupivacaine Hydrochloride,Anthea Pharma Private Limited,BUPIVACAINE HYDROCHLORIDE,7.5 mg/mL,"INJECTION, SOLUTION",EPIDURAL,Amide Local Anesthetic [EPC],CAT004,Pain Management
MED042086,83860-150,Diazoxide Choline,Vykat Xr,"Soleno Therapeutics, Inc.",DIAZOXIDE CHOLINE,150 mg/1,"TABLET, FILM COATED",ORAL,UNKNOWN,CAT015,Others
MED042161,84126-262,Colloidal Oatmeal,First Aid Beauty Sensitive Skin Bestsellers Kit,The Procter & Gamble Manufacturing Company,UNKNOWN,UNKNOWN,KIT,TOPICAL,UNKNOWN,CAT015,Others
MED042166,84126-308,"Acetaminophen, Dextromethorphan Hydrobromide, Doxylamine Succinate",Vicks Nyquil Elderberry Cold And Flu,The Procter & Gamble Manufacturing Company,ACETAMINOPHEN,325 mg/15mL,LIQUID,ORAL,Antihistamine [EPC],CAT006,Respiratory
MED042245,84448-644,Titanium Dioxide,Perricone Md Cold Plasma Plus Neck And Chest Broad Spectrum Spf 25,Thg Beauty Usa Llc,TITANIUM DIOXIDE,4.2 g/100mL,CREAM,TOPICAL,UNKNOWN,CAT015,Others
MED042252,0781-2386,Methylphenidate,Methylphenidate,Sandoz Inc,METHYLPHENIDATE HYDROCHLORIDE,40 mg/1,"CAPSULE, EXTENDED RELEASE",ORAL,Central Nervous System Stimulant [EPC],CAT005,Neurology
MED042291,84614-001,Minoxidil,5% Minoxidil Hair Regrowth Serum With Biotin,"Shenzhen Ctrip Technology Co., Ltd.",BIOTIN,.2 g/100mL,SOLUTION,TOPICAL,Arteriolar Vasodilation [PE],CAT003,Diabetes
MED042296,84632-3057,Zinc Oxide,Sky And Sol Sports Sunscreen,Delta Ecommerce Llc,ZINC OXIDE,14.96 g/85g,CREAM,TOPICAL,UNKNOWN,CAT015,Others
MED042315,84763-005,Zinc Oxide 15%,Beef Tallow Sunscreen,"Yunqi Cosmetics (Shenzhen) Co., Ltd",ZINC OXIDE,.15 g/g,CREAM,TOPICAL,UNKNOWN,CAT015,Others
MED042357,85064-013,Glycerin,Eelhoe Pain Relief Patch,"Shantou Eelhoe Daily Chemical Technology Co., Ltd.",ARTEMISIA ARGYI LEAF,.002 mg/10mg,PATCH,TOPICAL,UNKNOWN,CAT015,Others
MED042363,85110-116,"Camphor, Menthol",Paingel Unguento,Nacor Business Group Llc,CAMPHOR (SYNTHETIC),11 g/100g,OINTMENT,TOPICAL,UNKNOWN,CAT015,Others
MED042371,85161-127,"Ensulizole,Homosalate,Octinoxate,Titanium Dioxide",Phofay Matte Sunscreen Liquid Foundation Spf 30 4,"Longway Technology(Guangzhou) Co., Ltd.",ENSULIZOLE,.02 g/g,LOTION,TOPICAL,UNKNOWN,CAT015,Others
MED042386,85212-0039,Soothing Pain Relief Massage,Arthcal Soothing Pain Relief Massage,"Beijing Junge Technology Co., Ltd.",ARNICA MONTANA,2 g/100g,GEL,CUTANEOUS,UNKNOWN,CAT015,Others
MED042390,85243-111,Numbing Lubricant,Sunset Novelties Herquake,Sunset Intimates Group Inc,LIDOCAINE HYDROCHLORIDE,3.5 mg/100mL,LIQUID,TOPICAL,Amide Local Anesthetic [EPC],CAT004,Pain Management
MED042437,85314-205,Zinc Oxide,Protect 20 Zinc Oxide Mineral Sunscreen Non-Tinted,"Melinda Menezes, M.D., Inc.",ZINC OXIDE,200 mg/g,CREAM,TOPICAL,UNKNOWN,CAT015,Others
MED042450,85358-203,"Titanium Dioxide, Zinc Oxide",Proper Protection Plus Primer Tinted,Skin & Proper Llc,TITANIUM DIOXIDE,80 mg/g,CREAM,TOPICAL,UNKNOWN,CAT015,Others
MED042495,85509-1626,Ibuprofen And Famotidine,Ibuprofen And Famotidine,Phoenix Rx Llc,FAMOTIDINE,26.6 mg/1,"TABLET, FILM COATED",ORAL,Anti-Inflammatory Agents,CAT004,Pain Management
MED042506,85550-001,"Avobenzone, Homosalate, Octisalate, Octocrylene",Numbuzin 9 Nad Bio Super Defense Glow Sunscreen Broad Spectrum Spf 50,Benow Beauty Inc,AVOBENZONE,3 g/100mL,CREAM,TOPICAL,UNKNOWN,CAT015,Others
MED042515,85569-014,5% Lidocaine Cream,Treatonic 5% Lidocaine Cream,100 Karma Inc,LIDOCAINE,3 g/60g,CREAM,TOPICAL,Amide Local Anesthetic [EPC],CAT004,Pain Management
MED042523,85598-212,"Titanium Dioxide, Zinc Oxide",Tinted Mineral Lip Sunscreen,"Bass & Klass, Inc",TITANIUM DIOXIDE,40 mg/g,STICK,TOPICAL,UNKNOWN,CAT015,Others
MED042596,85816-2010,"Acid Phos, Lycopodium, Nat Sulph, Opuntia Vulg, Syzygium Jambol, Taraxacum, Uva Ursi",Bm Bm10 Drops,Bm Private Limited,ARCTOSTAPHYLOS UVA-URSI LEAF,8 [hp_X]/mL,LIQUID,ORAL,Increased Large Intestinal Motility [PE],CAT007,Gastrointestinal
MED042602,85816-3026,"Calc Fluor, Calc Phos, Kali Phos, Mag Phos.",Bm Bio26,Bm Private Limited,CALCIUM FLUORIDE,3 [hp_X]/g,GLOBULE,ORAL,Calculi Dissolution Agent [EPC],CAT007,Gastrointestinal
MED042643,85946-0002,"Belladonna 30C, Hear Sulphuris Calcareum 30C, Lachesis Mutus 30C, Mercurius Solubilis 30C, Phytolacca Decandra 30C, Ferrum Phosphoricum 6X, Kali Muriaticum 5X, Calcarea Sulphurica 6X, Streptococcinum 200C",Throat Remedy,Joywell Co Llc,ATROPA BELLADONNA,30 [hp_C]/1,PELLET,ORAL,Blood Coagulation Factor [EPC],CAT003,Diabetes
MED042663,87031-003,Alcohol,Refreshify Antiseptic Hand Wipes,Emes Commerce Group Inc.,ALCOHOL,75 mL/100mL,CLOTH,TOPICAL,UNKNOWN,CAT015,Others
MED042665,87036-035,Rh-Oligopeptide-1,Sandra Plasencia Pdrn Rejuvenating Serum,"Guangzhou Meijiao Medical Biotechnology Co., Ltd.",RH-OLIGOPEPTIDE-1,1 g/100mL,LIQUID,CUTANEOUS,UNKNOWN,CAT015,Others
MED042670,87041-009,Salicylic Acid 2%,Antifungal Psoriasis Shampoo.,Trovina Co. Ltd,SALICYLIC ACID,2 mg/100mg,SHAMPOO,TOPICAL,UNKNOWN,CAT015,Others
MED042698,87236-002,First Aid Antibiotic Original Strength,Triple Antibiotic,Aldermed Inc.,BACITRACIN ZINC,400 [iU]/g,OINTMENT,TOPICAL,Aminoglycoside Antibacterial [EPC],CAT001,Antibiotics
MED042702,87247-421,Ethyl Alcohol,Hand Sanitizer Strawberry Matcha Scent,Diamond Life Cosmetics Trading Fzco,ALCOHOL,70 mL/100mL,SPRAY,TOPICAL,UNKNOWN,CAT015,Others
MED042704,87247-452,Ethyl Alcohol,Serendipity3 Hand Sanitizer Lavender Milk Scent,Diamond Life Cosmetics Trading Fzco,ALCOHOL,70 mL/100mL,SPRAY,TOPICAL,UNKNOWN,CAT015,Others
MED042707,0904-5786,"Acetaminophen, Dextromethorphan Hbr, Phenylephrine Hcl",Multi-Symptom Mapap Cold Formula,Major Pharmaceuticals,ACETAMINOPHEN,325 mg/1,"TABLET, FILM COATED",ORAL,Adrenergic alpha1-Agonists [MoA],CAT003,Diabetes
MED042737,87441-018,Buspirone Hydrochloride,Buspirone Hydrochloride,"Unit Dose Solutions, Inc.",BUSPIRONE HYDROCHLORIDE,10 mg/1,TABLET,ORAL,UNKNOWN,CAT015,Others
MED042756,0904-6374,Ropinirole,Ropinirole,Major Pharmaceuticals,ROPINIROLE HYDROCHLORIDE,1 mg/1,"TABLET, FILM COATED",ORAL,Dopamine Agonists [MoA],CAT005,Neurology
MED042759,87561-002,Sodium Chloride,Whwswb 0.9% Saline,"Yiwu Huanshu E-Commerce Co., Ltd",SODIUM CHLORIDE,9 mg/mL,SOLUTION,NASAL,UNKNOWN,CAT015,Others
MED043124,0904-7317,Fludrocortisone Acetate,Fludrocortisone Acetate,Major Pharmaceuticals,FLUDROCORTISONE ACETATE,.1 mg/1,TABLET,ORAL,UNKNOWN,CAT015,Others
MED043163,0904-7401,Cyclobenzaprine Hydrochloride,Cyclobenzaprine Hydrochloride,Major Pharmaceuticals,CYCLOBENZAPRINE HYDROCHLORIDE,10 mg/1,"TABLET, FILM COATED",ORAL,Centrally-mediated Muscle Relaxation [PE],CAT005,Neurology
MED043347,0924-0162,Purified Water 98.3%,Physicianscare Ophthalmic Solution Eyewash,Acme United Corporation,WATER,929 g/946mL,SOLUTION,OPHTHALMIC,UNKNOWN,CAT015,Others
MED043739,0002-8149,Somatropin,Humatrope,Eli Lilly And Company,UNKNOWN,UNKNOWN,KIT,INTRAMUSCULAR,UNKNOWN,CAT015,Others
MED043829,10135-712,Labetalol,Labetalol Hydrochloride,Marlex Pharmaceuticals Inc,LABETALOL,200 mg/1,"TABLET, FILM COATED",ORAL,Adrenergic beta-Antagonists [MoA],CAT003,Diabetes
MED043886,10135-779,Prednisone,Prednisone,"Marlex Pharmaceuticals, Inc.",PREDNISONE,50 mg/1,TABLET,ORAL,Corticosteroid Hormone Receptor Agonists [MoA],CAT004,Pain Management
MED044275,10370-832,Diltiazem Hydrochloride,Diltiazem Hydrochloride Extended-Release,"Endo Usa, Inc.",DILTIAZEM HYDROCHLORIDE,300 mg/1,"CAPSULE, COATED, EXTENDED RELEASE",ORAL,Calcium Channel Antagonists [MoA],CAT003,Diabetes
MED044423,10702-077,Phendimetrazine Tartrate,Phendimetrazine Tartrate,"Kvk-Tech, Inc",PHENDIMETRAZINE TARTRATE,35 mg/1,TABLET,ORAL,Appetite Suppression [PE],CAT005,Neurology
MED044430,10702-163,Methylphenidate Hydrochloride,Methylphenidate,"Kvk-Tech, Inc.",METHYLPHENIDATE HYDROCHLORIDE,5 mg/5mL,SOLUTION,ORAL,Central Nervous System Stimulant [EPC],CAT005,Neurology
MED044462,10733-173,Benzocaine,Topicale,"Medical Products Laboratories, Inc.",BENZOCAINE,180 mg/g,PATCH,ORAL,Allergens [CS],CAT006,Respiratory
MED044827,71961-0001,Zinc Oxide,Zinc Oxide,Neochem Korea,ZINC OXIDE,97 kg/100kg,POWDER,UNKNOWN,UNKNOWN,CAT015,Others
MED045189,11673-360,Diphenhydramine Hcl,Sleep Aid,Target Corporation,DIPHENHYDRAMINE HYDROCHLORIDE,50 mg/1,CAPSULE,ORAL,Histamine H1 Receptor Antagonists [MoA],CAT006,Respiratory
MED045242,11822-1055,"Loratadine, Pseudoephedrine Sulfate",Allergy Relief D,Rite Aid Corporation,LORATADINE,5 mg/1,"TABLET, FILM COATED, EXTENDED RELEASE",ORAL,Adrenergic alpha-Agonists [MoA],CAT003,Diabetes
MED045253,11822-4170,Naproxen Sodium,Back And Muscle Pain,Rite Aid Corporation,NAPROXEN SODIUM,220 mg/1,"TABLET, FILM COATED",ORAL,Anti-Inflammatory Agents,CAT004,Pain Management
MED045255,11822-5005,Stannous Fluoride,Complete Protection Tp,Rite Aid,STANNOUS FLUORIDE,.15 g/100g,"PASTE, DENTIFRICE",DENTAL,UNKNOWN,CAT015,Others
MED045314,13709-334,Hemorrhoidal Pain Relief Ointment,Hemorrhoidal Pain Relief,Neilmed Pharmaceuticals Inc.,MINERAL OIL,140 mg/g,OINTMENT,TOPICAL,Adrenergic alpha1-Agonists [MoA],CAT003,Diabetes
MED045323,13811-207,Lacosamide,Lacosamide,"Trigen Laboratories, Llc",LACOSAMIDE,10 mg/mL,INJECTION,INTRAVENOUS,Decreased Central Nervous System Disorganized Electrical Activity [PE],CAT005,Neurology
MED045326,13913-008,Diclofenac Potassium,Zipsor,"Assertio Therapeutics, Inc.",DICLOFENAC POTASSIUM,25 mg/1,"CAPSULE, LIQUID FILLED",ORAL,Anti-Inflammatory Agents,CAT004,Pain Management
MED045330,14141-319,"Octinoxate, Zinc Oxide",Lbel Forever Ultra Matte Base Control Brillo De Larga Duracion Fps 15 Shine Control Longwear Foundation Spf 15 Beige 220-C,Bel Star S.A.,OCTINOXATE,50 mg/mL,EMULSION,TOPICAL,UNKNOWN,CAT015,Others
MED045331,14141-324,"Octinoxate, Zinc Oxide",Lbel Solutions Pro-Hialuron Base Serum Con Acido Hialuronico Fps 20 Serum Foundation With Hyaluronic Acid Spf 20 Beige 220-C,Bel Star Sa,OCTINOXATE,50 mg/mL,EMULSION,TOPICAL,UNKNOWN,CAT015,Others
MED045367,15631-0216,Hamamelis Virginiana,Hamamelis Virginiana,"Rxhomeo Private Limited D.B.A. Rxhomeo, Inc",HAMAMELIS VIRGINIANA ROOT BARK/STEM BARK,1 [hp_X]/1,PELLET,ORAL,UNKNOWN,CAT015,Others
MED045386,15751-3600,"Zinc Oxide, Titanium Dioxide",Sun Defense Minerals (Sheer),Eminence Organic Skin Care,TITANIUM DIOXIDE,96 mg/g,POWDER,TOPICAL,UNKNOWN,CAT015,Others
MED045431,16714-405,Norethindrone Acetate/Ethinyl Estradiol And Ferrous Fumarate,Larin Fe 1.5/30,Northstar Rx Llc,UNKNOWN,UNKNOWN,KIT,UNKNOWN,UNKNOWN,CAT015,Others
MED045450,16714-850,Clomipramine Hydrochloride,Clomipramine Hydrochloride,Northstar Rx Llc.,CLOMIPRAMINE HYDROCHLORIDE,50 mg/1,CAPSULE,ORAL,Tricyclic Antidepressant [EPC],CAT005,Neurology
MED045454,16729-003,Glimepiride,Glimepiride,Accord Healthcare Inc,GLIMEPIRIDE,4 mg/1,TABLET,ORAL,Sulfonylurea Compounds [CS],CAT002,Cardiovascular
MED045464,16729-286,Rosuvastatin,Rosuvastatin,Accord Healthcare Inc.,ROSUVASTATIN CALCIUM,20 mg/1,"TABLET, FILM COATED",ORAL,HMG-CoA Reductase Inhibitor [EPC],CAT003,Diabetes
MED045487,0003-0898,Apixaban,Eliquis Sprinkle,"E.R. Squibb & Sons, L.L.C.",APIXABAN,.15 mg/1,CAPSULE,ORAL,Factor Xa Inhibitor [EPC],CAT003,Diabetes
MED045506,17772-102,Topiramate,Trokendi Xr,"Supernus Pharmaceuticals, Inc.",TOPIRAMATE,50 mg/1,"CAPSULE, EXTENDED RELEASE",ORAL,Cytochrome P450 2C19 Inhibitors [MoA],CAT014,Vitamins & Supplements
MED045521,17856-3117,Calcium Carbonate,Calcium Carbonate,Atlantic Biologicals Corps,CALCIUM CARBONATE,1250 mg/5mL,SUSPENSION,ORAL,Blood Coagulation Factor [EPC],CAT003,Diabetes
MED045539,21130-224,Acetaminophen And Diphenhydramine Hydrochloride,Acetaminophen And Diphenhydramine Hydrochloride,"Better Living Brands, Llc",ACETAMINOPHEN,500 mg/1,TABLET,ORAL,Histamine H1 Receptor Antagonists [MoA],CAT006,Respiratory
MED045541,21130-351,"Potassium Nitrate, Sodium Fluoride",Signature Care Sensitive Maximum Strength,Safeway,POTASSIUM NITRATE,5 g/100g,"PASTE, DENTIFRICE",DENTAL,UNKNOWN,CAT015,Others
MED045547,0093-5005,"Olmesartan Medoxomil, Amlodipine And Hydrochlorothiazide","Olmesartan Medoxomil, Amlodipine And Hydrochlorothiazide","Teva Pharmaceuticals Usa, Inc.",AMLODIPINE BESYLATE,5 mg/1,"TABLET, FILM COATED",ORAL,Angiotensin 2 Receptor Antagonists [MoA],CAT003,Diabetes
MED045607,0093-5562,Dexmethylphenidate Hydrochloride,Dexmethylphenidate Hydrochloride,"Teva Pharmaceuticals Usa, Inc.",DEXMETHYLPHENIDATE HYDROCHLORIDE,40 mg/1,"CAPSULE, EXTENDED RELEASE",ORAL,Central Nervous System Stimulant [EPC],CAT005,Neurology
MED045703,0093-8192,Cimetidine,Cimetidine,"Teva Pharmaceuticals Usa, Inc.",CIMETIDINE,300 mg/1,"TABLET, FILM COATED",ORAL,Histamine H2 Receptor Antagonists [MoA],CAT006,Respiratory
MED045785,24385-036,"Acetaminophen, Dextromethorphan Hbr, Phenylephrine Hcl",Good Neighbor Pharmacy Day Time Cold And Flu,Amerisource Bergen,ACETAMINOPHEN,325 mg/1,"CAPSULE, LIQUID FILLED",ORAL,Adrenergic alpha1-Agonists [MoA],CAT003,Diabetes
MED045803,24658-310,Doxycycline Hyclate,Doxycycline Hyclate,Puracap Laboratories Llc Dba Blu Pharmaceuticals,DOXYCYCLINE HYCLATE,100 mg/1,"TABLET, FILM COATED",ORAL,Tetracycline-class Drug [EPC],CAT001,Antibiotics
MED045826,25000-184,Pregabalin,Pregabalin,Marksans Pharma Limited,PREGABALIN,200 mg/1,CAPSULE,ORAL,UNKNOWN,CAT015,Others
MED045827,25010-215,Ethacrynic Acid,Edecrin,"Bausch Health Us, Llc",ETHACRYNIC ACID,25 mg/1,TABLET,ORAL,Increased Diuresis at Loop of Henle [PE],CAT003,Diabetes
MED045866,27241-175,Sildenafil,Sildenafil,Ajanta Pharma Usa Inc.,SILDENAFIL CITRATE,10 mg/mL,"POWDER, FOR SUSPENSION",ORAL,Phosphodiesterase 5 Inhibitor [EPC],CAT003,Diabetes
MED045873,27241-230,Topiramate,Topiramate,Ajanta Pharma Usa Inc.,TOPIRAMATE,200 mg/1,"CAPSULE, EXTENDED RELEASE",ORAL,Cytochrome P450 2C19 Inhibitors [MoA],CAT014,Vitamins & Supplements
MED045892,27808-296,Celecoxib,Celecoxib,"Cranbury Pharmaceuticals, Llc",CELECOXIB,100 mg/1,CAPSULE,ORAL,Anti-Inflammatory Agents,CAT004,Pain Management
MED045916,29300-377,Nebivolol Hydrochloride,Nebivolol Hydrochloride,"Unichem Pharmaceuticals (Usa), Inc.",NEBIVOLOL HYDROCHLORIDE,10 mg/1,TABLET,ORAL,Adrenergic beta-Antagonists [MoA],CAT003,Diabetes
MED045922,29485-6522,"Famotidine, Calcium Carbonate, And Magnesium Hydroxide Tablet, Chewable",Dual Action Pepcid Complete,"Lil' Drug Store Products, Inc.",CALCIUM CARBONATE,800 mg/1,"TABLET, CHEWABLE",ORAL,Histamine H2 Receptor Antagonists [MoA],CAT006,Respiratory
MED045962,30142-723,Loratadine,Childrens Allergy Relief,Kroger Company,LORATADINE,5 mg/5mL,SOLUTION,ORAL,UNKNOWN,CAT015,Others
MED045995,31722-142,Captopril,Captopril,"Camber Pharmaceuticals, Inc.",CAPTOPRIL,25 mg/1,TABLET,ORAL,Angiotensin Converting Enzyme Inhibitor [EPC],CAT003,Diabetes
MED046053,0115-1680,Alendronate Sodium,Alendronate Sodium,Amneal Pharmaceuticals Of New York Llc,ALENDRONATE SODIUM,40 mg/1,TABLET,ORAL,Bisphosphonate [EPC],CAT009,Oncology
MED046083,33342-338,Apixaban,Apixaban,Macleods Pharmaceuticals Limited,APIXABAN,5 mg/1,"TABLET, FILM COATED",ORAL,Factor Xa Inhibitor [EPC],CAT003,Diabetes
MED046084,33342-385,Silodosin,Silodosin,Macleods Pharmaceuticals Limited,SILODOSIN,8 mg/1,CAPSULE,ORAL,Adrenergic alpha-Antagonists [MoA],CAT003,Diabetes
MED046090,33342-451,Perphenazine,Perphenazine,Macleods Pharmaceuticals Limited,PERPHENAZINE,16 mg/1,TABLET,ORAL,Phenothiazine [EPC],CAT005,Neurology
MED046130,35000-918,Sodium Fluoride,Colgate Kids Mild Bubble Fruit Flavor,Colgate-Palmolive Company,SODIUM FLUORIDE,1.1 mg/g,"GEL, DENTIFRICE",DENTAL,UNKNOWN,CAT015,Others
MED046162,36800-399,Tolnaftate,Antifungal Liquid,Topco Associates,TOLNAFTATE,10 mg/mL,LIQUID,TOPICAL,UNKNOWN,CAT015,Others
MED046168,36800-526,Diclofenac Sodium,Topcare Athritis Pain Reliever,Topco Associates Llc,DICLOFENAC SODIUM,10 mg/g,GEL,TOPICAL,Anti-Inflammatory Agents,CAT004,Pain Management
MED046193,37000-815,"Acetaminophen, Dextromethorphan Hydrobromide, Doxylamine Succinate, And Phenylephrine Hydrochloride",Vicks Nyquil Severe Cold And Flu,The Procter & Gamble Manufacturing Company,ACETAMINOPHEN,650 mg/30mL,SOLUTION,ORAL,Adrenergic alpha1-Agonists [MoA],CAT003,Diabetes
MED046196,37000-873,Sodium Fluoride,Crest 3D White Brilliance,The Procter & Gamble Manufacturing Company,SODIUM FLUORIDE,1.6 mg/g,"PASTE, DENTIFRICE",DENTAL,UNKNOWN,CAT015,Others
MED046238,37662-0294,Cicuta Virosa,Cicuta Virosa,"Hahnemann Laboratories, Inc.",CICUTA VIROSA ROOT,100 [hp_C]/1,PELLET,ORAL,UNKNOWN,CAT015,Others
MED046256,37662-0483,Collinsonia Canadensis,Collinsonia Canadensis,"Hahnemann Laboratories, Inc.",COLLINSONIA CANADENSIS ROOT,30 [hp_C]/1,PELLET,ORAL,UNKNOWN,CAT015,Others
MED046263,37662-0575,Cryptomeria Japonica,Cryptomeria Japonica,"Hahnemann Laboratories, Inc.",CRYPTOMERIA JAPONICA WHOLE,500 [hp_C]/1,PELLET,ORAL,UNKNOWN,CAT015,Others
MED046285,37662-0749,Acidum Formicum,Acidum Formicum,"Hahnemann Laboratories, Inc.",FORMIC ACID,12 [hp_C]/1,PELLET,ORAL,UNKNOWN,CAT015,Others
MED046356,37662-1387,Plumbum Metallicum,Plumbum Metallicum,"Hahnemann Laboratories, Inc.",LEAD,1 [hp_Q]/1,PELLET,ORAL,UNKNOWN,CAT015,Others
MED046431,0135-0235,Calcium Carbonate,Tums Ultra,Haleon Us Holdings Llc,CALCIUM CARBONATE,1000 mg/1,"TABLET, CHEWABLE",ORAL,UNKNOWN,CAT015,Others
MED046435,37662-2175,Crocus Sativus,Crocus Sativus,"Hahnemann Laboratories, Inc.",SAFFRON,30 [hp_C]/1,PELLET,ORAL,UNKNOWN,CAT015,Others
MED046538,37662-3188,Lithium Metallicum,Lithium Metallicum,"Hahnemann Laboratories, Inc.",LITHIUM,1 [hp_Q]/1,PELLET,ORAL,Mood Stabilizer [EPC],CAT005,Neurology
MED046544,0135-0808,Sodium Fluoride,Sensodyne Pronamel Kids Bubble Twist,Haleon Us Holdings Llc,SODIUM FLUORIDE,1.1 mg/g,PASTE,DENTAL,UNKNOWN,CAT015,Others
MED046548,37662-3260,Veratrum Nigrum,Veratrum Nigrum,"Hahnemann Laboratories, Inc.",VERATRUM NIGRUM FLOWERING TOP,500 [hp_C]/1,PELLET,ORAL,UNKNOWN,CAT015,Others
MED046591,37662-3590,Aluminium Sulphuricum,Aluminium Sulphuricum,"Hahnemann Laboratories, Inc.",ALUMINUM SULFATE,1 [hp_M]/1,PELLET,ORAL,UNKNOWN,CAT015,Others
MED046596,37662-3615,Ammonium Carbonicum,Ammonium Carbonicum,"Hahnemann Laboratories, Inc.",AMMONIUM CARBONATE,10 [hp_M]/1,PELLET,ORAL,UNKNOWN,CAT015,Others
MED046605,0006-4897,Haemophilus B Conjugate Vaccine (Meningococcal Protein Conjugate),Pedvaxhib,Merck Sharp & Dohme Llc,HAEMOPHILUS INFLUENZAE TYPE B CAPSULAR POLYSACCHARIDE MENINGOCOCCAL OUTER MEMBRANE PROTEIN CONJUGATE ANTIGEN,7.5 ug/.5mL,"INJECTION, SUSPENSION",INTRAMUSCULAR,Actively Acquired Immunity [PE],CAT010,Allergy
MED046646,37662-4099,Selenium Muriaticum,Selenium Muriaticum,"Hahnemann Laboratories, Inc.",DISELENIUM DICHLORIDE,100 [hp_C]/1,PELLET,ORAL,UNKNOWN,CAT015,Others
MED046699,37808-937,Bismuth Subsalicylate,Heb Stomach Relief,H E B,BISMUTH SUBSALICYLATE,262 mg/1,"TABLET, CHEWABLE",ORAL,UNKNOWN,CAT015,Others
MED046706,37808-980,Acetaminophen,Pain Relief,H E B,ACETAMINOPHEN,500 mg/1,TABLET,ORAL,UNKNOWN,CAT015,Others
MED046710,37835-223,Docusate Sodium,Stool Softener,Bi-Mart,DOCUSATE SODIUM,250 mg/1,"CAPSULE, LIQUID FILLED",ORAL,UNKNOWN,CAT015,Others
MED046752,41167-0223,Polyethylene Glycol 3350,Dulcolax,"Chattem, Inc.",POLYETHYLENE GLYCOL 3350,17 g/17g,POWDER,ORAL,Osmotic Activity [MoA],CAT014,Vitamins & Supplements
MED046754,41167-0290,Bisacodyl,Dulcolax Pink Stimulant Laxative,"Chattem, Inc.",BISACODYL,5 mg/1,"TABLET, COATED",ORAL,Increased Large Intestinal Motility [PE],CAT007,Gastrointestinal
MED046777,41250-153,Pyrithione Zinc,Everyday Clean Dandruff,"Meijer, Inc.",PYRITHIONE ZINC,10 mg/mL,SHAMPOO,TOPICAL,UNKNOWN,CAT015,Others
MED046802,41250-997,Petrolatum,Healing For Babies,"Meijer, Inc.",PETROLATUM,410 mg/g,OINTMENT,TOPICAL,UNKNOWN,CAT015,Others
MED046810,41520-305,Clotrimazole,Careone Clotrimazole,American Sales Company,CLOTRIMAZOLE,10 mg/g,CREAM,TOPICAL,Azole Antifungal [EPC],CAT001,Antibiotics
MED046826,0143-9503,Acetazolamide,Acetazolamide,Hikma Pharmaceuticals Usa Inc.,ACETAZOLAMIDE SODIUM,500 mg/1,"INJECTION, POWDER, LYOPHILIZED, FOR SOLUTION",INTRAVENOUS,Carbonic Anhydrase Inhibitor [EPC],CAT003,Diabetes
MED046849,42291-715,Ropinirole Hydrochloride,Ropinirole Hydrochloride,Avkare,ROPINIROLE HYDROCHLORIDE,6 mg/1,"TABLET, FILM COATED, EXTENDED RELEASE",ORAL,Dopamine Agonists [MoA],CAT005,Neurology
MED046880,42507-313,Diphenhydramine Hydrochloride,Allergy Relief,Hyvee Inc,DIPHENHYDRAMINE HYDROCHLORIDE,25 mg/1,CAPSULE,ORAL,Histamine H1 Receptor Antagonists [MoA],CAT006,Respiratory
MED046929,42708-155,Escitalopram,Escitalopram,"Qpharma, Inc.",ESCITALOPRAM OXALATE,10 mg/1,"TABLET, FILM COATED",ORAL,Serotonin Reuptake Inhibitor [EPC],CAT005,Neurology
MED046946,42799-962,"Venlafaxine Hydrochloride, Extended Release","Venlafaxine Hydrochloride, Extended Release",Edenbridge Pharmaceuticals Llc.,VENLAFAXINE HYDROCHLORIDE,150 mg/1,TABLET,ORAL,Norepinephrine Uptake Inhibitors [MoA],CAT005,Neurology
MED046984,42858-304,Hydromorphone Hydrochloride,Hydromorphone Hydrochloride,Rhodes Pharmaceuticals Llc,HYDROMORPHONE HYDROCHLORIDE,5 mg/5mL,SOLUTION,ORAL,Full Opioid Agonists [MoA],CAT004,Pain Management
MED046994,43063-063,Citalopram,Citalopram,"Pd-Rx Pharmaceuticals, Inc.",CITALOPRAM HYDROBROMIDE,20 mg/1,TABLET,ORAL,Serotonin Reuptake Inhibitor [EPC],CAT005,Neurology
MED047024,43063-902,Metformin Hydrochloride,Metformin Hydrochloride Extended Release,"Pd-Rx Pharmaceuticals, Inc.",METFORMIN HYDROCHLORIDE,750 mg/1,"TABLET, EXTENDED RELEASE",ORAL,Biguanide [EPC],CAT002,Cardiovascular
MED047025,43063-959,Cefdinir,Cefdinir,"Pd-Rx Pharmaceuticals, Inc.",CEFDINIR,300 mg/1,CAPSULE,ORAL,Cephalosporin Antibacterial [EPC],CAT001,Antibiotics
MED047060,43386-430,Oxycodone Hydrochloride,Oxycodone Hydrochloride,"Lupin Pharmaceuticals,Inc.",OXYCODONE HYDROCHLORIDE,15 mg/1,TABLET,ORAL,Full Opioid Agonists [MoA],CAT004,Pain Management
MED047065,0169-1617,Semaglutide,Wegovy,"Novo Nordisk Pharmaceutical Industries, Lp",SEMAGLUTIDE,2.27 mg/mL,"INJECTION, SOLUTION",SUBCUTANEOUS,GLP-1 Receptor Agonist [EPC],CAT002,Cardiovascular
MED047067,43386-792,Doxycycline,Doxycycline,"Lupin Pharmaceuticals,Inc.",DOXYCYCLINE,100 mg/1,CAPSULE,ORAL,Tetracycline-class Drug [EPC],CAT001,Antibiotics
MED047095,43473-094,"Mineral Oil, Petrolatum, Phenylephrine Hydrochloride",0.25 % Phenylephrine Hcl Hemorrhoidal,Nantong Health & Beyond Hygienic Products Inc.,MINERAL OIL,14 g/100g,OINTMENT,TOPICAL,Adrenergic alpha1-Agonists [MoA],CAT003,Diabetes
MED047110,43547-380,Duloxetine,Duloxetine,"Solco Healthcare Us, Llc",DULOXETINE HYDROCHLORIDE,30 mg/1,"CAPSULE, DELAYED RELEASE",ORAL,Norepinephrine Uptake Inhibitors [MoA],CAT005,Neurology
MED047156,0169-7501,Insulin Aspart,Novolog,Novo Nordisk,INSULIN ASPART,100 [iU]/mL,"INJECTION, SOLUTION",INTRAVENOUS,Insulin Analog [EPC],CAT002,Cardiovascular
MED047172,43598-646,Treprostinil,Treprostinil,"Dr.Reddy'S Laboratories Inc.,",TREPROSTINIL,50 mg/20mL,"INJECTION, SOLUTION",INTRAVENOUS,Prostacycline Vasodilator [EPC],CAT003,Diabetes
MED047189,43598-942,Topiramate,Topiramate,Dr. Reddys Laboratories Inc.,TOPIRAMATE,200 mg/1,"CAPSULE, EXTENDED RELEASE",ORAL,Cytochrome P450 2C19 Inhibitors [MoA],CAT014,Vitamins & Supplements
MED047237,43817-240,Prasugrel,Prasugrel,Panacea Biotec Limited,PRASUGREL HYDROCHLORIDE,10 mg/1,"TABLET, FILM COATED",ORAL,Decreased Platelet Aggregation [PE],CAT003,Diabetes
MED047241,43846-0080,"Croton Tiglium, Natrum Muriaticum, Plantago Major, Rhus Toxicodendron, Sarsaparilla (Smilax Regelii)",Derma Pain Plus,"Peaceful Mountain, Inc.",CROTON TIGLIUM SEED,30 [hp_X]/g,GEL,TOPICAL,UNKNOWN,CAT015,Others
MED047336,44911-0552,"Aralia Quinquefolia, Berberis Vulgaris, Causticum, Conium Maculatum, Damiana, Graphites, Lachesis Mutus, Natrum Muriaticum, Phosphoricum Acidum, Phosphorus, Sepia",Erogetone,"Energique, Inc.",AMERICAN GINSENG,3 [hp_X]/mL,LIQUID,ORAL,UNKNOWN,CAT015,Others
MED047370,45802-499,Alogliptin Benzoate And Pioglitazone Hydrochloride,Alogliptin And Pioglitazone,Padagis Israel Pharmaceuticals Ltd,ALOGLIPTIN BENZOATE,25 mg/1,"TABLET, FILM COATED",ORAL,Dipeptidyl Peptidase 4 Inhibitor [EPC],CAT002,Cardiovascular
MED047401,46122-581,Loperamide Hydrochloride,Anti-Diarrheal,Amerisource Bergen,LOPERAMIDE HYDROCHLORIDE,2 mg/1,"CAPSULE, LIQUID FILLED",ORAL,Opioid Agonist [EPC],CAT004,Pain Management
MED047406,46122-691,Aspirin,Aspirin,Amerisource Bergen,ASPIRIN,325 mg/1,"TABLET, FILM COATED",ORAL,Anti-Inflammatory Agents,CAT004,Pain Management
MED047420,0009-0090,Alprazolam,Xanax,Pharmacia & Upjohn Company Llc,ALPRAZOLAM,1 mg/1,TABLET,ORAL,Benzodiazepine [EPC],CAT005,Neurology
MED047429,46581-840,Lidocaine,Salonpas Pain Relieving Lidocaine 4% Flex,"Hisamitsu Pharmaceutical Co., Inc.",LIDOCAINE,42 mg/1,PATCH,PERCUTANEOUS,Amide Local Anesthetic [EPC],CAT004,Pain Management
MED047432,46708-057,Azithromycin,Azithromycin,Alembic Pharmaceuticals Limited,AZITHROMYCIN DIHYDRATE,250 mg/1,"TABLET, FILM COATED",ORAL,Macrolide Antimicrobial [EPC],CAT001,Antibiotics
MED047442,46708-228,Fingolimod,Fingolimod,Alembic Pharmaceuticals Limited,FINGOLIMOD HYDROCHLORIDE,.5 mg/1,CAPSULE,ORAL,Sphingosine 1-Phosphate Receptor Modulators [MoA],CAT010,Allergy
MED047488,46708-755,Amlodipine And Atorvastatin,Amlodipine And Atorvastatin,Alembic Pharmaceuticals Limited,AMLODIPINE BESYLATE,2.5 mg/1,"TABLET, FILM COATED",ORAL,Calcium Channel Antagonists [MoA],CAT003,Diabetes
MED047497,47124-121,"Avobenzone, Homosalate, Octisalate, Octocrylene",Wegmans Sport Clear Continuous Sunscreen Spf 30,Wegmans Food Markets Inc,AVOBENZONE,30 mg/g,SPRAY,TOPICAL,UNKNOWN,CAT015,Others
MED047523,47593-668,Chloroxylenol,Kay Mcd Anti-Microbial Handwash,Ecolab Inc.,CHLOROXYLENOL,.5 mg/100mL,SOLUTION,TOPICAL,UNKNOWN,CAT015,Others
MED047580,0220-0290,Semecarpus Anacardium Juice,Anacardium Orientale,Boiron,SEMECARPUS ANACARDIUM JUICE,200 [kp_C]/200[kp_C],PELLET,ORAL,UNKNOWN,CAT015,Others
MED047606,49035-272,Isopropyl Alcohol,Isopropyl Alcohol 50 Percent,"Equate (Wal-Mart Stores, Inc.) (See Also Wal-Mart Inc)",ISOPROPYL ALCOHOL,50 mL/100mL,LIQUID,TOPICAL,UNKNOWN,CAT015,Others
MED047609,0220-0378,Antimony Potassium Tartrate,Antimonium Tartaricum,Boiron,ANTIMONY POTASSIUM TARTRATE,9 [hp_C]/9[hp_C],PELLET,ORAL,UNKNOWN,CAT015,Others
MED047625,49035-837,Clotrimazole,Jock Itch Clotrimazole Antifungal,Walmart,CLOTRIMAZOLE,.01 g/g,CREAM,TOPICAL,Azole Antifungal [EPC],CAT001,Antibiotics
MED047628,49035-870,Menthol,Equate Menthol Pain Relieving,Wal-Mart Stores Inc,"MENTHOL, UNSPECIFIED FORM",50 mg/1,PATCH,TOPICAL,UNKNOWN,CAT015,Others
MED047701,49873-068,"Methyl Salicylate, Dl-Camphor, L-Menthol",Satohap,"Sato Pharmaceutical Co., Ltd.",CAMPHOR (SYNTHETIC),5 g/100mL,SPRAY,TOPICAL,UNKNOWN,CAT015,Others
MED047718,49884-787,Olmesartan Medoxomil / Amlodipine Besylate / Hydrochlorothiazide,Olmesartan Medoxomil / Amlodipine Besylate / Hydrochlorothiazide,"Par Health Usa, Llc",AMLODIPINE BESYLATE,5 mg/1,"TABLET, FILM COATED",ORAL,Angiotensin 2 Receptor Antagonists [MoA],CAT003,Diabetes
MED047760,50090-0485,Tamoxifen Citrate,Tamoxifen Citrate,A-S Medication Solutions,TAMOXIFEN CITRATE,10 mg/1,TABLET,ORAL,Estrogen Agonist/Antagonist [EPC],CAT009,Oncology
MED047767,50090-0994,Clarithromycin,Clarithromycin,A-S Medication Solutions,CLARITHROMYCIN,250 mg/5mL,FOR SUSPENSION,ORAL,Cytochrome P450 3A Inhibitors [MoA],CAT014,Vitamins & Supplements
MED047769,50090-1072,Gabapentin,Gabapentin,A-S Medication Solutions,GABAPENTIN,400 mg/1,CAPSULE,ORAL,Decreased Central Nervous System Disorganized Electrical Activity [PE],CAT005,Neurology
MED047794,50090-2440,Calcium Carbonate,Nutralox,A-S Medication Solutions,CALCIUM CARBONATE,420 mg/1,"TABLET, CHEWABLE",ORAL,Blood Coagulation Factor [EPC],CAT003,Diabetes
MED047797,50090-2622,Losartan Potassium,Losartan Potassium,A-S Medication Solutions,LOSARTAN POTASSIUM,25 mg/1,"TABLET, FILM COATED",ORAL,Angiotensin 2 Receptor Antagonists [MoA],CAT003,Diabetes
MED047804,50090-3126,Alendronate Sodium,Alendronate Sodium,A-S Medication Solutions,ALENDRONATE SODIUM,70 mg/1,TABLET,ORAL,Bisphosphonate [EPC],CAT009,Oncology
MED047886,50090-5863,Amoxicillin,Amoxicillin,A-S Medication Solutions,AMOXICILLIN,875 mg/1,"TABLET, COATED",ORAL,Penicillin-class Antibacterial [EPC],CAT001,Antibiotics
MED047992,50090-7597,Metformin Hydrochloride,Metformin Hydrochloride,A-S Medication Solutions,METFORMIN HYDROCHLORIDE,500 mg/1,TABLET,ORAL,Biguanide [EPC],CAT002,Cardiovascular
MED048009,50090-7809,Gemfibrozil,Gemfibrozil,A-S Medication Solutions,GEMFIBROZIL,600 mg/1,TABLET,ORAL,PPAR alpha [CS],CAT003,Diabetes
MED048010,50090-7819,Doxepin Hydrochloride,Doxepin Hydrochloride,A-S Medication Solutions,DOXEPIN HYDROCHLORIDE,50 mg/1,CAPSULE,ORAL,Tricyclic Antidepressant [EPC],CAT005,Neurology
MED048044,50228-434,Naproxen,Naproxen,"Sciegen Pharmaceuticals, Inc.",NAPROXEN,250 mg/1,TABLET,ORAL,Anti-Inflammatory Agents,CAT004,Pain Management
MED048090,50268-299,Famotidine,Famotidine,Avpak,FAMOTIDINE,20 mg/1,"TABLET, FILM COATED",ORAL,Histamine H2 Receptor Antagonists [MoA],CAT006,Respiratory
MED048141,50419-322,Gadoquatrane,Ambelvist,Bayer Healthcare Pharmaceuticals Inc.,GADOQUATRANE,257.9 mg/mL,INJECTION,INTRAVENOUS,UNKNOWN,CAT015,Others
MED048154,50458-540,Canagliflozin And Metformin Hydrochloride,Invokamet,"Janssen Pharmaceuticals, Inc.",CANAGLIFLOZIN,50 mg/1,"TABLET, FILM COATED",ORAL,Biguanide [EPC],CAT002,Cardiovascular
MED048155,0013-1042,Estradiol,Estring,Pfizer Laboratories Div Pfizer Inc,ESTRADIOL,2 mg/1,SYSTEM,VAGINAL,Estradiol Congeners [CS],CAT009,Oncology
MED048183,50580-555,Acetaminophen,Childrens Tylenol,Kenvue Brands Llc,ACETAMINOPHEN,160 mg/1,POWDER,ORAL,UNKNOWN,CAT015,Others
MED048190,50632-018,"Chikungunya Vaccine, Recombinant",Vimkunya,Bavarian Nordic A/S,CHIKUNGUNYA VIRUS SENEGAL STRAIN 37997 CAPSID PROTEIN,10 ug/.8mL,"INJECTION, SUSPENSION",INTRAMUSCULAR,UNKNOWN,CAT015,Others
MED048192,50633-340,Iloprost,Aurlumyn,Btg International Inc,ILOPROST,100 ug/mL,"INJECTION, SOLUTION",INTRAVENOUS,Prostacycline [EPC],CAT003,Diabetes
MED048199,50742-260,Nifedipine,Nifedipine,"Ingenus Pharmaceuticals, Llc",NIFEDIPINE,30 mg/1,"TABLET, FILM COATED, EXTENDED RELEASE",ORAL,Calcium Channel Antagonists [MoA],CAT003,Diabetes
MED048245,51027-0330,"Diphenhydramine Hydrochloride, Menthol",Kinkan Cool,"Kinkando Co., Ltd .",DIPHENHYDRAMINE HYDROCHLORIDE,1 g/50mL,LINIMENT,TOPICAL,Histamine H1 Receptor Antagonists [MoA],CAT006,Respiratory
MED048249,51060-203,Titanium Dioxide And Zinc Oxide,Foundcealer Multi-Tasking Foundation Broad Spectrum Spf 20 Sunscreen 22S Light Sand,"Tarte, Inc.",TITANIUM DIOXIDE,74.7 mg/mL,LIQUID,TOPICAL,UNKNOWN,CAT015,Others
MED048258,51079-141,Chlordiazepoxide Hydrochloride,Chlordiazepoxide Hydrochloride,Mylan Institutional Inc.,CHLORDIAZEPOXIDE HYDROCHLORIDE,25 mg/1,CAPSULE,ORAL,Benzodiazepine [EPC],CAT005,Neurology
MED048283,51316-060,Guaifenesin And Dextromethorphan Hbr,Maximum Strength Cough And Congestion Extended Release,"Cvs Pharmacy, Inc.",DEXTROMETHORPHAN HYDROBROMIDE,60 mg/1,"TABLET, EXTENDED RELEASE",ORAL,Decreased Respiratory Secretion Viscosity [PE],CAT006,Respiratory
MED048293,51316-187,Ibuprofen,Cvs Ibuprofen,Cvs Pharmacy,IBUPROFEN,200 mg/1,TABLET,ORAL,Anti-Inflammatory Agents,CAT004,Pain Management
MED048331,51326-201,Zinc Oxide And Octinoxate,Replenix Tinted Sunscreen Spf 50,"Topiderm, Inc.",OCTINOXATE,75 mg/g,LOTION,TOPICAL,UNKNOWN,CAT015,Others
MED048341,51407-001,Hydroxyzine Pamoate,Hydroxyzine Pamoate,"Golden State Medical Supply, Inc.",HYDROXYZINE PAMOATE,25 mg/1,CAPSULE,ORAL,Antihistamine [EPC],CAT006,Respiratory
MED048347,51407-146,Acyclovir,Acyclovir,"Golden State Medical Supply, Inc.",ACYCLOVIR,800 mg/1,TABLET,ORAL,DNA Polymerase Inhibitors [MoA],CAT012,Ophthalmology
MED048349,51407-192,Ezetimibe And Simvastatin,Ezetimibe And Simvastatin,"Golden State Medical Supply, Inc.",EZETIMIBE,10 mg/1,TABLET,ORAL,Decreased Cholesterol Absorption [PE],CAT003,Diabetes
MED048402,51407-996,Lorazepam,Lorazepam,"Golden State Medical Supply, Inc.",LORAZEPAM,.5 mg/1,TABLET,ORAL,Benzodiazepine [EPC],CAT005,Neurology
MED048405,51452-172,Lidocaine And Menthol,Lidospot Patch,Fabrication Enterprises Inc,LIDOCAINE,.04 g/g,PATCH,TOPICAL,Amide Local Anesthetic [EPC],CAT004,Pain Management
MED048429,51628-4559,Ethyl Alcohol 70% V/V,"Ashley Belle 1 Oz., Moisturizing Hand Sanitizing Spray, Sugared Plum",My Imports Usa Llc,ALCOHOL,70 mL/100mL,SPRAY,TOPICAL,UNKNOWN,CAT015,Others
MED048440,51655-173,Sertraline Hydrochloride,Sertraline Hydrochloride,"Northwind Health Company, Llc",SERTRALINE HYDROCHLORIDE,100 mg/1,"TABLET, FILM COATED",ORAL,Cytochrome P450 2D6 Inhibitors [MoA],CAT014,Vitamins & Supplements
MED048445,51655-275,Ibuprofen,Ibuprofen,"Northwind Health Company, Llc",IBUPROFEN,800 mg/1,"TABLET, FILM COATED",ORAL,Anti-Inflammatory Agents,CAT004,Pain Management
MED048453,51655-432,Alfuzosin Hydrochloride,Alfuzosin Hydrochloride,"Northwind Health Company, Llc",ALFUZOSIN HYDROCHLORIDE,10 mg/1,"TABLET, EXTENDED RELEASE",ORAL,Adrenergic alpha-Antagonists [MoA],CAT003,Diabetes
MED048506,51662-1528,Norepinephrine Bitartrate,Norepinephrine Bitartrate,"Hf Acquisition Co Llc, Dba Healthfirst",NOREPINEPHRINE BITARTRATE,1 mg/mL,INJECTION,INTRAVENOUS,Catecholamine [EPC],CAT005,Neurology
MED048516,51662-1672,Nitroglycerin,Nitroglycerin,"Hf Acquisition Co Llc, Dba Healthfirst",NITROGLYCERIN,400 ug/1,SPRAY,ORAL,Nitrate Vasodilator [EPC],CAT003,Diabetes
MED048531,51672-1395,Tretinoin,Tretinoin,"Sun Pharmaceutical Industries, Inc.",TRETINOIN,1 mg/g,CREAM,TOPICAL,Retinoid [EPC],CAT008,Dermatology
MED048561,51785-922,Zinc Oxide,Herbalife Herbal Aloe Face And Body Mineral Sunscreen Broad Spectrum Spf 30,"Herbalife International Of America, Inc.",ZINC OXIDE,19.24 g/100mL,CREAM,TOPICAL,UNKNOWN,CAT015,Others
MED048578,51862-868,Norethindrone Acetate/Ethinyl Estradiol,Microgestin 1/20,Mayne Pharma Inc.,UNKNOWN,UNKNOWN,KIT,UNKNOWN,UNKNOWN,CAT015,Others
MED048579,0023-2181,Ketorolac Tromethamine,Acular,"Allergan, Inc.",KETOROLAC TROMETHAMINE,5 mg/mL,SOLUTION/ DROPS,OPHTHALMIC,Anti-Inflammatory Agents,CAT004,Pain Management
MED048604,52187-551,"Hydrocortisone Acetate, Iodoquinol","Hydrocortisone Acetate, Iodoquinol","Kmm Pharmaceuticals, Llc",HYDROCORTISONE ACETATE,19 mg/g,CREAM,TOPICAL,Corticosteroid Hormone Receptor Agonists [MoA],CAT004,Pain Management
MED048690,53225-3015,Meloxicam,Meloxicam,"Terrain Pharmaceuticals, Inc.",MELOXICAM,15 mg/1,TABLET,ORAL,Anti-Inflammatory Agents,CAT004,Pain Management
MED048697,0220-2966,Dibasic Potassium Phosphate,Kali Phosphoricum,Boiron,DIBASIC POTASSIUM PHOSPHATE,200 [kp_C]/200[kp_C],PELLET,ORAL,UNKNOWN,CAT015,Others
MED048715,53436-168,Patiromer,Veltassa,"Vifor Pharma, Inc.",PATIROMER,16.8 g/1,"POWDER, FOR SUSPENSION",ORAL,Potassium Binder [EPC],CAT007,Gastrointestinal
MED048762,53877-101,"Dextrose Monohydrate, Trisodium Citrate Dihydrate, Anhydrous Citric Acid, Sodium Phosphate, Monobasic, Unspecified Form, Sodium Chloride, Mannitol, And Adenine",Teruflex Blood With Diversion Blood Sampling Arm Anticoagulant Cpd With Optisol Red Cell Preservative For Collection Of 450Ml Of Blood,Terumo Corporation,UNKNOWN,UNKNOWN,KIT,INTRAVENOUS,UNKNOWN,CAT015,Others
MED048767,53942-311,Pyrithione Zinc,Dandruff,"Demoulas Super Markets, Inc",PYRITHIONE ZINC,10 mg/mL,LOTION/SHAMPOO,TOPICAL,UNKNOWN,CAT015,Others
MED048788,53943-715,Oxymetazoline Hydrochloride,Discount Drug Mart Original Nasal,Discount Drug Mart,OXYMETAZOLINE HYDROCHLORIDE,.05 g/100mL,SPRAY,NASAL,Imidazolines [CS],CAT005,Neurology
MED048804,54257-802,Famotidine,Famotidine,"Magno-Humphries, Inc.",FAMOTIDINE,20 mg/1,"TABLET, FILM COATED",ORAL,Histamine H2 Receptor Antagonists [MoA],CAT006,Respiratory
MED048811,54305-202,Menthol,Ricola Max Throat Care Cool Peppermint,Ricola Ag,MENTHOL,8.3 mg/1,LOZENGE,ORAL,UNKNOWN,CAT015,Others
MED049006,55301-157,Aspirin,Aspirin,Army And Air Force Exchange Service,ASPIRIN,325 mg/1,"TABLET, FILM COATED",ORAL,Anti-Inflammatory Agents,CAT004,Pain Management
MED049011,55301-533,Dextromethorphan Hbr And Guaifenesin,Mucus Relief Dm,Army And Air Force Exchange Service,DEXTROMETHORPHAN HYDROBROMIDE,20 mg/1,"TABLET, FILM COATED",ORAL,Decreased Respiratory Secretion Viscosity [PE],CAT006,Respiratory
MED049022,55319-049,Calcium Carbonate,Family Wellness Antacid Relief Chews,Family Dollar,CALCIUM CARBONATE,1177 mg/1,"TABLET, CHEWABLE",ORAL,Blood Coagulation Factor [EPC],CAT003,Diabetes
MED049030,55319-538,Tolnaftate,Antifungal Liquid,"Family Dollar Services, Inc",TOLNAFTATE,10 mg/mL,LIQUID,TOPICAL,UNKNOWN,CAT015,Others
MED049051,55513-003,Darbepoetin Alfa,Aranesp,"Amgen, Inc",DARBEPOETIN ALFA,40 ug/mL,SOLUTION,INTRAVENOUS,Erythropoiesis-stimulating Agent [EPC],CAT010,Allergy
MED049069,55614-630,Camphor And Menthol,Extra Strength Hua Tuo Pain Relief,Madison One Acme Inc,CAMPHOR (SYNTHETIC),3.1 g/100g,PATCH,TRANSDERMAL,UNKNOWN,CAT015,Others
MED049126,55758-319,Sodium Bicarbonate,Rapidol Sodium Bicarbonate,Pharmadel Llc,SODIUM BICARBONATE,2.6 g/2.6g,POWDER,ORAL,Alkalinizing Activity [MoA],CAT014,Vitamins & Supplements
MED049140,55910-146,"Dextromethorphan Hbr, Guaifenesin",Mucus Relief Dm Max,"Dolgencorp, Llc",DEXTROMETHORPHAN HYDROBROMIDE,20 mg/20mL,SOLUTION,ORAL,Decreased Respiratory Secretion Viscosity [PE],CAT006,Respiratory
MED049202,57237-090,Trandolapril,Trandolapril,"Rising Pharma Holdings, Inc.",TRANDOLAPRIL,2 mg/1,TABLET,ORAL,Angiotensin Converting Enzyme Inhibitor [EPC],CAT003,Diabetes
MED049259,57687-228,Ornithogalum Umbellatum,Bach Original Flower Remedies Star Of Bethlehem,Nelson Bach Usa Limited,ORNITHOGALUM UMBELLATUM FLOWERING TOP,5 [hp_X]/.095mL,SOLUTION,ORAL,UNKNOWN,CAT015,Others
MED049277,57894-100,Niraparib Tosylate Monohydrate And Abiraterone Acetate,Akeega,"Janssen Biotech, Inc.",ABIRATERONE ACETATE,500 mg/1,"TABLET, FILM COATED",ORAL,Cytochrome P450 17A1 Inhibitor [EPC],CAT014,Vitamins & Supplements
MED049290,57896-591,"Dextromethorphan Hbr, Guaifenesin",Gericare Tussin Dm Max,"Geri-Care Pharmaceuticals, Corp",DEXTROMETHORPHAN HYDROBROMIDE,20 mg/20mL,LIQUID,ORAL,Decreased Respiratory Secretion Viscosity [PE],CAT006,Respiratory
MED049305,58118-0572,Phenobarbital,Phenobarbital,"Clinical Solutions Wholesale, Llc",PHENOBARBITAL,15 mg/1,TABLET,ORAL,UNKNOWN,CAT015,Others
MED049371,58411-462,Titanium Dioxide,Shiseido The Makeup Foundation B40,Shiseido Americas Corporation,TITANIUM DIOXIDE,400 mg/10g,STICK,TOPICAL,UNKNOWN,CAT015,Others
MED049393,58411-899,Octinoxate And Titanium Dioxide,Cle De Peau Beaute Radiant Fluid Foundation Natural B60,Shiseido Americas Corporation,OCTINOXATE,1.715 g/35mL,EMULSION,TOPICAL,UNKNOWN,CAT015,Others
MED049396,58411-913,Octinoxate And Titanium Dioxide,Cle De Peau Beaute Radiant Fluid Foundation Natural Bf50,Shiseido Americas Corporation,OCTINOXATE,1.715 g/35mL,EMULSION,TOPICAL,UNKNOWN,CAT015,Others
MED049407,58468-0200,Alemtuzumab,Lemtrada,Genzyme Corporation,ALEMTUZUMAB,12 mg/1.2mL,"INJECTION, SOLUTION, CONCENTRATE",INTRAVENOUS,CD52-directed Antibody Interactions [MoA],CAT010,Allergy
MED049436,0220-4908,Tobacco Leaf,Tabacum,Boiron,TOBACCO LEAF,15 [hp_C]/15[hp_C],PELLET,ORAL,Allergens [CS],CAT006,Respiratory
MED049448,58657-852,Phenylephrine Hydrochloride,Phenylephrine Hydrochloride,"Method Pharmaceuticals, Llc",PHENYLEPHRINE HYDROCHLORIDE,10 mg/mL,INJECTION,INTRAVENOUS,Adrenergic alpha1-Agonists [MoA],CAT003,Diabetes
MED049541,59651-138,Nebivolol,Nebivolol,Aurobindo Pharma Limited,NEBIVOLOL HYDROCHLORIDE,5 mg/1,TABLET,ORAL,Adrenergic beta-Antagonists [MoA],CAT003,Diabetes
MED049609,59735-892,410 N,Sei Bella Tinted Bb Moisturizing Cream,"Pml Nyc, Llc",TITANIUM DIOXIDE,1.5 g/30mL,LOTION,TOPICAL,UNKNOWN,CAT015,Others
MED049653,59779-841,A And D Ointment,Multi-Purpose Skin Protectant,Cvs Pharmacy,LANOLIN,15.5 g/100g,OINTMENT,TOPICAL,UNKNOWN,CAT015,Others
MED049676,60219-1031,Norethindrone Acetate And Ethinyl Estradiol And Ferrous Fumarate,Norethindrone Acetate And Ethinyl Estradiol And Ferrous Fumarate,Amneal Pharmaceuticals Ny Llc,UNKNOWN,UNKNOWN,KIT,UNKNOWN,UNKNOWN,CAT015,Others
MED049694,60290-009,Olmesartan Medoxomil,Olmesartan Medoxomil,Umedica Laboratories Usa Inc.,OLMESARTAN MEDOXOMIL,5 mg/1,TABLET,ORAL,Angiotensin 2 Receptor Antagonists [MoA],CAT003,Diabetes
MED049711,60429-876,Cyclobenzaprine Hydrochloride,Cyclobenzaprine Hydrochloride,"Golden State Medical Supply, Inc.",CYCLOBENZAPRINE HYDROCHLORIDE,5 mg/1,"TABLET, FILM COATED",ORAL,Centrally-mediated Muscle Relaxation [PE],CAT005,Neurology
MED049716,60505-0145,Omeprazole,Omeprazole,Apotex Corp,OMEPRAZOLE,10 mg/1,"CAPSULE, DELAYED RELEASE",ORAL,Cytochrome P450 2C19 Inhibitors [MoA],CAT014,Vitamins & Supplements
MED049732,60505-4534,Lenalidomide,Lenalidomide,Apotex Corp.,LENALIDOMIDE,10 mg/1,CAPSULE,ORAL,Thalidomide Analog [EPC],CAT012,Ophthalmology
MED049795,60687-925,Prednisone,Prednisone,American Health Packaging,PREDNISONE,20 mg/1,TABLET,ORAL,Corticosteroid Hormone Receptor Agonists [MoA],CAT004,Pain Management
MED049948,61919-818,Tramadol Hcl,Tramadol Hcl Er,Direct Rx,TRAMADOL HYDROCHLORIDE,100 mg/1,"TABLET, EXTENDED RELEASE",ORAL,Full Opioid Agonists [MoA],CAT004,Pain Management
MED049976,61957-3428,"Octisalate, Titanium Dioxide",Dior Forever Skin Wear Flawless Skin True Foundation Spf 20 4C Cool,Parfums Christian Dior,OCTISALATE,35 mg/mL,EMULSION,TOPICAL,UNKNOWN,CAT015,Others
MED050007,62106-1121,"Absinthium, Aconitum Napellus, Argentum Metallicum, Boldo Leaf, Chamomilla, Coffea Tosta, Jateorhiza Palmata, Manganum Oxydatum Nigrum, Salvia Officinalis",Unda 22,Seroyal Usa,ACONITUM NAPELLUS,4 [hp_X]/20mL,LIQUID,ORAL,Allergens [CS],CAT006,Respiratory
MED050016,62106-1177,Calendula Officinalis,Calendula Cream,Seroyal Usa,CALENDULA OFFICINALIS FLOWERING TOP,1 [hp_X]/40g,CREAM,TOPICAL,UNKNOWN,CAT015,Others
MED050039,62135-476,Danazol,Danazol,"Chartwell Rx, Llc.",DANAZOL,100 mg/1,CAPSULE,ORAL,Androgen Receptor Agonists [MoA],CAT009,Oncology
MED050069,62135-801,Acetic Acid,Acetic Acid,"Chartwell Rx, Llc",ACETIC ACID,20 mg/mL,SOLUTION,AURICULAR (OTIC),UNKNOWN,CAT015,Others
MED050074,62135-882,Olmesartan Medoxomil,Olmesartan Medoxomil,"Chartwell Rx, Llc",OLMESARTAN MEDOXOMIL,40 mg/1,TABLET,ORAL,Angiotensin 2 Receptor Antagonists [MoA],CAT003,Diabetes
MED050076,62135-889,Minocycline Hydrochloride,Minocycline Hydrochloride,"Chartwell Rx, Llc",MINOCYCLINE HYDROCHLORIDE,100 mg/1,TABLET,ORAL,Decreased Prothrombin Activity [PE],CAT003,Diabetes
MED050080,62135-933,Fluvoxamine Maleate,Fluvoxamine Maleate,"Chartwell Rx, Llc",FLUVOXAMINE MALEATE,100 mg/1,"TABLET, FILM COATED",ORAL,Serotonin Reuptake Inhibitor [EPC],CAT005,Neurology
MED050106,62332-041,Irbesartan,Irbesartan,Alembic Pharmaceuticals Inc.,IRBESARTAN,75 mg/1,TABLET,ORAL,Angiotensin 2 Receptor Antagonists [MoA],CAT003,Diabetes
MED050165,62559-744,Thyroid,Thyroid,"Ani Pharmaceuticals, Inc.",THYROID,120 mg/1,TABLET,ORAL,UNKNOWN,CAT015,Others
MED050193,62670-6791,Alcohol,Anti-Bacterialhandspray Lavender And Vanilla,"Bath & Body Works, Inc.",ALCOHOL,72 mL/100mL,SPRAY,TOPICAL,UNKNOWN,CAT015,Others
MED050218,62670-6951,Alcohol,Anti Bacterial Hand Gel Winter,"Bath & Body Works, Inc.",ALCOHOL,71 mL/100mL,GEL,TOPICAL,UNKNOWN,CAT015,Others
MED050235,62742-4069,Salicylic Acid,Dermaclear Serum,Allure Labs Inc,SALICYLIC ACID,20 mg/mL,CREAM,TOPICAL,UNKNOWN,CAT015,Others
MED050238,62742-4195,Salicylic Acid,Dermaclear Bha Spot Treatment,Allure Labs,SALICYLIC ACID,2 mg/g,GEL,TOPICAL,UNKNOWN,CAT015,Others
MED050251,62756-377,Omeprazole,Omeprazole,"Sun Pharmaceutical Industries, Inc.",OMEPRAZOLE,20 mg/1,"TABLET, DELAYED RELEASE",ORAL,Cytochrome P450 2C19 Inhibitors [MoA],CAT014,Vitamins & Supplements
MED050264,62856-410,Lemborexant,Dayvigo,Eisai Inc.,LEMBOREXANT,10 mg/1,"TABLET, FILM COATED",ORAL,Cytochrome P450 2B6 Inducers [MoA],CAT014,Vitamins & Supplements
MED050295,63083-2115,Vertigo Syncope Drops,Vertigo Syncope Drops 2115,Professional Complementary Health Formulas,AMBERGRIS,12 [hp_X]/59mL,LIQUID,ORAL,UNKNOWN,CAT015,Others
MED050313,63083-4020,Bird Flu H5N1 Nosode,Bird Flu H5N1 Nosode 4020,Professional Complementary Health Formulas,"INFLUENZA A VIRUS A/VIETNAM/1203/2004 (H5N1, CLADE 1) HEMAGGLUTININ ANTIGEN (FORMALDEHYDE INACTIVATED)",30 [hp_X]/59mL,LIQUID,ORAL,Actively Acquired Immunity [PE],CAT010,Allergy
MED050315,63083-4036,Lupus Nosode,Lupus Nosode 4036,Professional Complementary Health Formulas,PROGRAMMED CELL DEATH PROTEIN 1,12 [hp_X]/59mL,LIQUID,ORAL,UNKNOWN,CAT015,Others
MED050322,63083-6013,Metex,Metex 6013,Professional Complementary Health Formulas,ALUMINUM OXIDE,30 [hp_X]/59mL,LIQUID,ORAL,Copper [CS],CAT013,Vaccines & Biologics
MED050380,63187-394,Losartan Potassium And Hydrochlorothiazide,Losartan Potassium And Hydrochlorothiazide,Proficient Rx Lp,HYDROCHLOROTHIAZIDE,12.5 mg/1,"TABLET, FILM COATED",ORAL,Angiotensin 2 Receptor Antagonists [MoA],CAT003,Diabetes
MED050397,0031-9302,Dextromethorphan Hydrobromide,Robitussin Direct Cough,Haleon Us Holdings Llc,DEXTROMETHORPHAN HYDROBROMIDE,15 mg/1,"CAPSULE, LIQUID FILLED",ORAL,Sigma-1 Agonist [EPC],CAT005,Neurology
MED050443,63304-451,Morphine Sulfate,Morphine Sulfate,"Sun Pharmaceutical Industries, Inc.",MORPHINE SULFATE,30 mg/1,"TABLET, FILM COATED, EXTENDED RELEASE",ORAL,Full Opioid Agonists [MoA],CAT004,Pain Management
MED050507,63354-593,"Avobenzone,Octocrylene",Hawaiian Tropic,Edgewell Personal Care Brands Llc,AVOBENZONE,1 g/100g,SPRAY,TOPICAL,UNKNOWN,CAT015,Others
MED050513,63354-896,"Avobenzone,Homosalate,Octisalate,Octocrylene",Banana Boat,Edgewell Personal Care Brands Llc,AVOBENZONE,2.7 g/100g,LOTION,TOPICAL,UNKNOWN,CAT015,Others
MED050561,63545-253,Arundo Mauritanica,Arundo Mauritanica,"Hahnemann Laboratories, Inc.",ARUNDO PLINIANA ROOT,500 [hp_C]/1,PELLET,ORAL,UNKNOWN,CAT015,Others
MED050587,63545-456,Beryllium Metallicum,Beryllium Metallicum,"Hahnemann Laboratories, Inc.",BERYLLIUM,100 [hp_C]/1,PELLET,ORAL,UNKNOWN,CAT015,Others
MED050599,63545-570,Cadmium Bromatum,Cadmium Bromatum,"Hahnemann Laboratories, Inc.",CADMIUM BROMIDE,100 [hp_C]/1,PELLET,ORAL,UNKNOWN,CAT015,Others
MED050657,63629-2264,Prednisone,Prednisone,Bryant Ranch Prepack,PREDNISONE,5 mg/1,TABLET,ORAL,Corticosteroid Hormone Receptor Agonists [MoA],CAT004,Pain Management
MED050659,63629-2282,Propranolol Hydrochloride,Propranolol Hydrochloride,Bryant Ranch Prepack,PROPRANOLOL HYDROCHLORIDE,80 mg/1,TABLET,ORAL,Adrenergic beta-Antagonists [MoA],CAT003,Diabetes
MED050674,63629-2389,Phentermine Hydrochloride,Phentermine Hydrochloride,Bryant Ranch Prepack,PHENTERMINE HYDROCHLORIDE,37.5 mg/1,TABLET,ORAL,Appetite Suppression [PE],CAT005,Neurology
MED050683,63629-2536,Morphine Sulfate,Morphine Sulfate,Bryant Ranch Prepack,MORPHINE SULFATE,20 mg/1,SUPPOSITORY,RECTAL,Full Opioid Agonists [MoA],CAT004,Pain Management
MED050708,63629-8247,Icosapent Ethyl,Vascepa,Bryant Ranch Prepack,ICOSAPENT ETHYL,1000 mg/1,CAPSULE,ORAL,UNKNOWN,CAT015,Others
MED050786,63824-535,Dextromethorphan Hydrobromide And Guaifenesin,Mucinex Fast-Max Dm Max Honey And Berry Flavor,Reckitt Benckiser Llc,DEXTROMETHORPHAN HYDROBROMIDE,20 mg/20mL,SOLUTION,ORAL,Decreased Respiratory Secretion Viscosity [PE],CAT006,Respiratory
MED050812,63868-830,Naproxen Sodium,Naproxen Sodium,Chain Drug Marketing Association Inc.,NAPROXEN SODIUM,220 mg/1,"CAPSULE, LIQUID FILLED",ORAL,Anti-Inflammatory Agents,CAT004,Pain Management
MED050836,63941-542,Medicated Corn Removers,Salicylic Acid,"Valu Merchandisers, Co",SALICYLIC ACID,40 mg/91,PATCH,TOPICAL,UNKNOWN,CAT015,Others
MED050853,64024-153,Pyrithione Zinc,Simply Clean Dandruff,"Aldi, Inc",PYRITHIONE ZINC,10 mg/mL,SHAMPOO,TOPICAL,UNKNOWN,CAT015,Others
MED050860,64141-035,"Avobenzone,Homosalate,Octisalate,Octocrylene,And Oxybenzone",Bobbi Brown Primer Plus Protection Broad Spectrum Spf50,Bobbi Brown Professional Cosmetics Inc.,AVOBENZONE,30 mg/mL,CREAM,TOPICAL,UNKNOWN,CAT015,Others
MED050870,64380-187,Zafirlukast,Zafirlukast,Strides Pharma Science Limited,ZAFIRLUKAST,10 mg/1,"TABLET, COATED",ORAL,Cytochrome P450 2C9 Inhibitors [MoA],CAT014,Vitamins & Supplements
MED050906,64768-2924,Zinc Oxide,Mustela Mineral Sunscreen Broad Spectrum Spf 50,Expanscience Laboratories D/B/A Mustela,ZINC OXIDE,240 mg/mL,LOTION,TOPICAL,UNKNOWN,CAT015,Others
MED050910,64850-506,"Dextroamphetamine Saccharate, Amphetamine Aspartate, Dextroamphetamine Sulfate And Amphetamine Sulfate","Dextroamphetamine Saccharate, Amphetamine Aspartate, Dextroamphetamine Sulfate And Amphetamine Sulfate","Elite Laboratories, Inc.",AMPHETAMINE ASPARTATE MONOHYDRATE,7.5 mg/1,TABLET,ORAL,Central Nervous System Stimulant [EPC],CAT005,Neurology
MED050912,64850-552,Lisdexamfetamine Dimesylate,Lisdexamfetamine Dimesylate,"Elite Laboratories, Inc.",LISDEXAMFETAMINE DIMESYLATE,30 mg/1,CAPSULE,ORAL,Central Nervous System Stimulant [EPC],CAT005,Neurology
MED050921,64942-1688,Aluminum Chlorohydrate,Dove,"Conopco, Inc. D/B/A Unilever",ALUMINUM CHLOROHYDRATE,20.2 g/100g,"AEROSOL, SPRAY",TOPICAL,UNKNOWN,CAT015,Others
MED050923,64942-1705,Aluminum Chlorohydrate,Dove,"Conopco, Inc. D/B/A Unilever",ALUMINUM CHLOROHYDRATE,20.2 g/100g,"AEROSOL, SPRAY",TOPICAL,UNKNOWN,CAT015,Others
MED050929,64942-1751,Nourishing Secrets Soothing Ritual Dry Spray Lavender Jasmine 48H Antiperspirant,Dove,"Conopco, Inc. D/B/A Unilever",ALUMINUM CHLOROHYDRATE,20.2 g/100g,"AEROSOL, SPRAY",TOPICAL,UNKNOWN,CAT015,Others
MED050945,64942-1905,Advanced Ultraclear Black And White Dry Spray 72H Antiperspirant Deodorant,Degree,"Conopco, Inc. D/B/A Unilever",ALUMINUM SESQUICHLOROHYDRATE,17.6 g/100g,"AEROSOL, SPRAY",TOPICAL,UNKNOWN,CAT015,Others
MED050977,64942-2357,Men Care Eucalyptus Birch 72H Antiperspirant,Dove,Conopco D/B/A/ Unilever,ALUMINUM SESQUICHLOROHYDRATE,12.8 g/100g,STICK,TOPICAL,UNKNOWN,CAT015,Others
MED050993,64950-250,Isosorbide Mononitrate,Isosorbide Mononitrate,Genus Lifesciences Inc.,ISOSORBIDE MONONITRATE,10 mg/1,TABLET,ORAL,Nitrate Vasodilator [EPC],CAT003,Diabetes
MED051064,65145-202,Sodium Phosphates,Sodium Phosphates,Caplin Steriles Limited,"SODIUM PHOSPHATE, DIBASIC, HEPTAHYDRATE",268 mg/mL,"INJECTION, SOLUTION",INTRAVENOUS,UNKNOWN,CAT015,Others
MED051085,65162-755,Divalproex Sodium,Divalproex Sodium,Amneal Pharmaceuticals Llc,DIVALPROEX SODIUM,250 mg/1,"TABLET, EXTENDED RELEASE",ORAL,Anti-epileptic Agent [EPC],CAT005,Neurology
MED051155,65841-664,Dipyridamole,Dipyridamole,Zydus Lifesciences Limited,DIPYRIDAMOLE,75 mg/1,"TABLET, FILM COATED",ORAL,Decreased Platelet Aggregation [PE],CAT003,Diabetes
MED051173,65862-011,Sertraline Hydrochloride,Sertraline Hydrochloride,Aurobindo Pharma Limited,SERTRALINE HYDROCHLORIDE,25 mg/1,"TABLET, FILM COATED",ORAL,Cytochrome P450 2D6 Inhibitors [MoA],CAT014,Vitamins & Supplements
MED051205,65862-551,Valsartan And Hydrochlorothiazide,Valsartan And Hydrochlorothiazide,Aurobindo Pharma Limited,HYDROCHLOROTHIAZIDE,25 mg/1,"TABLET, FILM COATED",ORAL,Angiotensin 2 Receptor Antagonists [MoA],CAT003,Diabetes
MED051231,65862-941,Norethindrone Acetate And Ethinyl Estradiol And Ferrous Fumarate,Aurovela Fe,Aurobindo Pharma Limited,UNKNOWN,UNKNOWN,KIT,UNKNOWN,UNKNOWN,CAT015,Others
MED051243,66096-153,"Helonias Dioica, Lacticum Acidum, Pancreas Suis, Pancreatinum, Phosphoricum Acidum, Phosphorus, Syzygium Jambolanum, Thyroidinum, Uranium Nitricum.",Ohm Pancreas Aid,Ohm Pharma Inc.,CHAMAELIRIUM LUTEUM ROOT,30 [hp_C]/59mL,LIQUID,ORAL,UNKNOWN,CAT015,Others
MED051248,66096-754,"Apis Mellifica, Aranea Diadema, Berberis Vulgaris, Equisetum Hyemale, Galium Aparine, Juglans Regia, Manganum Phosphoricum, Nicotinamidum, Nitricum Acidum, Sarsaparilla, Thuja Occidentalis, Urtica Urens",Ohm-Dren Lft,Ohm Pharma Inc.,APIS MELLIFERA,12 [hp_X]/30mL,SPRAY,ORAL,Allergens [CS],CAT006,Respiratory
MED051276,66467-9760,Mepivacaine Hydrochloride,Mepivacaine,"Darby Dental Supply, Llc",MEPIVACAINE HYDROCHLORIDE,30 mg/mL,"INJECTION, SOLUTION",SUBMUCOSAL,Amide Local Anesthetic [EPC],CAT004,Pain Management
MED051355,66975-700,Sodium Fluoride And Potassium Nitrate,Pro-Sys,Benco Dental,SODIUM FLUORIDE,.11 g/100g,"PASTE, DENTIFRICE",DENTAL,UNKNOWN,CAT015,Others
MED051378,67046-0554,Sertraline Hydrochloride,Sertraline Hydrochloride,Coupler Llc,SERTRALINE HYDROCHLORIDE,100 mg/1,"TABLET, FILM COATED",ORAL,Cytochrome P450 2D6 Inhibitors [MoA],CAT014,Vitamins & Supplements
MED051390,67046-1116,Quetiapine,Quetiapine Fumarate,Coupler Llc,QUETIAPINE FUMARATE,25 mg/1,TABLET,ORAL,Atypical Antipsychotic [EPC],CAT005,Neurology
MED051402,67046-1507,Carbidopa And Levodopa,Carbidopa-Levodopa,Coupler Llc,CARBIDOPA,25 mg/1,TABLET,ORAL,Amino Acids,CAT013,Vaccines & Biologics
MED051419,67046-1663,Furosemide,Furosemide,Coupler Llc,FUROSEMIDE,40 mg/1,TABLET,ORAL,Increased Diuresis at Loop of Henle [PE],CAT003,Diabetes
MED051440,67091-469,"Dextromethorphan Hbr, Guaifenesin",Tussin Dm Cough And Chest,"Winco Foods, Llc",DEXTROMETHORPHAN HYDROBROMIDE,20 mg/10mL,LIQUID,ORAL,Decreased Respiratory Secretion Viscosity [PE],CAT006,Respiratory
MED051481,67296-2200,Atropine Sulfate,Atropine,Redpharm Drug,ATROPINE SULFATE,10 mg/mL,SOLUTION/ DROPS,OPHTHALMIC,Anticholinergic [EPC],CAT005,Neurology
MED051529,67777-008,First Aid Antibiotic,Bacitracin Zinc,Dynarex Corporation,BACITRACIN ZINC,500 [USP'U]/g,OINTMENT,TOPICAL,Decreased Cell Wall Synthesis & Repair [PE],CAT001,Antibiotics
MED051564,0363-0556,"Acetaminophen, Diphenhydramine Hcl",Pain Reliever Pm Extra Strength,Walgreen Company,ACETAMINOPHEN,500 mg/1,"TABLET, COATED",ORAL,Histamine H1 Receptor Antagonists [MoA],CAT006,Respiratory
MED051593,68001-620,Azacitidine,Azacitidine,Bluepoint Laboratories.,AZACITIDINE,100 mg/1,"INJECTION, POWDER, LYOPHILIZED, FOR SOLUTION",INTRAVENOUS,Nucleic Acid Synthesis Inhibitors [MoA],CAT012,Ophthalmology
MED051597,68001-664,Dasatinib,Dasatinib,Bluepoint Laboratories,DASATINIB,100 mg/1,"TABLET, FILM COATED",ORAL,Cytochrome P450 3A4 Inhibitors [MoA],CAT014,Vitamins & Supplements
MED051621,68047-186,"Chlorpheniramine Maleate, Dextromethorphan Hydrobromide And Phenylephrine Hydrochloride",Nohist Dm,"Larken Laboratories, Inc.",CHLORPHENIRAMINE MALEATE,4 mg/5mL,LIQUID,ORAL,Adrenergic alpha1-Agonists [MoA],CAT003,Diabetes
MED051672,68071-3529,Progesterone,Progesterone,"Nucare Pharmaceuticals,Inc.",PROGESTERONE,200 mg/1,CAPSULE,ORAL,Progesterone [CS],CAT009,Oncology
MED051675,68071-3541,Metformin Hcl,Metformin Hcl,"Nucare Pharmaceuticals,Inc.",METFORMIN HYDROCHLORIDE,500 mg/1,TABLET,ORAL,Biguanide [EPC],CAT002,Cardiovascular
MED051685,68071-3624,Valacyclovir,Valacyclovir,"Nucare Pharmaceuticals,Inc.",VALACYCLOVIR HYDROCHLORIDE,1000 mg/1,TABLET,ORAL,DNA Polymerase Inhibitors [MoA],CAT012,Ophthalmology
MED051728,68071-4124,Glipizide,Glipizide,"Nucare Pharmaceuticals,Inc.",GLIPIZIDE,10 mg/1,TABLET,ORAL,Sulfonylurea Compounds [CS],CAT002,Cardiovascular
MED051740,68071-4784,Gabapentin,Gabapentin,"Nucare Pharmaceuticals,Inc.",GABAPENTIN,300 mg/1,CAPSULE,ORAL,Decreased Central Nervous System Disorganized Electrical Activity [PE],CAT005,Neurology
MED051759,68071-5217,Glyburide,Glyburide,"Nucare Pharmaceuticals,Inc.",GLYBURIDE,2.5 mg/1,TABLET,ORAL,Sulfonylurea Compounds [CS],CAT002,Cardiovascular
MED051767,0363-1144,"Dextromethorphan Hydrobromide, Guaifenesin",Tussin Dm Max,Walgreen Company,DEXTROMETHORPHAN HYDROBROMIDE,20 mg/20mL,SOLUTION,ORAL,Decreased Respiratory Secretion Viscosity [PE],CAT006,Respiratory
MED051772,68083-131,Metoprolol Tartrate,Metoprolol Tartrate,Gland Pharma Limited,METOPROLOL TARTRATE,5 mg/5mL,INJECTION,INTRAVENOUS,Adrenergic beta-Antagonists [MoA],CAT003,Diabetes
MED051800,68083-563,"Latanoprostene Bunod Ophthalmic Solution, 0.024%","Latanoprostene Bunod Ophthalmic Solution, 0.024%",Gland Pharma Limited,LATANOPROSTENE BUNOD,.24 mg/mL,SOLUTION/ DROPS,OPHTHALMIC,UNKNOWN,CAT015,Others
MED051829,68093-4503,Carbamide Peroxide,Ent Essentials Ear Wax Remvoer,Wisconsin Pharmacal Company,CARBAMIDE PEROXIDE,.065 g/g,LIQUID,AURICULAR (OTIC),UNKNOWN,CAT015,Others
MED051834,68094-503,Ibuprofen,Childrens Ibuprofen,Precision Dose Inc.,IBUPROFEN,100 mg/5mL,SUSPENSION,ORAL,Anti-Inflammatory Agents,CAT004,Pain Management
MED051852,68180-322,Eszopiclone,Eszopiclone,"Lupin Pharmaceuticals, Inc.",ESZOPICLONE,1 mg/1,"TABLET, FILM COATED",ORAL,UNKNOWN,CAT015,Others
MED051862,68180-468,Lovastatin,Lovastatin,"Lupin Pharmaceuticals, Inc.",LOVASTATIN,20 mg/1,TABLET,ORAL,HMG-CoA Reductase Inhibitor [EPC],CAT003,Diabetes
MED051877,68180-886,Drospirenone And Ethinyl Estradiol,Nikki,"Lupin Pharmaceuticals, Inc.",UNKNOWN,UNKNOWN,KIT,UNKNOWN,UNKNOWN,CAT015,Others
MED051927,68462-296,Trandolapril And Verapamil Hydrochloride,Trandolapril And Verapamil Hydrochloride,"Glenmark Pharmaceuticals Inc., Usa",TRANDOLAPRIL,2 mg/1,"TABLET, FILM COATED, EXTENDED RELEASE",ORAL,Angiotensin Converting Enzyme Inhibitor [EPC],CAT003,Diabetes
MED051948,0363-3037,Lidocaine 4%,Walgreens Pain Relieving Cream,Walgreens,LIDOCAINE HYDROCHLORIDE,4 g/100g,CREAM,TOPICAL,Amide Local Anesthetic [EPC],CAT004,Pain Management
MED051952,68479-371,"Octocrylene, Homosalate, Octisalate, And Avobenzone",Biolumin-C Heat Aging Protector Spf50,"Dermalogica, Llc.",AVOBENZONE,3 g/100mL,LOTION,TOPICAL,UNKNOWN,CAT015,Others
MED051954,68479-942,Salicylic Acid,Clearing Skin Wash,"Dermalogica, Llc.",SALICYLIC ACID,.501 mg/100mL,LIQUID,TOPICAL,UNKNOWN,CAT015,Others
MED051957,68546-470,Deutetrabenazine,Austedo Xr,"Teva Neuroscience, Inc.",DEUTETRABENAZINE,6 mg/1,"TABLET, FILM COATED, EXTENDED RELEASE",ORAL,UNKNOWN,CAT015,Others
MED051993,68645-575,Glipizide,Glipizide,"Legacy Pharmaceutical Packaging, Llc",GLIPIZIDE,10 mg/1,TABLET,ORAL,Sulfonylurea Compounds [CS],CAT002,Cardiovascular
MED052037,68788-4133,Ondansetron,Ondansetron,Preferred Pharmaceuticals Inc.,ONDANSETRON,8 mg/1,"TABLET, ORALLY DISINTEGRATING",ORAL,Serotonin 3 Receptor Antagonists [MoA],CAT005,Neurology
MED052080,68788-8371,Escitalopram Oxalate,Escitalopram Oxalate,Preferred Pharmaceuticals Inc.,ESCITALOPRAM OXALATE,10 mg/1,"TABLET, FILM COATED",ORAL,Serotonin Reuptake Inhibitor [EPC],CAT005,Neurology
MED052090,68788-8429,Budesonide,Budesonide Inhalation,Preferred Pharmaceuticals Inc.,BUDESONIDE,.25 mg/2mL,SUSPENSION,RESPIRATORY (INHALATION),Corticosteroid Hormone Receptor Agonists [MoA],CAT004,Pain Management
MED052091,68788-8433,Finasteride,Finasteride,Preferred Pharmaceuticals Inc.,FINASTERIDE,5 mg/1,"TABLET, FILM COATED",ORAL,5-alpha Reductase Inhibitor [EPC],CAT009,Oncology
MED052094,68788-8501,Docusate Sodium,Stool Softener Laxative,Preferred Pharmaceuticals Inc.,DOCUSATE SODIUM,100 mg/1,"CAPSULE, LIQUID FILLED",ORAL,UNKNOWN,CAT015,Others
MED052097,68788-8530,Quetiapine Fumarate,Quetiapine Fumarate,Preferred Pharmaceuticals Inc.,QUETIAPINE FUMARATE,300 mg/1,"TABLET, FILM COATED",ORAL,Atypical Antipsychotic [EPC],CAT005,Neurology
MED052101,68788-8585,Acetaminophen,Good Sense Pain Relief,Preferred Pharmaceuticals Inc.,ACETAMINOPHEN,500 mg/1,TABLET,ORAL,UNKNOWN,CAT015,Others
MED052115,68788-8746,Quetiapine Fumarate,Quetiapine Fumarate,Preferred Pharmaceuticals Inc.,QUETIAPINE FUMARATE,200 mg/1,TABLET,ORAL,Atypical Antipsychotic [EPC],CAT005,Neurology
MED052132,68791-102,Fluocinolone Acetonide,Derma-Smoothe/Fs,Royal Pharmaceuticals,FLUOCINOLONE ACETONIDE,.11 mg/mL,OIL,TOPICAL,Corticosteroid Hormone Receptor Agonists [MoA],CAT004,Pain Management
MED052133,68828-012,Dimethicone,Jafra Fruteria Very Verde Lip Balm,"Distribuidora Comercial Jafra, S.A. De C.V.",DIMETHICONE,1 g/100mL,GEL,TOPICAL,Skin Barrier Activity [PE],CAT008,Dermatology
MED052186,0363-6503,Hemorrhoidal Pain Relief,Walgreens,Walgreens,MINERAL OIL,140 mg/g,OINTMENT,TOPICAL,Adrenergic alpha1-Agonists [MoA],CAT003,Diabetes
MED052215,69097-851,Naproxen,Naproxen,Cipla Usa Inc.,NAPROXEN,375 mg/1,"TABLET, DELAYED RELEASE",ORAL,Anti-Inflammatory Agents,CAT004,Pain Management
MED052222,69097-966,Nabumetone,Nabumetone,Cipla Usa Inc.,NABUMETONE,750 mg/1,"TABLET, FILM COATED",ORAL,Anti-Inflammatory Agents,CAT004,Pain Management
MED052309,69292-538,Propranolol Hydrochloride,Propranolol Hydrochloride,Amici Pharmaceuticals Llc,PROPRANOLOL HYDROCHLORIDE,80 mg/1,TABLET,ORAL,Adrenergic beta-Antagonists [MoA],CAT003,Diabetes
MED052316,69306-020,Etodolac,Etodolac,Doc Rx,ETODOLAC,400 mg/1,"TABLET, FILM COATED",ORAL,Anti-Inflammatory Agents,CAT004,Pain Management
MED052325,69315-312,Hydrocortisone,Procto-Med Hc,"Leading Pharma, Llc",HYDROCORTISONE,25 mg/g,CREAM,TOPICAL,Corticosteroid Hormone Receptor Agonists [MoA],CAT004,Pain Management
MED052338,69366-214,"Zinc Oxide, Titanium Dioxide",Ccc Clean Corrective With Vitamin C Tinted Moisturizer Broad Spectrum Spf 30,"The Honest Company, Inc.",TITANIUM DIOXIDE,2.4 mg/100mL,LOTION,TOPICAL,UNKNOWN,CAT015,Others
MED052425,69452-340,Naratriptan,Naratriptan,Bionpharma Inc.,NARATRIPTAN HYDROCHLORIDE,1 mg/1,"TABLET, FILM COATED",ORAL,Serotonin 1b Receptor Agonists [MoA],CAT005,Neurology
MED052437,69484-051,Sodium Fluoride,Tiger Supply Inc Apf,Tiger Supply Inc,SODIUM FLUORIDE,5.6 g/454g,GEL,DENTAL,UNKNOWN,CAT015,Others
MED052462,69618-054,Omeprazole,Acid Reducer,Reliable 1 Laboratories Llc,OMEPRAZOLE MAGNESIUM,20 mg/1,"TABLET, DELAYED RELEASE",ORAL,Cytochrome P450 2C19 Inhibitors [MoA],CAT014,Vitamins & Supplements
MED052473,0363-9659,Salicylic Acid,Ology Acne Clearing Body Mist,Walgreens Co.,SALICYLIC ACID,20 mg/mL,GEL,TOPICAL,UNKNOWN,CAT015,Others
MED052490,69693-724,Aluminum Chloride,Certain Dri Clinical Strength Roll On,"Clarion Brands, Llc",ALUMINUM CHLORIDE,.15 g/100mL,FOR SOLUTION,TOPICAL,UNKNOWN,CAT015,Others
MED052517,69842-025,Nicotine Polacrilex,Nicotine Polacrilex Coated Fruit,Cvs Pharmacy,NICOTINE,4 mg/1,"GUM, CHEWING",BUCCAL,Cholinergic Nicotinic Agonist [EPC],CAT005,Neurology
MED052532,69842-284,Sodium Chloride,Sodium Chloride Hypertonicity,Cvs Pharmacy,SODIUM CHLORIDE,50 mg/mL,SOLUTION,OPHTHALMIC,Increased Large Intestinal Motility [PE],CAT007,Gastrointestinal
MED052551,69842-756,"Dextromethorphan Hbr, Guaifenesin, Phenylephrine Hcl",Congestion And Cough Childrens,Cvs Pharmacy,DEXTROMETHORPHAN HYDROBROMIDE,5 mg/5mL,SOLUTION,ORAL,Adrenergic alpha1-Agonists [MoA],CAT003,Diabetes
MED052602,69968-0600,"Avobenzone, Homosalate, Octisalate, And Octocrylene",Neutrogena Beach Defense Water Plus Sun Protection Sunscreen Broad Spectrum Spf 50,Kenvue Brands Llc,AVOBENZONE,30 mg/g,SPRAY,TOPICAL,UNKNOWN,CAT015,Others
MED052614,69968-0884,"Avobenzone, Homosalate, Octocrylene",Neutrogena Revitalizing Lip Balm Broad Spectrum Spf 20 - Healthy Blush 20,Kenvue Brands Llc,AVOBENZONE,30 mg/g,STICK,TOPICAL,UNKNOWN,CAT015,Others
MED052636,70000-0162,Loratadine And Pseudoephedrine Sulfate,Leader Allergy Relief D-24,Cardinal Health,LORATADINE,10 mg/1,"TABLET, FILM COATED, EXTENDED RELEASE",ORAL,Adrenergic alpha-Agonists [MoA],CAT003,Diabetes
MED052677,70010-228,Gabapentin,Gabapentin,Granules Pharmaceuticals Inc.,GABAPENTIN,800 mg/1,"TABLET, FILM COATED",ORAL,Decreased Central Nervous System Disorganized Electrical Activity [PE],CAT005,Neurology
MED052762,70369-006,Calcium Polycarbophil,Calcium Polycarbophil,"Citragen Pharmaceuticals, Inc.",CALCIUM POLYCARBOPHIL,625 mg/1,TABLET,ORAL,UNKNOWN,CAT015,Others
MED052849,70518-2590,Rabeprazole Sodium,Rabeprazole Sodium,Remedyrepack Inc.,RABEPRAZOLE SODIUM,20 mg/1,"TABLET, DELAYED RELEASE",ORAL,Proton Pump Inhibitor [EPC],CAT007,Gastrointestinal
MED052876,70518-3541,Albuterol Sulfate,Albuterol Sulfate,Remedyrepack Inc.,ALBUTEROL SULFATE,90 ug/1,"AEROSOL, METERED",RESPIRATORY (INHALATION),Adrenergic beta2-Agonists [MoA],CAT003,Diabetes
MED052903,70518-4105,Azithromycin Dihydrate,Azithromycin Dihydrate,Remedyrepack Inc.,AZITHROMYCIN DIHYDRATE,500 mg/1,"TABLET, FILM COATED",ORAL,Macrolide Antimicrobial [EPC],CAT001,Antibiotics
MED052906,70518-4125,Levetiracetam,Levetiracetam Er,Remedyrepack Inc.,LEVETIRACETAM,500 mg/1,"TABLET, FILM COATED, EXTENDED RELEASE",ORAL,Decreased Central Nervous System Disorganized Electrical Activity [PE],CAT005,Neurology
MED052995,70677-1142,Acetaminophen,Foster And Thrive Childrens Pain And Fever,Strategic Sourcing Services Llc,ACETAMINOPHEN,160 mg/5mL,SUSPENSION,ORAL,UNKNOWN,CAT015,Others
MED053000,70677-1182,Nicotine Transdermal System,Foster And Thrive Step 1,Strategic Sourcing Services Llc,NICOTINE,21 mg/24h,PATCH,TRANSDERMAL,Cholinergic Nicotinic Agonist [EPC],CAT005,Neurology
MED053010,0054-0940,Tapentadol Hydrochloride,Tapentadol,Hikma Pharmaceuticals Usa Inc.,TAPENTADOL HYDROCHLORIDE,250 mg/1,"TABLET, FILM COATED, EXTENDED RELEASE",ORAL,Opioid Agonist [EPC],CAT004,Pain Management
MED053022,70700-172,Neostigmine Methylsulfate,Neostigmine Methylsulfate,Xiromed Llc,NEOSTIGMINE METHYLSULFATE,1 mg/mL,INJECTION,INTRAVENOUS,Cholinesterase Inhibitor [EPC],CAT005,Neurology
MED053028,70709-002,Nitisinone,Nityr,Cycle Pharmaceuticals Ltd.,NITISINONE,2 mg/1,TABLET,ORAL,4-Hydroxyphenyl-Pyruvate Dioxygenase Inhibitor [EPC],CAT014,Vitamins & Supplements
MED053045,70710-1353,Tofacitinib,Tofacitinib,Zydus Pharmaceuticals Usa Inc.,TOFACITINIB CITRATE,11 mg/1,"TABLET, FILM COATED, EXTENDED RELEASE",ORAL,Janus Kinase Inhibitor [EPC],CAT012,Ophthalmology
MED053051,70710-1490,Fluphenazine Hydrochloride,Fluphenazine Hydrochloride,Zydus Pharmaceuticals (Usa) Inc.,FLUPHENAZINE HYDROCHLORIDE,5 mg/1,"TABLET, FILM COATED",ORAL,Phenothiazine [EPC],CAT005,Neurology
MED053065,70720-720,Ziconotide Acetate,Prialt,Tersera Therapeutics Llc,ZICONOTIDE ACETATE,100 ug/mL,"INJECTION, SOLUTION",INTRATHECAL,N-Calcium Channel Receptor Antagonists [MoA],CAT003,Diabetes
MED053098,70756-609,Ofloxacin Otic,Ofloxacin,Lifestar Pharma Llc,OFLOXACIN,3 mg/mL,SOLUTION,AURICULAR (OTIC),Quinolone Antimicrobial [EPC],CAT001,Antibiotics
MED053124,70771-1408,Ursodiol,Ursodiol,Zydus Lifesciences Limited,URSODIOL,500 mg/1,TABLET,ORAL,Bile Acid [EPC],CAT007,Gastrointestinal
MED053130,70771-1501,Isosorbide Dinitrate,Isosorbide Dinitrate,Zydus Lifesciences Limited,ISOSORBIDE DINITRATE,5 mg/1,TABLET,ORAL,Nitrate Vasodilator [EPC],CAT003,Diabetes
MED053136,70771-1656,Topiramate,Topiramate,Zydus Lifesciences Limited,TOPIRAMATE,25 mg/1,"CAPSULE, EXTENDED RELEASE",ORAL,Cytochrome P450 2C19 Inhibitors [MoA],CAT014,Vitamins & Supplements
MED053138,70771-1667,Isotretinoin,Isotretinoin,Zydus Lifesciences Limited,ISOTRETINOIN,40 mg/1,CAPSULE,ORAL,Retinoid [EPC],CAT008,Dermatology
MED053176,0404-9898,Lidocaine Hydrochloride,Lidocaine Hydrochloride,"Henry Schein, Inc.",LIDOCAINE HYDROCHLORIDE,20 mg/mL,JELLY,TOPICAL,Amide Local Anesthetic [EPC],CAT004,Pain Management
MED053217,71101-091,Menthol 2%,Healthwise Pain Relieving Menthol Gel,Veridian Healthcare,MENTHOL,2 g/mL,GEL,TOPICAL,UNKNOWN,CAT015,Others
MED053251,71205-201,Cyclobenzaprine Hydrochloride,Cyclobenzaprine Hydrochloride,Proficient Rx Lp,CYCLOBENZAPRINE HYDROCHLORIDE,10 mg/1,"TABLET, FILM COATED",ORAL,Centrally-mediated Muscle Relaxation [PE],CAT005,Neurology
MED053283,71205-533,Gabapentin,Gabapentin,Proficient Rx Lp,GABAPENTIN,600 mg/1,TABLET,ORAL,Anti-epileptic Agent [EPC],CAT005,Neurology
MED053300,71205-661,Gabapentin,Gabapentin,Proficient Rx Lp,GABAPENTIN,100 mg/1,CAPSULE,ORAL,Anti-epileptic Agent [EPC],CAT005,Neurology
MED053307,0406-5113,Lisdexamfetamine Dimesylate,Lisdexamfetamine Dimesylate,Specgx Llc,LISDEXAMFETAMINE DIMESYLATE,30 mg/1,CAPSULE,ORAL,Central Nervous System Stimulant [EPC],CAT005,Neurology
MED053324,71205-877,Carbidopa And Levodopa,Carbidopa And Levodopa,Proficient Rx Lp,CARBIDOPA,10 mg/1,TABLET,ORAL,Amino Acids,CAT013,Vaccines & Biologics
MED053420,71335-0676,Morphine Sulfate,Morphine Sulfate,Bryant Ranch Prepack,MORPHINE SULFATE,30 mg/1,"TABLET, FILM COATED, EXTENDED RELEASE",ORAL,Full Opioid Agonists [MoA],CAT004,Pain Management
MED053441,71335-1135,Nitrofurantoin Macrocrystals,Nitrofurantoin,Bryant Ranch Prepack,NITROFURANTOIN,100 mg/1,CAPSULE,ORAL,Nitrofuran Antibacterial [EPC],CAT001,Antibiotics
MED053449,71335-1243,Pravastatin Sodium,Pravastatin Sodium,Bryant Ranch Prepack,PRAVASTATIN SODIUM,10 mg/1,TABLET,ORAL,HMG-CoA Reductase Inhibitor [EPC],CAT003,Diabetes
MED053462,71335-1472,Oxycodone And Acetaminophen,Oxycodone And Acetaminophen,Bryant Ranch Prepack,ACETAMINOPHEN,325 mg/1,TABLET,ORAL,Full Opioid Agonists [MoA],CAT004,Pain Management
MED053497,71335-1958,Etodolac,Etodolac,Bryant Ranch Prepack,ETODOLAC,400 mg/1,"TABLET, FILM COATED",ORAL,Anti-Inflammatory Agents,CAT004,Pain Management
MED053560,71335-2637,Sucralfate,Sucralfate,Bryant Ranch Prepack,SUCRALFATE,1 g/1,TABLET,ORAL,Aluminum Complex [EPC],CAT014,Vitamins & Supplements
MED053568,0409-2045,Milrinone Lactate In Dextrose,Milrinone Lactate In Dextrose,"Hospira, Inc.",MILRINONE LACTATE,.2 mg/mL,"INJECTION, SOLUTION",INTRAVENOUS,Phosphodiesterase 3 Inhibitor [EPC],CAT003,Diabetes
MED053571,71335-2757,Ciclopirox,Ciclopirox,Bryant Ranch Prepack,CICLOPIROX,7.7 mg/g,GEL,TOPICAL,Decreased DNA Replication [PE],CAT012,Ophthalmology
MED053588,71335-2871,Potassium Citrate,Potassium Citrate Extended Release,Bryant Ranch Prepack,POTASSIUM CITRATE,10 meq/1,TABLET,ORAL,Acidifying Activity [MoA],CAT014,Vitamins & Supplements
MED053596,71335-2945,Metoprolol Succinate,Metoprolol Succinate,Bryant Ranch Prepack,METOPROLOL SUCCINATE,100 mg/1,"TABLET, FILM COATED, EXTENDED RELEASE",ORAL,Adrenergic beta-Antagonists [MoA],CAT003,Diabetes
MED053623,71335-9633,Amitriptyline Hydrochloride,Amitriptyline Hydrochloride,Bryant Ranch Prepack,AMITRIPTYLINE HYDROCHLORIDE,25 mg/1,"TABLET, FILM COATED",ORAL,Tricyclic Antidepressant [EPC],CAT005,Neurology
MED053718,71610-936,Pregabalin,Pregabalin,"Aphena Pharma Solutions - Tennessee, Llc",PREGABALIN,100 mg/1,CAPSULE,ORAL,UNKNOWN,CAT015,Others
MED053720,71610-976,Modafinil,Modafinil,"Aphena Pharma Solutions - Tennessee, Llc",MODAFINIL,100 mg/1,TABLET,ORAL,Central Nervous System Stimulation [PE],CAT005,Neurology
MED053730,71630-098,Alcohol,On Guard Sanitizing Gel,"Doterra International, Llc",ALCOHOL,70 mL/100mL,GEL,TOPICAL,UNKNOWN,CAT015,Others
MED053743,71731-5111,Fosaprepitant Dimeglumine,Fosaprepitant,"Chia Tai Tianqing Pharmaceutical Group Co., Ltd.",FOSAPREPITANT DIMEGLUMINE,150 mg/5mL,"INJECTION, POWDER, LYOPHILIZED, FOR SOLUTION",INTRAVENOUS,Cytochrome P450 2C9 Inducers [MoA],CAT014,Vitamins & Supplements
MED053755,71780-550,Zinc Oxide,Laspa Broad Spectrum Mineral Sunscreen Spf 50 Ultra Sun,The Green Cricket Inc,TITANIUM DIOXIDE,38 mg/g,STICK,TOPICAL,UNKNOWN,CAT015,Others
MED053761,71819-014,Sulfur,Dermaharmony 10% Sulfur,"D3 Development, Inc.",SULFUR,10 g/100g,SOAP,TOPICAL,UNKNOWN,CAT015,Others
MED053798,71896-400,Benzalkonium Chloride,Renown Antibacterial Plum Handwash,"Interline Brands, Inc.",BENZALKONIUM CHLORIDE,.005 mg/mL,LIQUID,TOPICAL,UNKNOWN,CAT015,Others
MED053802,71919-765,Baptisia Tinctoria Root,Baptisia Tinctoria Kit Refill,Washington Homeopathic Products,BAPTISIA TINCTORIA ROOT,200 [hp_C]/1,PELLET,ORAL,UNKNOWN,CAT015,Others
MED053809,71927-014,Isopropyl Alcohol,American Safety First Aid Antispetic,Orazen Inc,ISOPROPYL ALCOHOL,700 mg/1000mL,SPRAY,TOPICAL,UNKNOWN,CAT015,Others
MED053841,72036-941,"Avobenzone, Homosalate, Octisalate","Avobenzone, Homosalate, Octisalate",Harris Teeter,AVOBENZONE,30 mg/g,SPRAY,TOPICAL,UNKNOWN,CAT015,Others
MED053906,72162-1916,Paricalcitol,Paricalcitol,Bryant Ranch Prepack,PARICALCITOL,2 ug/1,CAPSULE,ORAL,Ergocalciferols [CS],CAT013,Vaccines & Biologics
MED053943,72162-2433,Amoxicillin And Clavulanate Potassium,Amoxicillin And Clavulanate Potassium,Bryant Ranch Prepack,AMOXICILLIN,500 mg/1,"TABLET, FILM COATED",ORAL,Penicillin-class Antibacterial [EPC],CAT001,Antibiotics
MED053957,72162-2607,Cephalexin,Cephalexin,Bryant Ranch Prepack,CEPHALEXIN,250 mg/1,CAPSULE,ORAL,Cephalosporin Antibacterial [EPC],CAT001,Antibiotics
MED053982,0480-4018,Pomalidomide,Pomalidomide,"Teva Pharmaceuticals, Inc.",POMALIDOMIDE,1 mg/1,CAPSULE,ORAL,Thalidomide Analog [EPC],CAT012,Ophthalmology
MED054027,72205-014,Pregabalin,Pregabalin,Novadoz Pharmaceuticals Llc,PREGABALIN,100 mg/1,CAPSULE,ORAL,UNKNOWN,CAT015,Others
MED054039,72205-099,Sirolimus,Sirolimus,Novadoz Pharmaceuticals Llc,SIROLIMUS,1 mg/mL,SOLUTION,ORAL,Decreased Immunologic Activity [PE],CAT010,Allergy
MED054045,72205-154,Nelarabine,Nelarabine,Novadoz Pharmaceuticals Llc,NELARABINE,5 mg/mL,INJECTION,INTRAVENOUS,Nucleic Acid Synthesis Inhibitors [MoA],CAT012,Ophthalmology
MED054060,72205-438,Dapagliflozin And Saxagliptin,Dapagliflozin And Saxagliptin,Novadoz Pharmaceuticals Llc,DAPAGLIFLOZIN,10 mg/1,"TABLET, FILM COATED",ORAL,Sodium-Glucose Cotransporter 2 Inhibitor [EPC],CAT002,Cardiovascular
MED054113,72305-175,Levothyroxine Sodium,Euthyrox,"Provell Pharmaceuticals, Llc",LEVOTHYROXINE SODIUM,175 ug/1,TABLET,ORAL,Thyroxine [CS],CAT009,Oncology
MED054139,72476-167,"Acetaminophen, Guaifenesin, And Phenylephrine Hydrochloride",Severe Congestion And Pain,"Retail Business Services , Llc.",ACETAMINOPHEN,325 mg/1,"TABLET, COATED",ORAL,Adrenergic alpha1-Agonists [MoA],CAT003,Diabetes
MED054141,72476-199,"Brompheniramine Maleate, Dextromethorphan Hydrobromide",Careone Childrens Cold Cough,"Retail Business Services, Llc",BROMPHENIRAMINE MALEATE,2 mg/10mL,SOLUTION,ORAL,Sigma-1 Agonist [EPC],CAT005,Neurology
MED054142,0517-2901,Glucagon Injection,Gvoke Vialdx,"American Regent, Inc.",GLUCAGON,1 mg/.2mL,"INJECTION, SOLUTION",INTRAVENOUS,Antihypoglycemic Agent [EPC],CAT002,Cardiovascular
MED054163,72485-519,Ropivacaine Hydrochloride,Ropivacaine Hydrochloride,Armas Pharmaceuticals Inc.,ROPIVACAINE HYDROCHLORIDE,150 mg/30mL,INJECTION,EPIDURAL,Amide Local Anesthetic [EPC],CAT004,Pain Management
MED054176,0517-9120,Aminocaproic Acid,Aminocaproic Acid,"American Regent, Inc.",AMINOCAPROIC ACID,250 mg/mL,"INJECTION, SOLUTION",INTRAVENOUS,Antifibrinolytic Agent [EPC],CAT003,Diabetes
MED054179,72572-076,Clindamycin In 5 Percent Dextrose,Clindamycin In 5 Percent Dextrose,"Civica, Inc.",CLINDAMYCIN,18 mg/mL,"INJECTION, SOLUTION",INTRAVENOUS,Decreased Sebaceous Gland Activity [PE],CAT008,Dermatology
MED054191,72578-035,Metformin Hydrochloride,Metformin Hydrochloride,Viona Pharmaceuticals Inc,METFORMIN HYDROCHLORIDE,500 mg/1,"TABLET, EXTENDED RELEASE",ORAL,Biguanide [EPC],CAT002,Cardiovascular
MED054235,72603-406,Atorvastatin Calcium,Atorvastatin Calcium,Northstar Rxllc,ATORVASTATIN CALCIUM TRIHYDRATE,80 mg/1,"TABLET, FILM COATED",ORAL,HMG-CoA Reductase Inhibitor [EPC],CAT003,Diabetes
MED054246,0527-1789,Fluphenazine Hydrochloride,Fluphenazine Hydrochloride,"Lannett Company, Inc.",FLUPHENAZINE HYDROCHLORIDE,2.5 mg/1,"TABLET, FILM COATED",ORAL,Phenothiazine [EPC],CAT005,Neurology
MED054251,72606-028,Ustekinumab-Stba,Steqeyma,"Celltrion Usa, Inc.",USTEKINUMAB,90 mg/mL,"INJECTION, SOLUTION",SUBCUTANEOUS,Interleukin-12 Antagonist [EPC],CAT010,Allergy
MED054286,72789-131,Acarbose,Acarbose,"Pd-Rx Pharmaceuticals, Inc.",ACARBOSE,25 mg/1,TABLET,ORAL,alpha Glucosidase Inhibitors [MoA],CAT002,Cardiovascular
MED054306,0527-4116,Propranolol Hydrochloride,Propranolol Hydrochloride,"Lannett Company, Inc.",PROPRANOLOL HYDROCHLORIDE,60 mg/1,"CAPSULE, EXTENDED RELEASE",ORAL,Adrenergic beta-Antagonists [MoA],CAT003,Diabetes
MED054327,72812-155,Menthol,Medicated Herbal Lip Balm,Earth Mama Angel Baby Llc,MENTHOL,.0425 g/4.25g,STICK,TOPICAL,UNKNOWN,CAT015,Others
MED054350,72865-187,Levetiracetam,Levetiracetam,Xlcare Pharmaceuticals Inc.,LEVETIRACETAM,250 mg/1,"TABLET, FILM COATED",ORAL,Decreased Central Nervous System Disorganized Electrical Activity [PE],CAT005,Neurology
MED054354,72865-209,Lisinopril,Lisinopril,Xlcare Pharmaceuticals Inc.,LISINOPRIL,5 mg/1,TABLET,ORAL,Angiotensin Converting Enzyme Inhibitor [EPC],CAT003,Diabetes
MED054358,72865-289,Icosapent Ethyl,Icosapent Ethyl,"Xlcare Pharmaceuticals, Inc.",ICOSAPENT ETHYL,.5 g/1,CAPSULE,ORAL,UNKNOWN,CAT015,Others
MED054359,72865-333,Meloxicam,Meloxicam,"Xlcare Pharmaceuticals, Inc.",MELOXICAM,15 mg/1,TABLET,ORAL,Anti-Inflammatory Agents,CAT004,Pain Management
MED054388,0536-1253,Sodium Chloride,Sodium Chloride Hypertonicity Ophthalmic,Rugby Laboratories,SODIUM CHLORIDE,50 mg/g,OINTMENT,OPHTHALMIC,Increased Large Intestinal Motility [PE],CAT007,Gastrointestinal
MED054406,73076-140,Ishancare Baby Eczema Cream,Ishancare Baby Eczema Cream,"Shenzhen Ishan Technology Co., Ltd",OATMEAL,2 g/100g,CREAM,TOPICAL,Allergens [CS],CAT006,Respiratory
MED054407,73076-148,Lmnoop Itch Relief Cream,Lmnoop Itch Relief Cream,"Shenzhen Ishan Technology Co., Ltd",OATMEAL,1 g/100g,CREAM,TOPICAL,Allergens [CS],CAT006,Respiratory
MED054442,73190-074,Brivaracetam,Brivaracetam,Avkare,BRIVARACETAM,25 mg/1,"TABLET, FILM COATED",ORAL,Epoxide Hydrolase Inhibitors [MoA],CAT014,Vitamins & Supplements
MED054457,73291-0003,"Zinc Oxide, Titanium Dioxide",Sunbetter Broad Spectrum Spf 75 Sunscreen Tone Smart,Skinbetter Science Llc,TITANIUM DIOXIDE,35 mg/mL,LOTION,TOPICAL,UNKNOWN,CAT015,Others
MED054460,73296-017,Coffea Cruda,Coffea Cruda 30X,Laboratoire Schmidt-Nagel Inc.,ARABICA COFFEE BEAN,30 [hp_X]/g,GLOBULE,ORAL,Allergens [CS],CAT006,Respiratory
MED054469,73352-096,Dihydroergotamine Mesylate,Dihydroergotamine Mesylate,"Trifluent Pharma, Llc",DIHYDROERGOTAMINE MESYLATE,4 mg/mL,SPRAY,NASAL,Ergotamine Derivative [EPC],CAT005,Neurology
MED054487,0536-1457,Triamcinolone Acetonide,Nasal Allergy,Rugby Laboratories,TRIAMCINOLONE ACETONIDE,55 ug/1,"SPRAY, METERED",NASAL,Corticosteroid Hormone Receptor Agonists [MoA],CAT004,Pain Management
MED054498,73528-100,Zinc Pyrithione,Balancing,"Zero Flakes Given, Inc.",PYRITHIONE ZINC,1 g/100mL,SHAMPOO,TOPICAL,UNKNOWN,CAT015,Others
MED054514,73590-0028,Niacinamide,The Skin House Vital Brightserum,"Noksibcho Cosmetic Co., Ltd.",NIACINAMIDE,2 g/100mL,LIQUID,TOPICAL,UNKNOWN,CAT015,Others
MED054522,73653-213,Canker Cover,Dentemp Canker Cover,Doc Brands,MENTHOL,2.5 mg/1,"TABLET, EXTENDED RELEASE",ORAL,UNKNOWN,CAT015,Others
MED054561,74307-305,Aluminum Sesquichlorohydrate,Underarmplus Soothing Chamomile And Oat Milk,"Clutch, Inc",ALUMINUM SESQUICHLOROHYDRATE,15 g/100g,STICK,TOPICAL,UNKNOWN,CAT015,Others
MED054589,75742-030,Ethyl Alcohol 70%V/V,Hand Sanitizer 8Oz With Aloe Vera,"Zhejiang Guoyao Jingyue Aerosol Co., Ltd.",ALCOHOL,70 mL/100mL,LIQUID,TOPICAL,UNKNOWN,CAT015,Others
MED054669,76162-255,"Piperonyl Butoxide, Pyrethrum Extract",Topcare Complete Lice Treatment Kit,"Topco Associates, Llc",UNKNOWN,UNKNOWN,KIT,TOPICAL,UNKNOWN,CAT015,Others
MED054710,76296-060,Zinc Oxide,Caudalie Daily Mineral Sunscreen Broad Spectrum Spf 50,"Caudalie Usa, Inc.",ZINC OXIDE,13.1875 g/62.5g,LOTION,TOPICAL,UNKNOWN,CAT015,Others
MED054728,76354-148,"Homosalate, Octisalate, Octocrylene, Zinc Oxide",E.L.F. Hydrating Camo Cc Cream Spf30 Light 250 W,"E.L.F. Cosmetics, Inc.",HOMOSALATE,50 mg/g,CREAM,TOPICAL,UNKNOWN,CAT015,Others
MED054744,76354-560,Zinc Oxide,Halo Glow Skin Tint Spf 50 84514,"E.L.F. Cosmetics, Inc.",ZINC OXIDE,120 mg/mL,LOTION,TOPICAL,UNKNOWN,CAT015,Others
MED054797,76420-712,Famotidine,Famotidine,"Asclemed Usa, Inc.",FAMOTIDINE,20 mg/1,"TABLET, FILM COATED",ORAL,Histamine H2 Receptor Antagonists [MoA],CAT006,Respiratory
MED054803,76420-805,Pantoprazole Sodium,Pantoprazole Sodium,"Asclemed Usa, Inc.",PANTOPRAZOLE SODIUM,20 mg/1,"TABLET, DELAYED RELEASE",ORAL,Proton Pump Inhibitor [EPC],CAT007,Gastrointestinal
MED054817,76420-955,Allantoin,Aluroderm Scar,"Asclemed Usa, Inc.",ALLANTOIN,.0075 g/g,PATCH,CUTANEOUS,UNKNOWN,CAT015,Others
MED054827,76472-3009,Calcium Sulfate Anhydrous,Calcarea Sulphurica 200Ck,Sevene Usa,CALCIUM SULFATE ANHYDROUS,200 [kp_C]/1,PELLET,SUBLINGUAL,Blood Coagulation Factor [EPC],CAT003,Diabetes
MED054846,76978-101,Dihydroergotamine Mesylate,Atzumi,"Satsuma Pharmaceuticals, Inc.",DIHYDROERGOTAMINE MESYLATE,5.2 mg/1,POWDER,NASAL,Ergotamine Derivative [EPC],CAT005,Neurology
MED054878,78206-177,Ezetimibe And Simvastatin,Vytorin,Organon Llc,EZETIMIBE,10 mg/1,TABLET,ORAL,Decreased Cholesterol Absorption [PE],CAT003,Diabetes
MED054921,79481-0149,"Acetaminophen, Diphenhydramine Hydrochloride",Meijer Extra Strength Pain Relief Pm Caplet,"Meijer, Inc.",ACETAMINOPHEN,500 mg/1,TABLET,ORAL,Histamine H1 Receptor Antagonists [MoA],CAT006,Respiratory
MED054941,79481-6760,Bisacodyl,Laxative,"Meijer Distribution, Inc.",BISACODYL,5 mg/1,"TABLET, DELAYED RELEASE",ORAL,Increased Large Intestinal Motility [PE],CAT007,Gastrointestinal
MED054958,79794-700,Benzalkonium Chloride,Biopure 50Ct Anti Bacterial Hand Wipes,"Zhejiang Furuisen Spunlaced Nonwovens Co., Ltd.",BENZALKONIUM CHLORIDE,.13 g/1001,CLOTH,TOPICAL,UNKNOWN,CAT015,Others
MED054969,79903-088,Coal Tar,"Equate Therapeutic Dandruff Extra Strength Anti-Dandruff, Anti-Seborrheic Dermatitis, Anti-Psoriasis","Wal-Mart Stores, Inc.",COAL TAR,10 mg/mL,SHAMPOO,TOPICAL,UNKNOWN,CAT015,Others
MED054975,0067-7918,"Acetaminophen, Diphenhydramine Hcl, Phenylephrine Hcl",Theraflu Nighttime Severe Cold And Cough,Haleon Us Holdings Llc,ACETAMINOPHEN,650 mg/237mL,"POWDER, FOR SOLUTION",ORAL,Adrenergic alpha1-Agonists [MoA],CAT003,Diabetes
MED054986,0597-0138,Afatinib,Gilotrif,"Boehringer Ingelheim Pharmaceuticals, Inc.",AFATINIB,40 mg/1,"TABLET, FILM COATED",ORAL,Kinase Inhibitor [EPC],CAT012,Ophthalmology
MED055001,79903-966,20% Benzocaine,Equate Orasol,Wal-Mart Stores Inc.,BENZOCAINE,200 mg/g,GEL,ORAL,Allergens [CS],CAT006,Respiratory
MED055036,80425-0184,Quetiapine Fumarate,Quetiapine Fumarate,"Advanced Rx Pharmacy Of Tennessee, Llc",QUETIAPINE FUMARATE,50 mg/1,"TABLET, FILM COATED",ORAL,Atypical Antipsychotic [EPC],CAT005,Neurology
MED055082,80499-100,Benzalkonium Chloride,Hygiene Clean Clean Cotton Hand Sanitizer,Usa Broom Llc,BENZALKONIUM CHLORIDE,1.3 mg/mL,LIQUID,TOPICAL,UNKNOWN,CAT015,Others
MED055084,80513-303,"Acetaminophen, Dextromethorphan Hydrobromide, And Phenylephrine Hydrochloride",Daytime Cold And Flu Relief,Advanced Rx Llc,ACETAMINOPHEN,325 mg/1,"CAPSULE, LIQUID FILLED",ORAL,Adrenergic alpha1-Agonists [MoA],CAT003,Diabetes
MED055088,80534-0300,Xenon Xe 129 Hyperpolarized,Xenoview,"Polarean, Inc.","XENON XE-129, HYPERPOLARIZED",75 mL/300mL,GAS,RESPIRATORY (INHALATION),Hyperpolarized Contrast Agent [EPC],CAT014,Vitamins & Supplements
MED055102,80684-143,Alcohol,B Pure Moisturizing Hand Sanitizer Cucumber Mint Scented,"Fourstar Group Usa, Inc.",ALCOHOL,70 mL/100mL,LIQUID,TOPICAL,UNKNOWN,CAT015,Others
MED055196,81761-114,"Octinoxate, Octocrylene, Octisalate, Avobenzone",360 By Qur Spanish Lime Lip Balm,"Qur, Inc",AVOBENZONE,5 mg/g,STICK,TOPICAL,UNKNOWN,CAT015,Others
MED055267,82247-234,"Octocrylene, Octisalate, Zinc Oxide",Brickell Element Defense Moisturizer Spf-45,Brickell Brands Llc,OCTISALATE,50 mg/mL,CREAM,TOPICAL,Copper Absorption Inhibitor [EPC],CAT007,Gastrointestinal
MED055278,0615-8438,Prednisone,Prednisone,"Ncs Healthcare Of Ky, Llc Dba Vangard Labs",PREDNISONE,1 mg/1,TABLET,ORAL,Corticosteroid Hormone Receptor Agonists [MoA],CAT004,Pain Management
MED055296,82442-023,Nicotine Polacrilex,Up And Up Citrus Mini Nicotine,Target Corporation,NICOTINE,2 mg/1,LOZENGE,ORAL,Cholinergic Nicotinic Agonist [EPC],CAT005,Neurology
MED055315,82517-001,Lidocaine,Hunter Beach 4%,Hunters Beach Life,LIDOCAINE,4 g/100mL,LOTION,TOPICAL,Amide Local Anesthetic [EPC],CAT004,Pain Management
MED055382,82804-084,Hydrocortisone,Hydrocortisone,Proficient Rx Lp,HYDROCORTISONE,25 mg/g,OINTMENT,TOPICAL,Corticosteroid Hormone Receptor Agonists [MoA],CAT004,Pain Management
MED055408,82868-005,Lamotrigine,Lamotrigine,"Northwind Health Company, Llc",LAMOTRIGINE,100 mg/1,TABLET,ORAL,Anti-epileptic Agent [EPC],CAT005,Neurology
MED055503,83008-036,Diclofenac Epolamine,Diclofenac Epolamine,"Quality Care Products, Llc",DICLOFENAC EPOLAMINE,.013 g/1,SYSTEM,TOPICAL,Anti-Inflammatory Agents,CAT004,Pain Management
MED055507,83013-315,Watermelon Flavor Sodium Fluoride Anticavity Toothpaste,Hismile,Hismile Pty Ltd,SODIUM FLUORIDE,2.4 mg/g,GEL,DENTAL,UNKNOWN,CAT015,Others
MED055540,83059-0109,Diphenhydramine Hydrochloride,Nighttime Sleep Aid,Shield Pharmaceuticals Corp,DIPHENHYDRAMINE HYDROCHLORIDE,50 mg/1,"CAPSULE, LIQUID FILLED",ORAL,Histamine H1 Receptor Antagonists [MoA],CAT006,Respiratory
MED055542,83059-0121,"Acetaminophen, Guaifenesin, Phenylephrine",Severe Sinus Congestion And Pain,Shield Pharmaceuticals Corp,ACETAMINOPHEN,325 mg/1,"TABLET, COATED",ORAL,Adrenergic alpha1-Agonists [MoA],CAT003,Diabetes
MED055550,83103-3100,Ceile Spf 30 Prime Protect Radiate Nacre,Ceile Spf 30 Prime Protect Radiate Broad Spectrum Spf 30 Sunscreen Nacre,Le Cosmetics Inc,ZINC OXIDE,10 mg/100mg,CREAM,TOPICAL,Copper Absorption Inhibitor [EPC],CAT007,Gastrointestinal
MED055613,0641-6251,Atropine Sulfate,Atropine Sulfate,Hikma Pharmaceuticals Usa Inc.,ATROPINE SULFATE,.4 mg/mL,INJECTION,ENDOTRACHEAL,Anticholinergic [EPC],CAT005,Neurology
MED055690,83714-0004,Lidocaine 4%,Relaxink Lidocaine,Hambli Limited,LIDOCAINE,4 g/100g,CREAM,TOPICAL,Amide Local Anesthetic [EPC],CAT004,Pain Management
MED055719,83831-117,Cyclophosphamide,Cyclophosphamide,"Avyxa Pharma, Llc",CYCLOPHOSPHAMIDE,1 g/2mL,INJECTION,INTRAVENOUS,UNKNOWN,CAT015,Others
MED055732,83986-015,Benzalkonium Chloride,Antibacterial Hand Wash,Uplift Brands Llc,BENZALKONIUM CHLORIDE,1.3 mg/mL,SOAP,TOPICAL,UNKNOWN,CAT015,Others
MED055740,84003-061,Zinc Oxide,Dolce And Gabbana Blueberry Nutri Tint Spf 20 19W Medium,Dolce & Gabbana Beauty S.R.L,ZINC OXIDE,67 mg/mL,EMULSION,TOPICAL,UNKNOWN,CAT015,Others
MED055763,84117-041,Wart Remover,Wart Remover,"Shenzhen Hengkaifeng Commerce And Trade Co., Ltd",SALICYLIC ACID,12 g/100mL,LIQUID,TOPICAL,UNKNOWN,CAT015,Others
MED055772,0713-0860,Olmesartan Medoxomil,Benicar,"Cosette Pharmaceuticals, Inc.",OLMESARTAN MEDOXOMIL,5 mg/1,"TABLET, FILM COATED",ORAL,Angiotensin 2 Receptor Antagonists [MoA],CAT003,Diabetes
MED055825,0777-3105,Fluoxetine Hydrochloride,Prozac,Dista Products Company,FLUOXETINE HYDROCHLORIDE,20 mg/1,CAPSULE,ORAL,Serotonin Reuptake Inhibitor [EPC],CAT005,Neurology
MED055847,84288-003,Salicylic Acid,Skin Tag Remover,"Dongkou County Hecheng Network Technology Co., Ltd.",SALICYLIC ACID,10 g/100mL,LIQUID,TOPICAL,UNKNOWN,CAT015,Others
MED055854,84324-014,Simethicone,Gas Relief Simethicone 125Mg Softgel,Nuvicare Llc,DIMETHICONE,125 mg/1,"CAPSULE, LIQUID FILLED",ORAL,Skin Barrier Activity [PE],CAT008,Dermatology
MED055858,84329-465,Minoxidil,Growell Mens Hair Regrowth Treatment 5 Minoxidil,"Apira Science, Inc.",MINOXIDIL,50 mg/mL,LIQUID,TOPICAL,Arteriolar Vasodilation [PE],CAT003,Diabetes
MED055933,84778-096,Toiletseatspray,Toiletseatspray,"Guangzhou Yixin Cross-Border E-Commerce Co., Ltd.",ALCOHOL,.1 g/30mL,LIQUID,TOPICAL,UNKNOWN,CAT015,Others
MED055934,84778-098,Hand Sanitizer Refill,Hand Sanitizer Refill,"Guangzhou Yixin Cross-Border E-Commerce Co., Ltd.",ALCOHOL,62 mL/100mL,LOTION,TOPICAL,UNKNOWN,CAT015,Others
MED055949,84896-009,Undecylenic Acid,Nail Extra Strength Repair Pen,"Guangzhou Mizi Biotechnology Co., Ltd.",UNDECYLENIC ACID,25 g/100mL,LIQUID,TOPICAL,UNKNOWN,CAT015,Others
MED055952,84953-565,Zinc Oxide,Pool Bar London Not Just A Pretty Face Sunscreen Spf 50,Poolbar,ZINC OXIDE,175 mg/mL,CREAM,TOPICAL,Copper Absorption Inhibitor [EPC],CAT007,Gastrointestinal
MED056000,85179-025,"Homosalate, Octocrylene, Octisalate, Avobenzone",Poolside Frostbite Sunscreen Watermelon Spf 15 Scented Lip Gloss,I World Llc,AVOBENZONE,30 mg/mL,LIQUID,TOPICAL,UNKNOWN,CAT015,Others
MED056012,85246-100,"Avobenzone, Homosalate, Octocrylene, Octisalate",Dr. Idriss Major Fade Disco Block Whipped Sunscreen Spf 50,Pillowtalkderm Llc,AVOBENZONE,3 g/100mL,LOTION,TOPICAL,UNKNOWN,CAT015,Others
MED056021,85248-097,Salicylic Acid 17% Tag Wart Remover,Flobow Tag Wart Remover,"Jiangxi Yudexi Pharmaceutical Co., Ltd",SALICYLIC ACID,17 g/100mL,LIQUID,TOPICAL,UNKNOWN,CAT015,Others
MED056030,85248-153,Tolnaftate 1% Fungal Nail,Puvida Fungal Nail,"Jiangxi Yudexi Pharmaceutical Co., Ltd",TOLNAFTATE,1 g/1001,PATCH,TOPICAL,UNKNOWN,CAT015,Others
MED056049,85301-203,"Titanium Dioxide, Zinc Oxide",Tinted Physical Block Sunscreen,Tucson Acne Clinic,TITANIUM DIOXIDE,80 mg/g,CREAM,TOPICAL,UNKNOWN,CAT015,Others
MED056075,85364-208,Zinc Oxide,Am Restore,"Minder Day Spa, Inc.",ZINC OXIDE,160 mg/g,CREAM,TOPICAL,UNKNOWN,CAT015,Others
MED056086,85384-0017,Tolnaftate,Tagrid Athlete Foot Antifungal With Tolnaftate,Tagrid Llc,TOLNAFTATE,1 g/100mL,SPRAY,TOPICAL,UNKNOWN,CAT015,Others
MED056099,85415-208,Zinc Oxide,Spf 101 Lightly Tinted,The Acne Lab Llc,ZINC OXIDE,160 mg/g,CREAM,TOPICAL,UNKNOWN,CAT015,Others
MED056122,85497-220,"Titanium Dioxide, Zinc Oxide",Flash Tinted Stick,Aeon Aesthetics Llc,TITANIUM DIOXIDE,40 mg/g,STICK,TOPICAL,UNKNOWN,CAT015,Others
MED056133,85509-1159,Meloxicam,Meloxicam,Phoenix Rx Llc,MELOXICAM,15 mg/1,TABLET,ORAL,Anti-Inflammatory Agents,CAT004,Pain Management
MED056153,85534-0079,Cephalexin,Cephalexin,"Hawaii Repack, Inc.",CEPHALEXIN,750 mg/1,CAPSULE,ORAL,Cephalosporin Antibacterial [EPC],CAT001,Antibiotics
MED056160,85591-208,Zinc Oxide,Tinted Mineral Defense Spf 40,Josephina Ramirez,ZINC OXIDE,160 mg/g,CREAM,TOPICAL,UNKNOWN,CAT015,Others
MED056168,85621-205,Zinc Oxide,20 Zinc Oxide Non-Tinted Mineral Sunscreen,Ageless Skincare Inc,ZINC OXIDE,200 mg/g,CREAM,TOPICAL,UNKNOWN,CAT015,Others
MED056235,85816-2204,"Baryta Carb, Calc Phos, Iodium, Lycopus Vir, Calc Carb",Bm Bm204 Drops,Bm Private Limited,BARIUM CARBONATE,12 [hp_X]/mL,LIQUID,ORAL,UNKNOWN,CAT015,Others
MED056273,85966-010,"Undecylenic Acid, Tolnaftate",Extra Strength Toenaiil Renewal Pen,"Guangzhou Saweilan Import & Export Trading Co., Ltd",TOLNAFTATE,.01 g/mL,LIQUID,TOPICAL,UNKNOWN,CAT015,Others
MED056363,0904-5854,Ibuprofen,Ibuprofen,Major Pharmaceuticals,IBUPROFEN,600 mg/1,TABLET,ORAL,Anti-Inflammatory Agents,CAT004,Pain Management
MED056371,0904-6007,Lorazepam,Lorazepam,Major Pharmaceuticals,LORAZEPAM,.5 mg/1,TABLET,ORAL,Benzodiazepine [EPC],CAT005,Neurology
MED056433,98132-274,Titanium Dioxide,Bareminerals Complexion Rescue Tinted Hydrating Broad Spectrum Spf 30 Cashew 3.5,Orveon Global Us Llc,TITANIUM DIOXIDE,62 mg/mL,GEL,TOPICAL,UNKNOWN,CAT015,Others
MED056437,98132-316,Titanium Dioxide,Bareminerals Barepro Performance Wear Liquid Foundation Broad Spectrum Spf 20 Latte 24,Orveon Global Us Llc,TITANIUM DIOXIDE,33.2 mg/mL,LIQUID,TOPICAL,UNKNOWN,CAT015,Others
MED056488,0904-6747,Ibuprofen,Ibuprofen,Major Pharmaceuticals,IBUPROFEN,200 mg/1,"TABLET, FILM COATED",ORAL,Anti-Inflammatory Agents,CAT004,Pain Management
MED056554,0904-6914,Methylprednisolone,Methylprednisolone,Major Pharmaceuticals,METHYLPREDNISOLONE,4 mg/1,TABLET,ORAL,Corticosteroid Hormone Receptor Agonists [MoA],CAT004,Pain Management
MED057034,46014-4751,Capecitabine,Capecitabine,Excella Gmbh & Co. Kg,CAPECITABINE,500 mg/1,"TABLET, FILM COATED",UNKNOWN,UNKNOWN,CAT015,Others
MED057190,0955-3900,Insulin Glargine,Insulin Glargine U-300,Sanofi-Aventis U.S. Llc,INSULIN GLARGINE,300 [iU]/mL,"INJECTION, SOLUTION",SUBCUTANEOUS,Insulin Analog [EPC],CAT002,Cardiovascular
MED057561,10135-803,Regadenoson,Regadenoson,"Marlex Pharmaceuticals, Inc.",REGADENOSON,.08 mg/mL,"INJECTION, SOLUTION",INTRAVENOUS,Adenosine Receptor Agonists [MoA],CAT003,Diabetes
MED057713,10210-0059,"Octinoxate, Oxybenzone, White Petrolatum",Carmex Classic Lip Balm Medicated Free Cupcake Batter Stick Sunscreen Spf 15,"Carma Laboratories, Inc.",UNKNOWN,UNKNOWN,KIT,UNKNOWN,UNKNOWN,CAT015,Others
MED058126,0074-6624,Levothyroxine Sodium,Synthroid,Abbvie Inc.,LEVOTHYROXINE SODIUM,100 ug/1,TABLET,ORAL,Thyroxine [CS],CAT009,Oncology
MED058179,10738-065,Arnica Montana Flower Extract,Triderma Bruise Defense Healing -Diabetics,Genuine Virgin Aloe Corporation,ARNICA MONTANA FLOWER,1.6 g/100g,CREAM,TOPICAL,UNKNOWN,CAT015,Others
MED058283,10742-8476,"Dimethicone, Octinoxate, Octisalate, Oxybenzone",Softlips Watermelon,The Mentholatum Company,DIMETHICONE,20 mg/g,STICK,TOPICAL,Skin Barrier Activity [PE],CAT008,Dermatology
MED058457,0075-2912,Enoxaparin Sodium,Lovenox,Sanofi-Aventis U.S. Llc,ENOXAPARIN SODIUM,120 mg/.8mL,INJECTION,SUBCUTANEOUS,Heparin,CAT003,Diabetes
MED058553,73174-020,Zinc Oxide,Zinc Oxide,"Hanil Chemical Ind. Co., Ltd.",ZINC OXIDE,9.9 kg/10kg,POWDER,UNKNOWN,UNKNOWN,CAT015,Others
MED058901,11822-0599,Diphenhydramine Hcl,Childrens Allergy Relief,Rite Aid Corporation,DIPHENHYDRAMINE HYDROCHLORIDE,12.5 mg/1,"TABLET, CHEWABLE",ORAL,Histamine H1 Receptor Antagonists [MoA],CAT006,Respiratory
MED058915,11822-3115,"Avobenzone 3%, Homosalate 15%, Octisalate 5%, Octocrylene 10%",Ryshi Spf 50 Sunscreen,Rite Aid,AVOBENZONE,3 g/100g,STICK,TOPICAL,UNKNOWN,CAT015,Others
MED058937,11994-127,Xenon Xe-133,Xenon,"Lantheus Medical Imaging, Inc.",XENON XE-133,10 mCi/1,GAS,RESPIRATORY (INHALATION),Inhalation Diagnostic Agent [EPC],CAT014,Vitamins & Supplements
MED058948,12745-205,Hydrogen Peroxide,Hydrogen Peroxide,Medical Chemical Corporation,HYDROGEN PEROXIDE,8.57 g/100mL,LIQUID,TOPICAL,UNKNOWN,CAT015,Others
MED059034,15631-0050,Arsenicum Album,Arsenicum Album,"Rxhomeo Private Limited D.B.A. Rxhomeo, Inc",ARSENIC TRIOXIDE,6 [hp_X]/1,PELLET,ORAL,UNKNOWN,CAT015,Others
MED059056,16030-303,Hypromellose Ophthalmic Solution 2% W/V,Aurovisc Lubricant Hypromellose 2208 (15000 Mpa.S) Gel/Drops,Aurolab,HYPROMELLOSE 2208 (15000 MPA.S),20 mg/mL,"SOLUTION, GEL FORMING / DROPS",OPHTHALMIC,UNKNOWN,CAT015,Others
MED059070,16571-783,Cyclobenzaprine Hydrochloride,Cyclobenzaprine Hydrochloride,"Rising Pharma Holdings, Inc.",CYCLOBENZAPRINE HYDROCHLORIDE,10 mg/1,"TABLET, FILM COATED",ORAL,Centrally-mediated Muscle Relaxation [PE],CAT005,Neurology
MED059074,16571-884,Allopurinol,Allopurinol,"Rising Pharma Holdings, Inc.",ALLOPURINOL,200 mg/1,TABLET,ORAL,Xanthine Oxidase Inhibitor [EPC],CAT003,Diabetes
MED059117,16714-799,Cetirizine Hydrochloride,Cetirizine Hydrochloride (Allergy),Northstar Rx Llc,CETIRIZINE HYDROCHLORIDE,10 mg/1,TABLET,ORAL,Histamine H1 Receptor Antagonists [MoA],CAT006,Respiratory
MED059138,16729-226,Spironolactone,Spironolactone,"Accord Healthcare, Inc.",SPIRONOLACTONE,50 mg/1,"TABLET, FILM COATED",ORAL,Aldosterone Antagonist [EPC],CAT003,Diabetes
MED059192,17714-025,Calcium Carbonate,Antacid,Advance Pharmaceutical Inc.,CALCIUM CARBONATE,648 mg/1,TABLET,ORAL,Blood Coagulation Factor [EPC],CAT003,Diabetes
MED059202,17856-1241,Nicotine Polacrilex,Mini Nicotine,Atlantic Biologicals Corp.,NICOTINE,4 mg/1,LOZENGE,ORAL,Cholinergic Nicotinic Agonist [EPC],CAT005,Neurology
MED059207,17856-8286,Bismuth Subsalicylate,Stomach Relief Regular Strength,Atlantic Biologicals Corp,BISMUTH SUBSALICYLATE,525 mg/30mL,LIQUID,ORAL,Bismuth [CS],CAT007,Gastrointestinal
MED059224,21130-296,Pyrithione Zinc,Dry Scalp Care,"Better Living Brands, Llc",PYRITHIONE ZINC,10 mg/mL,SHAMPOO,TOPICAL,UNKNOWN,CAT015,Others
MED059225,21130-343,"Acetaminophen, Dextromethorphan Hydrobromide, Doxylamine Succinate",Nighttime Cold And Flu Relief,"Safeway, Inc.",ACETAMINOPHEN,650 mg/30mL,LIQUID,ORAL,Antihistamine [EPC],CAT006,Respiratory
MED059239,0093-5030,Tiagabine Hydrochloride,Tiagabine Hydrochloride,"Teva Pharmaceuticals Usa, Inc.",TIAGABINE HYDROCHLORIDE,2 mg/1,"TABLET, FILM COATED",ORAL,Anti-epileptic Agent [EPC],CAT005,Neurology
MED059277,21922-098,Hydrocortisone 1%,Hydrocortisone,"Encube Ethicals, Inc.",HYDROCORTISONE,1 g/100g,OINTMENT,TOPICAL,Corticosteroid Hormone Receptor Agonists [MoA],CAT004,Pain Management
MED059280,22840-0034,Dermatophagoides Farinae,Standardized Mite Dermatophagoides Farinae,"Greer Laboratories, Inc.",DERMATOPHAGOIDES FARINAE,10000 [AU]/mL,CONCENTRATE,INTRADERMAL,Allergens [CS],CAT006,Respiratory
MED059461,23590-400,Alcohol,Summit 375 Gel Alcohol Hand Sanitizer,R.L. Williams Company,ALCOHOL,70 mL/100mL,GEL,TOPICAL,UNKNOWN,CAT015,Others
MED059470,0113-0028,Fluticasone Propionate,Good Sense 24 Hour Allergy Nasal,L. Perrigo Company,FLUTICASONE PROPIONATE,50 ug/1,"SPRAY, METERED",NASAL,Corticosteroid Hormone Receptor Agonists [MoA],CAT004,Pain Management
MED059477,24286-1556,Sulfur,Earths Care Acne Treatment Mask,"Dlc Laboratories, Inc.",SULFUR,5 g/100g,CREAM,TOPICAL,UNKNOWN,CAT015,Others
MED059529,25000-041,Guaifenesin 1200 Mg,Guaifenesin 1200 Mg,Marksans Pharma Limited,GUAIFENESIN,1200 mg/1,TABLET,ORAL,Decreased Respiratory Secretion Viscosity [PE],CAT006,Respiratory
MED059534,25000-147,Fluoxetine Hydrochloride,Fluoxetine,Marksans Pharma Limited,FLUOXETINE HYDROCHLORIDE,10 mg/1,CAPSULE,ORAL,Serotonin Reuptake Inhibitor [EPC],CAT005,Neurology
MED059552,25021-617,Dexmedetomidine Hydrochloride,Dexmedetomidine Hydrochloride,Sagent Pharmaceuticals,DEXMEDETOMIDINE HYDROCHLORIDE,4 ug/mL,INJECTION,INTRAVENOUS,Adrenergic alpha2-Agonists [MoA],CAT003,Diabetes
MED059555,25021-688,Midazolam Hydrochloride,Midazolam In Sodium Chloride,Sagent Pharmaceuticals,MIDAZOLAM HYDROCHLORIDE,1 mg/mL,"INJECTION, SOLUTION",INTRAVENOUS,Benzodiazepine [EPC],CAT005,Neurology
MED059556,25021-689,Methocarbamol,Methocarbamol,Sagent Pharmaceuticals,METHOCARBAMOL,100 mg/mL,"INJECTION, SOLUTION",INTRAMUSCULAR,Centrally-mediated Muscle Relaxation [PE],CAT005,Neurology
MED059609,29300-252,Labetalol Hydrochloride,Labetalol Hydrochloride,"Unichem Pharmaceuticals (Usa), Inc.",LABETALOL HYDROCHLORIDE,100 mg/1,"TABLET, FILM COATED",ORAL,Adrenergic beta-Antagonists [MoA],CAT003,Diabetes
MED059618,29300-477,Buspirone Hydrochloride,Buspirone Hydrochloride,"Unichem Pharmaceuticals (Usa), Inc.",BUSPIRONE HYDROCHLORIDE,15 mg/1,TABLET,ORAL,UNKNOWN,CAT015,Others
MED059620,29943-002,Polyethylene Glycol 400,Blink Tears,Bausch & Lomb Incorporated,POLYETHYLENE GLYCOL 400,2.5 mg/mL,SOLUTION/ DROPS,OPHTHALMIC,UNKNOWN,CAT015,Others
MED059627,30142-089,Jock Itch Spray,Miconazole Nitrate,Kroger Co.,MICONAZOLE NITRATE,1.3 g/130g,"AEROSOL, SPRAY",TOPICAL,Azole Antifungal [EPC],CAT001,Antibiotics
MED059635,30142-398,Ketotifen Fumarate,Eye Itch Relief,Kroger Company,KETOTIFEN FUMARATE,.25 mg/mL,SOLUTION/ DROPS,OPHTHALMIC,Histamine H1 Receptor Antagonists [MoA],CAT006,Respiratory
MED059687,31722-297,Imatinib Mesylate,Imatinib Mesylate,"Camber Pharmaceuticals, Inc.",IMATINIB MESYLATE,400 mg/1,"TABLET, FILM COATED",ORAL,Bcr-Abl Tyrosine Kinase Inhibitors [MoA],CAT012,Ophthalmology
MED059748,33342-133,Candesartan Cilexetil And Hydrochlorothiazide,Candesartan Cilexetil And Hydrochlorothiazide,Macleods Pharmaceuticals Limited,CANDESARTAN CILEXETIL,32 mg/1,TABLET,ORAL,Angiotensin 2 Receptor Antagonists [MoA],CAT003,Diabetes
MED059756,33342-200,Levocetirizine Dihydrochloride,Levocetirizine Dihydrochloride,Macleods Pharmaceuticals Limited,LEVOCETIRIZINE DIHYDROCHLORIDE,5 mg/1,"TABLET, FILM COATED",ORAL,Histamine H1 Receptor Antagonists [MoA],CAT006,Respiratory
MED059762,33342-334,Triamcinolone Acetonide,Triamcinolone Acetonide,Macleods Pharmaceuticals Limited,TRIAMCINOLONE ACETONIDE,.5 mg/g,OINTMENT,TOPICAL,Corticosteroid Hormone Receptor Agonists [MoA],CAT004,Pain Management
MED059767,33342-399,Levothyroxine Sodium,Levothyroxine Sodium,Macleods Pharmaceuticals Limited,LEVOTHYROXINE SODIUM,125 ug/1,TABLET,ORAL,Thyroxine [CS],CAT009,Oncology
MED059770,33342-493,"Carbidopa, Levodopa And Entacapone","Carbidopa, Levodopa And Entacapone",Macleods Pharmaceuticals Limited,CARBIDOPA,25 mg/1,"TABLET, FILM COATED",ORAL,Amino Acids,CAT013,Vaccines & Biologics
MED059776,33992-7992,Camphor And Eucalyptus Oil And Menthol,Assured Vaporizing Chest Rub,"Greenbrier International, Inc.",CAMPHOR (SYNTHETIC),4.7 g/100g,OINTMENT,TOPICAL,UNKNOWN,CAT015,Others
MED059800,35000-253,Benzalkonium Chloride,Softsoap Antibacterial Kitchen Fresh Hands,Colgate-Palmolive Company,BENZALKONIUM CHLORIDE,1.33 mg/mL,LIQUID,TOPICAL,UNKNOWN,CAT015,Others
MED059834,36800-199,Miconazole Nitrate,Topcare Miconazole 1,Topco Associates Llc,UNKNOWN,UNKNOWN,KIT,UNKNOWN,UNKNOWN,CAT015,Others
MED059871,36800-832,Benzocaine,Cherry Sore Throat Lozenge,Topco,BENZOCAINE,15 mg/1,LOZENGE,ORAL,Allergens [CS],CAT006,Respiratory
MED059919,37662-0286,Chromium Sulphuricum,Chromium Sulphuricum,"Hahnemann Laboratories, Inc.",CHROMIC SULFATE,100 [hp_C]/1,PELLET,ORAL,UNKNOWN,CAT015,Others
MED059949,0121-1033,Vancomycin Hydrochloride,Vancomycin Hydrochloride,"Pai Holdings, Llc Dba Pai Pharma",VANCOMYCIN HYDROCHLORIDE,250 mg/1,CAPSULE,ORAL,Glycopeptide Antibacterial [EPC],CAT001,Antibiotics
MED059953,37662-0546,Conium Maculatum,Conium Maculatum,"Hahnemann Laboratories, Inc.",CONIUM MACULATUM FLOWERING TOP,6 [hp_C]/1,PELLET,ORAL,UNKNOWN,CAT015,Others
MED059957,0006-3076,Letermovir,Prevymis,Merck Sharp & Dohme Llc,LETERMOVIR,480 mg/1,"TABLET, FILM COATED",ORAL,Cytochrome P450 2C19 Inducers [MoA],CAT014,Vitamins & Supplements
MED060003,37662-0935,Lithium Carbonicum,Lithium Carbonicum,"Hahnemann Laboratories, Inc.",LITHIUM CARBONATE,6 [hp_C]/1,PELLET,ORAL,Mood Stabilizer [EPC],CAT005,Neurology
MED060013,37662-1041,Lycopus Virginicus,Lycopus Virginicus,"Hahnemann Laboratories, Inc.",LYCOPUS VIRGINICUS,200 [hp_C]/1,PELLET,ORAL,UNKNOWN,CAT015,Others
MED060040,37662-1236,Rosmarinus Officinalis,Rosmarinus Officinalis,"Hahnemann Laboratories, Inc.",ROSMARINUS OFFICINALIS FLOWERING TOP,500 [hp_C]/1,PELLET,ORAL,UNKNOWN,CAT015,Others
MED060063,37662-1439,Phytolacca Decandra,Phytolacca Decandra,"Hahnemann Laboratories, Inc.",PHYTOLACCA AMERICANA ROOT,200 [hp_C]/1,PELLET,ORAL,UNKNOWN,CAT015,Others
MED060082,37662-1574,Osmium Metallicum,Osmium Metallicum,"Hahnemann Laboratories, Inc.",OSMIUM,1 [hp_Q]/1,PELLET,ORAL,UNKNOWN,CAT015,Others
MED060099,37662-1746,Ledum Palustre,Ledum Palustre,"Hahnemann Laboratories, Inc.",RHODODENDRON TOMENTOSUM LEAFY TWIG,500 [hp_C]/1,PELLET,ORAL,UNKNOWN,CAT015,Others
MED060107,37662-1800,Mercurius Corrosivus,Mercurius Corrosivus,"Hahnemann Laboratories, Inc.",MERCURIC CHLORIDE,1 [hp_M]/1,PELLET,ORAL,UNKNOWN,CAT015,Others
MED060120,37662-1891,Natrum Phosphoricum,Natrum Phosphoricum,"Hahnemann Laboratories, Inc.","SODIUM PHOSPHATE, DIBASIC, HEPTAHYDRATE",200 [hp_C]/1,PELLET,ORAL,Increased Large Intestinal Motility [PE],CAT007,Gastrointestinal
MED060133,37662-2039,Pix Liquida,Pix Liquida,"Hahnemann Laboratories, Inc.",PINE TAR,500 [hp_C]/1,PELLET,ORAL,UNKNOWN,CAT015,Others
MED060153,37662-2158,Saccharum Officinale,Saccharum Officinale,"Hahnemann Laboratories, Inc.",SUCROSE,12 [hp_C]/1,PELLET,ORAL,UNKNOWN,CAT015,Others
MED060174,37662-2354,Piper Methysticum,Piper Methysticum,"Hahnemann Laboratories, Inc.",PIPER METHYSTICUM ROOT,10 [hp_M]/1,PELLET,ORAL,UNKNOWN,CAT015,Others
MED060196,37662-2569,Thlaspi Bursa Pastoris,Thlaspi Bursa Pastoris,"Hahnemann Laboratories, Inc.",CAPSELLA BURSA-PASTORIS,6 [hp_C]/1,PELLET,ORAL,UNKNOWN,CAT015,Others
MED060200,37662-2599,Formalinum,Formalinum,"Hahnemann Laboratories, Inc.",FORMALDEHYDE SOLUTION,6 [hp_C]/1,PELLET,ORAL,UNKNOWN,CAT015,Others
MED060378,37808-103,Calcium Carbonate,Heb Antacid Calcium Assorted Berry,Heb,CALCIUM CARBONATE,1000 mg/1,"TABLET, CHEWABLE",ORAL,Blood Coagulation Factor [EPC],CAT003,Diabetes
MED060404,37808-692,Simethicone,Extra Strength Gas Relief Cherry,H E B,DIMETHICONE,125 mg/1,"TABLET, CHEWABLE",ORAL,Skin Barrier Activity [PE],CAT008,Dermatology
MED060433,39892-0700,Hydrogen Peroxide,Medichoice Of Hydrogen Peroxide 3 10 Volume,"O&M Halyard, Inc.",HYDROGEN PEROXIDE,30 mg/mL,LIQUID,TOPICAL,UNKNOWN,CAT015,Others
MED060442,41163-129,Calcium Carbonate,Equaline Extra Strength Assorted Berry Antacid,"United Natural Foods, Inc. Dba Unfi",CALCIUM CARBONATE,750 mg/1,"TABLET, CHEWABLE",ORAL,Blood Coagulation Factor [EPC],CAT003,Diabetes
MED060454,41163-821,Salicylic Acid,Acne Scrub,"United Natural Foods, Inc. Dba Unfi",SALICYLIC ACID,20 mg/mL,GEL,TOPICAL,UNKNOWN,CAT015,Others
MED060482,41167-1040,Calcium Carbonate And Magnesium Hydroxide And Simethicone,Rolaids Advanced Antacid Anti-Gas Mixed Berry,"Chattem, Inc.",CALCIUM CARBONATE,1000 mg/1,"TABLET, CHEWABLE",ORAL,Blood Coagulation Factor [EPC],CAT003,Diabetes
MED060528,0143-9444,Daptomycin,Daptomycin,Hikma Pharmaceuticals Usa Inc.,DAPTOMYCIN,500 mg/10mL,"INJECTION, POWDER, LYOPHILIZED, FOR SOLUTION",INTRAVENOUS,Lipopeptide Antibacterial [EPC],CAT001,Antibiotics
MED060571,42291-492,Pirfenidone,Pirfenidone,Avkare,PIRFENIDONE,801 mg/1,"TABLET, FILM COATED",ORAL,Pyridone [EPC],CAT014,Vitamins & Supplements
MED060585,42291-934,Eltrombopag,Eltrombopag Olamine,Avkare,ELTROMBOPAG OLAMINE,50 mg/1,"TABLET, FILM COATED",ORAL,Breast Cancer Resistance Protein Inhibitors [MoA],CAT012,Ophthalmology
MED060629,42571-303,Chlordiazepoxide And Amitriptyline Hydrochloride,Chlordiazepoxide And Amitriptyline Hydrochloride,Micro Labs Limited,AMITRIPTYLINE HYDROCHLORIDE,10 mg/1,TABLET,ORAL,Benzodiazepine [EPC],CAT005,Neurology
MED060641,42658-121,Irbesartan,Irbesartan,Hisun Pharmaceuticals Usa Inc.,IRBESARTAN,75 mg/1,"TABLET, FILM COATED",ORAL,Angiotensin 2 Receptor Antagonists [MoA],CAT003,Diabetes
MED060661,42708-164,Hydrochlorothiazide,Hydrochlorothiazide,Qpharma Inc,HYDROCHLOROTHIAZIDE,25 mg/1,TABLET,ORAL,Increased Diuresis [PE],CAT003,Diabetes
MED060700,42858-067,Fenofibrate,Fenofibrate,Rhodes Pharmaceuticals Llc,FENOFIBRATE,67 mg/1,CAPSULE,ORAL,Peroxisome Proliferator Receptor alpha Agonist [EPC],CAT003,Diabetes
MED060756,43116-048,Eyelid Cleansing Wipes,Eyelid Cleansing Wipes,"Shenzhen Shierjie Biological Engineering Co., Ltd",4-TERPINEOL,.03 U/100U,CLOTH,TOPICAL,UNKNOWN,CAT015,Others
MED060791,43406-0161,Apis Mellifica,Apis Mellifica 30C,"Natural Creations, Inc",APIS MELLIFERA,30 [hp_C]/mL,LIQUID,ORAL,Allergens [CS],CAT006,Respiratory
MED060799,43406-0657,Calcarea Phosphorica,Calcarea Phosphorica 30C,"Natural Creations, Inc",TRIBASIC CALCIUM PHOSPHATE,30 [hp_C]/mL,LIQUID,ORAL,Blood Coagulation Factor [EPC],CAT003,Diabetes
MED060824,43498-816,"Articaine Hydrochloride, Epinephrine Bitartrate",Articaine Hydrochloride And Epinephrine,"Burkhart Dental Supply Co., Inc",ARTICAINE HYDROCHLORIDE,40 mg/mL,"INJECTION, SOLUTION",SUBMUCOSAL,Adrenergic alpha-Agonists [MoA],CAT003,Diabetes
MED060835,0169-3206,Insulin Aspart,Fiasp,Novo Nordisk,INSULIN ASPART,100 [iU]/mL,"INJECTION, SOLUTION",SUBCUTANEOUS,Insulin Analog [EPC],CAT002,Cardiovascular
MED060883,43598-676,Triamcinolone Acetonide,Triamcinolone Acetonide,Dr. Reddy'S Labortories Inc,TRIAMCINOLONE ACETONIDE,10 mg/mL,"INJECTION, SUSPENSION",INTRA-ARTICULAR,Corticosteroid Hormone Receptor Agonists [MoA],CAT004,Pain Management
MED060897,43598-941,Topiramate,Topiramate,Dr. Reddys Laboratories Inc.,TOPIRAMATE,100 mg/1,"CAPSULE, EXTENDED RELEASE",ORAL,Cytochrome P450 2C19 Inhibitors [MoA],CAT014,Vitamins & Supplements
MED060903,43689-0015,"Aconitum Napellus, Arsenicum Album, Belladonna, Coniinum, Gelsemium Sempervirens, Hypericum Perforatum, Kali Bichromicum, Lacticum Acidum, Phosphoricum Acidum, Rhus Tox, Uricum Acidum",Pain And Fatigue Relief,The Magni Company,ACONITUM NAPELLUS WHOLE,30 [hp_C]/1,TABLET,ORAL,UNKNOWN,CAT015,Others
MED060939,43742-2138,"Streptococcus Agalactiae Dna, Enterococcus Faecalis, Haemophilus Influenzae B, Klebsiella Pneumoniae, Pneumococcinum, Staphylococcus Aureus, Streptococcus Agalactiae, Streptococcus Mutans, Streptococcus Viridans",Stap Combination,"Deseret Biologicals, Inc.",ENTEROCOCCUS FAECALIS,16 [hp_C]/mL,LIQUID,ORAL,UNKNOWN,CAT015,Others
MED060977,43857-0519,"Collinsonia Canadensis, Hamamelis Virginiana, Aesculus Hippocastanum, Belladonna, Calcarea Fluorica, Carduus Marianus, Pulsatilla (Pratensis), Secale Cornutum, Vipera Berus",Venoforce Ii,"Bioactive Nutritional, Inc.",ATROPA BELLADONNA,12 [hp_X]/mL,LIQUID,ORAL,UNKNOWN,CAT015,Others
MED060980,43857-0540,"Capsicum Annuum, Cetraria Islandica, Fucus Vesiculosus, Glandula Suprarenalis Suis, Thyroidinum (Suis), Cadmium Iodatum, Hydrangea Arborescens, Phosphoricum Acidum, Phosphorus, Pulsatilla (Pratensis), Strontium Carbonicum, Uranium Nitricum, X-Ray",Radiation,Bioactive Nutritional,"ALCOHOL, X-RAY EXPOSED (1000 RAD)",30 [hp_X]/mL,LIQUID,ORAL,Allergens [CS],CAT006,Respiratory
MED060995,44224-1103,Sodium Bicarbonate,After Bite Advanced,Tender Corporation D/B/A Adventure Ready Brands,SODIUM BICARBONATE,.7 g/14g,LIQUID,TOPICAL,Alkalinizing Activity [MoA],CAT014,Vitamins & Supplements
MED061037,44911-0612,"Artemisia Vulgaris, Cina, Sabadilla, Spigelia Anthelmia, Filix Mas, Baryta Carbonica, Calcarea Carbonica, Sulphur, Terebinthina",Vermistat,"Energique, Inc.",ARTEMISIA CINA PRE-FLOWERING TOP,3 [hp_X]/mL,LIQUID,ORAL,UNKNOWN,CAT015,Others
MED061054,45802-140,Ibuprofen,Childrens Ibuprofen,Padagis Israel Pharmaceuticals Ltd,IBUPROFEN,100 mg/5mL,SUSPENSION,ORAL,Anti-Inflammatory Agents,CAT004,Pain Management
MED061073,45942-1629,Benzalkonium Chloride,Refresh Sanitizing Towlette Organic Grapefruit Splash,Giovanni Cosmetics Inc,BENZALKONIUM CHLORIDE,.13 g/100mL,LIQUID,TOPICAL,UNKNOWN,CAT015,Others
MED061125,46708-047,Valsartan,Valsartan,Alembic Pharmaceuticals Limited,VALSARTAN,320 mg/1,TABLET,ORAL,Angiotensin 2 Receptor Antagonists [MoA],CAT003,Diabetes
MED061179,46708-747,Guanfacine,Guanfacine,Alembic Pharmaceuticals Limited,GUANFACINE HYDROCHLORIDE,3 mg/1,"TABLET, EXTENDED RELEASE",ORAL,Adrenergic alpha2-Agonists [MoA],CAT003,Diabetes
MED061191,47335-179,Tetrabenazine,Tetrabenazine,"Sun Pharmaceutical Industries, Inc.",TETRABENAZINE,25 mg/1,TABLET,ORAL,Vesicular Monoamine Transporter 2 Inhibitor [EPC],CAT005,Neurology
MED061196,47335-689,Pregabalin,Pregabalin,"Sun Pharmaceutical Industries, Inc.",PREGABALIN,100 mg/1,CAPSULE,ORAL,UNKNOWN,CAT015,Others
MED061226,47682-166,Diphenhydramine Hcl,Medique At Home Diphen,Unifirst First Aid Corporation,DIPHENHYDRAMINE HYDROCHLORIDE,25 mg/1,"TABLET, FILM COATED",ORAL,Histamine H1 Receptor Antagonists [MoA],CAT006,Respiratory
MED061262,47918-878,Insulin Human,Afrezza,Mannkind Corporation,INSULIN HUMAN,8 [arb'U]/1,"POWDER, METERED",RESPIRATORY (INHALATION),Insulin [CS],CAT002,Cardiovascular
MED061286,48951-3283,Carbo Betulae 20,Carbo Betulae 20,Uriel Pharmacy Inc.,ACTIVATED CHARCOAL,20 [hp_X]/mL,LIQUID,ORAL,UNKNOWN,CAT015,Others
MED061295,48951-8084,Pulmo Bryonia,Pulmo Bryonia,Uriel Pharmacy Inc.,ANTIMONY POTASSIUM TARTRATE,8 [hp_X]/mL,LIQUID,ORAL,UNKNOWN,CAT015,Others
MED061310,49035-249,Pyrithione Zinc,Equate Dry Scalp 2 In 1 Dandruff Anti-Dandruff,"Wal-Mart Stores, Inc.",PYRITHIONE ZINC,10 mg/mL,SHAMPOO,TOPICAL,UNKNOWN,CAT015,Others
MED061327,49035-636,Magnesium Hydroxide,Milk Of Magnesia,"Wal-Mart Stores, Inc.",MAGNESIUM HYDROXIDE,1200 mg/15mL,SUSPENSION,ORAL,Calculi Dissolution Agent [EPC],CAT007,Gastrointestinal
MED061352,49401-102,Belimumab,Benlysta,Glaxosmithkline Llc,BELIMUMAB,400 mg/5mL,"INJECTION, POWDER, LYOPHILIZED, FOR SOLUTION",INTRAVENOUS,B Lymphocyte Stimulator-directed Antibody Interactions [MoA],CAT010,Allergy
MED061420,49884-487,Lamotrigine,Lamotrigine,"Par Health Usa, Llc",LAMOTRIGINE,200 mg/1,"TABLET, ORALLY DISINTEGRATING",ORAL,Anti-epileptic Agent [EPC],CAT005,Neurology
MED061435,49967-529,Salicylic Acid,La Roche Posay Laboratoire Dermatologique Effaclar Pore Refining Acne Treatment,L'Oreal Usa Products Inc,SALICYLIC ACID,15 mg/mL,LIQUID,TOPICAL,UNKNOWN,CAT015,Others
MED061441,49967-768,"Avobenzone, Homosalate, Octisalate And Octocrylene",Lancome Paris Renergie Lift Multiaction Ultra Firming And Dark Spot Correcting Moisturizer Broad Spectrum Spf 30 Sunscreen,L'Oreal Usa Products Inc,AVOBENZONE,30 mg/mL,LOTION,TOPICAL,UNKNOWN,CAT015,Others
MED061451,50090-0141,Hydrochlorothiazide,Hydrochlorothiazide,A-S Medication Solutions,HYDROCHLOROTHIAZIDE,25 mg/1,TABLET,ORAL,Increased Diuresis [PE],CAT003,Diabetes
MED061468,0009-3073,Methylprednisolone Acetate,Depo-Medrol,Pharmacia & Upjohn Company Llc,METHYLPREDNISOLONE ACETATE,40 mg/mL,"INJECTION, SUSPENSION",INTRA-ARTICULAR,Corticosteroid Hormone Receptor Agonists [MoA],CAT004,Pain Management
MED061486,50090-1501,Propranolol Hydrochloride,Propranolol Hydrochloride,A-S Medication Solutions,PROPRANOLOL HYDROCHLORIDE,80 mg/1,"CAPSULE, EXTENDED RELEASE",ORAL,Adrenergic beta-Antagonists [MoA],CAT003,Diabetes
MED061511,50090-2575,Valacyclovir,Valacyclovir,A-S Medication Solutions,VALACYCLOVIR HYDROCHLORIDE,1 g/1,"TABLET, FILM COATED",ORAL,DNA Polymerase Inhibitors [MoA],CAT012,Ophthalmology
MED061519,50090-2854,Nystatin,Nystatin,A-S Medication Solutions,NYSTATIN,100000 [USP'U]/g,CREAM,TOPICAL,Polyene Antifungal [EPC],CAT001,Antibiotics
MED061522,50090-3007,Ibuprofen,Ibuprofen,A-S Medication Solutions,IBUPROFEN,400 mg/1,"TABLET, FILM COATED",ORAL,Anti-Inflammatory Agents,CAT004,Pain Management
MED061551,50090-4526,Hepatitis B Vaccine (Recombinant) Adjuvanted,Heplisav-B,A-S Medication Solutions,HEPATITIS B VIRUS SUBTYPE ADW HBSAG SURFACE PROTEIN ANTIGEN,20 ug/.5mL,"INJECTION, SOLUTION",INTRAMUSCULAR,Actively Acquired Immunity [PE],CAT010,Allergy
MED061582,50090-5425,Ofloxacin,Ofloxacin,A-S Medication Solutions,OFLOXACIN,3 mg/mL,SOLUTION,OPHTHALMIC,Quinolone Antimicrobial [EPC],CAT001,Antibiotics
MED061590,50090-5592,Diphenoxylate Hydrochloride And Atropine Sulfate,Diphenoxylate Hydrochloride And Atropine Sulfate,A-S Medication Solutions,ATROPINE SULFATE,.025 mg/1,TABLET,ORAL,Anticholinergic [EPC],CAT005,Neurology
MED061637,50090-6371,Dorzolamide Hydrochloride And Timolol Maleate,Dorzolamide Hydrochloride And Timolol Maleate,A-S Medication Solutions,DORZOLAMIDE HYDROCHLORIDE,20 mg/mL,SOLUTION/ DROPS,OPHTHALMIC,Adrenergic beta-Antagonists [MoA],CAT003,Diabetes
MED061677,50090-6861,Sertraline Hydrochloride,Sertraline Hydrochloride,A-S Medication Solutions,SERTRALINE HYDROCHLORIDE,50 mg/1,"TABLET, FILM COATED",ORAL,Cytochrome P450 2D6 Inhibitors [MoA],CAT014,Vitamins & Supplements
MED061679,0220-1083,Lytta Vesicatoria,Cantharis,Boiron,LYTTA VESICATORIA,6 [hp_C]/6[hp_C],PELLET,ORAL,UNKNOWN,CAT015,Others
MED061694,0220-1111,Lytta Vesicatoria,Cantharis,Boiron,LYTTA VESICATORIA,200 [kp_C]/200[kp_C],PELLET,ORAL,UNKNOWN,CAT015,Others
MED061718,50090-7419,Citalopram Hydrobromide,Citalopram,A-S Medication Solutions,CITALOPRAM HYDROBROMIDE,10 mg/1,"TABLET, FILM COATED",ORAL,Serotonin Reuptake Inhibitor [EPC],CAT005,Neurology
MED061762,50090-7976,Rosuvastatin Calcium,Rosuvastatin Calcium,A-S Medication Solutions,ROSUVASTATIN CALCIUM,5 mg/1,TABLET,ORAL,HMG-CoA Reductase Inhibitor [EPC],CAT003,Diabetes
MED061772,0220-1261,Matricaria Chamomilla,Chamomilla,Boiron,MATRICARIA CHAMOMILLA,12 [hp_X]/12[hp_X],PELLET,ORAL,UNKNOWN,CAT015,Others
MED061828,50268-643,Paroxetine,Paroxetine,Avpak,PAROXETINE HYDROCHLORIDE HEMIHYDRATE,40 mg/1,"TABLET, FILM COATED",ORAL,Serotonin Reuptake Inhibitor [EPC],CAT005,Neurology
MED061843,50332-0043,Benzalkonium Chloride,Wound Wipes,Hart Health,BENZALKONIUM CHLORIDE,.0013 g/g,SWAB,TOPICAL,UNKNOWN,CAT015,Others
MED061844,0220-1404,Cinchona Officinalis Bark,Cinchona Officinalis,Boiron,CINCHONA OFFICINALIS BARK,30 [hp_X]/30[hp_X],PELLET,ORAL,UNKNOWN,CAT015,Others
MED061853,0220-1416,Anamirta Cocculus Seed,Cocculus Indicus,Boiron,ANAMIRTA COCCULUS SEED,9 [hp_C]/9[hp_C],PELLET,ORAL,UNKNOWN,CAT015,Others
MED061943,51012-001,Oxygen,Oxygen,Gilmore Liquid Air Co.,OXYGEN,99 L/100L,GAS,RESPIRATORY (INHALATION),UNKNOWN,CAT015,Others
MED061994,51316-429,Dextromethorphan Polistirex,Childrens 12 Hr Cough Relief,"Cvs Woonsocket Prescription Center, Incorporated",DEXTROMETHORPHAN HYDROBROMIDE,30 mg/5mL,SUSPENSION,ORAL,Sigma-1 Agonist [EPC],CAT005,Neurology
MED062007,51316-818,Fluticasone Propionate,Childrens Allergy Relief,"Cvs Woonsocket Prescription Center, Incorporated",FLUTICASONE PROPIONATE,50 ug/1,"SPRAY, METERED",NASAL,Corticosteroid Hormone Receptor Agonists [MoA],CAT004,Pain Management
MED062023,51407-006,Fenofibrate,Fenofibrate,"Golden State Medical Supply, Inc.",FENOFIBRATE,145 mg/1,"TABLET, FILM COATED",ORAL,Peroxisome Proliferator Receptor alpha Agonist [EPC],CAT003,Diabetes
MED062028,51407-082,Colchicine,Colchicine,"Golden State Medical Supply, Inc.",COLCHICINE,.6 mg/1,"TABLET, FILM COATED",ORAL,Alkaloid [EPC],CAT012,Ophthalmology
MED062038,51407-403,Metoprolol Succinate,Metoprolol Succinate,"Golden State Medical Supply, Inc.",METOPROLOL SUCCINATE,25 mg/1,"TABLET, EXTENDED RELEASE",ORAL,Adrenergic beta-Antagonists [MoA],CAT003,Diabetes
MED062055,51407-802,Quetiapine,Quetiapine Extended Release,"Golden State Medical Supply, Inc.",QUETIAPINE FUMARATE,300 mg/1,"TABLET, FILM COATED, EXTENDED RELEASE",ORAL,Atypical Antipsychotic [EPC],CAT005,Neurology
MED062063,51407-917,Vilazodone Hydrochloride,Vilazodone Hydrochloride,"Golden State Medical Supply, Inc.",VILAZODONE HYDROCHLORIDE,40 mg/1,"TABLET, FILM COATED",ORAL,UNKNOWN,CAT015,Others
MED062101,51655-113,Simvastatin,Simvastatin,"Northwind Health Company, Llc",SIMVASTATIN,40 mg/1,"TABLET, FILM COATED",ORAL,HMG-CoA Reductase Inhibitor [EPC],CAT003,Diabetes
MED062121,51655-451,Clonidine Hydrochloride,Clonidine Hydrochloride,"Northwind Health Company, Llc",CLONIDINE HYDROCHLORIDE,.3 mg/1,TABLET,ORAL,Adrenergic alpha2-Agonists [MoA],CAT003,Diabetes
MED062157,51660-423,Ibuprofen And Pseudoephedrine Hydrochloride,Ibuprofen And Pseudoephedrine Hydrochloride,Ohm Laboratories Inc.,IBUPROFEN,200 mg/1,"TABLET, SUGAR COATED",ORAL,Adrenergic alpha-Agonists [MoA],CAT003,Diabetes
MED062162,51662-1310,Infant 4.2% Sodium Bicarbonate,Infant 4.2% Sodium Bicarbonate,"Hf Acquisition Co Llc, Dba Healthfirst",SODIUM BICARBONATE,42 mg/mL,"INJECTION, SOLUTION",INTRAVENOUS,Alkalinizing Activity [MoA],CAT014,Vitamins & Supplements
MED062174,51662-1487,Glycopyrrolate,Glycopyrrolate,"Hf Acquisition Co Llc, Dba Healthfirst",GLYCOPYRROLATE,.2 mg/mL,INJECTION,INTRAMUSCULAR,Anticholinergic [EPC],CAT005,Neurology
MED062183,51662-1560,Ampicillin,Ampicillin,"Hf Acquisition Co Llc, Dba Healthfirst",AMPICILLIN SODIUM,2 g/1,"INJECTION, POWDER, FOR SOLUTION",INTRAVENOUS,Penicillin-class Antibacterial [EPC],CAT001,Antibiotics
MED062222,51754-1200,Neostigmine Methylsulfate,Bloxiverz,"Exela Pharma Sciences, Llc",NEOSTIGMINE METHYLSULFATE,1 mg/mL,INJECTION,INTRAVENOUS,Cholinesterase Inhibitor [EPC],CAT005,Neurology
MED062227,51801-013,Potassium Bicarbonate,Effer-K 10 Meq Unflavored,Nomax Inc.,POTASSIUM BICARBONATE,391 mg/1,"TABLET, EFFERVESCENT",ORAL,Increased Large Intestinal Motility [PE],CAT007,Gastrointestinal
MED062296,52412-910,Ibuprofen,Pediacare Childrens Ibuprofen Berry,"Randob Labs,Ltd. Dba Crossingwell Consumer Health",IBUPROFEN,100 mg/5mL,SUSPENSION,ORAL,Anti-Inflammatory Agents,CAT004,Pain Management
MED062316,52817-505,Clonidine Transdermal System,"Clonidine Transdermal System Usp, 0.1 Mg/Day","Trupharma, Llc",CLONIDINE,.1 mg/d,PATCH,TRANSDERMAL,Adrenergic alpha2-Agonists [MoA],CAT003,Diabetes
MED062322,52915-068,Titanium Dioxide,Kids Spf30 Super Sensitive Plus C111 Sunscreen,Organic & Sustainable Beauty,TITANIUM DIOXIDE,120 mg/g,LOTION,TOPICAL,UNKNOWN,CAT015,Others
MED062346,53163-113,"Dextromethorphan Hbr, Guaifenesin",Altituss,Alternative Pharmacal Corporation,DEXTROMETHORPHAN HYDROBROMIDE,15 mg/7.5mL,LIQUID,ORAL,Decreased Respiratory Secretion Viscosity [PE],CAT006,Respiratory
MED062347,53185-394,Naproxen Sodium 220Mg,Naproxen Sodium 220Mg,"Athlete'S Needs, Inc.",NAPROXEN SODIUM,220 mg/1,"TABLET, COATED",ORAL,Anti-Inflammatory Agents,CAT004,Pain Management
MED062369,53345-025,"Acetaminophen, Dextromethorphan Hydrobromide, Phenylephrine Hydrochloride",Daytime Cold And Flu,"Humanwell Puracap Pharmaceutical (Wuhan), Ltd.",ACETAMINOPHEN,325 mg/1,"CAPSULE, LIQUID FILLED",ORAL,Adrenergic alpha1-Agonists [MoA],CAT003,Diabetes
MED062439,53943-392,Fexofenadine Hydrochloride,Allergy Relief,Discount Drug Mart,FEXOFENADINE HYDROCHLORIDE,180 mg/1,TABLET,ORAL,Histamine H1 Receptor Antagonists [MoA],CAT006,Respiratory
MED062441,53943-506,"Acetaminophen, Dextromethorphan Hydrobromide, Phenylephrine Hcl",Day-Time Cold/Flu Relief,Discount Drug Mart,ACETAMINOPHEN,325 mg/15mL,LIQUID,ORAL,Adrenergic alpha1-Agonists [MoA],CAT003,Diabetes
MED062458,54288-120,Epinephrine,Epinephrine,"Bpi Labs, Llc",EPINEPHRINE,1 mg/mL,INJECTION,INTRAMUSCULAR,Adrenergic alpha-Agonists [MoA],CAT003,Diabetes
MED062491,54473-219,"Avobenzone 2.5%, Octinoxate 6%, Oxybenzone 3%",Sun Shades Lip Balm Vanilla Bean,Melaleuca Inc.,AVOBENZONE,.1175 g/4.25g,STICK,TOPICAL,UNKNOWN,CAT015,Others
MED062501,54723-016,Lidocaine,Painless Tattoo 2,"Sambria Pharmaceuticals, Llc",LIDOCAINE,4 g/100mL,CREAM,TOPICAL,Amide Local Anesthetic [EPC],CAT004,Pain Management
MED062618,0220-3626,Sodium Sulfate,Natrum Sulphuricum,Boiron,SODIUM SULFATE,5 [hp_C]/5[hp_C],PELLET,ORAL,UNKNOWN,CAT015,Others
MED062634,55154-2380,Heparin Sodium,Heparin Sodium,"Cardinal Health 107, Llc",HEPARIN SODIUM,10000 [USP'U]/mL,"INJECTION, SOLUTION",INTRAVENOUS,Anti-coagulant [EPC],CAT003,Diabetes
MED062701,55301-504,Nicotine Polacrilex,Nicotine Polacrilex,Aafes/Your Military Exchanges,NICOTINE,4 mg/1,"GUM, CHEWING",BUCCAL,Cholinergic Nicotinic Agonist [EPC],CAT005,Neurology
MED062742,55513-283,Epoetin Alfa,Epogen,"Amgen, Inc",EPOETIN,10000 [iU]/mL,SOLUTION,INTRAVENOUS,Erythropoiesis-stimulating Agent [EPC],CAT010,Allergy
MED062750,55621-001,Hydrocortisone,Thera Plus,"Zhejiang Jingwei Pharmaceutical Co., Ltd.",HYDROCORTISONE,1 g/100g,CREAM,TOPICAL,Corticosteroid Hormone Receptor Agonists [MoA],CAT004,Pain Management
MED062757,55681-218,Bacitracin,Procurefirst Aid Antibio First Aid Antibiotic,"Twin Med, Llc",BACITRACIN ZINC,500 U/g,OINTMENT,TOPICAL,Decreased Cell Wall Synthesis & Repair [PE],CAT001,Antibiotics
MED062802,55741-447,Nicotine Transdermal System Patch,Habitrol Step 2,Dr. Reddy'S Laboratories Inc.,NICOTINE,14 mg/24h,"PATCH, EXTENDED RELEASE",TRANSDERMAL,Cholinergic Nicotinic Agonist [EPC],CAT005,Neurology
MED062826,55910-450,Diphenhydramine Hcl,Allergy Relief,Dolgencorp Inc,DIPHENHYDRAMINE HYDROCHLORIDE,50 mg/1,TABLET,ORAL,Histamine H1 Receptor Antagonists [MoA],CAT006,Respiratory
MED062844,55910-895,Acetaminophen,8 Hr Pain Relief,"Dolgencorp, Inc.",ACETAMINOPHEN,650 mg/1,"TABLET, EXTENDED RELEASE",ORAL,UNKNOWN,CAT015,Others
MED062882,56152-5000,Salicylic Acid,Clear Acne Body Paulas Choice,Cosmetic Enterprises Ltd,SALICYLIC ACID,2 g/118mL,SPRAY,TOPICAL,UNKNOWN,CAT015,Others
MED062883,57237-003,Fluconazole,Fluconazole,"Rising Pharma Holdings, Inc.",FLUCONAZOLE,50 mg/1,TABLET,ORAL,Azole Antifungal [EPC],CAT001,Antibiotics
MED062925,57577-106,Freaks Of Nature Peak Performance Spf50,Freaks Of Nature Peak Performance Spf50,Milbar Laboratories,TITANIUM DIOXIDE,2.793 g/50mL,LOTION,TOPICAL,UNKNOWN,CAT015,Others
MED062933,57627-181,"Octinoxate, Oxybenzone",Timeless Illuminating Makeup Spf 30 Quiet Rose Merle Norman,"Merle Norman Cosmetics, Inc",OCTINOXATE,7.5 g/100mL,CREAM,TOPICAL,UNKNOWN,CAT015,Others
MED062956,57894-071,Golimumab,Simponi,"Janssen Biotech, Inc.",GOLIMUMAB,100 mg/mL,"INJECTION, SOLUTION",SUBCUTANEOUS,Tumor Necrosis Factor Blocker [EPC],CAT012,Ophthalmology
MED062967,57896-378,Meclizine Hcl,Travel-Ease,Geri-Care Pharmaceutical Corp,MECLIZINE HYDROCHLORIDE,25 mg/1,TABLET,ORAL,Antiemetic [EPC],CAT007,Gastrointestinal
MED062980,58089-001,Oxygen,Oxygen,"Manuel Enterprises, Inc. Dba Nepenthe Home Medical Equipment",OXYGEN,99 L/100L,GAS,RESPIRATORY (INHALATION),UNKNOWN,CAT015,Others
MED062990,58151-245,Pregabalin,Lyrica Cr,Viatris Specialty Llc,PREGABALIN,82.5 mg/1,"TABLET, FILM COATED, EXTENDED RELEASE",ORAL,UNKNOWN,CAT015,Others
MED063012,0220-4672,Silicon Dioxide,Silicea,Boiron,SILICON DIOXIDE,200 [kp_C]/200[kp_C],PELLET,ORAL,UNKNOWN,CAT015,Others
MED063019,58264-0221,"Anemone Pulsatilla, Phosphorus, Silicon Dioxide, Nitric Acid, Arsenic Trioxide, Toxicodendron Pubescens Whole, And Bos Taurus Hypothalamus",N-23,"Dna Labs, Inc.",ANEMONE PULSATILLA,6 [hp_X]/mL,SOLUTION,SUBLINGUAL,UNKNOWN,CAT015,Others
MED063042,58356-002,Nitrogen,Nitrogen,"Lampton Welding Supply Company, Inc",NITROGEN,99 L/100L,GAS,RESPIRATORY (INHALATION),UNKNOWN,CAT015,Others
MED063046,0220-4760,Datura Stramonium,Stramonium,Boiron,DATURA STRAMONIUM,200 [kp_C]/200[kp_C],PELLET,ORAL,UNKNOWN,CAT015,Others
MED063047,58404-002,Nitrogen,Nitrogen,"Industrial Welding & Tool Supply, Ltd.",NITROGEN,995 mL/L,GAS,RESPIRATORY (INHALATION),UNKNOWN,CAT015,Others
MED063066,58411-667,Titanium Dioxide,Cle De Peau Beaute Concealer N 11,Shiseido Americas Corporation,TITANIUM DIOXIDE,80 mg/5g,STICK,TOPICAL,UNKNOWN,CAT015,Others
MED063067,58411-838,"Octinoxate, Octocrylene, And Titanium Dioxide",Cle De Peau Beaute Brightening Enhancer Veil,Shiseido Americas Corporation,OCTINOXATE,2220 mg/30mL,EMULSION,TOPICAL,UNKNOWN,CAT015,Others
MED063077,58411-993,Octinoxate And Titanium Dioxide,Cle De Peau Beaute Radiant Foundation N M B100,Shiseido Americas Corporation,OCTINOXATE,1.06 g/21mL,CREAM,TOPICAL,UNKNOWN,CAT015,Others
MED063079,58466-901,"Oxybenzone, Octinoxate, Octisalate, And Homosalate",Celazome Moisturizing Spf 30 Active,Dermazone Llc,HOMOSALATE,50 mg/g,CREAM,TOPICAL,UNKNOWN,CAT015,Others
MED063082,58468-0051,Olipudase Alfa-Rpcp,Xenpozyme,Genzyme Corporation,OLIPUDASE ALFA,4 mg/1.1mL,"INJECTION, POWDER, LYOPHILIZED, FOR SOLUTION",INTRAVENOUS,UNKNOWN,CAT015,Others
MED063091,58552-322,Phenylephrine Hcl And Chlorpheniramine Maleate,Phenagil,Gil Pharmaceutical Corp,CHLORPHENIRAMINE MALEATE,3.5 mg/1,TABLET,ORAL,Adrenergic alpha1-Agonists [MoA],CAT003,Diabetes
MED063101,58602-522,Mometasone Furoate,Mometasone Furoate,Aurohealth Llc,MOMETASONE FUROATE MONOHYDRATE,50 ug/1,"SPRAY, METERED",NASAL,Corticosteroid Hormone Receptor Agonists [MoA],CAT004,Pain Management
MED063107,58602-825,Guaifenesin And Dextromethorphan Hbr,Guaifenesin And Dextromethorphan Hbr,Aurohealth Llc,DEXTROMETHORPHAN HYDROBROMIDE,60 mg/1,"TABLET, EXTENDED RELEASE",ORAL,Decreased Respiratory Secretion Viscosity [PE],CAT006,Respiratory
MED063146,59050-265,Povidone-Iodine,Amsino 10 Povidone-Iodine Solution 3 4 Fluid Ounce,"Changzhou Maokang Medical Products Co., Ltd",POVIDONE-IODINE,100 mg/mL,LIQUID,TOPICAL,UNKNOWN,CAT015,Others
MED063181,59378-001,Oxygen,Oxygen,Jayco Industrial Supply Inc,OXYGEN,995 mL/L,GAS,RESPIRATORY (INHALATION),UNKNOWN,CAT015,Others
MED063225,0220-5199,Veratrum Album Root,Veratrum Album,Boiron,VERATRUM ALBUM ROOT,30 [hp_C]/30[hp_C],PELLET,ORAL,UNKNOWN,CAT015,Others
MED063246,59651-491,Prednisolone,Prednisolone,Aurobindo Pharma Limited,PREDNISOLONE,5 mg/1,TABLET,ORAL,Corticosteroid Hormone Receptor Agonists [MoA],CAT004,Pain Management
MED063255,0220-5270,Viola Odorata,Viola Odorata,Boiron,VIOLA ODORATA,30 [hp_C]/30[hp_C],PELLET,ORAL,UNKNOWN,CAT015,Others
MED063256,59651-685,Tofacitinib,Tofacitinib,Aurobindo Pharma Limited,TOFACITINIB CITRATE,11 mg/1,"TABLET, EXTENDED RELEASE",ORAL,Janus Kinase Inhibitor [EPC],CAT012,Ophthalmology
MED063283,59735-177,Your Name Mineral Sheer Tint,Your Name Mineral Sheertint Broad Spectrum Spf 20-Light,"Pml Nyc, Llc",TITANIUM DIOXIDE,5 g/30mL,CREAM,TOPICAL,UNKNOWN,CAT015,Others
MED063287,59735-228,Brightening Skin Tint,Tula Radiant Skin Brightening Serum Skin Tint Sunscreen Broad Spectrum Spf 30,"Pml Nyc, Llc",AVOBENZONE,3 g/30mL,LOTION,TOPICAL,UNKNOWN,CAT015,Others
MED063300,59762-1576,Pregabalin,Pregabalin,Mylan Pharmaceuticals Inc.,PREGABALIN,20 mg/mL,SOLUTION,ORAL,UNKNOWN,CAT015,Others
MED063346,60219-5922,Pilocarpine Hydrochloride,Pilocarpine Hydrochloride,Amneal Pharmaceuticals Ny Llc,PILOCARPINE HYDROCHLORIDE,5 mg/1,"TABLET, FILM COATED",ORAL,Cholinergic Agonists [MoA],CAT005,Neurology
MED063349,60289-282,"Avobenzone, Octisalate, And Octocrylene",Ahava Active Deadsea Minerals Time To Energize Age Control Moisturizing Broad Spectrum Spf15,Ahava Dead Sea Laboratories Ltd,AVOBENZONE,30 mg/mL,CREAM,TOPICAL,UNKNOWN,CAT015,Others
MED063421,60687-152,Cephalexin,Cephalexin,American Health Packaging,CEPHALEXIN,250 mg/1,CAPSULE,ORAL,Cephalosporin Antibacterial [EPC],CAT001,Antibiotics
MED063445,60687-606,Diclofenac Sodium,Diclofenac Sodium,American Health Packaging,DICLOFENAC SODIUM,50 mg/1,"TABLET, DELAYED RELEASE",ORAL,Anti-Inflammatory Agents,CAT004,Pain Management
MED063482,60758-801,Timolol Maleate,Timolol Maleate,"Pacific Pharma, Inc.",TIMOLOL MALEATE,5 mg/mL,SOLUTION/ DROPS,OPHTHALMIC,Adrenergic beta-Antagonists [MoA],CAT003,Diabetes
MED063492,60760-653,Meloxicam,Meloxicam,St. Mary'S Medical Park Pharmacy,MELOXICAM,15 mg/1,TABLET,ORAL,Anti-Inflammatory Agents,CAT004,Pain Management
MED063503,60760-781,Bupropion Hydrochloride,Bupropion Hydrochloride,St. Mary'S Medical Park Pharmacy,BUPROPION HYDROCHLORIDE,100 mg/1,"TABLET, FILM COATED",ORAL,Aminoketone [EPC],CAT005,Neurology
MED063567,0002-3511,Tirzepatide,Zepbound Kwikpen,Eli Lilly And Company,TIRZEPATIDE,25 mg/mL,"INJECTION, SOLUTION",SUBCUTANEOUS,G-Protein-linked Receptor Interactions [MoA],CAT014,Vitamins & Supplements
MED063575,61314-228,Denosumab,Wyost,Sandoz Inc,DENOSUMAB,120 mg/1.7mL,INJECTION,SUBCUTANEOUS,RANK Ligand Blocking Activity [MoA],CAT012,Ophthalmology
MED063584,61442-102,Diclofenac Sodium,Diclofenac Sodium Delayed Release,"Carlsbad Technology, Inc.",DICLOFENAC SODIUM,50 mg/1,"TABLET, DELAYED RELEASE",ORAL,Anti-Inflammatory Agents,CAT004,Pain Management
MED063595,61500-5547,"Aesculus Hippocastanum, Arnica Montana, Belladonna, Calendula Officinalis, Crotalus Horridus, Echinacea, Graphites, Heloderma Horridum, Lachesis Mutus, Naja Tripudians, Phosphorus, Rhus Toxicodendron, Ruta Graveolens, Sulfur",Topricin,"Topical Biomedics, Inc.",AESCULUS HIPPOCASTANUM FLOWER,6 [hp_X]/227g,CREAM,TOPICAL,UNKNOWN,CAT015,Others
MED063596,61504-095,Acetaminophen And Diphenhydramine Hydrochloride,Pain Relief Pm,Amerifoods Trading Company,ACETAMINOPHEN,500 mg/1,"TABLET, COATED",ORAL,Histamine H1 Receptor Antagonists [MoA],CAT006,Respiratory
MED063631,0264-2203,"Sodium Chloride, Sodium Lactate, Potassium Chloride, And Calcium Chloride",Lactated Ringers,B. Braun Medical Inc.,CALCIUM CHLORIDE,.02 g/100mL,IRRIGANT,IRRIGATION,Blood Coagulation Factor [EPC],CAT003,Diabetes
MED063633,61919-021,Nitrofurantoin Monohydrate,Nitrofurantoin Monohydrate Macrocrystalline,Direct_Rx,NITROFURANTOIN,25 mg/1,CAPSULE,ORAL,Nitrofuran Antibacterial [EPC],CAT001,Antibiotics
MED063682,62011-0362,Magnesium Sulfate,Epsom Salt,Strategic Sourcing Services Llc,"MAGNESIUM SULFATE, UNSPECIFIED",1 g/g,GRANULE,ORAL,Calculi Dissolution Agent [EPC],CAT007,Gastrointestinal
MED063712,62106-1146,"Absinthium, Arnica Montana, Aurum Metallicum, Jateorhiza Palmata, Rosmarinus Officinalis, Stibium Metallicum, Thymus Vulgaris, Valeriana Officinalis",Unda 47,Seroyal Usa,ANTIMONY,15 [hp_X]/20mL,LIQUID,ORAL,Allergens [CS],CAT006,Respiratory
MED063752,62135-804,Pioglitazone Hydrochloride,Pioglitazone Hydrochloride,"Chartwell Rx, Llc",PIOGLITAZONE HYDROCHLORIDE,15 mg/1,TABLET,ORAL,Peroxisome Proliferator Receptor alpha Agonist [EPC],CAT003,Diabetes
MED063755,0031-8693,"Chlorpheniramine Maleate, Dextrometrorphan Hbr",Childrens Robitussin Cough And Cold Long-Acting,Haleon Us Holdings Llc,CHLORPHENIRAMINE MALEATE,2 mg/10mL,LIQUID,ORAL,Histamine H1 Receptor Antagonists [MoA],CAT006,Respiratory
MED063772,62135-952,Meclizine Hydrochloride,Meclizine Hydrochloride,"Chartwell Rx, Llc",MECLIZINE HYDROCHLORIDE,12.5 mg/1,"TABLET, FILM COATED",ORAL,Antiemetic [EPC],CAT007,Gastrointestinal
MED063786,62206-3532,Zinc Oxide,Badger Broad Spectrum Spf 35 Active Face Stick,"W.S. Badger Company, Inc.",ZINC OXIDE,22.5 g/100g,STICK,TOPICAL,UNKNOWN,CAT015,Others
MED063840,62332-566,Erlotinib Hydrochloride,Erlotinib Hydrochloride,Alembic Pharmaceuticals Inc.,ERLOTINIB HYDROCHLORIDE,100 mg/1,"TABLET, FILM COATED",ORAL,Kinase Inhibitor [EPC],CAT012,Ophthalmology
MED063849,62332-679,Ivabradine,Ivabradine,Alembic Pharmaceuticals Inc.,IVABRADINE HYDROCHLORIDE,5 mg/1,"TABLET, FILM COATED",ORAL,Hyperpolarization-activated Cyclic Nucleotide-gated Channel Antagonists [MoA],CAT005,Neurology
MED063862,62332-770,Lamotrigine,Lamotrigine,Alembic Pharmaceuticals Inc.,LAMOTRIGINE,25 mg/1,"TABLET, ORALLY DISINTEGRATING",ORAL,Anti-epileptic Agent [EPC],CAT005,Neurology
MED063889,62670-6621,Alcohol,Anti Bacterial Hand Gel Brown Sugar Toaster Treat,"Bath & Body Works, Inc.",ALCOHOL,71 mL/100mL,GEL,TOPICAL,UNKNOWN,CAT015,Others
MED063903,62670-6789,Alcohol,Anti-Bacterialhandspray Mahogany Apple,"Bath & Body Works, Inc.",ALCOHOL,72 mL/100mL,SPRAY,TOPICAL,UNKNOWN,CAT015,Others
MED063904,62670-6810,Aluminum Zirconium Trichlorohydrex Gly,Antiperspirant Deodorant Cucumber Melon,"Bath And Body Works, Distr.",ALUMINUM ZIRCONIUM TRICHLOROHYDREX GLY,16 g/100g,STICK,TOPICAL,UNKNOWN,CAT015,Others
MED063922,62670-6986,Alcohol,Anti-Bacterialhandspray Winter Candy Apple,"Bath & Body Works, Inc.",ALCOHOL,72 mL/100mL,SPRAY,TOPICAL,UNKNOWN,CAT015,Others
MED063926,62670-7038,Alcohol,Anti Bacterial Hand Gel Pink Berry Burst,"Bath & Body Works, Inc.",ALCOHOL,71 mL/100mL,GEL,TOPICAL,UNKNOWN,CAT015,Others
MED063941,62742-4233,Zinc Oxide,Spf Elio Drops 30 Glow,Allure Labs Inc,ZINC OXIDE,15.6 g/100g,CREAM,TOPICAL,UNKNOWN,CAT015,Others
MED063942,62742-4248,Zinc Oxide And Titanium Dioxide,Bb Bronze 30 Bs Spf30,Allure Labs,TITANIUM DIOXIDE,6.8 g/100g,CREAM,TOPICAL,UNKNOWN,CAT015,Others
MED063981,63083-2008,Anti-Smoking Ii Drops,Anti-Smoking Ii Drops 2008,Professional Complementary Health Formulas,BEEF KIDNEY,6 [hp_X]/59mL,LIQUID,ORAL,Allergens [CS],CAT006,Respiratory
MED063990,63083-2079,Nausea/Morning Sickness Drops,Nausea/Morning Sickness Drops 2079,Professional Complementary Health Formulas,ANAMIRTA COCCULUS FRUIT,5 [hp_X]/59mL,LIQUID,ORAL,Allergens [CS],CAT006,Respiratory
MED063997,63083-2174,Fertility Drops,Fertility Drops 2174,Professional Complementary Health Formulas,BOS TAURUS OVARY,6 [hp_X]/59mL,LIQUID,ORAL,Allergens [CS],CAT006,Respiratory
MED064004,63083-4031,Sars Nosode,Sars Nosode 4031,Professional Complementary Health Formulas,SARS-COV,30 [hp_X]/59mL,LIQUID,ORAL,UNKNOWN,CAT015,Others
MED064027,63083-9219,Clematis Combination,Clematis Combination 9219,Professional Complementary Health Formulas,APIS MELLIFERA,12 [hp_X]/29.5mL,LIQUID,ORAL,Allergens [CS],CAT006,Respiratory
MED064104,63187-953,Levalbuterol,Levalbuterol,Proficient Rx Lp,LEVALBUTEROL HYDROCHLORIDE,.63 mg/3mL,SOLUTION,RESPIRATORY (INHALATION),Adrenergic beta2-Agonists [MoA],CAT003,Diabetes
MED064126,63323-283,Mepivacaine Hydrochloride,Polocaine,"Fresenius Kabi Usa, Llc",MEPIVACAINE HYDROCHLORIDE,10 mg/mL,"INJECTION, SOLUTION",INFILTRATION,Amide Local Anesthetic [EPC],CAT004,Pain Management
MED064181,63354-470,"Avobenzone,Homosalate,Octisalate,Octocrylene",Banana Boat Ultra Sport Sunscreen Broad Spectrum Spf 30,Edgewell Personal Care Brands Llc,AVOBENZONE,2.7 g/100g,LOTION,TOPICAL,UNKNOWN,CAT015,Others
MED064210,63539-031,Talazoparib,Talzenna,U.S. Pharmaceuticals,TALAZOPARIB TOSYLATE,1 mg/1,"CAPSULE, LIQUID FILLED",ORAL,Poly(ADP-Ribose) Polymerase Inhibitor [EPC],CAT012,Ophthalmology
MED064266,0270-7300,Iomeprol Injection,Iomeron,Bracco Diagnostics Inc,IOMEPROL,612 mg/mL,"INJECTION, SOLUTION",INTRAVASCULAR,Radiographic Contrast Agent [EPC],CAT014,Vitamins & Supplements
MED064270,63545-424,Bellis Perennis,Bellis Perennis,"Hahnemann Laboratories, Inc.",BELLIS PERENNIS,200 [hp_C]/1,PELLET,ORAL,UNKNOWN,CAT015,Others
MED064377,63629-2201,Fluoxetine,Fluoxetine,Bryant Ranch Prepack,FLUOXETINE HYDROCHLORIDE,60 mg/1,"TABLET, FILM COATED",ORAL,Serotonin Reuptake Inhibitor [EPC],CAT005,Neurology
MED064399,63629-3209,Tizanidine,Tizanidine,Bryant Ranch Prepack,TIZANIDINE HYDROCHLORIDE,2 mg/1,TABLET,ORAL,Adrenergic alpha2-Agonists [MoA],CAT003,Diabetes
MED064410,63629-5880,"Acetaminophen, Diphenhydramine Hcl",Good Sense Pain Relief Pm Extra Strength,Bryant Ranch Prepack,ACETAMINOPHEN,500 mg/1,"TABLET, FILM COATED",ORAL,Histamine H1 Receptor Antagonists [MoA],CAT006,Respiratory
MED064415,63629-7896,Diltiazem Hydrochloride,Cartia Xt,Bryant Ranch Prepack,DILTIAZEM HYDROCHLORIDE,120 mg/1,"CAPSULE, EXTENDED RELEASE",ORAL,Calcium Channel Antagonists [MoA],CAT003,Diabetes
MED064434,63629-8637,Clobetasol Propionate,Clobetasol Propionate,Bryant Ranch Prepack,CLOBETASOL PROPIONATE,.5 mg/g,GEL,TOPICAL,Corticosteroid Hormone Receptor Agonists [MoA],CAT004,Pain Management
MED064455,63654-605,Acetaminophen Chlorpheniramine Maleate Phenylepherine Hydrochloride,Cold Medicine Xl3,"Selder, S.A. De C.V.",ACETAMINOPHEN,325 mg/1,TABLET,ORAL,Adrenergic alpha1-Agonists [MoA],CAT003,Diabetes
MED064470,63783-403,Sodium Fluoride,Ortho Guard,Massco Dental A Division Of Dunagin Pharmaceuticals,SODIUM FLUORIDE,4.4 mg/10mL,"GEL, DENTIFRICE",ORAL,UNKNOWN,CAT015,Others
MED064471,63824-008,Guaifenesin,Mucinex,Reckitt Benckiser Llc,GUAIFENESIN,600 mg/1,"TABLET, EXTENDED RELEASE",ORAL,Decreased Respiratory Secretion Viscosity [PE],CAT006,Respiratory
MED064480,63868-087,Diphenhydramine Hydrochloride,Allergy Relief,Chain Drug Marketing Association,DIPHENHYDRAMINE HYDROCHLORIDE,25 mg/1,CAPSULE,ORAL,Histamine H1 Receptor Antagonists [MoA],CAT006,Respiratory
MED064486,63868-330,Iodine And Sodium Iodide And Alcohol,Quality Choice Iodine Tincture Mild,Chain Drug Market Association,ALCOHOL,470 mg/mL,LIQUID,TOPICAL,UNKNOWN,CAT015,Others
MED064555,64380-260,Oxycodone Hydrochloride,Oxycodone Hydrochloride,Strides Pharma Science Limited,OXYCODONE HYDROCHLORIDE,10 mg/1,TABLET,ORAL,Full Opioid Agonists [MoA],CAT004,Pain Management
MED064567,64380-782,Prednisone,Prednisone,Strides Pharma Science Limited,PREDNISONE,1 mg/1,TABLET,ORAL,Corticosteroid Hormone Receptor Agonists [MoA],CAT004,Pain Management
MED064570,0310-3512,Acalabrutinib,Calquence,Astrazeneca Pharmaceuticals Lp,ACALABRUTINIB,100 mg/1,"TABLET, FILM COATED",ORAL,Kinase Inhibitor [EPC],CAT012,Ophthalmology
MED064571,64406-006,Dimethyl Fumarate,Tecfidera,Biogen Inc.,DIMETHYL FUMARATE,240 mg/1,CAPSULE,ORAL,UNKNOWN,CAT015,Others
MED064587,64760-786,Zinc Oxide,Avene Cleanance Mattifying Spf 30,Pierre Fabre Usa Inc.,ZINC OXIDE,100 mg/mL,LOTION,TOPICAL,UNKNOWN,CAT015,Others
MED064596,64850-254,Ropinirole,Ropinirole,"Elite Laboratories, Inc.",ROPINIROLE HYDROCHLORIDE,12 mg/1,"TABLET, EXTENDED RELEASE",ORAL,Dopamine Agonists [MoA],CAT005,Neurology
MED064600,0310-9400,Eplontersen,Wainua,Astrazeneca Pharmaceuticals Lp,EPLONTERSEN,45 mg/.8mL,"INJECTION, SOLUTION",SUBCUTANEOUS,Antisense Oligonucleotide [EPC],CAT010,Allergy
MED064693,64980-414,Pregabalin,Pregabalin,"Rising Pharma Holdings, Inc.",PREGABALIN,150 mg/1,CAPSULE,ORAL,UNKNOWN,CAT015,Others
MED064703,64980-658,Tizanidine,Tizanidine,"Rising Pharma Holdings, Inc.",TIZANIDINE HYDROCHLORIDE,2 mg/1,TABLET,ORAL,Adrenergic alpha2-Agonists [MoA],CAT003,Diabetes
MED064764,65145-175,Levetiracetam In Sodium Chloride,Levetiracetam,Caplin Steriles Limited,LEVETIRACETAM,1500 mg/100mL,INJECTION,INTRAVENOUS,Decreased Central Nervous System Disorganized Electrical Activity [PE],CAT005,Neurology
MED064808,65219-119,"Dextrose Monohydrate, Sodium Chloride, And Potassium Chloride",Potassium Chloride In Dextrose And Sodium Chloride,"Fresenius Kabi Usa, Llc",DEXTROSE MONOHYDRATE,50 g/1000mL,"INJECTION, SOLUTION",INTRAVENOUS,Increased Large Intestinal Motility [PE],CAT007,Gastrointestinal
MED064824,65219-598,Tocilizumab-Aazg,Tyenne,"Fresenius Kabi Usa, Llc",TOCILIZUMAB,162 mg/.9mL,"INJECTION, SOLUTION",SUBCUTANEOUS,Interleukin 6 Receptor Antagonists [MoA],CAT010,Allergy
MED064838,0338-0663,"Potassium Chloride, Dextrose Monohydrate And Sodium Chloride",Potassium Chloride In Dextrose And Sodium Chloride,Baxter Healthcare Company,DEXTROSE MONOHYDRATE,5 g/100mL,"INJECTION, SOLUTION",INTRAVENOUS,Increased Large Intestinal Motility [PE],CAT007,Gastrointestinal
MED064849,65753-108,"Avobenzone, Homosalate, Octinoxate, Octisalate, Petrolatum",Sun X Spf 50 Broad Spectrum Sunscreen Lip Balm,"Coretex Products, Inc",AVOBENZONE,3 g/100mL,LIPSTICK,TOPICAL,UNKNOWN,CAT015,Others
MED064877,65862-037,Lisinopril,Lisinopril,Aurobindo Pharma Limited,LISINOPRIL,2.5 mg/1,TABLET,ORAL,Angiotensin Converting Enzyme Inhibitor [EPC],CAT003,Diabetes
MED064900,65862-421,Tenofovir Disoproxil Fumarate,Tenofovir Disoproxil Fumarate,Aurobindo Pharma Limited,TENOFOVIR DISOPROXIL FUMARATE,300 mg/1,"TABLET, FILM COATED",ORAL,Hepatitis B Virus Nucleoside Analog Reverse Transcriptase Inhibitor [EPC],CAT001,Antibiotics
MED064920,65862-694,Metronidazole,Metronidazole,Aurobindo Pharma Limited,METRONIDAZOLE,250 mg/1,TABLET,ORAL,Nitroimidazole Antimicrobial [EPC],CAT001,Antibiotics
MED064922,65862-761,Pregabalin,Pregabalin,Aurobindo Pharma Limited,PREGABALIN,100 mg/1,CAPSULE,ORAL,UNKNOWN,CAT015,Others
MED064923,65862-781,Olmesartan Medoxomil And Hydrochlorothiazide,Olmesartan Medoxomil And Hydrochlorothiazide,Aurobindo Pharma Limited,HYDROCHLOROTHIAZIDE,25 mg/1,"TABLET, FILM COATED",ORAL,Angiotensin 2 Receptor Antagonists [MoA],CAT003,Diabetes
MED064982,66658-524,Emapalumab-Lzsg,Gamifant,Swedish Orphan Biovitrum Ab (Publ),EMAPALUMAB,250 mg/10mL,INJECTION,INTRAVENOUS,Interferon gamma Antagonists [MoA],CAT010,Allergy
MED065020,66758-148,Estradiol,Vivelle-Dot,Sandoz Inc,ESTRADIOL,.075 mg/d,"PATCH, EXTENDED RELEASE",TRANSDERMAL,Estradiol Congeners [CS],CAT009,Oncology
MED065033,66800-0082,"Avobenzone 3%, Homosalate 14%, Octisalate 4.5%, Octocrylene 9%",Coppertone Protect And Tan Spf 30,Beiersdorf Inc,AVOBENZONE,3 g/100g,LOTION,TOPICAL,UNKNOWN,CAT015,Others
MED065036,66800-4109,"Avobenzone 3%, Homosalate 9%, Octisalate 4.5%, Octocrylene 9%",Coppertone Waterbabies Sunscreen Spf 50,Beiersdorf Inc,AVOBENZONE,3 g/100g,LOTION,TOPICAL,UNKNOWN,CAT015,Others
MED065171,0363-0375,Loperamide Hcl,Anti-Diarrheal,Walgreen Company,LOPERAMIDE HYDROCHLORIDE,2 mg/1,TABLET,ORAL,Opioid Agonist [EPC],CAT004,Pain Management
MED065176,67457-657,Esmolol Hydrochloride In Sodium Chloride,Esmolol Hydrochloride In Sodium Chloride,Mylan Institutional Llc,ESMOLOL HYDROCHLORIDE,10 mg/mL,INJECTION,INTRAVENOUS,Adrenergic beta-Antagonists [MoA],CAT003,Diabetes
MED065200,67751-167,Acetaminophen,Tylenol Extra Strength,Navajo Manufacturing Company Inc.,ACETAMINOPHEN,500 mg/1,"TABLET, FILM COATED",ORAL,UNKNOWN,CAT015,Others
MED065214,67877-167,Lamotrigine,Lamotrigine,"Ascend Laboratories, Llc",LAMOTRIGINE,200 mg/1,TABLET,ORAL,Anti-epileptic Agent [EPC],CAT005,Neurology
MED065218,67877-220,Cephalexin,Cephalexin,"Ascend Laboratories, Llc",CEPHALEXIN,250 mg/1,CAPSULE,ORAL,Cephalosporin Antibacterial [EPC],CAT001,Antibiotics
MED065246,67877-620,Dapagliflozin And Metformin Hydrochloride,Dapagliflozin And Metformin Hydrochloride,"Ascend Laboratories, Llc",DAPAGLIFLOZIN,5 mg/1,"TABLET, FILM COATED, EXTENDED RELEASE",ORAL,Biguanide [EPC],CAT002,Cardiovascular
MED065261,67877-931,Metformin Hydrochloride,Metformin Hydrochloride,"Ascend Laboratories, Llc",METFORMIN HYDROCHLORIDE,850 mg/1,"TABLET, FILM COATED",ORAL,Biguanide [EPC],CAT002,Cardiovascular
MED065314,0363-0701,Famotidine,Acid Controller,Walgreen Company,FAMOTIDINE,20 mg/1,"TABLET, FILM COATED",ORAL,Histamine H2 Receptor Antagonists [MoA],CAT006,Respiratory
MED065323,68047-253,Hyoscyamine Sulfate,Oscimin,"Larken Laboratories, Inc.",HYOSCYAMINE SULFATE,.125 mg/1,"TABLET, ORALLY DISINTEGRATING",SUBLINGUAL,UNKNOWN,CAT015,Others
MED065332,68071-1760,Amoxicillin,Amoxicillin,"Nucare Pharmaceuticals,Inc.",AMOXICILLIN,125 mg/5mL,"POWDER, FOR SUSPENSION",ORAL,Penicillin-class Antibacterial [EPC],CAT001,Antibiotics
MED065358,68071-2491,"Nystatin, Triamcinolone Acetonide",Nystatin And Triamcinolone Acetonide,"Nucare Pharmaceuticals,Inc.",NYSTATIN,100000 [USP'U]/g,CREAM,TOPICAL,Corticosteroid Hormone Receptor Agonists [MoA],CAT004,Pain Management
MED065362,68071-2736,Triamcinolone Acetonide,Triamcinolone Acetonide,"Nucare Pharmaceuticals,Inc.",TRIAMCINOLONE ACETONIDE,1 mg/g,CREAM,TOPICAL,Corticosteroid Hormone Receptor Agonists [MoA],CAT004,Pain Management
MED065373,68071-3178,Lisinopril,Lisinopril,"Nucare Pharmaceuticals, Inc.",LISINOPRIL,20 mg/1,TABLET,ORAL,Angiotensin Converting Enzyme Inhibitor [EPC],CAT003,Diabetes
MED065410,68071-3695,Emtricitabine And Tenofovir Disoproxil Fumarate,Emtricitabine And Tenofovir Disoproxil Fumarate,"Nucare Pharmaceuticals, Inc.",EMTRICITABINE,200 mg/1,"TABLET, FILM COATED",ORAL,Hepatitis B Virus Nucleoside Analog Reverse Transcriptase Inhibitor [EPC],CAT001,Antibiotics
MED065414,68071-3727,Venlafaxine Hydrochloride,Venlafaxine Hydrochloride,Nucare Pharmaceuticals Inc.,VENLAFAXINE HYDROCHLORIDE,150 mg/1,"CAPSULE, EXTENDED RELEASE",ORAL,Norepinephrine Uptake Inhibitors [MoA],CAT005,Neurology
MED065428,68071-3865,Tretinoin,Tretinoin,"Nucare Pharmaceuticals,Inc.",TRETINOIN,.5 mg/g,CREAM,TOPICAL,Retinoid [EPC],CAT008,Dermatology
MED065434,68071-3960,Oseltamivir Phosphate,Oseltamivir Phosphate,"Nucare Pharmaceuticals, Inc.",OSELTAMIVIR PHOSPHATE,6 mg/mL,FOR SUSPENSION,ORAL,Neuraminidase Inhibitor [EPC],CAT001,Antibiotics
MED065441,68071-4034,Montelukast,Montelukast,"Nucare Pharmaceuticals,Inc.",MONTELUKAST SODIUM,10 mg/1,TABLET,ORAL,Leukotriene Receptor Antagonist [EPC],CAT006,Respiratory
MED065518,68083-479,Lincomycin Hydrochloride,Lincomycin Hydrochloride,Gland Pharma Limited,LINCOMYCIN HYDROCHLORIDE,300 mg/mL,"INJECTION, SOLUTION",INTRAMUSCULAR,UNKNOWN,CAT015,Others
MED065538,68084-788,Glimepiride,Glimepiride,American Health Packaging,GLIMEPIRIDE,1 mg/1,TABLET,ORAL,Sulfonylurea Compounds [CS],CAT002,Cardiovascular
MED065597,0363-1756,"Acetaminophen, Dextromethorphan Hbr, Doxylamine Succinate Softgels",Nighttime Ultra Concentrated Cold And Flu,Walgreens,ACETAMINOPHEN,325 mg/1,"CAPSULE, LIQUID FILLED",ORAL,Antihistamine [EPC],CAT006,Respiratory
MED065607,68382-034,Venlafaxine Hydrochloride,Venlafaxine Hydrochloride,Zydus Pharmaceuticals Usa Inc.,VENLAFAXINE HYDROCHLORIDE,37.5 mg/1,"CAPSULE, EXTENDED RELEASE",ORAL,Norepinephrine Uptake Inhibitors [MoA],CAT005,Neurology
MED065616,68382-479,Fesoterodine Fumarate,Fesoterodine Fumarate,Zydus Pharmaceuticals Usa Inc.,FESOTERODINE FUMARATE,4 mg/1,"TABLET, FILM COATED, EXTENDED RELEASE",ORAL,UNKNOWN,CAT015,Others
MED065618,68382-520,Sirolimus,Sirolimus,Zydus Pharmaceuticals Usa Inc.,SIROLIMUS,.5 mg/1,"TABLET, FILM COATED",ORAL,Decreased Immunologic Activity [PE],CAT010,Allergy
MED065636,68382-914,Erlotinib,Erlotinib,Zydus Pharmaceuticals Usa Inc.,ERLOTINIB HYDROCHLORIDE,100 mg/1,TABLET,ORAL,Kinase Inhibitor [EPC],CAT012,Ophthalmology
MED065652,68462-105,Ondansetron,Ondansetron,"Glenmark Pharmaceuticals Inc., Usa",ONDANSETRON HYDROCHLORIDE,4 mg/1,"TABLET, FILM COATED",ORAL,Serotonin 3 Receptor Antagonists [MoA],CAT005,Neurology
MED065695,68577-114,"Octisalate, Octocrylene",Leg Body Makeup,"Cosmax Usa, Corporation",OCTISALATE,3.2 mg/100mg,CREAM,TOPICAL,UNKNOWN,CAT015,Others
MED065716,68577-286,Salicylic Acid,Phyla Acne Phage Serum,"Cosmax Usa, Corp",SALICYLIC ACID,5 g/100mL,LOTION,TOPICAL,UNKNOWN,CAT015,Others
MED065732,68682-455,Metronidazole,Metronidazole,Oceanside Pharmaceuticals,METRONIDAZOLE,7.5 mg/g,GEL,VAGINAL,Nitroimidazole Antimicrobial [EPC],CAT001,Antibiotics
MED065736,0054-0188,Buprenorphine Hydrochloride And Naloxone Hydrochloride Dihydrate,Buprenorphine Hydrochloride And Naloxone Hydrochloride Dihydrate,Hikma Pharmaceuticals Usa Inc.,BUPRENORPHINE HYDROCHLORIDE,2 mg/1,TABLET,SUBLINGUAL,Opioid Antagonist [EPC],CAT004,Pain Management
MED065769,68788-6881,Omeprazole,Omeprazole,Preferred Pharmaceuticals Inc.,OMEPRAZOLE,20 mg/1,"CAPSULE, DELAYED RELEASE",ORAL,Cytochrome P450 2C19 Inhibitors [MoA],CAT014,Vitamins & Supplements
MED065787,68788-7644,Ondansetron,Ondansetron,"Preferred Pharmaceuticals, Inc.",ONDANSETRON,4 mg/1,"TABLET, ORALLY DISINTEGRATING",ORAL,Serotonin 3 Receptor Antagonists [MoA],CAT005,Neurology
MED065797,68788-8134,"Brompheniramine Maleate, Dextromethorphan Hbr, Phenylephrine Hcl",Dimaphen Dm,Preferred Pharmaceuticals Inc.,BROMPHENIRAMINE MALEATE,2 mg/10mL,SOLUTION,ORAL,Adrenergic alpha1-Agonists [MoA],CAT003,Diabetes
MED065872,68788-9922,Hydrocortisone,Hydrocortisone,"Preferred Pharmaceuticals, Inc.",HYDROCORTISONE,25 mg/g,CREAM,TOPICAL,Corticosteroid Hormone Receptor Agonists [MoA],CAT004,Pain Management
MED065901,0363-6452,Aspirin,Aspirin 81,Walgreens,ASPIRIN,81 mg/1,TABLET,ORAL,Anti-Inflammatory Agents,CAT004,Pain Management
MED065914,0363-6555,Acetaminophen,Infants Pain And Fever,Walgreens,ACETAMINOPHEN,160 mg/5mL,SUSPENSION,ORAL,UNKNOWN,CAT015,Others
MED065917,69070-301,Camphor And Menthol,Tong Feng Ding Pain Relief,"Zhejiang Dingtai Pharmaceutical Co., Ltd",CAMPHOR (SYNTHETIC),3.1 g/100g,PATCH,TRANSDERMAL,UNKNOWN,CAT015,Others
MED065949,0363-7044,Nicotine Polacrilex,Nicotine,Walgreen Company,NICOTINE,4 mg/1,LOZENGE,ORAL,Cholinergic Nicotinic Agonist [EPC],CAT005,Neurology
MED065976,69238-1171,Doxepin Hydrochloride,Doxepin Hydrochloride,Amneal Pharmaceuticals Ny Llc,DOXEPIN HYDROCHLORIDE,50 mg/1,CAPSULE,ORAL,Tricyclic Antidepressant [EPC],CAT005,Neurology
MED065998,0363-7775,Phenazopyridine Hydrochloride,Walgreens Urinary Pain Relief,Walgreens Co.,PHENAZOPYRIDINE HYDROCHLORIDE,95 mg/1,TABLET,ORAL,UNKNOWN,CAT015,Others
MED066026,69315-127,Folic Acid,Folic Acid,"Leading Pharma, Llc",FOLIC ACID,1 mg/1,TABLET,ORAL,UNKNOWN,CAT015,Others
MED066028,69315-137,Benztropine Mesylate,Benztropine Mesylate,"Leading Pharma, Llc",BENZTROPINE MESYLATE,1 mg/1,TABLET,ORAL,Anticholinergic [EPC],CAT005,Neurology
MED066033,0054-0319,Linezolid,Linezolid,Hikma Pharmaceuticals Usa Inc.,LINEZOLID,100 mg/5mL,"POWDER, FOR SUSPENSION",ORAL,Oxazolidinone Antibacterial [EPC],CAT001,Antibiotics
MED066037,69315-910,Diphenoxylate Hydrochloride And Atropine Sulfate,Diphenoxylate Hydrochloride And Atropine Sulfate,"Leading Pharma, Llc",ATROPINE SULFATE,.025 mg/1,TABLET,ORAL,Anticholinergic [EPC],CAT005,Neurology
MED066052,69367-310,Sodium Fluoride,Sodium Fluoride 1.1% Gel,"Westminster Pharmaceuticals, Llc",SODIUM FLUORIDE,5 mg/g,GEL,DENTAL,UNKNOWN,CAT015,Others
MED066066,69396-001,Clotrimazole,Clotrimazole,Trifecta Pharmaceuticals Usa Llc,CLOTRIMAZOLE,1 g/100g,CREAM,TOPICAL,Azole Antifungal [EPC],CAT001,Antibiotics
MED066085,0363-9084,Acetaminophen,Extra Strength Acetaminophen,Walgreens Co.,ACETAMINOPHEN,500 mg/1,TABLET,ORAL,UNKNOWN,CAT015,Others
MED066102,69423-749,Pyrithione Zinc,Head And Shoulders Dual Pack Smooth And Silky,The Procter & Gamble Manufacturing Company,UNKNOWN,UNKNOWN,KIT,UNKNOWN,UNKNOWN,CAT015,Others
MED066104,69423-761,Stannous Fluoride,Crest Pro Health Enamel Repair And Gum Intensive Clean,The Procter & Gamble Manufacturing Company,STANNOUS FLUORIDE,1.5 mg/g,"PASTE, DENTIFRICE",DENTAL,UNKNOWN,CAT015,Others
MED066150,69499-501,Folic Acid,Quiofic,"Solubiomix, Llc",FOLIC ACID,1 mg/5mL,SOLUTION,ORAL,UNKNOWN,CAT015,Others
MED066155,69536-181,Aspirin,St. Joseph Low Dose Aspirin,Foundation Consumer Healthcare,ASPIRIN,81 mg/1,"TABLET, FILM COATED",ORAL,Anti-Inflammatory Agents,CAT004,Pain Management
MED066157,69539-032,Teriflunomide,Teriflunomide,Msn Laboratories Private Limited,TERIFLUNOMIDE,7 mg/1,"TABLET, FILM COATED",ORAL,Dihydroorotate Dehydrogenase Inhibitors [MoA],CAT012,Ophthalmology
MED066195,69685-122,"Arnica, Calendula, Chamomilla, Echinacea Angustifolia, Echinacea Purpurea, Hepar Sulph Calc, Hypericum, Lgnatia, Ledum Palustre, Ruta, Silicea, Staphysagria",Stellalife Vega Oral Care Unflavored Pain And Swelling Relief,"Stellalife, Inc.",ARNICA MONTANA,3 [hp_X]/mL,GEL,TOPICAL,UNKNOWN,CAT015,Others
MED066197,69693-518,"Methenamine, Sodium Salicylate",Cystex,"Clarion Brands, Llc",METHENAMINE,162 mg/1,TABLET,ORAL,UNKNOWN,CAT015,Others
MED066203,0363-9802,"Camphor, Eucalyptus Oil, Menthol",Walgreens Lavender Chest Rub,Walgreen Company,CAMPHOR (NATURAL),47 mg/g,OINTMENT,TOPICAL,UNKNOWN,CAT015,Others
MED066216,0363-9938,Simethicone,Gas Relief,Walgreen Co.,DIMETHICONE,125 mg/1,"CAPSULE, LIQUID FILLED",ORAL,Skin Barrier Activity [PE],CAT008,Dermatology
MED066248,69842-635,Acetaminophen,Acetaminophen,"Cvs Pharmacy, Inc.",ACETAMINOPHEN,650 mg/1,"TABLET, EXTENDED RELEASE",ORAL,UNKNOWN,CAT015,Others
MED066266,69842-983,Magnesium Citrate,Citroma,"Cvs Pharmacy, Inc.",MAGNESIUM CITRATE,1.745 g/29.6mL,LIQUID,ORAL,Calculi Dissolution Agent [EPC],CAT007,Gastrointestinal
MED066275,0378-0211,Chlordiazepoxide And Amitriptyline Hydrochloride,Chlordiazepoxide And Amitriptyline Hydrochloride,Mylan Pharmaceuticals Inc.,AMITRIPTYLINE HYDROCHLORIDE,14 mg/1,"TABLET, FILM COATED",ORAL,Benzodiazepine [EPC],CAT005,Neurology
MED066277,69933-259,Ethyl Alcohol,Fresh Feels Hand Sanitizer Mist Ocean Breeze Scent,Pearl World Inc.,ALCOHOL,70 mL/100mL,SPRAY,TOPICAL,UNKNOWN,CAT015,Others
MED066279,69945-064,Copper Cu 64 Dotatate,Detectnet,Curium Us Llc,COPPER OXODOTREOTIDE CU-64,1 mCi/mL,"INJECTION, SOLUTION",INTRAVENOUS,Positron Emitting Activity [MoA],CAT014,Vitamins & Supplements
MED066316,69968-0835,Salicylic Acid,Neutrogena Skinclearing Mineral Powder Natural Beige 60,Kenvue Brands Llc,SALICYLIC ACID,5 mg/g,POWDER,TOPICAL,UNKNOWN,CAT015,Others
MED066344,70000-0072,"Avobenzone, Homosalate, Octisalate, Octcrylene",Cardinal Health Leader General Protection Spf 70 Sunscreen,"Cardinal Health, Inc.",AVOBENZONE,30 mg/g,SPRAY,TOPICAL,UNKNOWN,CAT015,Others
MED066431,70095-031,Desmopressin Acetate,Desmopressin Acetate,Sun Pharmaceutical Industries Limited,DESMOPRESSIN ACETATE,4 ug/mL,"INJECTION, SOLUTION",INTRAVENOUS,Factor VIII Activator [EPC],CAT003,Diabetes
MED066457,70108-370,Ethyl Alcohol,"Smart Care 2 Hand Sanitizers 1.35 Fl Oz (Apple, Marshmallow)","Ashtel Studios, Inc.",UNKNOWN,UNKNOWN,KIT,UNKNOWN,UNKNOWN,CAT015,Others
MED066461,70121-1398,Tranexamic Acid,Tranexamic Acid,Amneal Pharmaceuticals Llc,TRANEXAMIC ACID,100 mg/mL,"INJECTION, SOLUTION",INTRAVENOUS,Antifibrinolytic Agent [EPC],CAT003,Diabetes
MED066478,70163-0011,"Calcarea Carbonica, Calcarea Iodata, Causticum, Ferrum Iodatum, Fucus Vesiculosus, Kali Iodatum, Natrum Muriaticum, Thyroidinum (Bovine)",Thyroid Support,Naturalcare,CALCIUM IODIDE,6 [hp_X]/1,TABLET,ORAL,Blood Coagulation Factor [EPC],CAT003,Diabetes
MED066479,70163-0030,"Thuja Occidentalis, Antimonium Tartaricum, Kali Bichromicum, Mercurius Iodatus Ruber, Spongia Tosta, Hepar Sulphuris Calcareum",Sinufix,Naturalcare,ANTIMONY POTASSIUM TARTRATE,6 [hp_X]/mL,LIQUID,ORAL,UNKNOWN,CAT015,Others
MED066521,0378-4705,Saxagliptin,Saxagliptin,Mylan Pharmaceuticals Inc.,SAXAGLIPTIN HYDROCHLORIDE DIHYDRATE,2.5 mg/1,"TABLET, FILM COATED",ORAL,Dipeptidyl Peptidase 4 Inhibitor [EPC],CAT002,Cardiovascular
MED066543,70512-814,Oxaprozin,Coxanto,"Sola Pharmaceuticals, Llc",OXAPROZIN,300 mg/1,CAPSULE,ORAL,Anti-Inflammatory Agents,CAT004,Pain Management
MED066551,70518-0261,Warfarin Sodium,Warfarin Sodium,Remedyrepack Inc.,WARFARIN SODIUM,6 mg/1,TABLET,ORAL,Vitamin K Antagonist [EPC],CAT013,Vaccines & Biologics
MED066562,70518-0763,"Neomycin Sulfate, Polymyxin B Sulfate, Hydrocortisone",Neomycin And Polymyxin B Sulfates And Hydrocortisone,Remedyrepack Inc.,HYDROCORTISONE,10 mg/mL,SOLUTION/ DROPS,AURICULAR (OTIC),Aminoglycoside Antibacterial [EPC],CAT001,Antibiotics
MED066587,70518-2285,Triamcinolone Acetonide,Triamcinolone Acetonide,Remedyrepack Inc.,TRIAMCINOLONE ACETONIDE,1 mg/g,CREAM,TOPICAL,Corticosteroid Hormone Receptor Agonists [MoA],CAT004,Pain Management
MED066592,70518-2499,Ceftriaxone Sodium,Ceftriaxone Sodium,Remedyrepack Inc.,CEFTRIAXONE SODIUM,1 g/1,"INJECTION, POWDER, FOR SOLUTION",INTRAMUSCULAR,Cephalosporin Antibacterial [EPC],CAT001,Antibiotics
MED066600,70518-2795,Tramadol Hydrochloride,Tramadol Hydrochloride,Remedyrepack Inc.,TRAMADOL HYDROCHLORIDE,300 mg/1,"TABLET, EXTENDED RELEASE",ORAL,Full Opioid Agonists [MoA],CAT004,Pain Management
MED066603,70518-2955,Topiramate,Topiramate,Remedyrepack Inc.,TOPIRAMATE,100 mg/1,"TABLET, FILM COATED",ORAL,Cytochrome P450 2C19 Inhibitors [MoA],CAT014,Vitamins & Supplements
MED066684,70518-4510,Doxycycline Hyclate,Doxycycline Hyclate,Remedyrepack Inc.,DOXYCYCLINE HYCLATE,100 mg/1,"TABLET, FILM COATED",ORAL,Tetracycline-class Drug [EPC],CAT001,Antibiotics
MED066700,0054-0906,Sapropterin Dihydrochloride,Sapropterin Dihydrochloride,Hikma Pharmaceuticals Usa Inc.,SAPROPTERIN DIHYDROCHLORIDE,100 mg/1,TABLET,ORAL,Breast Cancer Resistance Protein Inhibitors [MoA],CAT012,Ophthalmology
MED066738,70677-1073,Magnesium Hydroxide,Milk Of Magnesia,Strategic Sourcing Services Llc,MAGNESIUM HYDROXIDE,1200 mg/15mL,SUSPENSION,ORAL,Calculi Dissolution Agent [EPC],CAT007,Gastrointestinal
MED066767,70677-1290,Meclizine Hcl,Motion Sickness,Strategic Sourcing Services Llc,MECLIZINE HYDROCHLORIDE,25 mg/1,"TABLET, CHEWABLE",ORAL,Antiemetic [EPC],CAT007,Gastrointestinal
MED066779,70700-143,Estradiol Gel 0.1%,Estradiol,"Xiromed, Llc",ESTRADIOL,.25 mg/.25g,GEL,TOPICAL,Estradiol Congeners [CS],CAT009,Oncology
MED066781,0054-0942,Tapentadol Hydrochloride,Tapentadol,Hikma Pharmaceuticals Usa Inc.,TAPENTADOL HYDROCHLORIDE,50 mg/1,"TABLET, FILM COATED",ORAL,Opioid Agonist [EPC],CAT004,Pain Management
MED066794,70710-1154,Nortriptyline Hydrochloride,Nortriptyline Hydrochloride,Zydus Pharmaceuticals (Usa) Inc.,NORTRIPTYLINE HYDROCHLORIDE,25 mg/1,CAPSULE,ORAL,Tricyclic Antidepressant [EPC],CAT005,Neurology
MED066813,70710-2058,Sevelamer Hydrochloride,Sevelamer Hydrochloride,Zydus Pharmaceuticals Usa Inc.,SEVELAMER HYDROCHLORIDE,800 mg/1,"TABLET, FILM COATED",ORAL,Phosphate Binder [EPC],CAT007,Gastrointestinal
MED066818,70720-125,Telotristat Ethyl,Xermelo,Tersera Therapeutics Llc,TELOTRISTAT ETHYL,250 mg/1,TABLET,ORAL,Tryptophan Hydroxylase Inhibitor [EPC],CAT005,Neurology
MED066836,70756-016,Nitroglycerin,Nitroglycerin,Lifestar Pharma Llc,NITROGLYCERIN,.6 mg/1,TABLET,SUBLINGUAL,Nitrate Vasodilator [EPC],CAT003,Diabetes
MED066839,70756-313,Telmisartan,Telmisartan,Lifestar Pharma Llc,TELMISARTAN,40 mg/1,TABLET,ORAL,Angiotensin 2 Receptor Antagonists [MoA],CAT003,Diabetes
MED066849,0404-9794,Flumazenil,Flumazenil,"Henry Schein, Inc.",FLUMAZENIL,.1 mg/mL,"INJECTION, SOLUTION",INTRAVENOUS,Benzodiazepine Antagonist [EPC],CAT005,Neurology
MED066857,70771-1032,Diltiazem Hydrochloride,Diltiazem Hydrochloride,Zydus Lifesciences Limited,DILTIAZEM HYDROCHLORIDE,240 mg/1,"CAPSULE, EXTENDED RELEASE",ORAL,Calcium Channel Antagonists [MoA],CAT003,Diabetes
MED066870,70771-1423,Azithromycin,Azithromycin,Zydus Lifesciences Limited,AZITHROMYCIN DIHYDRATE,200 mg/5mL,"POWDER, FOR SUSPENSION",ORAL,Macrolide Antimicrobial [EPC],CAT001,Antibiotics
MED066871,70771-1468,Carbamazepine,Carbamazepine,Zydus Lifesciences Limited,CARBAMAZEPINE,100 mg/1,"TABLET, EXTENDED RELEASE",ORAL,Cytochrome P450 1A2 Inducers [MoA],CAT014,Vitamins & Supplements
MED066891,70771-1761,Bisoprolol Fumarate And Hydrochlorothiazide,Bisoprolol Fumarate And Hydrochlorothiazide,Zydus Lifesciences Limited,BISOPROLOL FUMARATE,5 mg/1,"TABLET, FILM COATED",ORAL,Adrenergic beta-Antagonists [MoA],CAT003,Diabetes
MED066895,70771-1799,Selexipag,Selexipag,Zydus Lifesciences Limited,SELEXIPAG,1400 ug/1,"TABLET, FILM COATED",ORAL,Prostacyclin Receptor Agonist [EPC],CAT003,Diabetes
MED066915,70860-100,Azithromycin Monohydrate,Azithromycin,"Athenex Pharmaceutical Division, Llc.",AZITHROMYCIN MONOHYDRATE,500 mg/5mL,"INJECTION, POWDER, LYOPHILIZED, FOR SOLUTION",INTRAVENOUS,Macrolide Antimicrobial [EPC],CAT001,Antibiotics
MED066920,70924-005,Benzalkonium Chloride,Maxsaver Sanitizing Wipes,Innocore Sales & Marketing Inc,BENZALKONIUM CHLORIDE,1.3 mg/1,CLOTH,CUTANEOUS,UNKNOWN,CAT015,Others
MED066929,70954-407,Sildenafil Citrate,Sildenafil Citrate,"Ani Pharmaceuticals, Inc.",SILDENAFIL CITRATE,25 mg/1,TABLET,ORAL,Phosphodiesterase 5 Inhibitor [EPC],CAT003,Diabetes
MED067000,71205-281,Losartan Potassium,Losartan Potassium,Proficient Rx Lp,LOSARTAN POTASSIUM,50 mg/1,"TABLET, FILM COATED",ORAL,Angiotensin 2 Receptor Antagonists [MoA],CAT003,Diabetes
MED067021,71205-526,Norethindrone,Errin,Proficient Rx Lp,NORETHINDRONE,.35 mg/1,TABLET,ORAL,Progesterone Congeners [CS],CAT009,Oncology
MED067054,71205-818,Prednisone,Prednisone,Proficient Rx Lp,PREDNISONE,10 mg/1,TABLET,ORAL,Corticosteroid Hormone Receptor Agonists [MoA],CAT004,Pain Management
MED067082,71221-796,"Titanium Dioxide, Zinc Oxide",Tropical Sands Spf-30 Broad Spectrum Sunscreen,"Elements Brands, Inc.",TITANIUM DIOXIDE,60 mg/mL,CREAM,TOPICAL,Copper Absorption Inhibitor [EPC],CAT007,Gastrointestinal
MED067130,71335-0409,Famotidine,Famotidine,Bryant Ranch Prepack,FAMOTIDINE,20 mg/1,TABLET,ORAL,Histamine H2 Receptor Antagonists [MoA],CAT006,Respiratory
MED067148,71335-1063,Diltiazem Hydrochloride,Diltiazem Hydrochloride Extended-Release,Bryant Ranch Prepack,DILTIAZEM HYDROCHLORIDE,180 mg/1,"CAPSULE, COATED, EXTENDED RELEASE",ORAL,Calcium Channel Antagonists [MoA],CAT003,Diabetes
MED067167,71335-1421,Oxycodone Hydrochloride,Oxycodone Hydrochloride,Bryant Ranch Prepack,OXYCODONE HYDROCHLORIDE,5 mg/1,TABLET,ORAL,Full Opioid Agonists [MoA],CAT004,Pain Management
MED067199,71335-1877,Pramipexole Dihydrochloride,Pramipexole Dihydrochloride,Bryant Ranch Prepack,PRAMIPEXOLE DIHYDROCHLORIDE,.25 mg/1,TABLET,ORAL,Dopamine Agonists [MoA],CAT005,Neurology
MED067209,0409-1219,Naloxone Hydrochloride,Naloxone Hydrochloride,"Hospira, Inc.",NALOXONE HYDROCHLORIDE,.4 mg/mL,"INJECTION, SOLUTION",INTRAMUSCULAR,Opioid Antagonist [EPC],CAT004,Pain Management
MED067212,71335-1990,Progesterone,Progesterone,Bryant Ranch Prepack,PROGESTERONE,200 mg/1,CAPSULE,ORAL,Progesterone [CS],CAT009,Oncology
MED067257,71335-2415,Tetracycline Hydrochloride,Tetracycline Hydrochloride,Bryant Ranch Prepack,TETRACYCLINE HYDROCHLORIDE,250 mg/1,CAPSULE,ORAL,Tetracycline-class Antimicrobial [EPC],CAT001,Antibiotics
MED067261,71335-2469,Bupropion Hydrochloride,Bupropion Hydrochloride,Bryant Ranch Prepack,BUPROPION HYDROCHLORIDE,150 mg/1,"TABLET, EXTENDED RELEASE",ORAL,Aminoketone [EPC],CAT005,Neurology
MED067274,0409-1858,Dopamine Hydrochloride In Dextrose,Dopamine Hydrochloride In Dextrose,"Hospira, Inc.",DOPAMINE HYDROCHLORIDE,3.2 mg/mL,"INJECTION, SOLUTION",INTRAVENOUS,Catecholamine [EPC],CAT005,Neurology
MED067313,0409-2720,Heparin Sodium,Heparin Sodium,"Hospira, Inc.",HEPARIN SODIUM,1000 [USP'U]/mL,"INJECTION, SOLUTION",INTRAVENOUS,Anti-coagulant [EPC],CAT003,Diabetes
MED067320,71335-3062,Duloxetine,Duloxetine,Bryant Ranch Prepack,DULOXETINE HYDROCHLORIDE,20 mg/1,"CAPSULE, DELAYED RELEASE",ORAL,Norepinephrine Uptake Inhibitors [MoA],CAT005,Neurology
MED067324,71335-3088,Hydroxyzine Hydrochloride,Hydroxyzine Hydrochloride,Bryant Ranch Prepack,HYDROXYZINE DIHYDROCHLORIDE,10 mg/1,"TABLET, FILM COATED",ORAL,Antihistamine [EPC],CAT006,Respiratory
MED067348,71399-0110,Witch Hazel,Hemorrhoidal Hygiene Pads,Akron Pharma Inc.,WITCH HAZEL,50 g/100mL,SOLUTION,RECTAL,UNKNOWN,CAT015,Others
MED067349,71399-1026,Acetaminophen,Acetaminophen,Akron Pharma Inc.,ACETAMINOPHEN,500 mg/1,TABLET,ORAL,UNKNOWN,CAT015,Others
MED067359,71489-009,Alcohol,Sani Luxe,Celeste Industries Corporation,ALCOHOL,.7 mL/mL,CLOTH,CUTANEOUS,UNKNOWN,CAT015,Others
MED067422,71610-612,Lisinopril,Lisinopril,"Aphena Pharma Solutions - Tennessee, Llc",LISINOPRIL,10 mg/1,TABLET,ORAL,Angiotensin Converting Enzyme Inhibitor [EPC],CAT003,Diabetes
MED067447,71610-773,Hydroxyzine Pamoate,Hydroxyzine Pamoate,"Aphena Pharma Solutions - Tennessee, Llc",HYDROXYZINE PAMOATE,25 mg/1,CAPSULE,ORAL,Antihistamine [EPC],CAT006,Respiratory
MED067456,0054-8175,Dexamethasone,Dexamethasone,"Hikma Pharmaceuticals Usa, Inc.",DEXAMETHASONE,4 mg/1,TABLET,ORAL,Corticosteroid Hormone Receptor Agonists [MoA],CAT004,Pain Management
MED067478,71644-009,Zinc Oxide,Ava Isa Sun Lip Sun Whip Clear Sunshine,Cyberderm Laboratories Inc.,ZINC OXIDE,20 g/100mL,CREAM,TOPICAL,Copper Absorption Inhibitor [EPC],CAT007,Gastrointestinal
MED067514,71839-121,Succinylcholine Chloride,Succinylcholine Chloride,Be Pharmaceuticals Inc.,SUCCINYLCHOLINE CHLORIDE,20 mg/mL,"INJECTION, SOLUTION",INTRAMUSCULAR,Depolarizing Neuromuscular Blocker [EPC],CAT005,Neurology
MED067574,71919-802,Goldenseal - Potassium Dichromate - Pulsatilla Vulgaris,Whp Sinus Congestion,Washington Homeopathic Products,GOLDENSEAL,6 [hp_C]/1,PELLET,ORAL,UNKNOWN,CAT015,Others
MED067601,72036-193,Loratadine,Allergy Relief,Harris Teeter,LORATADINE,10 mg/1,TABLET,ORAL,UNKNOWN,CAT015,Others
MED067629,72147-1802,Aluminum Zirconium Tetrachlorohydrex Gly,Helmm Antiperspirant Deodorant Night Market,"Zgtl, Llc",ALUMINUM ZIRCONIUM TETRACHLOROHYDREX GLY,18 g/57g,GEL,TOPICAL,UNKNOWN,CAT015,Others
MED067650,72162-1391,Diclofenac Sodium,Diclofenac Sodium,Bryant Ranch Prepack,DICLOFENAC SODIUM,30 mg/g,GEL,TOPICAL,Anti-Inflammatory Agents,CAT004,Pain Management
MED067661,72162-1609,Rivastigmine,Rivastigmine Transdermal System,Bryant Ranch Prepack,RIVASTIGMINE,9.5 mg/24h,"PATCH, EXTENDED RELEASE",TRANSDERMAL,Cholinesterase Inhibitor [EPC],CAT005,Neurology
MED067670,72162-1709,Ofloxacin,Ofloxacin Otic,Bryant Ranch Prepack,OFLOXACIN,3 mg/mL,SOLUTION,AURICULAR (OTIC),Quinolone Antimicrobial [EPC],CAT001,Antibiotics
MED067675,72162-1786,Potassium Chloride,Potassium Chloride Extended-Release,Bryant Ranch Prepack,POTASSIUM CHLORIDE,750 mg/1,"TABLET, EXTENDED RELEASE",ORAL,Increased Large Intestinal Motility [PE],CAT007,Gastrointestinal
MED067679,72162-1793,Morphine Sulfate,Morphine Sulfate,Bryant Ranch Prepack,MORPHINE SULFATE,60 mg/1,"TABLET, FILM COATED, EXTENDED RELEASE",ORAL,Full Opioid Agonists [MoA],CAT004,Pain Management
MED067682,72162-1830,Cephalexin,Cephalexin,Bryant Ranch Prepack,CEPHALEXIN,500 mg/1,CAPSULE,ORAL,Cephalosporin Antibacterial [EPC],CAT001,Antibiotics
MED067707,72162-2139,Gabapentin,Gabapentin,Bryant Ranch Prepack,GABAPENTIN,300 mg/1,CAPSULE,ORAL,Decreased Central Nervous System Disorganized Electrical Activity [PE],CAT005,Neurology
MED067725,72162-2358,Paroxetine Hydrochloride Hemihydrate,Paroxetine,Bryant Ranch Prepack,PAROXETINE HYDROCHLORIDE HEMIHYDRATE,40 mg/1,"TABLET, FILM COATED",ORAL,Serotonin Reuptake Inhibitor [EPC],CAT005,Neurology
MED067753,72189-092,Gabapentin,Gabapentin,Direct Rx,GABAPENTIN,800 mg/1,"TABLET, FILM COATED",ORAL,Decreased Central Nervous System Disorganized Electrical Activity [PE],CAT005,Neurology
MED067779,72189-332,Naproxen Sodium,Naproxen Sodium,Direct Rx,NAPROXEN SODIUM,550 mg/1,TABLET,ORAL,Anti-Inflammatory Agents,CAT004,Pain Management
MED067793,72189-437,Allopurinol,Allopurinol,Direct_Rx,ALLOPURINOL,100 mg/1,TABLET,ORAL,Xanthine Oxidase Inhibitor [EPC],CAT003,Diabetes
MED067807,0480-8682,Levothyroxine Sodium,Levothyroxine Sodium,"Teva Pharmaceuticals, Inc.",LEVOTHYROXINE SODIUM,25 ug/1,TABLET,ORAL,Thyroxine [CS],CAT009,Oncology
MED067839,72238-003,Sodium Chloride And Eucalyptus Globulus Leaf,Vamousse Lice Treatment Complete Kit,Alliance Pharma Inc.,UNKNOWN,UNKNOWN,KIT,TOPICAL,UNKNOWN,CAT015,Others
MED067841,72241-003,Nateglinide,Nateglinide,Modavar Pharmaceuticals Llc,NATEGLINIDE,120 mg/1,"TABLET, COATED",ORAL,Glinide [EPC],CAT002,Cardiovascular
MED067858,72288-199,Miconazole Nitrate,Basic Care Miconazole,Amazon.Com Services Llc,UNKNOWN,UNKNOWN,KIT,UNKNOWN,UNKNOWN,CAT015,Others
MED067876,72288-623,Nicotine Polacrilex,Amazon Basic Care Nicotine Polacrilex,Amazon.Com Services Llc,NICOTINE,2 mg/1,LOZENGE,ORAL,Cholinergic Nicotinic Agonist [EPC],CAT005,Neurology
MED067879,0517-0032,Cyanocobalamin,Cyanocobalamin,"American Regent, Inc.",CYANOCOBALAMIN,1000 ug/mL,"INJECTION, SOLUTION",INTRAMUSCULAR,Vitamin B 12 [CS],CAT013,Vaccines & Biologics
MED067885,72288-967,Lidocaine,Amazon Basics Pain Relief Patch With 4% Lidocaine,Amazon.Com Services Llc,LIDOCAINE,4 g/100g,PATCH,TOPICAL,Amide Local Anesthetic [EPC],CAT004,Pain Management
MED067888,72303-0835,Olanzapine,Olanzapine,Hec Pharm Usa Inc.,OLANZAPINE,2.5 mg/1,TABLET,ORAL,Atypical Antipsychotic [EPC],CAT005,Neurology
MED067918,72476-665,Magnesium Hydroxide,Careone Milk Of Magnesia Cherry,"Retail Business Services, Llc.",MAGNESIUM HYDROXIDE,1200 mg/15mL,LIQUID,ORAL,Calculi Dissolution Agent [EPC],CAT007,Gastrointestinal
MED067919,0517-4300,Paclitaxel,Paclitaxel Protein Bound Particles Albumin Bound,"American Regent, Inc.",PACLITAXEL,100 mg/20mL,"INJECTION, POWDER, LYOPHILIZED, FOR SUSPENSION",INTRAVENOUS,Microtubule Inhibition [PE],CAT012,Ophthalmology
MED068040,72785-0008,Cisatracurium Besylate,Cisatracurium Besylate,Zydus Lifesciences Limited,CISATRACURIUM BESYLATE,2 mg/mL,INJECTION,INTRAVENOUS,Neuromuscular Nondepolarizing Blockade [PE],CAT005,Neurology
MED068053,72789-142,Buspirone Hydrochloride,Buspirone Hydrochloride,"Pd-Rx Pharmaceuticals, Inc.",BUSPIRONE HYDROCHLORIDE,30 mg/1,TABLET,ORAL,UNKNOWN,CAT015,Others
MED068059,72789-220,Doxepin Hydrochloride,Doxepin Hydrochloride,"Pd-Rx Pharmaceuticals, Inc.",DOXEPIN HYDROCHLORIDE,10 mg/1,CAPSULE,ORAL,Tricyclic Antidepressant [EPC],CAT005,Neurology
MED068126,72854-243,"Acetaminophen, Dextromethorphan Hydrobromide, Guaifenesin, Phenylephrine Hydrochloride, Triprolidine Hydrochloride","Mucinex Sinus-Max Day Pressure, Pain And Cough And Mucinex Nightshift Night Sinus Maximum Strength",Reckitt Benckiser Llc,UNKNOWN,UNKNOWN,KIT,UNKNOWN,UNKNOWN,CAT015,Others
MED068127,72865-101,Sildenafil,Sildenafil,Xlcare Pharmaceuticals Inc.,SILDENAFIL CITRATE,25 mg/1,"TABLET, FILM COATED",ORAL,Phosphodiesterase 5 Inhibitor [EPC],CAT003,Diabetes
MED068153,72888-042,Potassium Chloride,Potassium Chloride,Advagen Pharma Limited,POTASSIUM CHLORIDE,40 meq/15mL,SOLUTION,ORAL,Increased Large Intestinal Motility [PE],CAT007,Gastrointestinal
MED068175,72964-011,Treprostinil,Yutrepia,"Liquidia Technologies, Inc.",TREPROSTINIL SODIUM,26.5 ug/1,CAPSULE,RESPIRATORY (INHALATION),Prostacycline Vasodilator [EPC],CAT003,Diabetes
MED068212,73145-007,Alcohol,Azx Wellness Hand Sanitizer,Asc Marketing Ltd,ALCOHOL,.8 mL/mL,GEL,TOPICAL,UNKNOWN,CAT015,Others
MED068214,73190-007,Sacubitril And Valsartan,Sacubitril And Valsartan,Avkare,SACUBITRIL,97 mg/1,"TABLET, FILM COATED",ORAL,Angiotensin 2 Receptor Antagonists [MoA],CAT003,Diabetes
MED068226,73208-580,Citric Acid Monohydrate And Sodium Bicarbonate,Sal De Uvas Picot,"Rb Health Mexico, S.A. De C.V.",CITRIC ACID MONOHYDRATE,1948.5 mg/1,"GRANULE, EFFERVESCENT",ORAL,Acidifying Activity [MoA],CAT014,Vitamins & Supplements
MED068265,0536-1480,Dextromethorphan Hydrobromide,Cough Suppressant Adult,Rugby Laboratories,DEXTROMETHORPHAN HYDROBROMIDE,15 mg/1,"CAPSULE, LIQUID FILLED",ORAL,Sigma-1 Agonist [EPC],CAT005,Neurology
MED068267,73557-333,Menthol,Pain Relief Gel-Roll On,"Shanghai Chuangshi Medical Technology (Group) Co., Ltd.",MENTHOL,.04 g/mL,GEL,TOPICAL,UNKNOWN,CAT015,Others
MED068310,73928-042,Sodium Fluoride,Brush Buddies Crayola Anticavity Fluoride Strawberry,"Kingkey Mbc Life Technology Group Co., Ltd",SODIUM FLUORIDE,.02 g/100mL,LIQUID,ORAL,UNKNOWN,CAT015,Others
MED068311,73928-064,Alcohol Antiseptic Gel,Hand Sanitizer Vanilla,"Kingkey Mbc Life Technology Group Co.,Ltd",ALCOHOL,62 mL/100mL,LIQUID,TOPICAL,UNKNOWN,CAT015,Others
MED068351,75124-0001,Chlorine Dioxide,Pure O2-S F,Pure O2,CHLORINE DIOXIDE,.005 g/100mL,LIQUID,TOPICAL,UNKNOWN,CAT015,Others
MED068417,75907-430,Acetaminophen,8 Hr Arthritis Pain,Dr. Reddy'S Laboratories Inc.,ACETAMINOPHEN,650 mg/1,"TABLET, EXTENDED RELEASE",ORAL,UNKNOWN,CAT015,Others
MED068489,76309-700,Hand Sanitizing Wipes,Snugz Hand Sanitizing Wipes,"Snugz/Usa, Llc",ALCOHOL,75 mL/100mL,CLOTH,TOPICAL,UNKNOWN,CAT015,Others
MED068502,76349-002,Nitrogen,Nitrogen,Southern Gas & Supply Llc,NITROGEN,995 mL/L,GAS,RESPIRATORY (INHALATION),UNKNOWN,CAT015,Others
MED068521,0574-1415,Lenalidomide,Lenalidomide,Padagis Us Llc,LENALIDOMIDE,15 mg/1,CAPSULE,ORAL,Thalidomide Analog [EPC],CAT012,Ophthalmology
MED068551,76420-124,Pregabalin,Pregabalin,"Asclemed Usa, Inc.",PREGABALIN,300 mg/1,CAPSULE,ORAL,UNKNOWN,CAT015,Others
MED068577,76420-501,Amoxicillin And Clavulanate Potassium,Amoxicillin And Clavulanate Potassium,"Asclemed Usa, Inc.",AMOXICILLIN,875 mg/1,"TABLET, FILM COATED",ORAL,Penicillin-class Antibacterial [EPC],CAT001,Antibiotics
MED068583,0591-0405,Lisinopril,Lisinopril,"Actavis Pharma, Inc.",LISINOPRIL,2.5 mg/1,TABLET,ORAL,Angiotensin Converting Enzyme Inhibitor [EPC],CAT003,Diabetes
MED068585,76420-612,Erythromycin,Erythromycin,"Asclemed Usa, Inc.",ERYTHROMYCIN,5 mg/g,OINTMENT,OPHTHALMIC,Decreased Sebaceous Gland Activity [PE],CAT008,Dermatology
MED068588,76420-645,Testosterone Cypionate,Testosterone Cypionate,"Asclemed Usa, Inc.",TESTOSTERONE CYPIONATE,200 mg/mL,"INJECTION, SOLUTION",INTRAMUSCULAR,Androgen Receptor Agonists [MoA],CAT009,Oncology
MED068596,76420-778,Lubiprostone,Lubiprostone,"Asclemed Usa, Inc.",LUBIPROSTONE,24 ug/1,CAPSULE,ORAL,Chloride Channel Activator [EPC],CAT006,Respiratory
MED068601,76420-816,Levofloxacin,Levofloxacin,"Asclemed Usa, Inc.",LEVOFLOXACIN,500 mg/1,"TABLET, FILM COATED",ORAL,UNKNOWN,CAT015,Others
MED068606,76420-877,Hydrocodone Bitartrate And Acetaminophen,Hydrocodone Bitartrate And Acetaminophen,"Asclemed Usa, Inc.",ACETAMINOPHEN,325 mg/1,TABLET,ORAL,Opioid Agonist [EPC],CAT004,Pain Management
MED068623,76472-1160,Ruta Graveolens,Ruta Graveolens,Sevene Usa,RUTA GRAVEOLENS FLOWERING TOP,30 [hp_C]/1,PELLET,SUBLINGUAL,UNKNOWN,CAT015,Others
MED068702,79481-0078,Ethyl Alcohol,Meijer Strawberry Shortcake Scented Hand Sanitizer,"Meijer, Inc.",ALCOHOL,70 mL/100mL,SPRAY,TOPICAL,UNKNOWN,CAT015,Others
MED068726,79481-3115,"Avobenzone, Homosalate, Octisalate, Octocrylene",Meijer Spf 50 Sunscreen,Meijer,AVOBENZONE,3 g/100g,STICK,TOPICAL,UNKNOWN,CAT015,Others
MED068766,79903-231,Naproxen Sodium,Naproxen Sodium,Walmart Inc.,NAPROXEN SODIUM,220 mg/1,"TABLET, FILM COATED",ORAL,Anti-Inflammatory Agents,CAT004,Pain Management
MED068776,79903-426,Diphenhydramine Hcl,Sleep-Aid,Walmart Inc. (See Also Equate),DIPHENHYDRAMINE HYDROCHLORIDE,25 mg/1,CHEWABLE GEL,ORAL,Histamine H1 Receptor Antagonists [MoA],CAT006,Respiratory
MED068791,80327-013,Sodium Chloride,Base Laboratories Saline,Joonem Llc,SODIUM CHLORIDE,30 mg/mL,LIQUID,NASAL,UNKNOWN,CAT015,Others
MED068799,80425-0041,Meloxicam,Meloxicam,"Advanced Rx Of Tennessee, Llc",MELOXICAM,7.5 mg/1,TABLET,ORAL,Anti-Inflammatory Agents,CAT004,Pain Management
MED068838,80425-0441,Duloxetine,Duloxetine,"Advanced Rx Of Tennessee, Llc",DULOXETINE HYDROCHLORIDE,30 mg/1,"CAPSULE, DELAYED RELEASE",ORAL,Norepinephrine Uptake Inhibitors [MoA],CAT005,Neurology
MED068860,80425-0556,Dexamethasone Sodium Phosphate,Dmt Suik,"Advanced Rx Of Tennessee, Llc",DEXAMETHASONE SODIUM PHOSPHATE,10 mg/mL,"INJECTION, SOLUTION",INTRAMUSCULAR,Corticosteroid Hormone Receptor Agonists [MoA],CAT004,Pain Management
MED068896,80684-102,Alcohol,B-Pure Citrus Scented Hand Sanitizing,"Fourstar Group Usa, Inc.",ALCOHOL,70 mL/100mL,LIQUID,TOPICAL,UNKNOWN,CAT015,Others
MED068954,81488-012,Meb Puri-Mega,Meb Puri-Mega,"Kadesh Incoporation Co,Ltd",CALCIUM FLUORIDE,6 [hp_X]/300mL,LIQUID,ORAL,Calculi Dissolution Agent [EPC],CAT007,Gastrointestinal
MED068964,81651-0002,Red Ginseng,Cozaco Woman,"Kone Bio Logics Co., Ltd.",PANAX GINSENG ROOT OIL,44.2 1/1,TABLET,ORAL,UNKNOWN,CAT015,Others
MED068993,0615-8354,Gemfibrozil,Gemfibrozil,"Ncs Healthcare Of Ky, Llc Dba Vangard Labs",GEMFIBROZIL,600 mg/1,"TABLET, FILM COATED",ORAL,PPAR alpha [CS],CAT003,Diabetes
MED069001,82009-179,Atorvastatin Calcium,Atorvastatin Calcium,Quallent Pharmaceuticals Health Llc,ATORVASTATIN CALCIUM TRIHYDRATE,80 mg/1,"TABLET, FILM COATED",ORAL,HMG-CoA Reductase Inhibitor [EPC],CAT003,Diabetes
MED069005,82018-0012,Progesterone,P50 Progesterone Cream,Shyne Brands,PROGESTERONE,1 mg/mg,CREAM,TRANSDERMAL,Progesterone [CS],CAT009,Oncology
MED069023,82109-105,"Homosalate, Titanium Dioxide, Zinc Oxide",Positive Light Tinted Moisturizer Broad Spectrum Spf 20 Sunscreen 22W,"Rare Beauty, Llc",HOMOSALATE,90 mg/mL,LOTION,TOPICAL,UNKNOWN,CAT015,Others
MED069092,82605-006,Ulspira,Ulspira,"Airgas Therapeutics, Llc",NITRIC OXIDE,.8 mL/100L,GAS,RESPIRATORY (INHALATION),Vasodilation [PE],CAT003,Diabetes
MED069122,82715-114,"Avobenzone, Octinoxate",Gr Lip Butter Raspberry Spf 15,Erkul Kozmetik Sanayi Ve Ticaret Anonim Sirketi,AVOBENZONE,2.7 g/100g,LIPSTICK,TOPICAL,UNKNOWN,CAT015,Others
MED069130,82761-036,"Avobenzone, Octinoxate, Octocrylene, And Oxybenzone",Laura Mercier Tinted Moisturizer Natural Skin Perfector Broad Spectrum Spf 30 Sunscreen 1N2 Vanille,Laura Mercier Us Buyer Llc,AVOBENZONE,1.25 g/50mL,CREAM,TOPICAL,UNKNOWN,CAT015,Others
MED069160,82804-181,Acetaminophen And Codeine Phosphate,Acetaminophen And Codeine Phosphate,Proficient Rx Lp,ACETAMINOPHEN,300 mg/1,TABLET,ORAL,Full Opioid Agonists [MoA],CAT004,Pain Management
MED069181,82868-034,Celecoxib,Celecoxib,"Northwind Health Company, Llc",CELECOXIB,200 mg/1,CAPSULE,ORAL,Anti-Inflammatory Agents,CAT004,Pain Management
MED069186,82870-008,Zinc Oxide,Wonderscreen Tinted Broad Spectrum Spf 30 Shade 3,"Dime Beauty Co, Llc",ZINC OXIDE,19 g/100g,CREAM,TOPICAL,UNKNOWN,CAT015,Others
MED069206,82969-1008,Mag Phos,Bestmade Natural Products Mag Phos,Bestmade Natural Products,"MAGNESIUM PHOSPHATE, DIBASIC TRIHYDRATE",6 [hp_X]/6[hp_X],"TABLET, SOLUBLE",ORAL,Calculi Dissolution Agent [EPC],CAT007,Gastrointestinal
MED069225,82969-2086,"Ambra Grisea, Ammonium Mur, Arnica Mont, Baptisia Tinc, Belladona, Carbo Veg, Filipendula Ulm, Sacale Corn",Bestmade Natural Products Bm86,Bestmade Natural Products,ACTIVATED CHARCOAL,30 [hp_C]/30[hp_C],LIQUID,ORAL,UNKNOWN,CAT015,Others
MED069242,82969-2216,"Adonis Ver, Cactus Grand, Convallaria, Crataegus Oxy, Iberis Amara, Laurocerasus, Viscum Alb",Bestmade Natural Products Bm216,Bestmade Natural Products,ADONIS VERNALIS WHOLE,30 [hp_C]/30[hp_C],LIQUID,ORAL,UNKNOWN,CAT015,Others
MED069245,82969-2236,"Arg. Met, Arnica Mont, Bryonia, Chamomilla, Ranunculus Bulb, Rhus Tox, Ruta Grav",Bestmade Natural Products Bm236,Bestmade Natural Products,ARNICA MONTANA,30 [hp_C]/30[hp_C],LIQUID,ORAL,UNKNOWN,CAT015,Others
MED069260,0069-0195,Dalteparin Sodium,Fragmin,Pfizer Laboratories Div Pfizer Inc,DALTEPARIN SODIUM,2500 [iU]/.2mL,INJECTION,SUBCUTANEOUS,Anti-coagulant [EPC],CAT003,Diabetes
MED069266,82969-6019,Camphora,Camphora,Bestmade Natural Products,CINNAMOMUM CAMPHORA WHOLE,1 [hp_X]/30mL,TINCTURE,ORAL,UNKNOWN,CAT015,Others
MED069286,83008-037,Diclofenac Sodium,Diclofenac Sodium,"Quality Care Products, Llc",DICLOFENAC SODIUM,10 mg/g,GEL,TOPICAL,Anti-Inflammatory Agents,CAT004,Pain Management
MED069310,83027-0087,"Salix Nigra, Belladonna, Cerebellum (Suis), Aconitum Napellus",Facial Pain Formula,"Nutritional Specialties, Inc.",ACONITUM NAPELLUS WHOLE,8 [hp_X]/mL,SPRAY,ORAL,UNKNOWN,CAT015,Others
MED069322,0641-6125,Morphine Sulfate,Morphine Sulfate,Hikma Pharmaceuticals Usa Inc.,MORPHINE SULFATE,4 mg/mL,INJECTION,INTRAVENOUS,Full Opioid Agonists [MoA],CAT004,Pain Management
MED069326,83059-0045,"Acetaminophen 325 Mg, Diphenhydramine Hcl 12.5 Mg, Phenylephrine Hcl 5 Mg",Allergy Plus Sinus Headache,Shield Pharmaceuticals Corp,ACETAMINOPHEN,325 mg/1,"TABLET, FILM COATED",ORAL,Adrenergic alpha1-Agonists [MoA],CAT003,Diabetes
MED069350,83209-663,Gabapentin,Gabapentin,Boswell Pharmacy Services Llc D/B/A Bps Wholesale,GABAPENTIN,400 mg/1,CAPSULE,ORAL,Decreased Central Nervous System Disorganized Electrical Activity [PE],CAT005,Neurology
MED069352,83247-1838,Zinc Oxide,Iris And Romeo Weekend Skin Warm Glow,Iris And Romeo,ZINC OXIDE,132 mg/mL,LOTION,TOPICAL,UNKNOWN,CAT015,Others
MED069366,83253-978,Nicotine Polacrilex,Nicotine,"Hc Jones, Inc.",NICOTINE,2 mg/1,LOZENGE,ORAL,Cholinergic Nicotinic Agonist [EPC],CAT005,Neurology
MED069391,83324-025,"Dextromethorphan Hbr, Guaifenesin",Qch Adult Tussin Dm Sugar Free 545,Chain Drug Marketing Association Inc.,DEXTROMETHORPHAN HYDROBROMIDE,20 mg/20mL,LIQUID,ORAL,Decreased Respiratory Secretion Viscosity [PE],CAT006,Respiratory
MED069434,83457-652,Ustekinumab-Ttwe,Pyzchiva,Cordavis Limited,USTEKINUMAB,90 mg/mL,"INJECTION, SOLUTION",SUBCUTANEOUS,Interleukin-12 Antagonist [EPC],CAT010,Allergy
MED069438,0642-0076,"Vitamin A, Ascorbic Acid, Vitamin D, .Alpha.-Tocopherol, Thiamine Mononitrate, Riboflavin, Niacin, Pyridoxine Hydrochloride, Folic Acid, Cyanocobalamin, Calcium, Iron, Magnesium, Zinc, Copper, And Doconexent",Vitafol-Ob Plus Dha Prenatal Supplement Plus Dha,"Exeltis Usa, Inc",UNKNOWN,UNKNOWN,KIT,UNKNOWN,UNKNOWN,CAT015,Others
MED069468,0703-3678,Methotrexate,Methotrexate,"Teva Parenteral Medicines, Inc.",METHOTREXATE SODIUM,25 mg/mL,"INJECTION, SOLUTION",INTRA-ARTERIAL,Folate Analog Metabolic Inhibitor [EPC],CAT012,Ophthalmology
MED069475,83698-581,Menthol Flavor Cough Drop,Menthol Flavor Cough Drop,"Xiamen Kang Zhongyuan Biotechnology Co., Ltd.",MENTHOL,5.4 mg/1,LOZENGE,ORAL,UNKNOWN,CAT015,Others
MED069482,83703-551,Cyclophosphamide,Cyclophosphamide,Bamboo Us Bidco Lcc,CYCLOPHOSPHAMIDE,2 g/100mL,"INJECTION, POWDER, FOR SOLUTION",INTRAVENOUS,UNKNOWN,CAT015,Others
MED069537,84003-052,Zinc Oxide,Dolce And Gabbana Blueberry Nutri Tint Spf 20 7N Light,Dolce & Gabbana Beauty S.R.L,ZINC OXIDE,67 mg/mL,EMULSION,TOPICAL,UNKNOWN,CAT015,Others
MED069562,84126-142,"Avobenzone, And Octisalate",Tula Skincare Radiant Skin Brightening Serum Skin Tint Broad Spectrum Spf 30 21 Tan Neutral,The Procter & Gamble Manufacturing Company,AVOBENZONE,3 g/100mL,LIQUID,TOPICAL,UNKNOWN,CAT015,Others
MED069615,84178-011,Antiperspirant Deodorant Roll-On For Women,Giselle Antiperspirant Deodorant Roll-On For Women,Evi Labs,ALUMINUM CHLOROHYDRATE,8.5 g/85g,CREAM,CUTANEOUS,UNKNOWN,CAT015,Others
MED069626,84270-001,"Homosalate, Octisalate, Zinc Oxide",Essence Pout Protector Spf 20 Lip Balm,Cosnova Gmbh,HOMOSALATE,73 mg/g,STICK,TOPICAL,UNKNOWN,CAT015,Others
MED069637,84386-073,Permethrin,Permethrin,Aurobindo Pharma Limited,PERMETHRIN,50 mg/g,CREAM,TOPICAL,Pyrethrins [CS],CAT001,Antibiotics
MED069648,84435-100,Zinc Oxide,Counter Beauty Daily Sheer Defense Spf 25,"G2G Ventures, Pbc",ZINC OXIDE,14.96 g/100g,LOTION,TOPICAL,UNKNOWN,CAT015,Others
MED069704,84677-017,Simvastatin,Simvastatin,"Golden State Medical Supply, Inc.",SIMVASTATIN,40 mg/1,"TABLET, FILM COATED",ORAL,HMG-CoA Reductase Inhibitor [EPC],CAT003,Diabetes
MED069736,84897-057,L-Glutamine,L-Glutamine,Renova Pharmaceuticals Llc,GLUTAMINE,5 g/1,"POWDER, FOR SOLUTION",ORAL,Amino Acid [EPC],CAT013,Vaccines & Biologics
MED069785,85150-009,Wart And Corn Remover,Uikeaft Wart And Corn Remover,"Guangzhou Zanming Trading Co., Ltd.",SALICYLIC ACID,17 g/100mL,LIQUID,TOPICAL,UNKNOWN,CAT015,Others
MED069799,85163-016,Titanium Dioxide,Ouhoe Universal Colored Moisturizer,"Shantou Ouhoe Technology Co., Ltd.",CENTELLA ASIATICA,.01 mg/50mg,CREAM,TOPICAL,UNKNOWN,CAT015,Others
MED069803,85179-008,Salicylic Acid,Sos Rituals Pore Pop Fizz Mask Blackhead Treatment,I World Llc,SALICYLIC ACID,11 mg/mL,LOTION,TOPICAL,UNKNOWN,CAT015,Others
MED069912,0781-7172,Azelaic Acid,Azelaic Acid Gel,Sandoz Inc.,AZELAIC ACID,.15 g/g,GEL,TOPICAL,Decreased Protein Synthesis [PE],CAT012,Ophthalmology
MED069983,85722-0026,Clotrimazole,Clotrimazole,Kjd Pharma Private Limited,CLOTRIMAZOLE,1 g/mL,SOLUTION,TOPICAL,Azole Antifungal [EPC],CAT001,Antibiotics
MED070009,85766-148,Bisacodyl,Stimulant Laxative Enteric Coated,Sportpharm Llc,BISACODYL,5 mg/1,TABLET,ORAL,Increased Large Intestinal Motility [PE],CAT007,Gastrointestinal
MED070097,87014-002,Arnica Montana 7%,Recuren Plus Arnica Bruise Cream,Regeneren Plus Ltd,ARNICA MONTANA,7 g/100g,CREAM,TOPICAL,UNKNOWN,CAT015,Others
MED070100,87021-603,Urea,Urea 40,"Krewe Pharma, Llc",UREA,400 mg/g,CREAM,TOPICAL,UNKNOWN,CAT015,Others
MED070109,87063-043,Prednisone,Prednisone,Asclemed Usa Inc.,PREDNISONE,5 mg/1,TABLET,ORAL,Corticosteroid Hormone Receptor Agonists [MoA],CAT004,Pain Management
MED070117,87063-703,Duloxetine,Duloxetine,Asclemed Usa Inc.,DULOXETINE HYDROCHLORIDE,30 mg/1,"CAPSULE, DELAYED RELEASE",ORAL,Norepinephrine Uptake Inhibitors [MoA],CAT005,Neurology
MED070134,87145-001,Alcohol,Widespread Hand Sanitizing Wipes,Hamaoui Trading Corp.,ALCOHOL,75 mL/100mL,CLOTH,TOPICAL,UNKNOWN,CAT015,Others
MED070147,87205-003,Benzoyl Peroxide 4%,Bellamiluxx Body Acne Cleanser,Bellamiluxx Llc,BENZOYL PEROXIDE,12 g/300g,LOTION,TOPICAL,UNKNOWN,CAT015,Others
MED070162,87247-941,Ethyl Alcohol,Sour Lemon Hand Sanitizer Duo - Fresh Watermelon And Strawberry Fizz Scent,Diamond Life Cosmetics Trading Fzco,UNKNOWN,UNKNOWN,KIT,UNKNOWN,UNKNOWN,CAT015,Others
MED070236,87681-007,Salicylic Acid,Lyeon Wart Remover,"Guangzhou Xinhongda Trading Service Co., Ltd.",SALICYLIC ACID,.17 g/mL,LIQUID,TOPICAL,UNKNOWN,CAT015,Others
MED070243,87777-947,Zinc Oxide,Amrit Ocean Resort Mineral Sunscreen Spf 50,"Solvyn Skin, Llc",ZINC OXIDE,175 mg/mL,CREAM,TOPICAL,Copper Absorption Inhibitor [EPC],CAT007,Gastrointestinal
MED070856,0924-5004,Lidocaine Hydrochloride,First Aid Only Lidocaine Hydrochloride Analgesic Burn Gel,Acme United Corporation,LIDOCAINE HYDROCHLORIDE,20 mg/g,GEL,TOPICAL,Amide Local Anesthetic [EPC],CAT004,Pain Management
MED070924,0941-0711,"Sodium Chloride, Sodium Lactate, Calcium Chloride, Magnesium Chloride And Dextrose",Dianeal Low Calcium With Dextrose,Vantive Us Healthcare Llc,CALCIUM CHLORIDE,18.3 mg/100mL,"INJECTION, SOLUTION",INTRAPERITONEAL,Blood Coagulation Factor [EPC],CAT003,Diabetes
MED071079,0990-7901,"Dextrose Monohydrate, Sodium Chloride, And Potassium Chloride",Potassium Chloride In Dextrose And Sodium Chloride,Icu Medical Inc.,DEXTROSE MONOHYDRATE,50 g/1000mL,"INJECTION, SOLUTION",INTRAVENOUS,Increased Large Intestinal Motility [PE],CAT007,Gastrointestinal
MED071088,0990-7922,Dextrose Monohydrate,Dextrose,"Icu Medical, Inc.",DEXTROSE MONOHYDRATE,5 g/100mL,"INJECTION, SOLUTION",INTRAVENOUS,UNKNOWN,CAT015,Others
MED071170,10056-025,"Ensulizole, Octisalate, Zinc Oxide",G And H Protect Body,Access Business Group Llc,ENSULIZOLE,17 mg/mL,LOTION,TOPICAL,Copper Absorption Inhibitor [EPC],CAT007,Gastrointestinal
MED071233,0074-0038,Elagolix,Orilissa,Abbvie Inc.,ELAGOLIX SODIUM,150 mg/1,"TABLET, FILM COATED",ORAL,Cytochrome P450 2C19 Inhibitors [MoA],CAT014,Vitamins & Supplements
MED071251,10096-8027,"Octinoxate, Oxybenzone, Octisalate",Avon Skin-So-Soft Bug Guard Plus Spf 30 Sunscreen Gentle Breeze Insect Repellent Sunscreen,The Avon Company,OCTINOXATE,7.5 g/mL,LOTION,TOPICAL,UNKNOWN,CAT015,Others
MED071372,10135-754,Haloperidol,Haloperidol,"Marlex Pharmaceuticals, Inc.",HALOPERIDOL,2 mg/1,TABLET,ORAL,Typical Antipsychotic [EPC],CAT005,Neurology
MED071379,10135-763,Loratadine,Loratadine Allergy Relief,"Marlex Pharmaceuticals, Inc.",LORATADINE,10 mg/1,TABLET,ORAL,UNKNOWN,CAT015,Others
MED071765,10370-280,Dutasteride And Tamsulosin Hydrochloride,Dutasteride And Tamsulosin Hydrochloride,"Endo Usa, Inc.",DUTASTERIDE,.5 mg/1,CAPSULE,ORAL,5-alpha Reductase Inhibitor [EPC],CAT009,Oncology
MED071812,10565-075,Alcohol,Instant Hand Sanitizer Unscented,Hydrox Laboratories,ALCOHOL,70 mL/100mL,GEL,TOPICAL,UNKNOWN,CAT015,Others
MED071930,10702-106,Dexmethylphenidate Hydrochloride,Dexmethylphenidate Hydrochloride,"Kvk-Tech, Inc",DEXMETHYLPHENIDATE HYDROCHLORIDE,2.5 mg/1,TABLET,ORAL,Central Nervous System Stimulant [EPC],CAT005,Neurology
MED072761,11673-996,Loratadine,Childrens Allergy,Target Corporation,LORATADINE,5 mg/1,"TABLET, CHEWABLE",ORAL,UNKNOWN,CAT015,Others
MED072781,11822-0664,"Eucalyptol, Menthol, Methyl Salicylate, Thymol",Antispetic,Rite Aid Corporation,EUCALYPTOL,.92 mg/mL,MOUTHWASH,ORAL,UNKNOWN,CAT015,Others
MED072783,11822-0676,Bisacodyl,Laxative For Women,Rite Aid Corporation,BISACODYL,5 mg/1,"TABLET, DELAYED RELEASE",ORAL,Increased Large Intestinal Motility [PE],CAT007,Gastrointestinal
MED072785,11822-0699,Nicotine Polacrilex,Nicotine,Rite Aid Corporation,NICOTINE,4 mg/1,"GUM, CHEWING",ORAL,Cholinergic Nicotinic Agonist [EPC],CAT005,Neurology
MED072817,11822-9718,Sodium Fluoride,Anticavity,Rite Aid Corporation,SODIUM FLUORIDE,.2 mg/mL,RINSE,ORAL,UNKNOWN,CAT015,Others
MED072820,12022-006,Salicylic Acid,Doo Gro Anti-Dandruff Vitalizer,"J. Strickland & Co. Dba Nature'S Protein, Inc.",SALICYLIC ACID,20 mg/mL,OINTMENT,TOPICAL,UNKNOWN,CAT015,Others
MED072830,0078-0825,Octreotide Acetate,Sandostatin Lar Depot,Novartis Pharmaceuticals Corporation,UNKNOWN,UNKNOWN,KIT,UNKNOWN,UNKNOWN,CAT015,Others
MED072847,13668-094,Pramipexole Dihydrochloride,Pramipexole Dihydrochloride,Torrent Pharmaceuticals Limited,PRAMIPEXOLE DIHYDROCHLORIDE,1 mg/1,TABLET,ORAL,Dopamine Agonists [MoA],CAT005,Neurology
MED072854,13668-340,Lamotrigine,Lamotrigine,Torrent Pharmaceuticals Limited,LAMOTRIGINE,50 mg/1,"TABLET, EXTENDED RELEASE",ORAL,Anti-epileptic Agent [EPC],CAT005,Neurology
MED072908,14789-250,Ephedrine Sulfate,Emerphed,Nexus Pharamaceuticals Inc.,EPHEDRINE SULFATE,5 mg/mL,INJECTION,INTRAVENOUS,Adrenergic alpha-Agonists [MoA],CAT003,Diabetes
MED072911,15013-016,Capsicum,Sinold All-Natural Nasal Decongestant,"Sinol Usa, Inc.",CAPSICUM,4 [hp_X]/.263mL,SPRAY,NASAL,Allergens [CS],CAT006,Respiratory
MED072920,15631-0045,Argentum Nitricum,Argentum Nitricum,"Rxhomeo Private Limited D.B.A. Rxhomeo, Inc",SILVER NITRATE,6 [hp_X]/1,PELLET,ORAL,UNKNOWN,CAT015,Others
MED072990,16714-161,Clindamycin Phosphate,Clindamycin Phosphate,Northstar Rx Llc,CLINDAMYCIN PHOSPHATE,10 mg/g,GEL,TOPICAL,Decreased Sebaceous Gland Activity [PE],CAT008,Dermatology
MED073042,16729-278,Aripiprazole,Aripiprazole,"Accord Healthcare, Inc.",ARIPIPRAZOLE,2 mg/1,TABLET,ORAL,Atypical Antipsychotic [EPC],CAT005,Neurology
MED073072,17224-907,Phentermine Hydrochloride,Phentermine Hydrochloride,"Calvin Scott & Co., Inc.",PHENTERMINE HYDROCHLORIDE,37.5 mg/1,TABLET,ORAL,Appetite Suppression [PE],CAT005,Neurology
MED073073,17312-023,Arnica Montana - Calcium Sulfide - Hypericum Perforatum - Lycopodium Clavatum Spore - Mercurius Solubilis - Salicylic Acid - Silicon Dioxide - Allylthiourea -,Ring Relief,Trp Company,ALLYLTHIOUREA,6 [hp_X]/1,"TABLET, ORALLY DISINTEGRATING",ORAL,UNKNOWN,CAT015,Others
MED073090,21130-032,Ibuprofen,Ibuprofen,Better Living Brands Llc,IBUPROFEN,200 mg/1,CAPSULE,ORAL,Anti-Inflammatory Agents,CAT004,Pain Management
MED073135,0093-5420,Cabergoline,Cabergoline,"Teva Pharmaceuticals Usa, Inc.",CABERGOLINE,.5 mg/1,TABLET,ORAL,Ergolines [CS],CAT005,Neurology
MED073307,23155-195,Nifedipine,Nifedipine,Heritage Pharmaceuticals Inc. D/B/A Avet Pharmaceuticals Inc.,NIFEDIPINE,20 mg/1,CAPSULE,ORAL,Calcium Channel Antagonists [MoA],CAT003,Diabetes
MED073330,23155-938,Tetrabenazine,Tetrabenazine,Heritage Pharmaceuticals Inc. D/B/A Avet Pharmaceuticals Inc.,TETRABENAZINE,12.5 mg/1,TABLET,ORAL,Vesicular Monoamine Transporter 2 Inhibitor [EPC],CAT005,Neurology
MED073331,23155-943,Meclizine,Meclizine Hydrochloride,Heritage Pharmaceuticals Inc. D/B/A Avet Pharmaceuticals Inc.,MECLIZINE HYDROCHLORIDE,50 mg/1,TABLET,ORAL,Antiemetic [EPC],CAT007,Gastrointestinal
MED073342,24286-1559,Capsaicin,Earths Care Arthritis,"Dlc Laboratories, Inc.",CAPSAICIN,.1 g/100g,CREAM,TOPICAL,UNKNOWN,CAT015,Others
MED073400,25021-610,Neostigmine Methylsulfate,Neostigmine Methylsulfate,Sagent Pharmaceuticals,NEOSTIGMINE METHYLSULFATE,.5 mg/mL,"INJECTION, SOLUTION",INTRAVENOUS,Cholinesterase Inhibitor [EPC],CAT005,Neurology
MED073422,27241-223,Venlafaxine,Venlafaxine,Ajanta Pharma Usa Inc.,VENLAFAXINE HYDROCHLORIDE,150 mg/1,"TABLET, EXTENDED RELEASE",ORAL,Norepinephrine Uptake Inhibitors [MoA],CAT005,Neurology
MED073425,27241-249,Famotidine,Famotidine,Ajanta Pharma Usa Inc.,FAMOTIDINE,40 mg/5mL,FOR SUSPENSION,ORAL,Histamine H2 Receptor Antagonists [MoA],CAT006,Respiratory
MED073428,27241-289,Terazosin,Terazosin,Ajanta Pharma Usa Inc.,TERAZOSIN HYDROCHLORIDE,2 mg/1,CAPSULE,ORAL,Adrenergic alpha-Antagonists [MoA],CAT003,Diabetes
MED073431,27505-006,Apomorphine Hydrochloride,Onapgo,"Mdd Us Operations, Llc, A Subsidiary Of Supernus Pharmaceuticals, Inc",APOMORPHINE HYDROCHLORIDE,4.9 mg/mL,"INJECTION, SOLUTION",SUBCUTANEOUS,Dopamine Agonists [MoA],CAT005,Neurology
MED073433,27808-002,Risperidone,Risperidone,"Cranbury Pharmaceuticals, Llc",RISPERIDONE,1 mg/mL,SOLUTION,ORAL,Atypical Antipsychotic [EPC],CAT005,Neurology
MED073445,28595-710,Megnesium Oxide,Mag 440,"Allegis Pharmaceuticals, Llc",MAGNESIUM OXIDE,440 mg/1,TABLET,ORAL,Calculi Dissolution Agent [EPC],CAT007,Gastrointestinal
MED073464,29485-9281,Acetaminophen 500 Mg,Extra Strength Pain Reliever,"Lil' Drug Store Products, Inc.",ACETAMINOPHEN,500 mg/1,TABLET,ORAL,UNKNOWN,CAT015,Others
MED073497,30142-698,"Acetaminophen, Chlorpheniramine Maleate",Cold And Flu Hbp,Kroger Company,ACETAMINOPHEN,325 mg/1,"TABLET, FILM COATED",ORAL,Histamine H1 Receptor Antagonists [MoA],CAT006,Respiratory
MED073499,30142-775,Loperamide Hcl,Anti-Diarrheal,Kroger Company,LOPERAMIDE HYDROCHLORIDE,2 mg/1,TABLET,ORAL,Opioid Agonist [EPC],CAT004,Pain Management
MED073506,30698-015,Desipramine Hydrochloride,Norpramin,Validus Pharmaceuticals Llc,DESIPRAMINE HYDROCHLORIDE,50 mg/1,"TABLET, SUGAR COATED",ORAL,Tricyclic Antidepressant [EPC],CAT005,Neurology
MED073529,31722-163,"Dextroamphetamine Saccharate, Amphetamine Aspartate, Dextroamphetamine Sulfate, And Amphetamine Sulfate","Dextroamphetamine Saccharate, Amphetamine Aspartate, Dextroamphetamine Sulfate, And Amphetamine Sulfate","Camber Pharmaceuticals, Inc.",AMPHETAMINE ASPARTATE MONOHYDRATE,5 mg/1,TABLET,ORAL,Central Nervous System Stimulant [EPC],CAT005,Neurology
MED073536,31722-312,Cisatracurium Besylate,Cisatracurium Besylate,Camber Pharmaceuticals Inc.,CISATRACURIUM BESYLATE,10 mg/mL,INJECTION,INTRAVENOUS,Neuromuscular Nondepolarizing Blockade [PE],CAT005,Neurology
MED073566,31722-779,Nilotinib,Nilotinib,"Camber Pharmaceuticals, Inc.",NILOTINIB,150 mg/1,CAPSULE,ORAL,Bcr-Abl Tyrosine Kinase Inhibitors [MoA],CAT012,Ophthalmology
MED073584,3215-1202,Nicotine Transdermal System,Nicotine Transdermal System,Aveva Drug Delivery Systems Inc.,NICOTINE,14 mg/24h,PATCH,TRANSDERMAL,Cholinergic Nicotinic Agonist [EPC],CAT005,Neurology
MED073596,33342-091,Rivastigmine Tartrate,Rivastigmine Tartrate,Macleods Pharmaceuticals Limited,RIVASTIGMINE TARTRATE,4.5 mg/1,CAPSULE,ORAL,Cholinesterase Inhibitor [EPC],CAT005,Neurology
MED073633,34645-0003,Alcohol,Jianerkang Sanitizing Wipe,"Jianerkang Medical Co., Ltd",ALCOHOL,.7 mL/mL,CLOTH,TOPICAL,UNKNOWN,CAT015,Others
MED073638,34645-4008,Povidone-Iodine,Povidone Iodine Prep Pad,"Jianerkang Medical Co., Ltd",POVIDONE-IODINE,10 mg/100mL,SWAB,TOPICAL,UNKNOWN,CAT015,Others
MED073677,35916-0185,"Acetaminophen, Dextromethorphan Hbr And Doxylamine Succinate","Acetaminophen, Dextromethorphan Hbr And Doxylamine Succinate",Softgel Healthcare Private Limited,ACETAMINOPHEN,325 mg/1,"CAPSULE, LIQUID FILLED",ORAL,Antihistamine [EPC],CAT006,Respiratory
MED073701,36800-596,"Camphor, Eucalyptus Oil, Menthol",Chest Rub,Topco Associates Llc,CAMPHOR (SYNTHETIC),48 mg/g,JELLY,TOPICAL,UNKNOWN,CAT015,Others
MED073716,37000-044,Sodium Fluoride,Crest Baking Soda And Peroxide Whitening With Tartar Protection,The Procter & Gamble Manufacturing Company,SODIUM FLUORIDE,1.6 mg/g,"PASTE, DENTIFRICE",DENTAL,UNKNOWN,CAT015,Others
MED073734,37662-0086,Calcarea Iodata,Calcarea Iodata,"Hahnemann Laboratories, Inc.",CALCIUM IODIDE,30 [hp_C]/1,PELLET,ORAL,Blood Coagulation Factor [EPC],CAT003,Diabetes
MED073742,37662-0125,Calcarea Phosphorica,Calcarea Phosphorica,"Hahnemann Laboratories, Inc.",TRIBASIC CALCIUM PHOSPHATE,1 [hp_Q]/1,PELLET,ORAL,UNKNOWN,CAT015,Others
MED073748,37662-0137,Calcarea Sulphurica,Calcarea Sulphurica,"Hahnemann Laboratories, Inc.",CALCIUM SULFATE ANHYDROUS,30 [hp_C]/1,PELLET,ORAL,Blood Coagulation Factor [EPC],CAT003,Diabetes
MED073784,37662-0484,Collinsonia Canadensis,Collinsonia Canadensis,"Hahnemann Laboratories, Inc.",COLLINSONIA CANADENSIS ROOT,100 [hp_C]/1,PELLET,ORAL,UNKNOWN,CAT015,Others
MED073788,37662-0513,Croton Tiglium,Croton Tiglium,"Hahnemann Laboratories, Inc.",CROTON TIGLIUM SEED,6 [hp_C]/1,PELLET,ORAL,UNKNOWN,CAT015,Others
MED073825,37662-0796,Juglans Cinerea,Juglans Cinerea,"Hahnemann Laboratories, Inc.",JUGLANS CINEREA BRANCH BARK/ROOT BARK,100 [hp_C]/1,PELLET,ORAL,UNKNOWN,CAT015,Others
MED073830,37662-0810,Indium Metallicum,Indium Metallicum,"Hahnemann Laboratories, Inc.",INDIUM,30 [hp_C]/1,PELLET,ORAL,UNKNOWN,CAT015,Others
MED073843,37662-0970,Magnesia Oxydata,Magnesia Oxydata,"Hahnemann Laboratories, Inc.",MAGNESIUM OXIDE,500 [hp_C]/1,PELLET,ORAL,Calculi Dissolution Agent [EPC],CAT007,Gastrointestinal
MED073867,37662-1178,Natrum Sulphuratum,Natrum Sulphuratum,"Hahnemann Laboratories, Inc.",SODIUM SULFATE,30 [hp_C]/1,PELLET,ORAL,UNKNOWN,CAT015,Others
MED073889,37662-1373,Rhus Glabra,Rhus Glabra,"Hahnemann Laboratories, Inc.",RHUS GLABRA TOP,12 [hp_C]/1,PELLET,ORAL,UNKNOWN,CAT015,Others
MED073897,37662-1467,Kali Bichromicum,Kali Bichromicum,"Hahnemann Laboratories, Inc.",POTASSIUM DICHROMATE,12 [hp_C]/1,PELLET,ORAL,UNKNOWN,CAT015,Others
MED073905,37662-1535,Mercurius Iodatus Flavus,Mercurius Iodatus Flavus,"Hahnemann Laboratories, Inc.",MERCUROUS IODIDE,1 [hp_M]/1,PELLET,ORAL,UNKNOWN,CAT015,Others
MED073923,0132-0326,Dimethicone,Boudreauxs Butt Barrier,"C.B. Fleet Company, Inc.",DIMETHICONE,1 g/113g,OINTMENT,TOPICAL,Skin Barrier Activity [PE],CAT008,Dermatology
MED073941,37662-1835,Mercurius Vivus,Mercurius Vivus,"Hahnemann Laboratories, Inc.",MERCURY,6 [hp_C]/1,PELLET,ORAL,UNKNOWN,CAT015,Others
MED073971,37662-2100,Sepia,Sepia,"Hahnemann Laboratories, Inc.",SEPIA OFFICINALIS JUICE,100 [hp_C]/1,PELLET,ORAL,UNKNOWN,CAT015,Others
MED073990,37662-2204,Cobaltum Sulphuricum,Cobaltum Sulphuricum,"Hahnemann Laboratories, Inc.",COBALTOUS SULFATE HEPTAHYDRATE,1 [hp_M]/1,PELLET,ORAL,UNKNOWN,CAT015,Others
MED074025,37662-2500,Mercurius Bromatus,Mercurius Bromatus,"Hahnemann Laboratories, Inc.",MERCUROUS BROMIDE,6 [hp_C]/1,PELLET,ORAL,UNKNOWN,CAT015,Others
MED074040,37662-2622,Gallium Fluoratum,Gallium Fluoratum,"Hahnemann Laboratories, Inc.",GALLIUM TRIFLUORIDE,12 [hp_C]/1,PELLET,ORAL,UNKNOWN,CAT015,Others
MED074064,37662-2837,Zincum Oxydatum,Zincum Oxydatum,"Hahnemann Laboratories, Inc.",ZINC OXIDE,10 [hp_M]/1,PELLET,ORAL,UNKNOWN,CAT015,Others
MED074066,37662-2853,Manganum Fluoratum,Manganum Fluoratum,"Hahnemann Laboratories, Inc.",MANGANESE DIFLUORIDE,10 [hp_M]/1,PELLET,ORAL,Magnetic Resonance Contrast Activity [MoA],CAT014,Vitamins & Supplements
MED074086,37662-2996,Scandium Oxydatum,Scandium Oxydatum,"Hahnemann Laboratories, Inc.",SCANDIUM OXIDE,1 [hp_Q]/1,PELLET,ORAL,UNKNOWN,CAT015,Others
MED074145,37662-3526,Ancylostoma Caninum,Ancylostoma Caninum,"Hahnemann Laboratories, Inc.",ANCYLOSTOMA CANINUM,1 [hp_M]/1,PELLET,ORAL,UNKNOWN,CAT015,Others
MED074148,37662-3543,Aloe Socotrina,Aloe Socotrina,"Hahnemann Laboratories, Inc.",ALOE,10 [hp_M]/1,PELLET,ORAL,UNKNOWN,CAT015,Others
MED074208,37662-4044,Silicium Metallicum,Silicium Metallicum,"Hahnemann Laboratories, Inc.",SILICON,500 [hp_C]/1,PELLET,ORAL,UNKNOWN,CAT015,Others
MED074252,0143-9217,Idarubicin Hydrochloride,Idarubicin Hydrochloride,Hikma Pharmaceuticals Usa Inc.,IDARUBICIN HYDROCHLORIDE,1 mg/mL,"INJECTION, SOLUTION",INTRAVENOUS,Anthracycline Topoisomerase Inhibitor [EPC],CAT012,Ophthalmology
MED074255,37808-647,Ibuprofen,Ibuprofen,H E B,IBUPROFEN,200 mg/1,"TABLET, FILM COATED",ORAL,Anti-Inflammatory Agents,CAT004,Pain Management
MED074285,0143-9270,Floxuridine,Floxuridine,Hikma Pharmaceuticals Usa Inc.,FLOXURIDINE,100 mg/mL,"INJECTION, POWDER, LYOPHILIZED, FOR SOLUTION",INTRA-ARTERIAL,Antimetabolite [EPC],CAT012,Ophthalmology
MED074370,41250-684,Guaifenesin,Mucus Relief,Meijer Distribution Inc,GUAIFENESIN,600 mg/1,"TABLET, MULTILAYER, EXTENDED RELEASE",ORAL,Decreased Respiratory Secretion Viscosity [PE],CAT006,Respiratory
MED074375,41250-860,"Chamomile, Mercurius Solubilis, Sulfur",Meijer Ear Relief Ear Drops,Meijer Distribution Inc,MATRICARIA CHAMOMILLA,10 [hp_X]/12mL,SOLUTION/ DROPS,AURICULAR (OTIC),UNKNOWN,CAT015,Others
MED074435,42291-764,Fludrocortisone Acetate,Fludrocortisone Acetate,Avkare,FLUDROCORTISONE ACETATE,.1 mg/1,TABLET,ORAL,UNKNOWN,CAT015,Others
MED074499,42681-0050,Diphenhydramine Hcl,Allergy Relief,"Whole Foods Market, Inc.",DIPHENHYDRAMINE HYDROCHLORIDE,25 mg/1,"CAPSULE, LIQUID FILLED",ORAL,Histamine H1 Receptor Antagonists [MoA],CAT006,Respiratory
MED074626,43353-931,Metolazone,Metolazone,"Aphena Pharma Solutions - Tennessee, Llc",METOLAZONE,5 mg/1,TABLET,ORAL,Increased Diuresis [PE],CAT003,Diabetes
MED074635,43386-770,Flucytosine,Flucytosine,"Lupin Pharmaceuticals,Inc.",FLUCYTOSINE,500 mg/1,CAPSULE,ORAL,Nucleoside Analog Antifungal [EPC],CAT001,Antibiotics
MED074710,43598-426,Bortezomib,Bortezomib,"Dr.Reddy'S Laboratories, Inc.",BORTEZOMIB,3.5 mg/1,"INJECTION, POWDER, LYOPHILIZED, FOR SOLUTION",INTRAVENOUS,Proteasome Inhibitor [EPC],CAT012,Ophthalmology
MED074716,43598-618,Saxagliptin And Metformin Hydrochloride,Saxagliptin And Metformin Hydrochloride,Dr.Reddys Laboratories Inc,METFORMIN HYDROCHLORIDE,1000 mg/1,"TABLET, FILM COATED, EXTENDED RELEASE",ORAL,Biguanide [EPC],CAT002,Cardiovascular
MED074776,43853-0023,Human Growth Hormone,Hgh,Problen,SOMATROPIN,30 [hp_X]/30mL,LIQUID,ORAL,Human Growth Hormone [CS],CAT009,Oncology
MED074781,43857-0109,"Passiflora Incarnata, Valeriana Officinalis, Aurum Metallicum, Baryta Carbonica, Glonoinum, Phosphorus, Plumbum Metallicum, Viscum Album",Viscumforce,"Bioactive Nutritional, Inc.",BARIUM CARBONATE,12 [hp_X]/mL,LIQUID,ORAL,Allergens [CS],CAT006,Respiratory
MED074782,0173-0774,Lamotrigine,Lamictal Odt,Glaxosmithkline Llc,LAMOTRIGINE,50 mg/1,"TABLET, ORALLY DISINTEGRATING",ORAL,Anti-epileptic Agent [EPC],CAT005,Neurology
MED074820,44087-9030,Follitropin Alfa,Gonal-F,"Emd Serono, Inc.",UNKNOWN,UNKNOWN,KIT,SUBCUTANEOUS,UNKNOWN,CAT015,Others
MED074953,0187-3554,Flucytosine,Ancobon,Bausch Health Us Llc,FLUCYTOSINE,250 mg/1,CAPSULE,ORAL,Nucleoside Analog Antifungal [EPC],CAT001,Antibiotics
MED074964,46708-186,Telmisartan And Amlodipine,Telmisartan And Amlodipine,Alembic Pharmaceuticals Limited,AMLODIPINE BESYLATE,5 mg/1,TABLET,ORAL,Angiotensin 2 Receptor Antagonists [MoA],CAT003,Diabetes
MED074976,46708-420,Carbamazepine,Carbamazepine,Alembic Pharmaceuticals Limited,CARBAMAZEPINE,100 mg/1,"TABLET, FILM COATED, EXTENDED RELEASE",ORAL,Cytochrome P450 1A2 Inducers [MoA],CAT014,Vitamins & Supplements
MED075004,46708-772,Lamotrigine,Lamotrigine,Alembic Pharmaceuticals Limited,LAMOTRIGINE,100 mg/1,"TABLET, ORALLY DISINTEGRATING",ORAL,Anti-epileptic Agent [EPC],CAT005,Neurology
MED075025,47335-669,Diltiazem Hydrochloride,Diltiazem Hydrochloride,"Sun Pharmaceutical Industries, Inc.",DILTIAZEM HYDROCHLORIDE,120 mg/1,"CAPSULE, EXTENDED RELEASE",ORAL,Calcium Channel Antagonists [MoA],CAT003,Diabetes
MED075060,0220-0170,Onion,Allium Cepa,Boiron,ONION,30 [hp_C]/30[hp_C],PELLET,ORAL,Allergens [CS],CAT006,Respiratory
MED075071,47781-646,Levothyroxine Sodium,Levothyroxine Sodium,"Alvogen, Inc.",LEVOTHYROXINE SODIUM,75 ug/1,TABLET,ORAL,Thyroxine [CS],CAT009,Oncology
MED075081,48433-010,Atorvastatin Calcium,Atorvastatin Calcium,"Safecor Health, Llc",ATORVASTATIN CALCIUM TRIHYDRATE,80 mg/1,"TABLET, FILM COATED",ORAL,HMG-CoA Reductase Inhibitor [EPC],CAT003,Diabetes
MED075101,48951-2149,Birch Juniper,Birch Juniper,Uriel Pharmacy Inc,BETULA PENDULA BARK,1 [hp_X]/mL,LIQUID,ORAL,Allergens [CS],CAT006,Respiratory
MED075125,49035-181,Acetaminophen,Acetaminophen,Wal-Mart Stores Inc,ACETAMINOPHEN,650 mg/1,"TABLET, FILM COATED, EXTENDED RELEASE",ORAL,UNKNOWN,CAT015,Others
MED075147,49035-643,"Loratadine, Pseudoephedrine Sulfate",Equate Allergy And Congestion Relief,Wal-Mart Stores Inc,LORATADINE,5 mg/1,"TABLET, FILM COATED, EXTENDED RELEASE",ORAL,Adrenergic alpha-Agonists [MoA],CAT003,Diabetes
MED075249,49884-768,Tolvaptan,Tolvaptan,"Endo Usa, Inc.",TOLVAPTAN,15 mg/1,TABLET,ORAL,Vasopressin V2 Receptor Antagonist [EPC],CAT003,Diabetes
MED075277,49967-976,Octinoxate,Giorgio Armani Power Fabric Plus Weightless Matte Foundation Broad Spectrum Spf 25 Sunscreen,L'Oreal Usa Products Inc.,OCTINOXATE,68 mg/mL,LOTION,TOPICAL,UNKNOWN,CAT015,Others
MED075281,50066-010,"Glycerin, Petrolatum, Phenylephrine Hydrochloride, And Pramoxine Hydrochloride",Nikzon Hemorrhoidal,Genomma Lab Usa,GLYCERIN,144 mg/g,CREAM,TOPICAL,Adrenergic alpha1-Agonists [MoA],CAT003,Diabetes
MED075285,0220-0668,Gold,Aurum Metallicum,Boiron,GOLD,30 [hp_C]/30[hp_C],PELLET,ORAL,Allergens [CS],CAT006,Respiratory
MED075291,50090-0235,Betamethasone Dipropionate,Betamethasone Dipropionate,A-S Medication Solutions,BETAMETHASONE DIPROPIONATE,.5 mg/g,CREAM,TOPICAL,Corticosteroid Hormone Receptor Agonists [MoA],CAT004,Pain Management
MED075297,50090-0491,Medroxyprogesterone Acetate,Medroxyprogesterone Acetate,A-S Medication Solutions,MEDROXYPROGESTERONE ACETATE,5 mg/1,TABLET,ORAL,Progesterone Congeners [CS],CAT009,Oncology
MED075300,50090-0570,"Neomycin Sulfate, Polymyxin B Sulfate And Dexamethasone",Neomycin Polymyxin B Sulfates And Dexamethasone,A-S Medication Solutions,DEXAMETHASONE,1 mg/mL,SUSPENSION/ DROPS,OPHTHALMIC,Aminoglycoside Antibacterial [EPC],CAT001,Antibiotics
MED075313,50090-1062,Carvedilol,Carvedilol,A-S Medication Solutions,CARVEDILOL,3.125 mg/1,"TABLET, FILM COATED",ORAL,Adrenergic alpha-Antagonists [MoA],CAT003,Diabetes
MED075314,50090-1075,Guaifenesin And Pseudoephedrine Hydrochloride,Mucinex D,A-S Medication Solutions,GUAIFENESIN,600 mg/1,"TABLET, EXTENDED RELEASE",ORAL,Adrenergic alpha-Agonists [MoA],CAT003,Diabetes
MED075327,0220-0770,Baptisia Tinctoria Root,Baptisia Tinctoria,Boiron,BAPTISIA TINCTORIA ROOT,200 [kp_C]/200[kp_C],PELLET,ORAL,UNKNOWN,CAT015,Others
MED075335,50090-2062,Clostridium Tetani Toxoid Antigen (Formaldehyde Inactivated) And Corynebacterium Diphtheriae Toxoid Antigen (Formaldehyde Inactivated),Tenivac,A-S Medication Solutions,CLOSTRIDIUM TETANI TOXOID ANTIGEN (FORMALDEHYDE INACTIVATED),5 [Lf]/.5mL,"INJECTION, SUSPENSION",INTRAMUSCULAR,Actively Acquired Immunity [PE],CAT010,Allergy
MED075347,50090-2494,Drospirenone And Ethinyl Estradiol,Drospirenone And Ethinyl Estradiol,A-S Medication Solutions,UNKNOWN,UNKNOWN,KIT,UNKNOWN,UNKNOWN,CAT015,Others
MED075384,50090-4951,Levothyroxine Sodium,Levothyroxine Sodium,A-S Medication Solutions,LEVOTHYROXINE SODIUM,.088 mg/1,TABLET,ORAL,Thyroxine [CS],CAT009,Oncology
MED075418,50090-5727,Meclizine Hydrochloride,Meclizine Hydrochloride,A-S Medication Solutions,MECLIZINE HYDROCHLORIDE,25 mg/1,TABLET,ORAL,Antiemetic [EPC],CAT007,Gastrointestinal
MED075420,50090-5778,Clobetasol Propionate,Clobetasol Propionate,A-S Medication Solutions,CLOBETASOL PROPIONATE,.4625 mg/mL,SOLUTION,TOPICAL,Corticosteroid Hormone Receptor Agonists [MoA],CAT004,Pain Management
MED075460,0220-1014,Cadmium Sulfide,Cadmium Sulphuratum,Boiron,CADMIUM SULFIDE,30 [hp_C]/30[hp_C],PELLET,ORAL,UNKNOWN,CAT015,Others
MED075474,50090-6757,Tizanidine,Tizanidine,A-S Medication Solutions,TIZANIDINE HYDROCHLORIDE,4 mg/1,TABLET,ORAL,Adrenergic alpha2-Agonists [MoA],CAT003,Diabetes
MED075478,0220-1067,Calcium Iodide,Calcarea Iodata,Boiron,CALCIUM IODIDE,200 [kp_C]/200[kp_C],PELLET,ORAL,Blood Coagulation Factor [EPC],CAT003,Diabetes
MED075480,50090-6856,Metformin Hydrochloride,Metformin Hydrochloride,A-S Medication Solutions,METFORMIN HYDROCHLORIDE,1000 mg/1,"TABLET, FILM COATED",ORAL,Biguanide [EPC],CAT002,Cardiovascular
MED075496,50090-6989,Rosuvastatin Calcium,Rosuvastatin Calcium,A-S Medication Solutions,ROSUVASTATIN CALCIUM,5 mg/1,"TABLET, FILM COATED",ORAL,HMG-CoA Reductase Inhibitor [EPC],CAT003,Diabetes
MED075510,50090-7196,Famotidine,Famotidine,A-S Medication Solutions,FAMOTIDINE,40 mg/1,"TABLET, FILM COATED",ORAL,Histamine H2 Receptor Antagonists [MoA],CAT006,Respiratory
MED075535,50090-7460,Colesevelam Hydrochloride,Colesevelam Hydrochloride,A-S Medication Solutions,COLESEVELAM HYDROCHLORIDE,625 mg/1,"TABLET, FILM COATED",ORAL,Bile Acid Sequestrant [EPC],CAT007,Gastrointestinal
MED075544,50090-7567,Metoprolol Tartrate,Metoprolol Tartrate,A-S Medication Solutions,METOPROLOL TARTRATE,25 mg/1,TABLET,ORAL,Adrenergic beta-Antagonists [MoA],CAT003,Diabetes
MED075550,50090-7628,Glimepiride,Glimepiride,A-S Medication Solutions,GLIMEPIRIDE,2 mg/1,TABLET,ORAL,Sulfonylurea Compounds [CS],CAT002,Cardiovascular
MED075570,50090-7795,Losartan Potassium,Losartan Potassium,A-S Medication Solutions,LOSARTAN POTASSIUM,25 mg/1,"TABLET, FILM COATED",ORAL,Angiotensin 2 Receptor Antagonists [MoA],CAT003,Diabetes
MED075626,50242-260,"Pertuzumab, Trastuzumab, And Hyaluronidase-Zzxf",Phesgo,"Genentech, Inc.",HYALURONIDASE (HUMAN RECOMBINANT),20000 U/10mL,"INJECTION, SOLUTION",SUBCUTANEOUS,Endoglycosidase [EPC],CAT014,Vitamins & Supplements
MED075634,50268-280,Doxycycline,Doxycycline,Avpak,DOXYCYCLINE,50 mg/1,CAPSULE,ORAL,Tetracycline-class Drug [EPC],CAT001,Antibiotics
MED075684,50458-639,Topiramate,Topamax,"Janssen Pharmaceuticals, Inc.",TOPIRAMATE,25 mg/1,"TABLET, COATED",ORAL,Cytochrome P450 2C19 Inhibitors [MoA],CAT014,Vitamins & Supplements
MED075706,50594-149,"Avobenzone, Homosalate, Octocrylene,",Big Lots Soundbody Spf 30 Sport Sunscreen,"Big Lots Stores, Inc.",AVOBENZONE,20 mg/g,"AEROSOL, SPRAY",TOPICAL,UNKNOWN,CAT015,Others
MED075710,0220-1502,Citrullus Colocynthis Fruit Pulp,Colocynthis,Boiron,CITRULLUS COLOCYNTHIS FRUIT PULP,9 [hp_C]/9[hp_C],PELLET,ORAL,UNKNOWN,CAT015,Others
MED075726,50742-637,Quetiapine Fumarate,Quetiapine Fumarate,"Ingenus Pharmaceuticals, Llc",QUETIAPINE FUMARATE,200 mg/1,"TABLET, EXTENDED RELEASE",ORAL,Atypical Antipsychotic [EPC],CAT005,Neurology
MED075728,50771-001,Venlafaxine Hydrochloride,Venlafaxine Hydrochloride,"Yaopharma Co., Ltd.",VENLAFAXINE HYDROCHLORIDE,25 mg/1,TABLET,ORAL,Norepinephrine Uptake Inhibitors [MoA],CAT005,Neurology
MED075758,50991-736,Guaifenesin And Phenylephrine Hcl,Deconex Ir,"Poly Pharmaceuticals, Inc.",GUAIFENESIN,385 mg/1,TABLET,ORAL,Adrenergic alpha1-Agonists [MoA],CAT003,Diabetes
MED075774,51060-318,Titanium Dioxide And Zinc Oxide,Sugar Rush Skin Treat Poreless Tinted Moisturizer Broad Spectrum Spf 20 Sunscreen Rich,"Tarte, Inc.",TITANIUM DIOXIDE,45.5 mg/mL,LIQUID,TOPICAL,UNKNOWN,CAT015,Others
MED075780,0220-1776,Mucuna Pruriens Fruit Trichome,Dolichos Pruriens,Boiron,MUCUNA PRURIENS FRUIT TRICHOME,6 [hp_C]/6[hp_C],PELLET,ORAL,UNKNOWN,CAT015,Others
MED075783,51079-566,Thioridazine Hydrochloride,Thioridazine Hydrochloride,Mylan Institutional Inc.,THIORIDAZINE HYDROCHLORIDE,25 mg/1,"TABLET, FILM COATED",ORAL,Phenothiazine [EPC],CAT005,Neurology
MED075819,51316-546,"Acetaminophen, Dextromethorphan Hbr, Guaifenesin, Phenylephrine Hcl",Sinus Pe Head Congestion And Flu Severe,"Cvs Woonsocket Prescription Center, Incorporated",ACETAMINOPHEN,325 mg/1,"TABLET, FILM COATED",ORAL,Adrenergic alpha1-Agonists [MoA],CAT003,Diabetes
MED075844,51326-203,Pyrithione Zinc,Zolidyne,"Topiderm, Inc.",PYRITHIONE ZINC,20 mg/mL,SHAMPOO,TOPICAL,UNKNOWN,CAT015,Others
MED075904,51407-773,Amlodipine And Valsartan,Amlodipine And Valsartan,"Golden State Medical Supply, Inc.",AMLODIPINE,10 mg/1,TABLET,ORAL,Angiotensin 2 Receptor Antagonists [MoA],CAT003,Diabetes
MED075963,51655-453,Levothyroxine Sodium,Levothyroxine Sodium,"Northwind Health Company, Llc",LEVOTHYROXINE SODIUM,.05 mg/1,TABLET,ORAL,Thyroxine [CS],CAT009,Oncology
MED076007,51662-1329,Sterile Water,Sterile Water,"Hf Acquisition Co Llc, Dba Healthfirst",WATER,1 mL/mL,INJECTION,INTRAMUSCULAR,UNKNOWN,CAT015,Others
MED076012,51662-1379,Calcium Chloride,Calcium Chloride,"Hf Acquisition Co Llc, Dba Healthfirst",CALCIUM CHLORIDE,100 mg/mL,INJECTION,INTRAVENOUS,Blood Coagulation Factor [EPC],CAT003,Diabetes
MED076029,51662-1519,Nitroglycerin Lingual,Nitroglycerin Lingual,"Hf Acquisition Co Llc, Dba Healthfirst",NITROGLYCERIN,400 ug/1,SPRAY,ORAL,Nitrate Vasodilator [EPC],CAT003,Diabetes
MED076065,51672-4046,Enalapril Maleate And Hydrochlorothiazide,Enalapril Maleate And Hydrochlorothiazide,"Sun Pharmaceutical Industries, Inc.",ENALAPRIL MALEATE,10 mg/1,TABLET,ORAL,Angiotensin Converting Enzyme Inhibitor [EPC],CAT003,Diabetes
MED076078,51759-310,Adalimumab-Ryvk,Adalimumab-Ryvk,"Teva Pharmaceuticals Usa, Inc.",UNKNOWN,UNKNOWN,KIT,UNKNOWN,UNKNOWN,CAT015,Others
MED076095,51879-260,Pramoxine Hci,Licefreee Afterlice,Tec Laboratories Inc.,PRAMOXINE HYDROCHLORIDE,10 mg/g,SPRAY,TOPICAL,UNKNOWN,CAT015,Others
MED076101,51991-342,Pomalidomide,Pomalidomide,"Breckenridge Pharmaceutical, Inc.",POMALIDOMIDE,1 mg/1,CAPSULE,ORAL,Thalidomide Analog [EPC],CAT012,Ophthalmology
MED076107,51991-963,Tofacitinib Citrate,Tofacitinib,"Breckenridge Pharmaceutical, Inc.",TOFACITINIB CITRATE,10 mg/1,TABLET,ORAL,Janus Kinase Inhibitor [EPC],CAT012,Ophthalmology
MED076108,51991-983,Norepinephrine Bitartrate,Norepinephrine Bitartrate,"Breckenridge Pharmaceutical, Inc.",NOREPINEPHRINE BITARTRATE,1 mg/mL,"INJECTION, SOLUTION, CONCENTRATE",INTRAVENOUS,Catecholamine [EPC],CAT005,Neurology
MED076141,52410-3022,"Camphor (Synthetic), Eucalyptus Oil, And Menthol",Medpride Chest Rub,Shield Line Llc,CAMPHOR (SYNTHETIC),.047 g/g,OINTMENT,TOPICAL,UNKNOWN,CAT015,Others
MED076157,52536-520,Dextroamphetamine Sulfate,Dextroamphetamine Sulfate,"Wilshire Pharmaceuticals, Inc.",DEXTROAMPHETAMINE SULFATE,20 mg/1,TABLET,ORAL,Central Nervous System Stimulant [EPC],CAT005,Neurology
MED076174,52817-260,Oxybutynin Chloride,Oxybutynin Chloride,Trupharma Llc,OXYBUTYNIN CHLORIDE,5 mg/1,TABLET,ORAL,Cholinergic Muscarinic Antagonist [EPC],CAT005,Neurology
MED076194,53041-147,Calcium Polycarbophil,Fiber Caps,Guardian Drug Company,CALCIUM POLYCARBOPHIL,625 mg/1,"TABLET, FILM COATED",ORAL,UNKNOWN,CAT015,Others
MED076205,53185-249,Aspirin,Aspirin,Athlete'S Needs Inc,ASPIRIN,325 mg/1,TABLET,ORAL,Anti-Inflammatory Agents,CAT004,Pain Management
MED076212,0220-2957,Potassium Chloride,Kali Muriaticum,Boiron,POTASSIUM CHLORIDE,1 [hp_M]/[hp_M],PELLET,ORAL,Increased Large Intestinal Motility [PE],CAT007,Gastrointestinal
MED076215,53225-3075,Meloxicam,Meloxicam,"Terrain Pharmaceuticals, Inc.",MELOXICAM,7.5 mg/1,TABLET,ORAL,Anti-Inflammatory Agents,CAT004,Pain Management
MED076266,53645-2470,Hepar (Liver) 30X,Hepar (Liver) 30X,"True Botanica, Llc",BEEF LIVER,30 [hp_X]/30mL,LIQUID,ORAL,Allergens [CS],CAT006,Respiratory
MED076275,53746-192,Naproxen Sodium,Naproxen Sodium (Nsaid) Fever Reducer/ Pain Reliever,Amneal Pharmaceuticals Of New York Llc,NAPROXEN SODIUM,220 mg/1,TABLET,ORAL,Anti-Inflammatory Agents,CAT004,Pain Management
MED076282,0023-4291,Alcaftadine,Lastacaft,"Allergan, Inc.",ALCAFTADINE,2.5 mg/mL,SOLUTION/ DROPS,OPHTHALMIC,Histamine H1 Receptor Antagonists [MoA],CAT006,Respiratory
MED076327,54111-169,Pyrithione Zinc,Moisturizing Dandruff 1% Pyrithione Zinc,"Bentley Laboratories, Llc",PYRITHIONE ZINC,1 g/100mL,SHAMPOO,TOPICAL,UNKNOWN,CAT015,Others
MED076348,54288-183,Zoledronic Acid,Zoledronic Acid,Bpi Labs Llc,ZOLEDRONIC ACID,4 mg/5mL,"INJECTION, SOLUTION, CONCENTRATE",INTRAVENOUS,Bisphosphonate [EPC],CAT009,Oncology
MED076372,54633-115,Salicylic Acid,Veraciti,The Podiatree Company,SALICYLIC ACID,17 g/100g,GEL,TOPICAL,UNKNOWN,CAT015,Others
MED076386,54860-427,Alcohol,Lemon Lime Hand Sanitizer Spray. 01,"Shenzhen Lantern Scicence Co.,Ltd.",ALCOHOL,70 mL/100mL,SPRAY,TOPICAL,UNKNOWN,CAT015,Others
MED076391,0220-3405,Mercurius Solubilis,Mercurius Solubilis,Boiron,MERCURIUS SOLUBILIS,30 [hp_C]/30[hp_C],PELLET,ORAL,UNKNOWN,CAT015,Others
MED076403,54860-553,Alcohol,Smart Care Hand Sanitizer Jasmine Jewel,"Shenzhen Lantern Scicence Co.,Ltd.",ALCOHOL,70 mL/100mL,SPRAY,TOPICAL,UNKNOWN,CAT015,Others
MED076441,55111-453,Venlafaxine Hydrochloride,Venlafaxine Hydrochloride,Dr.Reddy'S Laboratories Ltd.,VENLAFAXINE HYDROCHLORIDE,37.5 mg/1,"CAPSULE, EXTENDED RELEASE",ORAL,Norepinephrine Uptake Inhibitors [MoA],CAT005,Neurology
MED076461,55150-127,Oxacillin Sodium,Oxacillin,Eugia Us Llc,OXACILLIN SODIUM,1 g/1,"INJECTION, POWDER, FOR SOLUTION",INTRAMUSCULAR,Penicillin-class Antibacterial [EPC],CAT001,Antibiotics
MED076463,55150-159,Lidocaine Hydrochloride,Lidocaine Hydrochloride,Eugia Us Llc,LIDOCAINE HYDROCHLORIDE,10 mg/mL,"INJECTION, SOLUTION",EPIDURAL,Amide Local Anesthetic [EPC],CAT004,Pain Management
MED076489,55150-330,Medroxyprogesterone Acetate,Medroxyprogesterone Acetate,Eugia Us Llc,MEDROXYPROGESTERONE ACETATE,150 mg/mL,"INJECTION, SUSPENSION",INTRAMUSCULAR,Progesterone Congeners [CS],CAT009,Oncology
MED076506,55154-2142,Tamsulosin Hydrochloride,Tamsulosin Hydrochloride,"Cardinal Health 107, Llc",TAMSULOSIN HYDROCHLORIDE,.4 mg/1,CAPSULE,ORAL,Adrenergic alpha-Antagonists [MoA],CAT003,Diabetes
MED076570,55319-007,Menthol,Cherry Cough Drops,Family Dollar,MENTHOL,5.8 mg/1,LOZENGE,ORAL,UNKNOWN,CAT015,Others
MED076588,55319-885,Alcohol,"Family Beauty Hydrating Hand Sanitizer, Aloe Scented","Family Dollar Stores, Llc",ALCOHOL,70 mL/100mL,SPRAY,TOPICAL,UNKNOWN,CAT015,Others
MED076620,55614-210,"Camphor, Menthol, Methyl Salicylate",Solstice Pain Relieving,Madison One Acme Inc,CAMPHOR (SYNTHETIC),3.1 g/100g,PATCH,TOPICAL,UNKNOWN,CAT015,Others
MED076662,55714-4795,"Aconitum Nap, Arnica, Bellis, Calendula, Echinacea, Gelsemium, Hamamelis, Hypericum, Ledum, Phosphorus, Rhus Toxicodendron, Ruta, Staphysag., Symphytum, Hydrastis Canadensis.",Injury-Rescue,"Newton Laboratories, Inc.",ACONITUM NAPELLUS,20 [hp_X]/mL,LIQUID,ORAL,UNKNOWN,CAT015,Others
MED076707,55910-649,Magnesium Hydroxide,Milk Of Magnesia,"Dolgencorp, Inc.",MAGNESIUM HYDROXIDE,1200 mg/15mL,LIQUID,ORAL,Calculi Dissolution Agent [EPC],CAT007,Gastrointestinal
MED076724,55910-954,Bisacodyl,Extra Gentle Laxative,Dolgencorp Inc,BISACODYL,5 mg/1,"TABLET, DELAYED RELEASE",ORAL,Increased Large Intestinal Motility [PE],CAT007,Gastrointestinal
MED076745,56062-939,Cetirizine Hydrochloride,Cetirizine Hydrochloride,Publix Super Markets Inc,CETIRIZINE HYDROCHLORIDE,10 mg/1,TABLET,ORAL,Histamine H1 Receptor Antagonists [MoA],CAT006,Respiratory
MED076766,0220-4459,Rumex Crispus Root,Rumex Crispus,Boiron,RUMEX CRISPUS ROOT,1 [hp_M]/[hp_M],PELLET,ORAL,UNKNOWN,CAT015,Others
MED076771,57237-274,Lamivudine,Lamivudine,"Rising Pharma Holdings, Inc.",LAMIVUDINE,10 mg/mL,SOLUTION,ORAL,Hepatitis B Virus Nucleoside Analog Reverse Transcriptase Inhibitor [EPC],CAT001,Antibiotics
MED076774,57237-323,Nicotine Polacrilex,Nicotine Polacrilex,"Rising Pharma Holdings, Inc.",NICOTINE,4 mg/1,"GUM, CHEWING",ORAL,Cholinergic Nicotinic Agonist [EPC],CAT005,Neurology
MED076790,57337-087,Chloroxylenol,Triclosan Free Antibacterial 7.5 Oz Original Antibacterial,Rejoice International Corp.,CHLOROXYLENOL,.3 g/100mL,LIQUID,TOPICAL,UNKNOWN,CAT015,Others
MED076792,57337-126,Alcohol,Hand Sanitizer 2Pk Aloe 2Oz,Ningbo Rejoice International,ALCOHOL,70 mL/100mL,LIQUID,TOPICAL,UNKNOWN,CAT015,Others
MED076809,57627-161,"Octinoxate, Titanium Dioxide",Creamy Beige Expert Finish Makeup Broad Spectrum Spf 25 Merle Norman,"Merle Norman Cosmetics, Inc",OCTINOXATE,4 g/100g,CREAM,TOPICAL,UNKNOWN,CAT015,Others
MED076819,57664-231,Nitrofurantion,Nitrofurantion,"Sun Pharmaceutical Industries, Inc.",NITROFURANTOIN,25 mg/1,CAPSULE,ORAL,Nitrofuran Antibacterial [EPC],CAT001,Antibiotics
MED076844,57894-502,Daratumumab,Darzalex,"Janssen Biotech, Inc.",DARATUMUMAB,100 mg/5mL,"INJECTION, SOLUTION, CONCENTRATE",INTRAVENOUS,Antibodies,CAT010,Allergy
MED076868,58118-4484,Acetaminophen And Codeine Phosphate,Acetaminophen And Codeine Phosphate,"Clinical Solutions Wholesale, Llc",ACETAMINOPHEN,300 mg/1,TABLET,ORAL,Full Opioid Agonists [MoA],CAT004,Pain Management
MED076888,58264-0036,"Amanita Muscaria Fruiting Body, Strychnos Ignatii Seed, Lachesis Muta Venom, Magnesium Phosphate, Dibasic Trihydrate, Phosphorus, And Zinc Valerate Dihydrate",D-36,"Dna Labs, Inc.",AMANITA MUSCARIA FRUITING BODY,12 [hp_X]/mL,SOLUTION,SUBLINGUAL,Calculi Dissolution Agent [EPC],CAT007,Gastrointestinal
MED076889,58264-0048,"Picric Acid, Bryonia Alba Root, Cinchona Officinalis Bark, Solanum Dulcamara Whole, Potassium Carbonate, Phosphorus, Sepia Officinalis Juice, Silicon Dioxide, Lycopodium Clavatum Spore, And Ferrosoferric Phosphate",D-48,"Dna Labs, Inc.",BRYONIA ALBA ROOT,12 [hp_X]/mL,SOLUTION,SUBLINGUAL,UNKNOWN,CAT015,Others
MED076892,58264-0069,"Arsenic Trioxide, Citrullus Colocynthis Fruit Pulp, Ranunculus Bulbosus, And Toxicodendron Pubescens Leaf",D-69,"Dna Labs, Inc.",ARSENIC TRIOXIDE,12 [hp_X]/mL,SOLUTION,SUBLINGUAL,UNKNOWN,CAT015,Others
MED076912,58264-0255,Malus Pumila Whole,T-10,"Dna Labs, Inc.",MALUS PUMILA WHOLE,30 [hp_X]/mL,SOLUTION,SUBLINGUAL,UNKNOWN,CAT015,Others
MED076917,58264-0293,"Capra Hircus Skin, Felis Catus Skin, Bos Taurus Skin, Canis Lupus Familiaris Skin, Equus Caballus Skin, Capra Hircus Hair, And Sheep Wool",A-1,"Dna Labs, Inc.",BOS TAURUS SKIN,30 [hp_X]/mL,SOLUTION,SUBLINGUAL,Allergens [CS],CAT006,Respiratory
MED076926,58274-014,Zinc Oxide,Brush On Block Bounce Butter Spf 30 Moisturizing Mousse,Spf Ventures Llc,ZINC OXIDE,15.4 g/100mL,LOTION,TOPICAL,UNKNOWN,CAT015,Others
MED076965,58411-939,Titanium Dioxide,Cle De Peau Beaute Radiant Fluid Foundation Matte M I10,Shiseido Americas Corporation,TITANIUM DIOXIDE,2.73735 g/35mL,CREAM,TOPICAL,UNKNOWN,CAT015,Others
MED076983,58559-001,Menthol,Relief Pain Relieving Cream,"Corganics, Lp",MENTHOL,2.5 g/100g,CREAM,TOPICAL,UNKNOWN,CAT015,Others
MED077065,59088-334,Chlorhexidine Gluconate Surgical Combo Kit,Dermacinrx Surgical Combopak,Puretek Corporation,UNKNOWN,UNKNOWN,KIT,UNKNOWN,UNKNOWN,CAT015,Others
MED077097,59353-408,Methoxy Polyethylene Glycol-Epoetin Beta,Mircera,Vifor (International) Inc.,METHOXY POLYETHYLENE GLYCOL-EPOETIN BETA,360 ug/.6mL,"INJECTION, SOLUTION",INTRAVENOUS,Erythropoiesis-stimulating Agent [EPC],CAT010,Allergy
MED077148,59651-404,Memantine Hydrochloride,Memantine Hydrochloride,Aurobindo Pharma Limited,MEMANTINE HYDROCHLORIDE,7 mg/1,"CAPSULE, EXTENDED RELEASE",ORAL,N-methyl-D-aspartate Receptor Antagonist [EPC],CAT005,Neurology
MED077191,59746-177,Cyclobenzaprine Hydrochloride,Cyclobenzaprine Hydrochloride,Jubilant Cadista Pharmaceuticals Inc.,CYCLOBENZAPRINE HYDROCHLORIDE,10 mg/1,"TABLET, FILM COATED",ORAL,Centrally-mediated Muscle Relaxation [PE],CAT005,Neurology
MED077193,59746-218,Spironolactone,Spironolactone,Jubilant Cadista Pharmacuticals Inc.,SPIRONOLACTONE,100 mg/1,"TABLET, FILM COATED",ORAL,Aldosterone Antagonist [EPC],CAT003,Diabetes
MED077239,59900-130,Benzalkonium Chloride,Alpet Q E2,"Best Sanitizers, Inc",BENZALKONIUM CHLORIDE,1.2 g/1000mL,LIQUID,TOPICAL,UNKNOWN,CAT015,Others
MED077264,60232-3537,Sunscreen,Image Md Restoring Lip Enhancer Spf15,"Swiss-American Cdmo, Llc",AVOBENZONE,30 g/1000g,CREAM,TOPICAL,UNKNOWN,CAT015,Others
MED077271,60290-059,Carbamazepine,Carbamazepine,Umedica Laboratories Usa Inc.,CARBAMAZEPINE,200 mg/1,"TABLET, EXTENDED RELEASE",ORAL,Cytochrome P450 1A2 Inducers [MoA],CAT014,Vitamins & Supplements
MED077293,60505-4452,Ticagrelor,Ticagrelor,Apotex Corp.,TICAGRELOR,90 mg/1,TABLET,ORAL,Cytochrome P450 3A4 Inhibitors [MoA],CAT014,Vitamins & Supplements
MED077323,60687-145,Prednisone,Prednisone,American Health Packaging,PREDNISONE,20 mg/1,TABLET,ORAL,Corticosteroid Hormone Receptor Agonists [MoA],CAT004,Pain Management
MED077329,60687-226,Propranolol Hydrochloride,Propranolol Hydrochloride,American Health Packaging,PROPRANOLOL HYDROCHLORIDE,80 mg/1,"CAPSULE, EXTENDED RELEASE",ORAL,Adrenergic beta-Antagonists [MoA],CAT003,Diabetes
MED077344,60687-508,Levothyroxine Sodium,Levothyroxine Sodium,American Health Packaging,LEVOTHYROXINE SODIUM,.112 mg/1,TABLET,ORAL,Thyroxine [CS],CAT009,Oncology
MED077379,60687-890,Diphenoxylate Hydrochloride And Atropine Sulfate,Diphenoxylate Hydrochloride And Atropine Sulfate,American Health Packaging,ATROPINE SULFATE,.025 mg/1,TABLET,ORAL,Anticholinergic [EPC],CAT005,Neurology
MED077380,60687-897,Pravastatin Sodium,Pravastatin Sodium,American Health Packaging,PRAVASTATIN SODIUM,20 mg/1,TABLET,ORAL,HMG-CoA Reductase Inhibitor [EPC],CAT003,Diabetes
MED077390,60760-437,Atenolol,Atenolol,St. Mary'S Medical Park Pharmacy,ATENOLOL,25 mg/1,TABLET,ORAL,Adrenergic beta-Antagonists [MoA],CAT003,Diabetes
MED077391,60760-487,Clindamycin Hydrochloride,Clindamycin Hydrochloride,St. Mary'S Medical Park Pharmacy,CLINDAMYCIN HYDROCHLORIDE,150 mg/1,CAPSULE,ORAL,Decreased Sebaceous Gland Activity [PE],CAT008,Dermatology
MED077461,61269-480,Valganciclovir,Valcyte,"H2-Pharma, Llc",VALGANCICLOVIR HYDROCHLORIDE,450 mg/1,"TABLET, FILM COATED",ORAL,Cytomegalovirus Nucleoside Analog DNA Polymerase Inhibitor [EPC],CAT001,Antibiotics
MED077472,61333-219,Isopropyl Alcohol,Lights Medium Alcohol,"Lights Medical Manufacture Co., Ltd.",ISOPROPYL ALCOHOL,70 mL/100mL,SWAB,TOPICAL,UNKNOWN,CAT015,Others
MED077485,61504-871,Hydrogen Peroxide,Hydrogen Peroxide,Amerifoods Trading Co,HYDROGEN PEROXIDE,30 mg/mL,SOLUTION,TOPICAL,UNKNOWN,CAT015,Others
MED077521,0264-2201,Sodium Chloride,Sodium Chloride,B. Braun Medical Inc.,SODIUM CHLORIDE,.9 g/100mL,IRRIGANT,IRRIGATION,Increased Large Intestinal Motility [PE],CAT007,Gastrointestinal
MED077525,61755-051,Aflibercept,Eylea Hd,"Regeneron Pharmaceuticals, Inc",AFLIBERCEPT,8 mg/.07mL,"INJECTION, SOLUTION",INTRAVITREAL,Vascular Endothelial Growth Factor Inhibitor [EPC],CAT010,Allergy
MED077529,61830-001,Oxygen,Oxygen,"Gemstone Gas, Llc",OXYGEN,99 L/100L,GAS,RESPIRATORY (INHALATION),UNKNOWN,CAT015,Others
MED077551,61957-3117,"Octisalate, Titanium Dioxide",Forever Skin Glow 24H Wear Radiant Foundation Perfection And Hydration Concentrated Floral Skincare With Suncreen Broad Spectrum Spf 15 4.5W,Parfums Christian Dior,OCTISALATE,45 mg/mL,EMULSION,TOPICAL,UNKNOWN,CAT015,Others
MED077562,61957-3418,"Octisalate, Titanium Dioxide",Dior Forever Skin Wear Flawless Skin True Foundation Spf 20 2Wp Warm Peach,Parfums Christian Dior,OCTISALATE,35 mg/mL,EMULSION,TOPICAL,UNKNOWN,CAT015,Others
MED077563,61957-3419,"Octisalate, Titanium Dioxide","Dior Forever Skin Wear Flawless Skin True Foundation Spf 20 3,5N Neutral",Parfums Christian Dior,OCTISALATE,35 mg/mL,EMULSION,TOPICAL,UNKNOWN,CAT015,Others
MED077586,62011-0461,Acetaminophen,Pain And Fever Childrens,Strategic Sourcing Services Llc,ACETAMINOPHEN,160 mg/5mL,SUSPENSION,ORAL,UNKNOWN,CAT015,Others
MED077616,0264-9567,Heparin Sodium And Dextrose,Heparin Sodium In Dextrose,B. Braun Medical Inc.,DEXTROSE MONOHYDRATE,5 g/100mL,INJECTION,INTRAVENOUS,Anti-coagulant [EPC],CAT003,Diabetes
MED077717,62332-650,Fulvestrant,Fulvestrant,Alembic Pharmaceuticals Inc.,FULVESTRANT,50 mg/mL,INJECTION,INTRAMUSCULAR,Estrogen Receptor Antagonist [EPC],CAT009,Oncology
MED077743,62542-025,Amphetamine Extended-Release,Amphetamine Extended-Release,"Neos Therapeutics, Lp",AMPHETAMINE,15.7 mg/1,"TABLET, ORALLY DISINTEGRATING",ORAL,Central Nervous System Stimulant [EPC],CAT005,Neurology
MED077838,63020-090,Brigatinib,Alunbrig,"Takeda Pharmaceuticals America, Inc.",BRIGATINIB,90 mg/1,"TABLET, FILM COATED",ORAL,Cytochrome P450 3A Inducers [MoA],CAT014,Vitamins & Supplements
MED077849,63083-1503,Apiol,Apiol 1503,Professional Complementary Health Formulas,APIOLE (PARSLEY),9 [hp_X]/29.5mL,LIQUID,ORAL,UNKNOWN,CAT015,Others
MED077859,63083-2040,Learning Disability Drops,Learning Disability Drops 2040,Professional Complementary Health Formulas,AMARYLLIS BELLADONNA WHOLE,12 [hp_X]/59mL,LIQUID,ORAL,UNKNOWN,CAT015,Others
MED077860,63083-2048,Cell Energy Performance Drops,Cell Energy Performance Drops 2048,Professional Complementary Health Formulas,ADENOSINE TRIPHOSPHATE,30 [hp_X]/59mL,LIQUID,ORAL,Acidifying Activity [MoA],CAT014,Vitamins & Supplements
MED077887,63083-6012,Metab,Metab 6012,Professional Complementary Health Formulas,ANHYDROUS CITRIC ACID,12 [hp_X]/59mL,LIQUID,ORAL,Acidifying Activity [MoA],CAT014,Vitamins & Supplements
MED077960,63187-583,Zonisamide,Zonisamide,Proficient Rx Lp,ZONISAMIDE,100 mg/1,CAPSULE,ORAL,Anti-epileptic Agent [EPC],CAT005,Neurology
MED077975,63187-769,Diltiazem Hydrochloride,Diltiazem Hydrochloride,Proficient Rx Lp,DILTIAZEM HYDROCHLORIDE,120 mg/1,"TABLET, FILM COATED",ORAL,Calcium Channel Antagonists [MoA],CAT003,Diabetes
MED077986,63187-911,Norgestimate And Ethinyl Estradiol,Sprintec,Proficient Rx Lp,UNKNOWN,UNKNOWN,KIT,UNKNOWN,UNKNOWN,CAT015,Others
MED078008,63323-281,Fluphenazine Hydrochloride,Fluphenazine Hydrochloride,"Fresenius Kabi Usa, Llc",FLUPHENAZINE HYDROCHLORIDE,2.5 mg/mL,"INJECTION, SOLUTION",INTRAMUSCULAR,Phenothiazine [EPC],CAT005,Neurology
MED078033,63323-642,Magnesium Sulfate Heptahydrate,Magnesium Sulfate,"Fresenius Kabi Usa, Llc",MAGNESIUM SULFATE HEPTAHYDRATE,500 mg/mL,"INJECTION, SOLUTION",INTRAMUSCULAR,Calculi Dissolution Agent [EPC],CAT007,Gastrointestinal
MED078068,63388-989,"Drosera, Arnica Montana, Bryonia, Ipecacuanha, Cetraria Islandica, Coccus Cacti, Corallium Rubrum, Stannum Metallicum, Camomilla, Coffea Crudea",Real Relief,Laboratoire Atlas Inc,ARABICA COFFEE BEAN,4 [hp_C]/100mL,LIQUID,ORAL,Allergens [CS],CAT006,Respiratory
MED078124,63545-333,Bromoethanum,Bromoethanum,"Hahnemann Laboratories, Inc.",BROMOETHANE,1 [hp_Q]/1,PELLET,ORAL,UNKNOWN,CAT015,Others
MED078140,63545-469,Beryllium Oxydatum,Beryllium Oxydatum,"Hahnemann Laboratories, Inc.",BERYLLIUM OXYACETATE,12 [hp_C]/1,PELLET,ORAL,UNKNOWN,CAT015,Others
MED078143,63545-492,Bismuthum Subnitricum,Bismuthum Subnitricum,"Hahnemann Laboratories, Inc.",BISMUTH SUBNITRATE,12 [hp_C]/1,PELLET,ORAL,Bismuth [CS],CAT007,Gastrointestinal
MED078146,63545-512,Borax,Borax,"Hahnemann Laboratories, Inc.",SODIUM BORATE,1 [hp_M]/1,PELLET,ORAL,UNKNOWN,CAT015,Others
MED078148,63545-547,Bromium,Bromium,"Hahnemann Laboratories, Inc.",BROMINE,1 [hp_Q]/1,PELLET,ORAL,UNKNOWN,CAT015,Others
MED078176,63545-741,Actaea Spicata,Actaea Spicata,"Hahnemann Laboratories, Inc.",ACTAEA SPICATA ROOT,30 [hp_C]/1,PELLET,ORAL,UNKNOWN,CAT015,Others
MED078208,63629-1228,Baclofen,Baclofen,Bryant Ranch Prepack,BACLOFEN,20 mg/1,TABLET,ORAL,GABA A Agonists [MoA],CAT005,Neurology
MED078275,63629-8289,Pramipexole Dihydrochloride,Pramipexole Dihydrochloride,Bryant Ranch Prepack,PRAMIPEXOLE DIHYDROCHLORIDE,1 mg/1,TABLET,ORAL,Dopamine Agonists [MoA],CAT005,Neurology
MED078283,63629-8524,Olmesartan Medoxomil,Olmesartan Medoxomil,Bryant Ranch Prepack,OLMESARTAN MEDOXOMIL,40 mg/1,"TABLET, FILM COATED",ORAL,Angiotensin 2 Receptor Antagonists [MoA],CAT003,Diabetes
MED078317,63629-9169,Metoprolol Succinate Er Tablets,Metoprolol Succinate,Bryant Ranch Prepack,METOPROLOL SUCCINATE,50 mg/1,"TABLET, FILM COATED, EXTENDED RELEASE",ORAL,Adrenergic beta-Antagonists [MoA],CAT003,Diabetes
MED078336,63667-507,Menthol,Natural Cherry Honey Herb Throat Drops,Ricola Usa Inc.,MENTHOL,1.8 mg/1,LOZENGE,ORAL,UNKNOWN,CAT015,Others
MED078337,63667-958,Menthol,Sugar Free Mountain Herb Cough Suppressant Throat Drops,Ricola Usa Inc.,MENTHOL,4.8 mg/1,LOZENGE,ORAL,UNKNOWN,CAT015,Others
MED078340,63736-025,Miconazole Nitrate,Monistat 7 With Reusable Applicator,Insight Pharmaceuticals Llc,MICONAZOLE NITRATE,20 mg/g,CREAM,VAGINAL,Azole Antifungal [EPC],CAT001,Antibiotics
MED078401,0299-4143,Salicylic Acid,Cetaphil Gentle Clear Pore Clearing Acne Cleanser,"Galderma Laboratories, L.P.",SALICYLIC ACID,20 mg/mL,GEL,TOPICAL,UNKNOWN,CAT015,Others
MED078425,63981-147,"Cetirizine Hydrochloride, Pseudoephedrine Hydrochloride",Kirkland Signature Aller Tec D,Costco Wholesale Company,CETIRIZINE HYDROCHLORIDE,5 mg/1,"TABLET, FILM COATED, EXTENDED RELEASE",ORAL,Adrenergic alpha-Agonists [MoA],CAT003,Diabetes
MED078427,0310-0275,Quetiapine,Seroquel,Astrazeneca Pharmaceuticals Lp,QUETIAPINE FUMARATE,25 mg/1,"TABLET, FILM COATED",ORAL,Atypical Antipsychotic [EPC],CAT005,Neurology
MED078442,64336-003,Oxymetazoline Hydrochloride,Vicks Sinex Severe Congestion Original Ultra Fine Mist,"Procter & Gamble Manufacturing Gmbh,",OXYMETAZOLINE HYDROCHLORIDE,.0005 g/mL,SPRAY,NASAL,Imidazolines [CS],CAT005,Neurology
MED078522,64942-1947,Advanced Stress Control 72H Antiperspirant Deodorant,Degree,Conopco Inc. D/B/A/ Unilever,ALUMINUM SESQUICHLOROHYDRATE,16 g/100g,STICK,TOPICAL,UNKNOWN,CAT015,Others
MED078553,64942-2297,Cool Comfort 48H Antiperspirant Deodorant,Degree,Conopco Inc. D/B/A/ Unilever,ALUMINUM ZIRCONIUM TETRACHLOROHYDREX GLY,18.2 g/100g,STICK,TOPICAL,UNKNOWN,CAT015,Others
MED078562,0316-0228,Benzoyl Peroxide,Panoxyl,Crown Laboratories,BENZOYL PEROXIDE,100 mg/g,CREAM,TOPICAL,UNKNOWN,CAT015,Others
MED078634,65145-130,Rocuronium Bromide,Rocuronium Bromide,Caplin Steriles Limited,ROCURONIUM BROMIDE,10 mg/mL,"INJECTION, SOLUTION",INTRAVENOUS,Neuromuscular Nondepolarizing Blockade [PE],CAT005,Neurology
MED078639,65145-161,Difluprednate,Difluprednate,Caplin Steriles Limited,DIFLUPREDNATE,.5 mg/mL,EMULSION,OPHTHALMIC,UNKNOWN,CAT015,Others
MED078672,65219-006,Potassium Chloride,Potassium Chloride,"Fresenius Kabi Usa, Llc",POTASSIUM CHLORIDE,20 meq/100mL,INJECTION,INTRAVENOUS,Increased Large Intestinal Motility [PE],CAT007,Gastrointestinal
MED078675,65219-044,Levetiracetam,Levetiracetam,"Fresenius Kabi Usa, Llc",LEVETIRACETAM,10 mg/mL,INJECTION,INTRAVENOUS,Decreased Central Nervous System Disorganized Electrical Activity [PE],CAT005,Neurology
MED078697,65278-103,"Homosalate, Octinoxate, Oxybenzone, Avobenzone",Intensive Age Defying Hydrating Complex Spf 25,"June Jacobs Labs, Llc",AVOBENZONE,1.4196 g/47.32g,CREAM,TOPICAL,UNKNOWN,CAT015,Others
MED078750,65862-171,Topiramate,Topiramate,Aurobindo Pharma Limited,TOPIRAMATE,25 mg/1,"TABLET, FILM COATED",ORAL,Cytochrome P450 2C19 Inhibitors [MoA],CAT014,Vitamins & Supplements
MED078754,65862-219,Cefdinir,Cefdinir,Aurobindo Pharma Limited,CEFDINIR,250 mg/5mL,"POWDER, FOR SUSPENSION",ORAL,Cephalosporin Antibacterial [EPC],CAT001,Antibiotics
MED078778,65862-838,"Amlodipine, Valsartan And Hydrochlorothiazide","Amlodipine, Valsartan And Hydrochlorothiazide",Aurobindo Pharma Limited,AMLODIPINE BESYLATE,10 mg/1,"TABLET, FILM COATED",ORAL,Angiotensin 2 Receptor Antagonists [MoA],CAT003,Diabetes
MED078790,65862-955,Lurasidone Hydrochloride,Lurasidone Hydrochloride,Aurobindo Pharma Limited,LURASIDONE HYDROCHLORIDE,60 mg/1,TABLET,ORAL,Atypical Antipsychotic [EPC],CAT005,Neurology
MED078797,65923-576,Carboxymethyl Cellulose 0.5%,Family Care Single Use Lubricant Eye Drop 0.4Ml 30Ct,United Exchange Corp,"CARBOXYMETHYLCELLULOSE SODIUM, UNSPECIFIED FORM",5 mg/mL,SOLUTION/ DROPS,OPHTHALMIC,UNKNOWN,CAT015,Others
MED078801,65954-786,Sodium Monofluorophosphate,Colgate Essentials,Mission Hills S.A De C.V,SODIUM MONOFLUOROPHOSPHATE,1 mg/g,"PASTE, DENTIFRICE",DENTAL,UNKNOWN,CAT015,Others
MED078808,66096-713,"Arg Nit, Aur Met, Avena, Gelsemium, Hyoscyamus, Ignatia, Moschus, Nat Mur, Passiflora, Stannum Met, Valeriana.",Anxiety Stress Relief,Ohm Pharma Inc.,AVENA SATIVA FLOWERING TOP,2 [hp_X]/59mL,LIQUID,ORAL,Allergens [CS],CAT006,Respiratory
MED078812,66096-779,Aesculus Hippocastanum,Aesculus Hippocastanum,Ohm Pharma Inc.,HORSE CHESTNUT,6 [hp_C]/6[hp_C],PELLET,ORAL,UNKNOWN,CAT015,Others
MED078837,66312-580,Prilocaine Hcl And Epinephrine,Citanest Forte Dental,Dentsply Pharmaceutical Inc.,EPINEPHRINE BITARTRATE,.005 mg/mL,"INJECTION, SOLUTION",SUBMUCOSAL,Adrenergic alpha-Agonists [MoA],CAT003,Diabetes
MED078872,0338-9804,Sodium Chloride,Sodium Chloride,Baxter Healthcare Corporation,SODIUM CHLORIDE,9 g/1000mL,"INJECTION, SOLUTION",INTRAVENOUS,Increased Large Intestinal Motility [PE],CAT007,Gastrointestinal
MED078899,66949-127,Benzalkonium Chloride,Zep Handstand Antimicrobial,Zep Inc.,BENZALKONIUM CHLORIDE,.13 g/100mL,LIQUID,TOPICAL,UNKNOWN,CAT015,Others
MED078906,66975-354,Benzocaine,Bencocaine Topical Anesthetic,Benco Dental,BENZOCAINE,200 mg/g,GEL,DENTAL,Allergens [CS],CAT006,Respiratory
MED078915,0363-0049,Fexofenadine Hcl And Pseudoephedrine Hcl,Fexofenadine Hcl And Pseudoephedrine Hcl,Walgreens Company,FEXOFENADINE HYDROCHLORIDE,180 mg/1,"TABLET, EXTENDED RELEASE",ORAL,Adrenergic alpha-Agonists [MoA],CAT003,Diabetes
MED078936,0363-0103,Ibuprofen,Dye-Free Ibuprofen 200,Walgreen Company,IBUPROFEN,200 mg/1201,"CAPSULE, LIQUID FILLED",ORAL,Anti-Inflammatory Agents,CAT004,Pain Management
MED078947,67046-1508,Amantadine Hydrochloride,Amantadine Hydrochloride,Coupler Llc,AMANTADINE HYDROCHLORIDE,100 mg/1,CAPSULE,ORAL,Influenza A M2 Protein Inhibitor [EPC],CAT001,Antibiotics
MED078985,67157-101,Ascorbic Acid,Ascor,"Mcguff Pharmaceuticals, Inc.",ASCORBIC ACID,500 mg/mL,INJECTION,INTRAVENOUS,Ascorbic Acid [CS],CAT013,Vaccines & Biologics
MED078990,67184-0549,Daptomycin,Daptomycin,"Qilu Pharmaceutical Co., Ltd.",DAPTOMYCIN,500 mg/10mL,"INJECTION, POWDER, LYOPHILIZED, FOR SOLUTION",INTRAVENOUS,Lipopeptide Antibacterial [EPC],CAT001,Antibiotics
MED078995,67225-5206,"Octinoxate, Octocrylene, Titanium Dioxide",Age20S Signature Essence Pact Intense Cover 28N,"Aekyung Industrial Co., Ltd.",OCTINOXATE,.91 g/14g,CREAM,TOPICAL,UNKNOWN,CAT015,Others
MED078996,67225-5209,"Octinoxate, Octocrylene, Titanium Dioxide",Age20S Signature Essence Pact Intense Cover 41N,"Aekyung Industrial Co., Ltd.",OCTINOXATE,.91 g/14g,CREAM,TOPICAL,UNKNOWN,CAT015,Others
MED079002,67225-5313,"Octinoxate, Octocrylene, Titanium Dioxide",Age20S Signature Essence Pact Intense Cover Mini 33W,"Aekyung Industrial Co., Ltd.",OCTINOXATE,.26 g/4g,CREAM,TOPICAL,UNKNOWN,CAT015,Others
MED079015,67296-1657,Sulfamethoxazole And Trimethoprim,Sulfatrim,"Redpharm Drug, Inc.",SULFAMETHOXAZOLE,200 mg/5mL,SUSPENSION,ORAL,Cytochrome P450 2C8 Inhibitors [MoA],CAT014,Vitamins & Supplements
MED079020,67296-1902,Metoprolol Succinate,Metoprolol Succinate,Redpharm Drug,METOPROLOL SUCCINATE,50 mg/1,"TABLET, EXTENDED RELEASE",ORAL,Adrenergic beta-Antagonists [MoA],CAT003,Diabetes
MED079024,67296-2146,Valacyclovir,Valacyclovir,Redpharm Drug,VALACYCLOVIR HYDROCHLORIDE,1000 mg/1,TABLET,ORAL,DNA Polymerase Inhibitors [MoA],CAT012,Ophthalmology
MED079047,0363-0367,Diphenhydramine Hcl,Sleep Aid Nighttime,Walgreen Company,DIPHENHYDRAMINE HYDROCHLORIDE,25 mg/1,"TABLET, FILM COATED",ORAL,Histamine H1 Receptor Antagonists [MoA],CAT006,Respiratory
MED079110,67877-749,Fosfomycin Tromethamine,Fosfomycin Tromethamine,"Ascend Laboratories, Llc",FOSFOMYCIN TROMETHAMINE,3 g/1,"GRANULE, FOR SOLUTION",ORAL,UNKNOWN,CAT015,Others
MED079111,67877-751,Vancomycin Hydrochloride,Vancomycin Hydrochloride,"Ascend Laboratories, Llc",UNKNOWN,UNKNOWN,KIT,UNKNOWN,UNKNOWN,CAT015,Others
MED079142,68001-533,Skin Protectant,Zinc Oxide,Bluepoint Laboratories,ZINC OXIDE,20 g/100g,OINTMENT,TOPICAL,UNKNOWN,CAT015,Others
MED079144,68001-572,Bendamustine Hydrochloride,Bendamustine Hydrochloride,Bluepoint Laboratories,BENDAMUSTINE HYDROCHLORIDE,100 mg/20mL,"INJECTION, POWDER, LYOPHILIZED, FOR SOLUTION",INTRAVENOUS,Alkylating Activity [MoA],CAT012,Ophthalmology
MED079166,68016-515,Castor Oil,Premiere Value Castor Oil,Chain Drug Consortium,CASTOR OIL,1 mg/mL,LIQUID,ORAL,UNKNOWN,CAT015,Others
MED079189,68071-1872,Triamcinolone Acetonide,Triamcinolone Acetonide,"Nucare Pharmaceuticals,Inc.",TRIAMCINOLONE ACETONIDE,1 mg/g,OINTMENT,TOPICAL,Corticosteroid Hormone Receptor Agonists [MoA],CAT004,Pain Management
MED079206,68071-2503,Cefdinir,Cefdinir,"Nucare Pharmaceuticals,Inc.",CEFDINIR,300 mg/1,CAPSULE,ORAL,Cephalosporin Antibacterial [EPC],CAT001,Antibiotics
MED079226,68071-3234,Finasteride,Finasteride,"Nucare Pharmaceuticals,Inc.",FINASTERIDE,5 mg/1,"TABLET, FILM COATED",ORAL,5-alpha Reductase Inhibitor [EPC],CAT009,Oncology
MED079272,68071-3883,Acetaminophen,Good Sense Pain Relief,"Nucare Pharmaceuticals,Inc.",ACETAMINOPHEN,325 mg/1,TABLET,ORAL,UNKNOWN,CAT015,Others
MED079290,68071-4275,Amoxicillin And Clavulanate Potassium,Amoxicillin And Clavulanate Potassium,"Nucare Pharmaceuticals,Inc.",AMOXICILLIN,500 mg/1,"TABLET, FILM COATED",ORAL,Penicillin-class Antibacterial [EPC],CAT001,Antibiotics
MED079418,68180-411,Irbesartan,Irbesartan,"Lupin Pharmaceuticals, Inc.",IRBESARTAN,150 mg/1,TABLET,ORAL,Angiotensin 2 Receptor Antagonists [MoA],CAT003,Diabetes
MED079431,68180-566,Trandolapril,Trandolapril,"Lupin Pharmaceuticals, Inc.",TRANDOLAPRIL,1 mg/1,TABLET,ORAL,Angiotensin Converting Enzyme Inhibitor [EPC],CAT003,Diabetes
MED079439,68180-739,Desogestrel And Ethinyl Estradiol,Enskyce,"Lupin Pharmaceuticals, Inc.",UNKNOWN,UNKNOWN,KIT,UNKNOWN,UNKNOWN,CAT015,Others
MED079449,68196-045,Lansoprazole,Lansoprazole,Sam'S West Inc.,LANSOPRAZOLE,15 mg/1,"CAPSULE, DELAYED RELEASE",ORAL,Inhibition Gastric Acid Secretion [PE],CAT007,Gastrointestinal
MED079462,68382-099,Paroxetine,Paroxetine,Zydus Pharmaceuticals Usa Inc.,PAROXETINE HYDROCHLORIDE HEMIHYDRATE,30 mg/1,"TABLET, FILM COATED",ORAL,Serotonin Reuptake Inhibitor [EPC],CAT005,Neurology
MED079464,68382-118,Azathioprine,Azathioprine,Zydus Pharmaceuticals Usa Inc.,AZATHIOPRINE,25 mg/1,TABLET,ORAL,Nucleic Acid Synthesis Inhibitors [MoA],CAT012,Ophthalmology
MED079475,68382-530,Diflunisal,Diflunisal,Zydus Pharmaceuticals (Usa) Inc.,DIFLUNISAL,500 mg/1,TABLET,ORAL,Anti-Inflammatory Agents,CAT004,Pain Management
MED079490,68382-734,Nadolol,Nadolol,Zydus Pharmaceuticals Usa Inc.,NADOLOL,80 mg/1,TABLET,ORAL,Adrenergic beta-Antagonists [MoA],CAT003,Diabetes
MED079534,68462-332,Pramipexole Dihydrochloride,Pramipexole Dihydrochloride,"Glenmark Pharmaceuticals Inc., Usa",PRAMIPEXOLE DIHYDROCHLORIDE,.5 mg/1,TABLET,ORAL,Dopamine Agonists [MoA],CAT005,Neurology
MED079566,68475-201,Penicillamine,Penicillamine,Navinta Llc,PENICILLAMINE,250 mg/1,CAPSULE,ORAL,Antirheumatic Agent [EPC],CAT004,Pain Management
MED079569,68479-240,Sulfur,Deep Acne,"Dermalogica, Llc.",SULFUR,5 mg/100mL,GEL,TOPICAL,UNKNOWN,CAT015,Others
MED079591,68634-062,"Homosalate, Octisalate, Avobenzone, Octocrylene, Oxybenzone",Skinpharmacy Advanced Anti-Aging Therapy Glycolic Day Moisturizer Spf 30,"Amcol Health & Beauty Solutions, Inc. Dba",AVOBENZONE,30 g/2mL,LOTION,TOPICAL,UNKNOWN,CAT015,Others
MED079597,68645-566,Lovastatin,Lovastatin,"Legacy Pharmaceutical Packaging, Llc",LOVASTATIN,20 mg/1,TABLET,ORAL,HMG-CoA Reductase Inhibitor [EPC],CAT003,Diabetes
MED079608,68682-464,Brinzolamide,Brinzolamide,Oceanside Pharmaceuticals.,BRINZOLAMIDE,10 mg/mL,SUSPENSION/ DROPS,OPHTHALMIC,Carbonic Anhydrase Inhibitor [EPC],CAT003,Diabetes
MED079645,68788-7511,Pioglitazone,Pioglitazone,"Preferred Pharmaceuticals, Inc.",PIOGLITAZONE HYDROCHLORIDE,15 mg/1,TABLET,ORAL,Peroxisome Proliferator Receptor alpha Agonist [EPC],CAT003,Diabetes
MED079677,68788-8171,Terazosin,Terazosin,Preferred Pharmaceuticals Inc.,TERAZOSIN HYDROCHLORIDE,2 mg/1,CAPSULE,ORAL,Adrenergic alpha-Antagonists [MoA],CAT003,Diabetes
MED079701,68788-8520,Metformin Hydrochloride,Metformin Hydrochloride,"Preferred Pharmaceuticals, Inc.",METFORMIN HYDROCHLORIDE,1000 mg/1,"TABLET, EXTENDED RELEASE",ORAL,Biguanide [EPC],CAT002,Cardiovascular
MED079766,68999-526,Metoclopramide Hydrochloride,Metoclopramide Hydrochloride,"Chartwell Governmental & Specialty Rx, Llc.",METOCLOPRAMIDE HYDROCHLORIDE,5 mg/5mL,SOLUTION,ORAL,Dopamine D2 Antagonists [MoA],CAT005,Neurology
MED079768,68999-626,Doxycycline Hyclate,Doxycycline Hyclate,"Chartwell Governmental & Specialty Rx, Llc",DOXYCYCLINE HYCLATE,100 mg/1,"TABLET, FILM COATED",ORAL,Tetracycline-class Drug [EPC],CAT001,Antibiotics
MED079778,69039-750,"Avobenzone, Homosalate, Octisalate, Octocrylene",Sun Bum 70 Premium Sunscreen,"Sun Bum, Llc",AVOBENZONE,30 mg/mL,LOTION,TOPICAL,UNKNOWN,CAT015,Others
MED079786,69097-032,Nilotinib,Nilotinib,Cipla Usa Inc.,NILOTINIB,200 mg/1,CAPSULE,ORAL,Bcr-Abl Tyrosine Kinase Inhibitors [MoA],CAT012,Ophthalmology
MED079805,69097-981,Vilazodone Hydrochloride,Vilazodone Hydrochloride,Cipla Usa Inc.,VILAZODONE HYDROCHLORIDE,20 mg/1,"TABLET, FILM COATED",ORAL,UNKNOWN,CAT015,Others
MED079824,0363-7051,Nicotine Polacrilex,Nicotine Mini,Walgreen Company,NICOTINE,2 mg/1,LOZENGE,ORAL,Cholinergic Nicotinic Agonist [EPC],CAT005,Neurology
MED079825,69168-372,Aspirin 81 Mg,Aspirin Enteric Coated,Allegiant Health,ASPIRIN,81 mg/1,TABLET,ORAL,Anti-Inflammatory Agents,CAT004,Pain Management
MED079835,69204-025,Alcohol,Hand Sanitizer,Natures Formulae Health Products Ltd.,ALCOHOL,68 mL/100mL,SPRAY,TOPICAL,UNKNOWN,CAT015,Others
MED079863,69238-1837,Levothyroxine Sodium,Levothyroxine Sodium,Amneal Pharmaceuticals Ny Llc,LEVOTHYROXINE SODIUM,.137 mg/1,TABLET,ORAL,Thyroxine [CS],CAT009,Oncology
MED079885,69259-1634,Titanium Dioxide And Zinc Oxide,Your Skin But Better Cc Color Correcting Full Coverage Spf 50 Rich,"It Cosmetics, Llc",TITANIUM DIOXIDE,9 g/100mL,CREAM,TOPICAL,UNKNOWN,CAT015,Others
MED079938,69423-247,Pyrithione Zinc,Head And Shoulders Deep Moisture,The Procter & Gamble Manufacturing Company,PYRITHIONE ZINC,1 g/100mL,SHAMPOO,TOPICAL,UNKNOWN,CAT015,Others
MED079956,69423-759,"Acetaminophen, Dextromethorphan Hbr, Guaifenesin, Phenylephrine Hcl",Vicks Dayquil Severe Honey Cold And Flu,Procter & Gamble Manufacturing Company,ACETAMINOPHEN,325 mg/15mL,LIQUID,ORAL,Adrenergic alpha1-Agonists [MoA],CAT003,Diabetes
MED079958,69423-770,Sodium Fluoride,Crest 3D White Advanced Radiant Mint,The Procter & Gamble Manufacturing Company,SODIUM FLUORIDE,1.5 mg/g,"PASTE, DENTIFRICE",DENTAL,UNKNOWN,CAT015,Others
MED079967,69423-879,Stannous Fluoride,Crest Braces Care Cavity Protection,The Procter & Gamble Manufacturing Company,STANNOUS FLUORIDE,1.4 mg/g,"PASTE, DENTIFRICE",DENTAL,UNKNOWN,CAT015,Others
MED079968,69423-901,Benzocaine And Menthol,Vicks Vapocool Sore Throat,The Procter & Gamble Manufacturing Company,BENZOCAINE,5 g/100mL,SPRAY,ORAL,Allergens [CS],CAT006,Respiratory
MED079999,69452-563,Olanzapine,Olanzapine,Bionpharma Inc.,OLANZAPINE,15 mg/1,"TABLET, ORALLY DISINTEGRATING",ORAL,Atypical Antipsychotic [EPC],CAT005,Neurology
MED080002,69473-014,"Zinc Oxide, Titanium Dioxide",Alumier Md Moisture Matte Broad Spectrum Spf 40 Sunscreen Amber,Alumier Labs,TITANIUM DIOXIDE,83 mg/mL,LOTION,TOPICAL,UNKNOWN,CAT015,Others
MED080007,69494-003,Zinc Oxide,Eryfotona Ageless,Isdin Corp.,ZINC OXIDE,107 mg/mL,LOTION,TOPICAL,UNKNOWN,CAT015,Others
MED080073,69779-003,"Calc Phos, Calc Sulph, Castanea Sativa, Flos, Ilex Aquifolium, Flos, Kali Phos, Nat Mur, Nat Phos, Nat Sulph, Olea Europaea, Flos, Ornithogalum Umbellatum, Flos",Emotional Detox,Siddha Flower Essences Llc,CALCIUM SULFATE ANHYDROUS,6 [hp_X]/29.6mL,SPRAY,ORAL,Blood Coagulation Factor [EPC],CAT003,Diabetes
MED080080,69842-092,Ibuprofen And Pseudoephedrine Hcl,Ibuprofen And Pseudoephedrine Hcl,"Cvs Pharmacy, Inc.",IBUPROFEN,200 mg/1,"CAPSULE, LIQUID FILLED",ORAL,Adrenergic alpha-Agonists [MoA],CAT003,Diabetes
MED080094,69842-443,Phenylephrine Hydrochloride,Extra Strength Nasal,Cvs Pharmacy,PHENYLEPHRINE HYDROCHLORIDE,1 g/100mL,SPRAY,NASAL,Adrenergic alpha1-Agonists [MoA],CAT003,Diabetes
MED080232,70000-0603,Aspirin,Aspirin Regimen,"Cardinal Health 110, Llc. Dba Leader",ASPIRIN,81 mg/1,"TABLET, DELAYED RELEASE",ORAL,Anti-Inflammatory Agents,CAT004,Pain Management
MED080237,70000-0639,Cough Drops Menthol,Cough Drops Menthol Honey Lemon,"Cardinal Health 110, Inc.",MENTHOL,7.5 mg/1,PASTILLE,ORAL,UNKNOWN,CAT015,Others
MED080286,70095-130,Cosibelimab,Unloxcyt,"Sun Pharmaceutical Industries, Inc.",COSIBELIMAB,300 mg/5mL,"INJECTION, SOLUTION",INTRAVENOUS,Antibodies,CAT010,Allergy
MED080295,70108-144,Ethyl Alcohol,Smart Care Hand Sanitizer Sweet Citrus,"Ashtel Studios, Inc.",ALCOHOL,70 mL/100mL,SPRAY,TOPICAL,UNKNOWN,CAT015,Others
MED080303,70108-211,Ethyl Alcohol,Smart Care Champagne Toast Hand Sanitizer,"Ashtel Studios, Inc.",ALCOHOL,70 mL/100mL,SPRAY,TOPICAL,UNKNOWN,CAT015,Others
MED080309,70108-266,Ethyl Alcohol,"Smart Care 3 Hand Sanitizers 1.35 Fl Oz (Ocean, Cedar And Cypress, Sandalwood)","Ashtel Studios, Inc.",UNKNOWN,UNKNOWN,KIT,UNKNOWN,UNKNOWN,CAT015,Others
MED080344,70163-0024,"Antimonium Tartaricum, Avena Sativa, Bryonia (Alba), Chamomilla, Drosera (Rotundifolia), Hepar Sulphuris Calcareum, Hydrastis Canadensis, Kali Bichromicum, Passiflora Incarnata, Pulsatilla (Pratensis), Sambucus Nigra, Stannum Metallicum, Sulphur",Cough And Mucus Night,Naturalcare,ANTIMONY POTASSIUM TARTRATE,6 [hp_X]/mL,LIQUID,ORAL,UNKNOWN,CAT015,Others
MED080364,70381-125,"Avobenzone, Homosalate, Octisalate, Octocrylene",Multi Vitamin Clear Coat Broad Spectrum Spf 50,"Murad, Llc",AVOBENZONE,2.2 g/100mL,GEL,TOPICAL,UNKNOWN,CAT015,Others
MED080402,70518-0186,Atorvastatin Calcium,Atorvastatin Calcium,Remedyrepack Inc.,ATORVASTATIN CALCIUM PROPYLENE GLYCOL SOLVATE,20 mg/1,"TABLET, FILM COATED",ORAL,HMG-CoA Reductase Inhibitor [EPC],CAT003,Diabetes
MED080419,70518-1749,Divalproex Sodium,Divalproex Sodium,Remedyrepack Inc.,DIVALPROEX SODIUM,125 mg/1,"CAPSULE, COATED PELLETS",ORAL,Anti-epileptic Agent [EPC],CAT005,Neurology
MED080436,70518-2630,Duloxetine,Duloxetine,Remedyrepack Inc.,DULOXETINE HYDROCHLORIDE,60 mg/1,"CAPSULE, DELAYED RELEASE",ORAL,Norepinephrine Uptake Inhibitors [MoA],CAT005,Neurology
MED080448,70518-3084,Metformin Hydrochloride,Metformin Hydrochloride,Remedyrepack Inc.,METFORMIN HYDROCHLORIDE,850 mg/1,TABLET,ORAL,Biguanide [EPC],CAT002,Cardiovascular
MED080513,70518-4470,Spironolactone,Spironolactone,Remedyrepack Inc.,SPIRONOLACTONE,25 mg/1,"TABLET, FILM COATED",ORAL,Aldosterone Antagonist [EPC],CAT003,Diabetes
MED080517,70518-4495,Metronidazole,Metronidazole,Remedyrepack Inc.,METRONIDAZOLE,7.5 mg/g,GEL,VAGINAL,Nitroimidazole Antimicrobial [EPC],CAT001,Antibiotics
MED080621,70710-1548,Glatiramer Acetate,Glatiramer Acetate,Zydus Pharmaceuticals Usa Inc.,GLATIRAMER ACETATE,20 mg/mL,"INJECTION, SOLUTION",SUBCUTANEOUS,UNKNOWN,CAT015,Others
MED080648,70748-212,Dasatinib,Dasatinib,"Lupin Pharmaceuticals, Inc.",DASATINIB,100 mg/1,TABLET,ORAL,Cytochrome P450 3A4 Inhibitors [MoA],CAT014,Vitamins & Supplements
MED080679,70771-1029,Spironolactone,Spironolactone,Zydus Lifesciences Limited,SPIRONOLACTONE,100 mg/1,"TABLET, FILM COATED",ORAL,Aldosterone Antagonist [EPC],CAT003,Diabetes
MED080743,70857-003,"Arnica Rad, Aconitum Nap, Chamomilla, Belladonna, Symphytum, Bellis, Calendula, Echinacea, Echinacea Purp, Hamamelis, Hypericum, Millefolium, Hepar Sulph Calc, Merc Solub.",Traulevium Pain Relief Drops,"Medical Technology Products, Inc.",ACHILLEA MILLEFOLIUM,3 [hp_X]/59mL,LIQUID,ORAL,UNKNOWN,CAT015,Others
MED080745,70882-114,Amoxicillin,Amoxicillin,"Cambridge Therapeutics Technologies, Llc",AMOXICILLIN,500 mg/1,CAPSULE,ORAL,Penicillin-class Antibacterial [EPC],CAT001,Antibiotics
MED080765,70954-510,Alprazolam,Alprazolam,"Ani Pharmaceuticals, Inc.",ALPRAZOLAM,1 mg/1,TABLET,ORAL,Benzodiazepine [EPC],CAT005,Neurology
MED080803,71101-205,"Camphor (Synthetic), Eucalyptus Oil, And Menthol",Healthwise Chest Rub,Veridian Healthcare,CAMPHOR (SYNTHETIC),.048 g/g,OINTMENT,TOPICAL,UNKNOWN,CAT015,Others
MED080805,71101-918,Lidocaine,Theracare Pain Relieving Patch With Lidocaine,Veridian Healthcare,LIDOCAINE,4 g/100g,PATCH,TOPICAL,Amide Local Anesthetic [EPC],CAT004,Pain Management
MED080856,71205-429,Lidocaine,Lidocaine,Proficient Rx Lp,LIDOCAINE,50 mg/g,OINTMENT,TOPICAL,Amide Local Anesthetic [EPC],CAT004,Pain Management
MED080877,71205-578,Acyclovir,Acyclovir,Proficient Rx Lp,ACYCLOVIR,200 mg/1,CAPSULE,ORAL,DNA Polymerase Inhibitors [MoA],CAT012,Ophthalmology
MED080894,71205-690,Doxazosin,Doxazosin,Proficient Rx Lp,DOXAZOSIN MESYLATE,4 mg/1,TABLET,ORAL,Adrenergic alpha-Antagonists [MoA],CAT003,Diabetes
MED080943,71247-151,Haloperidol,Haloperidol,"Innogenix, Inc.",HALOPERIDOL,1 mg/1,TABLET,ORAL,Typical Antipsychotic [EPC],CAT005,Neurology
MED080956,71288-153,Azacitidine,Azacitidine,Meitheal Pharmaceuticals Inc.,AZACITIDINE,100 mg/1,"INJECTION, POWDER, LYOPHILIZED, FOR SOLUTION",INTRAVENOUS,Nucleic Acid Synthesis Inhibitors [MoA],CAT012,Ophthalmology
MED081004,71335-0993,Gabapentin,Gabapentin,Bryant Ranch Prepack,GABAPENTIN,300 mg/1,CAPSULE,ORAL,Decreased Central Nervous System Disorganized Electrical Activity [PE],CAT005,Neurology
MED081005,71335-1000,Desloratadine,Desloratadine,Bryant Ranch Prepack,DESLORATADINE,5 mg/1,"TABLET, FILM COATED",ORAL,Histamine H1 Receptor Antagonists [MoA],CAT006,Respiratory
MED081039,71335-1738,Colchicine,Colchicine,Bryant Ranch Prepack,COLCHICINE,.6 mg/1,TABLET,ORAL,Alkaloid [EPC],CAT012,Ophthalmology
MED081056,71335-1953,Oxycodone And Acetaminophen,Oxycodone And Acetaminophen,Bryant Ranch Prepack,ACETAMINOPHEN,325 mg/1,TABLET,ORAL,Full Opioid Agonists [MoA],CAT004,Pain Management
MED081088,71335-2259,Etodolac,Etodolac,Bryant Ranch Prepack,ETODOLAC,400 mg/1,"TABLET, FILM COATED",ORAL,Anti-Inflammatory Agents,CAT004,Pain Management
MED081114,71335-2546,"Butalbital, Acetaminophen And Caffeine","Butalbital, Acetaminophen And Caffeine",Bryant Ranch Prepack,ACETAMINOPHEN,325 mg/1,TABLET,ORAL,Barbiturate [EPC],CAT005,Neurology
MED081146,71335-2810,Mirabegron,Mirabegron,Bryant Ranch Prepack,MIRABEGRON,50 mg/1,"TABLET, FILM COATED, EXTENDED RELEASE",ORAL,Adrenergic beta3-Agonists [MoA],CAT003,Diabetes
MED081166,71335-3068,Benzonatate,Benzonatate,Bryant Ranch Prepack,BENZONATATE,100 mg/1,CAPSULE,ORAL,Decreased Tracheobronchial Stretch Receptor Activity [PE],CAT006,Respiratory
MED081197,71399-0021,Acetaminophen,Max Relief Junior,Akron Pharma Inc.,ACETAMINOPHEN,160 mg/5mL,LIQUID,ORAL,UNKNOWN,CAT015,Others
MED081253,71610-716,Folic Acid,Folic Acid,"Aphena Pharma Solutions - Tennessee, Llc",FOLIC ACID,1 mg/1,TABLET,ORAL,UNKNOWN,CAT015,Others
MED081278,71610-926,Pregabalin,Pregabalin,"Aphena Pharma Solutions - Tennessee, Llc",PREGABALIN,200 mg/1,CAPSULE,ORAL,UNKNOWN,CAT015,Others
MED081294,71709-110,Metformin Hydrochloride,Metformin Hydrochloride,"Metcure Pharmaceuticals, Inc.",METFORMIN HYDROCHLORIDE,500 mg/1,"TABLET, FILM COATED",ORAL,Biguanide [EPC],CAT002,Cardiovascular
MED081304,71776-001,"Povidone, Polyvinyl Alcohol",Freshkote Preservative Free Lubricant Eye Drops,Eyevance Pharmaceuticals,"POLYVINYL ALCOHOL, UNSPECIFIED",27 g/1000mL,SOLUTION,OPHTHALMIC,UNKNOWN,CAT015,Others
MED081333,71872-7162,Ondansetron,Ondansetron,"Medical Purchasing Solutions, Llc",ONDANSETRON HYDROCHLORIDE,2 mg/mL,"INJECTION, SOLUTION",INTRAMUSCULAR,Serotonin 3 Receptor Antagonists [MoA],CAT005,Neurology
MED081358,71894-132,Onasemnogene Abeparvovec-Xioi,Zolgensma,Novartis Innovative Technologies Inc.,UNKNOWN,UNKNOWN,KIT,UNKNOWN,UNKNOWN,CAT015,Others
MED081377,71927-021,"Bacitracin Zinc, Neomycin Sulfate, Polymyxin B Sulfate",Lil Drug Store Triple Antibiotic,Orazen Inc,BACITRACIN ZINC,400 [USP'U]/g,OINTMENT,TOPICAL,Aminoglycoside Antibacterial [EPC],CAT001,Antibiotics
MED081415,72065-140,"Glucagon Injection, Solution",Gvoke Kit,"Xeris Pharmaceuticals, Inc.",GLUCAGON,1 mg/.2mL,"INJECTION, SOLUTION",SUBCUTANEOUS,Antihypoglycemic Agent [EPC],CAT002,Cardiovascular
MED081451,72162-1411,Hydrocortisone Acetate Pramoxine Hcl,Hydrocortisone Acetate Pramoxine Hcl,Bryant Ranch Prepack,HYDROCORTISONE ACETATE,2.5 g/100g,CREAM,TOPICAL,Corticosteroid Hormone Receptor Agonists [MoA],CAT004,Pain Management
MED081462,72162-1528,Hydrochlorothiazide,Hydrochlorothiazide,Bryant Ranch Prepack,HYDROCHLOROTHIAZIDE,12.5 mg/1,CAPSULE,ORAL,Increased Diuresis [PE],CAT003,Diabetes
MED081532,72162-2440,Telmisartan,Telmisartan,Bryant Ranch Prepack,TELMISARTAN,80 mg/1,TABLET,ORAL,Angiotensin 2 Receptor Antagonists [MoA],CAT003,Diabetes
MED081543,72162-2543,Atomoxetine,Atomoxetine,Bryant Ranch Prepack,ATOMOXETINE HYDROCHLORIDE,25 mg/1,CAPSULE,ORAL,Norepinephrine Reuptake Inhibitor [EPC],CAT005,Neurology
MED081558,72162-2644,Ramelteon,Ramelteon,Bryant Ranch Prepack,RAMELTEON,8 mg/1,"TABLET, FILM COATED",ORAL,Melatonin Receptor Agonist [EPC],CAT005,Neurology
MED081589,72189-302,Meclizine Hydrochloride,Meclizine Hydrochloride,Directrx,MECLIZINE HYDROCHLORIDE,12.5 mg/1,TABLET,ORAL,Antiemetic [EPC],CAT007,Gastrointestinal
MED081618,72189-633,Doxepin Hcl,Doxepin Hcl,Direct_Rx,DOXEPIN HYDROCHLORIDE,10 mg/1,CAPSULE,ORAL,Tricyclic Antidepressant [EPC],CAT005,Neurology
MED081681,72288-703,Oxymetazoline Hydrochloride,Basic Care No Drip Nasal,Amazon.Com Services Llc,OXYMETAZOLINE HYDROCHLORIDE,.05 g/100mL,"SPRAY, METERED",NASAL,Imidazolines [CS],CAT005,Neurology
MED081691,72319-022,Ranolazine,Ranolazine,"I3 Pharmaceuticals, Llc",RANOLAZINE,1000 mg/1,"TABLET, FILM COATED, EXTENDED RELEASE",ORAL,Anti-anginal [EPC],CAT003,Diabetes
MED081757,72572-100,Daptomycin,Daptomycin,"Civica, Inc.",DAPTOMYCIN,350 mg/7mL,"INJECTION, POWDER, LYOPHILIZED, FOR SOLUTION",INTRAVENOUS,Lipopeptide Antibacterial [EPC],CAT001,Antibiotics
MED081786,72603-161,Ketorolac Tromethamine,Ketorolac Tromethamine,Northstar Rx Llc,KETOROLAC TROMETHAMINE,30 mg/mL,"INJECTION, SOLUTION",INTRAMUSCULAR,Anti-Inflammatory Agents,CAT004,Pain Management
MED081801,72603-355,Pregabalin,Pregabalin,Northstar Rxllc,PREGABALIN,100 mg/1,CAPSULE,ORAL,UNKNOWN,CAT015,Others
MED081820,72606-059,Denosumab-Bmwo,Denosumab-Bmwo,"Celltrion Usa, Inc.",DENOSUMAB,120 mg/1.7mL,INJECTION,SUBCUTANEOUS,RANK Ligand Blocking Activity [MoA],CAT012,Ophthalmology
MED081834,72683-002,Menthol,Ease Your Pain,Proximity Capital Partners Llc Dba Asutra,MENTHOL,4 g/100g,CREAM,TOPICAL,UNKNOWN,CAT015,Others
MED081868,72789-374,Sulindac,Sulindac,"Pd-Rx Pharmaceuticals, Inc.",SULINDAC,200 mg/1,TABLET,ORAL,Anti-Inflammatory Agents,CAT004,Pain Management
MED081880,72789-510,Glipizide,Glipizide,"Pd-Rx Pharmaceuticals, Inc.",GLIPIZIDE,10 mg/1,TABLET,ORAL,Sulfonylurea Compounds [CS],CAT002,Cardiovascular
MED081910,72865-150,Cinacalcet,Cinacalcet,Xlcare Pharmaceuticals Inc.,CINACALCET HYDROCHLORIDE,30 mg/1,"TABLET, FILM COATED",ORAL,Calcium-sensing Receptor Agonist [EPC],CAT013,Vaccines & Biologics
MED081937,72893-005,Pralatrexate,Folotyn,Acrotech Biopharma Inc,PRALATREXATE,40 mg/2mL,INJECTION,INTRAVENOUS,Folate Analog Metabolic Inhibitor [EPC],CAT012,Ophthalmology
MED082041,73466-0035,"Honeysuckle Flower, Forsythia Fruit, Mentha Herb",Han Shin Anticam,Misocos,FORSYTHIA SUSPENSA FRUIT,710 mg/1,CAPSULE,ORAL,UNKNOWN,CAT015,Others
MED082057,73572-004,Zinc Oxide,Proven Personalized Day Moisturizer With Spf 50,Proven Skincare,ZINC OXIDE,150 mg/mL,CREAM,TOPICAL,Copper Absorption Inhibitor [EPC],CAT007,Gastrointestinal
MED082059,0536-2470,Magnesium Hydroxide,Milk Of Magnesia Mint,Rugby Laboratories,MAGNESIUM HYDROXIDE,1200 mg/15mL,LIQUID,ORAL,Calculi Dissolution Agent [EPC],CAT007,Gastrointestinal
MED082060,73581-013,Esomeprazole Magnesium,Esomeprazole,Yyba Corp,ESOMEPRAZOLE MAGNESIUM,20 mg/1,"CAPSULE, DELAYED RELEASE",ORAL,Cytochrome P450 2C19 Inhibitors [MoA],CAT014,Vitamins & Supplements
MED082065,73581-204,Phenylphrine Hcl,Nasal Decongestant Pe 10Mg,Yyba Corp,PHENYLEPHRINE HYDROCHLORIDE,25 mg/1,TABLET,ORAL,Adrenergic alpha1-Agonists [MoA],CAT003,Diabetes
MED082068,73590-0033,Adenosine,The Skin House Wrinkle Systemcream,"Noksibcho Cosmetic Co., Ltd.",ADENOSINE,.04 g/100g,CREAM,TOPICAL,Adenosine Receptor Agonist [EPC],CAT003,Diabetes
MED082080,0548-5001,Ganirelix Acetate,Ganirelix Acetate,"Amphastar Pharmaceuticals, Inc.",GANIRELIX ACETATE,250 ug/.5mL,INJECTION,SUBCUTANEOUS,Decreased GnRH Secretion [PE],CAT009,Oncology
MED082081,73629-001,Diphenhydramine Hydrochloride 50Mg,Diphenhydramine Hydrochloride 50Mg,Amz789 Llc,DIPHENHYDRAMINE HYDROCHLORIDE,50 mg/1,"CAPSULE, LIQUID FILLED",ORAL,Histamine H1 Receptor Antagonists [MoA],CAT006,Respiratory
MED082115,73928-175,Alcohol Antiseptic,Strawberry Fizz Sanitizer,"Kingkey Mbc Life Technology Group Co.,Ltd",ALCOHOL,62 mL/100mL,LIQUID,TOPICAL,UNKNOWN,CAT015,Others
MED082116,73928-184,Alcohol Antiseptic,Dippin Dots Hand Sani Birthday Cake,"Kingkey Mbc Life Technology Group Co.,Ltd",ALCOHOL,62 mL/100mL,LIQUID,TOPICAL,UNKNOWN,CAT015,Others
MED082121,73928-530,Alcohol Antiseptic,Baja Blast Hydrating Hand Sanitizer,"Kingkey Mbc Life Technology Group Co.,Ltd",ALCOHOL,62 mL/100mL,LIQUID,TOPICAL,UNKNOWN,CAT015,Others
MED082144,75568-049,"Camphor (Synthetic), Menthol, Methyl Salicylate",Careland Kinesiology Pain Relieving Tape,"Planet (Anhui) Pharmaceutical Co., Ltd.",CAMPHOR (SYNTHETIC),31 mg/g,TAPE,TOPICAL,UNKNOWN,CAT015,Others
MED082175,75834-338,Diclofenac Potassium,Diclofenac Potassium,"Nivagen Pharmaceuticals, Inc.",DICLOFENAC POTASSIUM,50 mg/1,"POWDER, FOR SOLUTION",ORAL,Anti-Inflammatory Agents,CAT004,Pain Management
MED082181,75907-405,Bosutinib,Bosutinib,Dr. Reddy'S Laboratories Inc.,BOSUTINIB,400 mg/1,"TABLET, FILM COATED",ORAL,Bcr-Abl Tyrosine Kinase Inhibitors [MoA],CAT012,Ophthalmology
MED082219,76281-538,Bismuth Subsalicylate,Stomach Relief - Maximum Strength,Aptapharma Inc.,BISMUTH SUBSALICYLATE,1050 mg/30mL,LIQUID,ORAL,UNKNOWN,CAT015,Others
MED082269,76385-127,Sotalol Hydrochloride Tablets Af,Sotalol Hydrochloride Af,"Unichem Pharmaceuticals (Usa), Inc.",SOTALOL HYDROCHLORIDE,160 mg/1,TABLET,ORAL,Adrenergic beta-Antagonists [MoA],CAT003,Diabetes
MED082275,76420-005,Amoxicillin And Clavulanate Potassium,Amoxicillin And Clavulanate Potassium,"Asclemed Usa, Inc.",AMOXICILLIN,875 mg/1,"TABLET, FILM COATED",ORAL,Penicillin-class Antibacterial [EPC],CAT001,Antibiotics
MED082278,76420-014,Gabapentin,Gabapentin,"Asclemed Usa, Inc.",GABAPENTIN,100 mg/1,CAPSULE,ORAL,Anti-epileptic Agent [EPC],CAT005,Neurology
MED082322,76420-536,Tramadol Hydrochloride,Tramadol Hydrochloride,"Asclemed Usa, Inc.",TRAMADOL HYDROCHLORIDE,100 mg/1,"TABLET, EXTENDED RELEASE",ORAL,Full Opioid Agonists [MoA],CAT004,Pain Management
MED082344,76420-727,Celecoxib,Celecoxib,"Asclemed Usa, Inc.",CELECOXIB,100 mg/1,CAPSULE,ORAL,Anti-Inflammatory Agents,CAT004,Pain Management
MED082374,76472-3016,Hepar Sulphuris Calcareum,Hepar Sulphuris Calcareum 200Ck,Sevene Usa,CALCIUM SULFIDE,200 [kp_C]/1,PELLET,SUBLINGUAL,UNKNOWN,CAT015,Others
MED082396,77771-121,Clopidogrel Bisulfate,Clopidogrel Bisulfate,"Radha Pharmaceuticals, Inc.",CLOPIDOGREL BISULFATE,300 mg/1,"TABLET, FILM COATED",ORAL,Cytochrome P450 2C8 Inhibitors [MoA],CAT014,Vitamins & Supplements
MED082403,78206-120,Desloratadine And Pseudoephedrine Sulfate,Clarinex-D 12 Hour,Organon Llc,DESLORATADINE,2.5 mg/1,"TABLET, EXTENDED RELEASE",ORAL,Adrenergic alpha-Agonists [MoA],CAT003,Diabetes
MED082463,0067-6804,"Acetaminophen, Dextromethorphan Hbr, Phenylephrine Hcl, Diphenhydramine Hcl",Theraflu Severe Cold Relief Daytime And Theraflu Severe Cold Relief Nighttime,Haleon Us Holdings Llc,UNKNOWN,UNKNOWN,KIT,UNKNOWN,UNKNOWN,CAT015,Others
MED082507,79903-271,Guaifenesin,Guaifenesin Extended Release 600 Mg,"Wal-Mart Stores, Inc.",GUAIFENESIN,600 mg/1,"TABLET, EXTENDED RELEASE",ORAL,Decreased Respiratory Secretion Viscosity [PE],CAT006,Respiratory
MED082604,80659-301,Benzalkonium Chloride,Purifi Hand Sanitizer,Purifi Llc,BENZALKONIUM CHLORIDE,.13 g/100mL,SOLUTION,TOPICAL,UNKNOWN,CAT015,Others
MED082605,80661-014,Aluminum Sesquichlorohydrate,Myhealth Mood Care Sport Women,Aeroflex Industria De Aerosol Ltda,ALUMINUM SESQUICHLOROHYDRATE,25 g/100mL,"AEROSOL, SPRAY",TOPICAL,UNKNOWN,CAT015,Others
MED082635,81005-125,Metolazone,Metolazone,Aarkish Pharmaceuticals Nj Inc.,METOLAZONE,5 mg/1,TABLET,ORAL,Increased Diuresis [PE],CAT003,Diabetes
MED082644,81104-961,Zinc Oxide,Naked Sundays Cabana Glow Mineral Glow Serum Drops Illuminating 40Ml With Pink Algae Spf 50,Naked Sundays Pty Ltd,ZINC OXIDE,14.9 g/100mL,LIQUID,TOPICAL,UNKNOWN,CAT015,Others
MED082683,81526-002,Povidone-Iodine,Tm Titus Medical Povidone Iodine,Titus Medical Llc,POVIDONE-IODINE,1 g/100g,OINTMENT,TOPICAL,UNKNOWN,CAT015,Others
MED082697,81683-005,"Menthol, Methyl Salicylate",Rocksauce Warming Massage Roll-On,"Implus Footcare, Llc",MENTHOL,100 mg/mL,"CREAM, AUGMENTED",TOPICAL,UNKNOWN,CAT015,Others
MED082706,81923-199,Lidocaine Hydrochloride,Skins Delay Maximum Strength Lidocaine,Skins Sexual Health Limited,LIDOCAINE HYDROCHLORIDE,10 mg/mL,SOLUTION,TOPICAL,Amide Local Anesthetic [EPC],CAT004,Pain Management
MED082747,82141-2339,"Titanium Dioxide, Zinc Oxide",Toty Ilumina Cc Cream 5W,Chipican Llc,TITANIUM DIOXIDE,9 g/100g,CREAM,TOPICAL,UNKNOWN,CAT015,Others
MED082768,82355-011,Ethyl Alcohol,Sanitizing Hand Mist Peppermint Eucalyptus,Alo New York Llc,ALCOHOL,70 mL/100mL,SPRAY,TOPICAL,UNKNOWN,CAT015,Others
MED082803,82548-2420,Zinc Oxide,Tulip Dew Shield Glow,"Bloomeffects, Inc.",ZINC OXIDE,14.7 g/100g,STICK,TOPICAL,UNKNOWN,CAT015,Others
MED082819,82619-147,Nitrofurantoin (Monohydrate/Macrocrystals),Nitrofurantoin (Monohydrate/Macrocrystals),Creekwood Pharmaceuticals Llc,NITROFURANTOIN,25 mg/1,CAPSULE,ORAL,Nitrofuran Antibacterial [EPC],CAT001,Antibiotics
MED082869,82804-095,Oxybutynin Chloride,Oxybutynin Chloride Extended Release,Proficient Rx Lp,OXYBUTYNIN CHLORIDE,10 mg/1,"TABLET, EXTENDED RELEASE",ORAL,Cholinergic Muscarinic Antagonist [EPC],CAT005,Neurology
MED082886,82804-221,Gemfibrozil,Gemfibrozil,Proficient Rx Lp,GEMFIBROZIL,600 mg/1,TABLET,ORAL,PPAR alpha [CS],CAT003,Diabetes
MED082899,82868-030,Naproxen,Naproxen,"Northwind Health Company, Llc",NAPROXEN,375 mg/1,TABLET,ORAL,Anti-Inflammatory Agents,CAT004,Pain Management
MED082903,82868-052,Tramadol Hydrochloride,Tramadol Hydrochloride,"Northwind Health Company, Llc",TRAMADOL HYDROCHLORIDE,50 mg/1,TABLET,ORAL,Full Opioid Agonists [MoA],CAT004,Pain Management
MED082917,82953-032,"Avobenzone,Homosalate,Octocrylene,Octisalate",Natural Lip Balm Spf15( Birthday Cake) 01,"Cosmuses Cosmetics (Ningbo) Co., Ltd.",AVOBENZONE,2 g/100g,LIPSTICK,TOPICAL,UNKNOWN,CAT015,Others
MED082938,82969-2003,"Berb. Vulgd3, Carduus Md2, Chelidoniumd2, Cholestrinumd3, Hydrastisd3, Ptelead3",Bestmade Natural Products Bm3,Bestmade Natural Products,BERBERIS VULGARIS ROOT BARK,30 [hp_C]/30[hp_C],LIQUID,ORAL,UNKNOWN,CAT015,Others
MED082952,82969-2148,"Belladonna, Colocynthis, Coleus Arom, Dioscorea Vill, Lupulinum, Rhus Tox",Bestmade Natural Products Bm148,Bestmade Natural Products,ATROPA BELLADONNA,30 [hp_C]/30[hp_C],LIQUID,ORAL,Allergens [CS],CAT006,Respiratory
MED082969,0641-1410,Digoxin,Digoxin,Hikma Pharmaceuticals Usa Inc.,DIGOXIN,.25 mg/mL,INJECTION,INTRAMUSCULAR,Cardiac Glycoside [EPC],CAT003,Diabetes
MED083003,83027-0019,"Ginkgo Biloba, Leonurus Cardiaca, Cactus Grandiflorus (N), Heart (Bovine), Taurine, Ubidecarenonum (Coq 10), Aurum Muriaticum Natronatum, Magnesia Phosphorica",Heart Liquescence,"Nutritional Specialties, Inc.",BEEF HEART,6 [hp_X]/mL,LIQUID,ORAL,Calculi Dissolution Agent [EPC],CAT007,Gastrointestinal
MED083017,83027-0097,"Heart (Bovine), Lung (Bovine)",Heart Lung Sarcode,"Nutritional Specialties, Inc.",BEEF HEART,6 [hp_X]/mL,SPRAY,ORAL,UNKNOWN,CAT015,Others
MED083064,0641-6182,Orphenadrine Citrate,Orphenadrine Citrate,Hikma Pharmaceuticals Usa Inc.,ORPHENADRINE CITRATE,60 mg/2mL,INJECTION,INTRAMUSCULAR,Centrally-mediated Muscle Relaxation [PE],CAT005,Neurology
MED083102,83324-113,Diphenhydramine Hydrochloride,Rest Simply,"Chain Drug Marketing Association, Inc.",DIPHENHYDRAMINE HYDROCHLORIDE,25 mg/1,"TABLET, COATED",ORAL,Histamine H1 Receptor Antagonists [MoA],CAT006,Respiratory
MED083132,83364-015,Nicotine,Sielkin Quit Smoking Nicotine Patches,"Yitongbada (Shenzhen) International Trade Co., Ltd",NICOTINE,7 mg/g,PATCH,TRANSDERMAL,Cholinergic Nicotinic Agonist [EPC],CAT005,Neurology
MED083173,83573-100,"Erborian Cc Red Correct Spf 25- Octinoxate, Octisalate, Titanium Dioxide, Zinc Oxide Cream",Erborian Cc Red Correct,"Kolmask Co., Ld.",OCTINOXATE,60 mg/mL,CREAM,TOPICAL,UNKNOWN,CAT015,Others
MED083188,83634-400,Bivalirudin,Bivalirudin,"Avenacy, Inc.",BIVALIRUDIN,250 mg/1,"INJECTION, POWDER, LYOPHILIZED, FOR SOLUTION",INTRAVENOUS,Anti-coagulant [EPC],CAT003,Diabetes
MED083233,83819-120,"Olive Extract, Sulfur",Dermveda Nail Fungus Serum,Celcius Corp.,OLEA EUROPAEA (OLIVE) LEAF POWDER,8 [hp_X]/118mL,SOLUTION,TOPICAL,UNKNOWN,CAT015,Others
MED083240,0713-0536,Promethazine Hydrochloride,Promethegan,"Cosette Pharmaceuticals, Inc.",PROMETHAZINE HYDROCHLORIDE,12.5 mg/1,SUPPOSITORY,RECTAL,Phenothiazine [EPC],CAT005,Neurology
MED083252,84000-101,Ethyl Alcohol,Megababe - Squeaky Clean Hand Sanitizer,"Megababe, Llc",ALCOHOL,1 mL/100mL,GEL,TOPICAL,UNKNOWN,CAT015,Others
MED083254,84003-011,"Octisalate, Octocrylene, Titanium Dioxide, Zinc Oxide",Dolce And Gabbana Everlast Foundation Spf 20 11W Light Medium,Dolce & Gabbana Beauty S.R.L,OCTISALATE,35 mg/mL,EMULSION,TOPICAL,UNKNOWN,CAT015,Others
MED083346,84180-472,Zinc Oxide,Etaderm Tattoo Sunscreen Broad Spectrum Spf-30,Nuephase Llc,ZINC OXIDE,150 mg/mL,CREAM,TOPICAL,Copper Absorption Inhibitor [EPC],CAT007,Gastrointestinal
MED083387,84378-104,Sunscreen,Defend And Balance Tinted Mineral Sunscreen Spf 50,Epicuren Discovery,TITANIUM DIOXIDE,4 g/100g,CREAM,TOPICAL,UNKNOWN,CAT015,Others
MED083432,84603-119,"Avobenzone, Octinoxate, Octisalate, Octocrylene",Basin American Pink Lemonade Spf 15 Broad Spectrum Sunscreen Lip Balm,"Retail Concepts Of Minnesota, Inc.",AVOBENZONE,3 g/100g,STICK,TOPICAL,UNKNOWN,CAT015,Others
MED083436,84616-006,"Avobenzone, Homosalate, Octisalate",Round Lab Dodo S Pick Bestseller Set,"Seorin Company Co., Ltd.",UNKNOWN,UNKNOWN,KIT,UNKNOWN,UNKNOWN,CAT015,Others
MED083471,84878-401,Zinc Oxide,Sunsolve Md Mineral Shade Quartz 001,Sunsolve Md Inc,ZINC OXIDE,132 mg/mL,LOTION,TOPICAL,UNKNOWN,CAT015,Others
MED083484,84983-016,Glycerin,South Moon Massage Cream,"Shantou South Moon Biotechnology Co., Ltd.",CLOVE OIL,.01 mg/50mg,CREAM,TOPICAL,Lipid Emulsion [EPC],CAT003,Diabetes
MED083489,0781-3440,Cosyntropin,Cosyntropin,Sandoz Inc,COSYNTROPIN,.25 mg/mL,"INJECTION, POWDER, LYOPHILIZED, FOR SOLUTION",INTRAVENOUS,Adrenocorticotropic Hormone [CS],CAT009,Oncology
MED083491,84999-023,Natrum Sulphuricum,Schuessler Tissue Salts Nat Sulph Water Eliminator 11,Martin & Pleasance Pty Ltd,SODIUM SULFATE ANHYDROUS,6 [hp_X]/1,"TABLET, CHEWABLE",ORAL,Increased Large Intestinal Motility [PE],CAT007,Gastrointestinal
MED083496,85043-075,Leuprolide Acetate,Vabrinty,"Uronova Pharmaceuticals, Inc.",LEUPROLIDE ACETATE,7.5 mg/.25mL,"INJECTION, SUSPENSION, EXTENDED RELEASE",SUBCUTANEOUS,Gonadotropin Releasing Hormone Receptor Agonist [EPC],CAT009,Oncology
MED083559,85296-204,Zinc Oxide,Zinc Oxide Spf 40 Tinted,Skin Restoration Aesthetics,ZINC OXIDE,200 mg/g,CREAM,TOPICAL,UNKNOWN,CAT015,Others
MED083612,85425-202,"Titanium Dioxide, Zinc Oxide",Non-Tinted Mineral Sunscreen,Skin & Bare It Llc,TITANIUM DIOXIDE,80 mg/g,CREAM,TOPICAL,UNKNOWN,CAT015,Others
MED083644,85521-002,Zinc Pyrithione,Dandrx Anti-Dandruff,Dandrx Llc,PYRITHIONE ZINC,2 g/100mL,SHAMPOO,TOPICAL,UNKNOWN,CAT015,Others
MED083677,85636-012,Bee Venom Fungal Nail Treatment,Bee Venom Fungal Nail Treatment Liquid,"Shenzhen Earth Surface Trading Co., Ltd.",UNDECYLENIC ACID,250 mg/mL,LIQUID,TOPICAL,UNKNOWN,CAT015,Others
MED083722,85772-0004,Aluminum Chlorohydrate Liquid,Beautnice,"Guangzhou Oupeng Cosmetics Co., Ltd.",ALUMINUM CHLOROHYDRATE,10 g/100g,LOTION,TOPICAL,UNKNOWN,CAT015,Others
MED083725,85782-015,Isopropyl Alcohol,12-Pack Hand Sanitizer,"Handetizer, Llc",ISOPROPYL ALCOHOL,72 mL/100mL,SPRAY,TOPICAL,UNKNOWN,CAT015,Others
MED083780,85943-004,Avabenzone 3% Homosalate 10% Octisalate 5%,Men Scented Sunscreen Spf 50 Gentleman Slam,Slam Lotion,AVOBENZONE,3 g/100g,SPRAY,TOPICAL,UNKNOWN,CAT015,Others
MED083788,85977-002,Rosmarinus Officinalis Rosemary Leaf Oil,Beksf Morocco Aggan Hair Nourishing Essential Oil,"Guangzhou Yanhou Cosmetics Co., Ltd.",ROSMARINUS OFFICINALIS (ROSEMARY) LEAF OIL,.02 g/mL,OIL,TOPICAL,UNKNOWN,CAT015,Others
MED083814,87063-205,Fluconazole,Fluconazole,Asclemed Usa Inc.,FLUCONAZOLE,150 mg/1,TABLET,ORAL,Azole Antifungal [EPC],CAT001,Antibiotics
MED083821,87078-331,Acetaminophen 325 Mg And Dextromethorphan Hbr 10 Mg Oral Liquid Day Time Kids,Onessip Day Time Kids Cold And Cough Plus Fever,Medwise Lifesciences Inc.,ACETAMINOPHEN,325 mg/10mL,LIQUID,ORAL,Sigma-1 Agonist [EPC],CAT005,Neurology
MED083836,87152-003,Lidocaine,Gniby Lidocaine Anorectal Hemorrhoidal Numbing,"Putian Licheng District Zhijiancheng Trading Co., Ltd.",LIDOCAINE,5 g/100g,CREAM,TOPICAL,Amide Local Anesthetic [EPC],CAT004,Pain Management
MED083840,87170-013,Zinx Oxide,Hampton Sun Spf30 Mineral,S&C Hampton Sun Llc,ZINC OXIDE,19.24 g/100mL,LOTION,TOPICAL,Copper Absorption Inhibitor [EPC],CAT007,Gastrointestinal
MED083853,87232-444,Zero Waste Toothpaste Tablets Peppermint,Me Mother Earth,A Plus Merchandise Llc,SODIUM FLUORIDE,.32 mg/1,"TABLET, CHEWABLE",DENTAL,UNKNOWN,CAT015,Others
MED083879,87313-001,"Zinc Oxide, Titanium Dioxide",Hawaiian Blend Essential Zinc Spf 50,The Islander Group,TITANIUM DIOXIDE,4 g/100g,SPRAY,TOPICAL,UNKNOWN,CAT015,Others
MED083930,87556-001,Salicylic Acid 1% Milia Remover Essence,Spesolskii Milia Remover Essence,Best Green Limited,SALICYLIC ACID,1 g/100mL,LIQUID,TOPICAL,UNKNOWN,CAT015,Others
MED084291,17088-0330,Asciminib,Asciminib,Novartis Pharma Stein Ag,ASCIMINIB HYDROCHLORIDE,100 mg/1,"TABLET, FILM COATED",UNKNOWN,UNKNOWN,CAT015,Others
MED084302,0904-7312,Enalapril Maleate,Enalapril Maleate,Major Pharmaceuticals,ENALAPRIL MALEATE,20 mg/1,TABLET,ORAL,Angiotensin Converting Enzyme Inhibitor [EPC],CAT003,Diabetes
MED084310,0904-7321,Acetaminophen,Acetaminophen,Major Pharmaceuticals,ACETAMINOPHEN,650 mg/20.3mL,SOLUTION,ORAL,UNKNOWN,CAT015,Others
MED084530,0924-0223,Acetaminophen,First Aid Only Extra-Strength Non-Aspirin,Acme United Corporation,ACETAMINOPHEN,500 mg/1,"TABLET, FILM COATED",ORAL,UNKNOWN,CAT015,Others
MED085556,10702-036,Sodium Polystyrene Sulfonate,Sodium Polystyrene Sulfonate,"Kvk-Tech, Inc.",SODIUM POLYSTYRENE SULFONATE,1 g/g,POWDER,ORAL,UNKNOWN,CAT015,Others
MED086009,11118-1002,Sulfur,Thylox,"Bradford Soap Works, Inc.",SULFUR,3 g/100g,SOAP,TOPICAL,UNKNOWN,CAT015,Others
MED086364,11716-7540,"Light Mineral Oil, White Petrolatum",Lubrifresh Pm,"Hanlim Pharm Co. , Ltd",LIGHT MINERAL OIL,150 mg/g,OINTMENT,OPHTHALMIC,UNKNOWN,CAT015,Others
MED086365,11748-010,Oxygen,Oxygen,"P And J Oxyfill, Llc",OXYGEN,99 L/100L,GAS,RESPIRATORY (INHALATION),UNKNOWN,CAT015,Others
MED086386,11822-0470,Sodium Chloride,Extra Strenght Saline Mist Rite Aid,Rite Aid Corporation,SODIUM CHLORIDE,3 g/100g,SPRAY,NASAL,UNKNOWN,CAT015,Others
MED086541,15631-2627,Belladonna,Belladonna,"Rxhomeo Private Limited D.B.A. Rxhomeo, Inc",ATROPA BELLADONNA,3 [hp_X]/mL,LIQUID,ORAL,UNKNOWN,CAT015,Others
MED086568,16571-685,Clomipramine Hydrochloride,Clomipramine Hydrochloride,"Rising Pharma Holdings, Inc.",CLOMIPRAMINE HYDROCHLORIDE,75 mg/1,CAPSULE,ORAL,Tricyclic Antidepressant [EPC],CAT005,Neurology
MED086573,16571-786,Lamotrigine,Lamotrigine,"Rising Pharma Holdings, Inc.",LAMOTRIGINE,25 mg/1,"TABLET, CHEWABLE",ORAL,Anti-epileptic Agent [EPC],CAT005,Neurology
MED086593,16714-340,Levonorgestrel And Ethinyl Estradiol,Levonest,Northstar Rx Llc,UNKNOWN,UNKNOWN,KIT,UNKNOWN,UNKNOWN,CAT015,Others
MED086599,16714-498,Etodolac,Etodolac,Northstar Rx Llc,ETODOLAC,500 mg/1,"TABLET, EXTENDED RELEASE",ORAL,Anti-Inflammatory Agents,CAT004,Pain Management
MED086628,16714-988,Rosuvastatin Calcium,Rosuvastatin Calcium,Northstar Rxllc,ROSUVASTATIN CALCIUM,5 mg/1,"TABLET, FILM COATED",ORAL,HMG-CoA Reductase Inhibitor [EPC],CAT003,Diabetes
MED086633,16729-150,Quetiapine,Quetiapine,Accord Healthcare Inc.,QUETIAPINE FUMARATE,400 mg/1,"TABLET, FILM COATED",ORAL,Atypical Antipsychotic [EPC],CAT005,Neurology
MED086641,16729-444,Bupropion Hydrochloride,Bupropion Hydrochloride,Accord Healthcare Inc.,BUPROPION HYDROCHLORIDE,300 mg/1,"TABLET, EXTENDED RELEASE",ORAL,Aminoketone [EPC],CAT005,Neurology
MED086951,23155-889,Lurasidone Hydrochloride,Lurasidone Hydrochloride,Heritage Pharma Labs Inc. D/B/A Avet Pharmaceuticals Inc.,LURASIDONE HYDROCHLORIDE,60 mg/1,"TABLET, FILM COATED",ORAL,Atypical Antipsychotic [EPC],CAT005,Neurology
MED086968,24208-967,Olopatadine Hydrochloride,Olopatadine Hydrochloride,Bausch & Lomb Incorporated,OLOPATADINE HYDROCHLORIDE,2 mg/mL,SOLUTION,OPHTHALMIC,Decreased Histamine Release [PE],CAT006,Respiratory
MED086970,24338-109,Lisdexamfetamine Dimesylate Oral,Arynta,"Azurity Pharmaceuticals, Inc.",LISDEXAMFETAMINE DIMESYLATE,10 mg/mL,SOLUTION,ORAL,Central Nervous System Stimulant [EPC],CAT005,Neurology
MED086971,24338-260,Nimodipine,Nymalize,"Azurity Pharmaceuticals, Inc.",NIMODIPINE,60 mg/10mL,SOLUTION,ORAL,Calcium Channel Antagonists [MoA],CAT003,Diabetes
MED087017,25000-062,Ibuprofen,Ibuprofen,Marksans Pharma Limited,IBUPROFEN,200 mg/1,"CAPSULE, LIQUID FILLED",ORAL,Anti-Inflammatory Agents,CAT004,Pain Management
MED087031,25021-158,Vancomycin Hydrochloride,Vancomycin,Sagent Pharmaceuticals,VANCOMYCIN HYDROCHLORIDE,10 g/100mL,"INJECTION, POWDER, LYOPHILIZED, FOR SOLUTION",INTRAVENOUS,Glycopeptide Antibacterial [EPC],CAT001,Antibiotics
MED087046,25021-679,Baclofen,Baclofen,Sagent Pharmaceuticals,BACLOFEN,2000 ug/mL,"INJECTION, SOLUTION",INTRATHECAL,GABA A Agonists [MoA],CAT005,Neurology
MED087067,27241-124,Sildenafil,Sildenafil,Ajanta Pharma Usa Inc.,SILDENAFIL CITRATE,20 mg/1,TABLET,ORAL,Phosphodiesterase 5 Inhibitor [EPC],CAT003,Diabetes
MED087069,27241-155,Oxybutynin Chloride,Oxybutynin Chloride,Ajanta Pharma Usa Inc.,OXYBUTYNIN CHLORIDE,5 mg/1,"TABLET, EXTENDED RELEASE",ORAL,Cholinergic Muscarinic Antagonist [EPC],CAT005,Neurology
MED087129,30142-475,Cetirizine Hcl,Childrens All Day Allergy,Kroger Company,CETIRIZINE HYDROCHLORIDE,5 mg/5mL,SOLUTION,ORAL,Histamine H1 Receptor Antagonists [MoA],CAT006,Respiratory
MED087160,31507-585,Alcohol,Hand Guard Foaming Instant Hand Sanitizer,"Wechem, Inc.",ALCOHOL,.62 mL/mL,LIQUID,TOPICAL,UNKNOWN,CAT015,Others
MED087194,31722-324,Lisdexamfetamine Dimesylate,Lisdexamfetamine Dimesylate,"Camber Pharmaceuticals, Inc.",LISDEXAMFETAMINE DIMESYLATE,40 mg/1,"TABLET, CHEWABLE",ORAL,Central Nervous System Stimulant [EPC],CAT005,Neurology
MED087195,31722-343,Phenylephrine Hydrochloride,Phenylephrine Hydrochloride,"Camber Pharmaceuticals, Inc.",PHENYLEPHRINE HYDROCHLORIDE,10 mg/mL,INJECTION,INTRAVENOUS,Adrenergic alpha1-Agonists [MoA],CAT003,Diabetes
MED087214,31722-536,Levetiracetam,Levetiracetam,"Camber Pharmaceuticals, Inc.",LEVETIRACETAM,250 mg/1,"TABLET, FILM COATED",ORAL,Decreased Central Nervous System Disorganized Electrical Activity [PE],CAT005,Neurology
MED087221,31722-623,Roflumilast,Roflumilast,"Camber Pharmaceuticals, Inc.",ROFLUMILAST,500 ug/1,TABLET,ORAL,Phosphodiesterase 4 Inhibitor [EPC],CAT003,Diabetes
MED087231,31722-778,Acyclovir,Acyclovir,"Camber Pharmaceuticals, Inc.",ACYCLOVIR,800 mg/1,TABLET,ORAL,DNA Polymerase Inhibitors [MoA],CAT012,Ophthalmology
MED087239,31722-876,Pitavastatin Calcium,Pitavastatin Calcium,"Camber Pharmaceuticals, Inc.",PITAVASTATIN CALCIUM,2.09 mg/1,"TABLET, FILM COATED",ORAL,HMG-CoA Reductase Inhibitor [EPC],CAT003,Diabetes
MED087264,33342-240,Metformin Hydrochloride,Metformin Hydrochloride,Macleods Pharmaceuticals Limited,METFORMIN HYDROCHLORIDE,750 mg/1,"TABLET, EXTENDED RELEASE",ORAL,Biguanide [EPC],CAT002,Cardiovascular
MED087268,33342-248,Repaglinide,Repaglinide,Macleods Pharmaceuticals Limited,REPAGLINIDE,.5 mg/1,TABLET,ORAL,Glinide [EPC],CAT002,Cardiovascular
MED087286,33342-496,"Carbidopa, Levodopa And Entacapone","Carbidopa, Levodopa And Entacapone",Macleods Pharmaceuticals Limited,CARBIDOPA,50 mg/1,"TABLET, FILM COATED",ORAL,Amino Acids,CAT013,Vaccines & Biologics
MED087324,0115-9939,Lamotrigine,Lamotrigine,Amneal Pharmaceuticals Of New York Llc,LAMOTRIGINE,25 mg/1,"TABLET, ORALLY DISINTEGRATING",ORAL,Anti-epileptic Agent [EPC],CAT005,Neurology
MED087351,36800-097,Ketotifen Fumarate,Eye Itch Relief,Topco Associates Llc,KETOTIFEN FUMARATE,.25 mg/mL,SOLUTION/ DROPS,OPHTHALMIC,Histamine H1 Receptor Antagonists [MoA],CAT006,Respiratory
MED087409,37000-973,Sodium Fluoride,Native Whitening,Procter & Gamble Manufacturing Company,SODIUM FLUORIDE,1.4 mg/g,"PASTE, DENTIFRICE",DENTAL,UNKNOWN,CAT015,Others
MED087427,37662-0163,Acidum Carbolicum,Acidum Carbolicum,"Hahnemann Laboratories, Inc.",PHENOL,100 [hp_C]/1,PELLET,ORAL,UNKNOWN,CAT015,Others
MED087433,37662-0245,Chlorinum,Chlorinum,"Hahnemann Laboratories, Inc.",CHLORINE,30 [hp_C]/1,PELLET,ORAL,UNKNOWN,CAT015,Others
MED087470,37662-0552,Conium Maculatum,Conium Maculatum,"Hahnemann Laboratories, Inc.",CONIUM MACULATUM FLOWERING TOP,1 [hp_M]/1,PELLET,ORAL,UNKNOWN,CAT015,Others
MED087493,37662-0760,Acidum Gallicum,Acidum Gallicum,"Hahnemann Laboratories, Inc.",GALLIC ACID MONOHYDRATE,200 [hp_C]/1,PELLET,ORAL,UNKNOWN,CAT015,Others
MED087499,37662-0843,Ferrum Sulphuricum,Ferrum Sulphuricum,"Hahnemann Laboratories, Inc.",FERROUS SULFATE,6 [hp_C]/1,PELLET,ORAL,UNKNOWN,CAT015,Others
MED087521,37662-1037,Lycopus Virginicus,Lycopus Virginicus,"Hahnemann Laboratories, Inc.",LYCOPUS VIRGINICUS,6 [hp_C]/1,PELLET,ORAL,UNKNOWN,CAT015,Others
MED087540,37662-1165,Niccolum Sulphuricum,Niccolum Sulphuricum,"Hahnemann Laboratories, Inc.",NICKEL SULFATE HEXAHYDRATE,100 [hp_C]/1,PELLET,ORAL,UNKNOWN,CAT015,Others
MED087578,37662-1531,Mercurius Iodatus Flavus,Mercurius Iodatus Flavus,"Hahnemann Laboratories, Inc.",MERCUROUS IODIDE,30 [hp_C]/1,PELLET,ORAL,UNKNOWN,CAT015,Others
MED087595,0132-0324,Zinc Oxide,Boudreauxs,"C.B. Fleet Company, Inc.",ZINC OXIDE,16 g/113g,OINTMENT,TOPICAL,Copper Absorption Inhibitor [EPC],CAT007,Gastrointestinal
MED087628,37662-2026,Petroleum,Petroleum,"Hahnemann Laboratories, Inc.",KEROSENE,6 [hp_C]/1,PELLET,ORAL,UNKNOWN,CAT015,Others
MED087654,37662-2251,Ornithogalum Umbellatum,Ornithogalum Umbellatum,"Hahnemann Laboratories, Inc.",ORNITHOGALUM UMBELLATUM,1 [hp_M]/1,PELLET,ORAL,UNKNOWN,CAT015,Others
MED087682,37662-2529,Rhamnus Cathartica,Rhamnus Cathartica,"Hahnemann Laboratories, Inc.",RHAMNUS CATHARTICA FRUIT,1 [hp_M]/1,PELLET,ORAL,UNKNOWN,CAT015,Others
MED087711,37662-2823,Rhamnus Cathartica,Rhamnus Cathartica,"Hahnemann Laboratories, Inc.",RHAMNUS CATHARTICA FRUIT,12 [hp_C]/1,PELLET,ORAL,UNKNOWN,CAT015,Others
MED087752,37662-3176,Lithium Fluoratum,Lithium Fluoratum,"Hahnemann Laboratories, Inc.",LITHIUM FLUORIDE,200 [hp_C]/1,PELLET,ORAL,UNKNOWN,CAT015,Others
MED087799,37662-3653,Anacardium Occidentale,Anacardium Occidentale,"Hahnemann Laboratories, Inc.",ANACARDIUM OCCIDENTALE FRUIT,500 [hp_C]/1,PELLET,ORAL,UNKNOWN,CAT015,Others
MED087819,37662-3784,Mercurius Arsenicicus,Mercurius Arsenicicus,"Hahnemann Laboratories, Inc.",MERCURIC ARSENATE,1 [hp_Q]/1,PELLET,ORAL,UNKNOWN,CAT015,Others
MED087824,0143-9085,Doxorubicin Hydrochloride,Doxorubicin Hydrochloride,Hikma Pharmaceuticals Usa Inc.,DOXORUBICIN HYDROCHLORIDE,2 mg/mL,"INJECTION, SOLUTION",INTRAVENOUS,Anthracycline Topoisomerase Inhibitor [EPC],CAT012,Ophthalmology
MED087850,37662-4063,Strontium Nitricum,Strontium Nitricum,"Hahnemann Laboratories, Inc.",STRONTIUM NITRATE,6 [hp_C]/1,PELLET,ORAL,UNKNOWN,CAT015,Others
MED087885,37808-810,Isopropyl Alcohol,70%,H E B,ISOPROPYL ALCOHOL,70 mL/100mL,LIQUID,TOPICAL,UNKNOWN,CAT015,Others
MED087904,39328-220,Sennosides,Senna Ud,"Patrin Pharma, Inc.",SENNOSIDES,26.4 mg/15mL,SYRUP,ORAL,UNKNOWN,CAT015,Others
MED087917,41163-054,Pseudoephedrine Hydrochloride,Equaline 12 Hour Decongestant,"United Natural Foods, Inc. Dba Unfi",PSEUDOEPHEDRINE HYDROCHLORIDE,120 mg/1,"TABLET, FILM COATED, EXTENDED RELEASE",ORAL,Adrenergic alpha-Agonists [MoA],CAT003,Diabetes
MED087943,41167-0073,Menthol,Icy Hot Back And Large Areas,"Chattem, Inc.",MENTHOL,5 g/100g,PATCH,TOPICAL,UNKNOWN,CAT015,Others
MED087956,41167-0943,Sodium Fluoride,Act Total Care Anticavity Fluoride Fresh Mint,"Chattem, Inc.",SODIUM FLUORIDE,.09 mg/mL,RINSE,TOPICAL,UNKNOWN,CAT015,Others
MED087995,41250-763,"Acetaminophen, Dextromethorphan Hbr, Doxylamine Succinate, Phenylephrine Hcl",Nitetime Cold And Flu,Meijer Distribution Inc,ACETAMINOPHEN,650 mg/30mL,SOLUTION,ORAL,Adrenergic alpha1-Agonists [MoA],CAT003,Diabetes
MED087998,41250-812,"Dextromethorphan Hbr, Guaifenesin",Mucus Dm,Meijer Distribution Inc,DEXTROMETHORPHAN HYDROBROMIDE,60 mg/1,"TABLET, EXTENDED RELEASE",ORAL,Decreased Respiratory Secretion Viscosity [PE],CAT006,Respiratory
MED088014,41415-101,Calcium Carbonate,Publix Regular Strength Assorted Fruit,"Publix Super Markets, Inc",CALCIUM CARBONATE,500 mg/1,"TABLET, CHEWABLE",ORAL,Blood Coagulation Factor [EPC],CAT003,Diabetes
MED088016,41415-114,Calcium Sennosides,Publix Laxative Maximum Strength,"Publix Super Markets, Inc",SENNOSIDES A AND B,25 mg/1,TABLET,ORAL,UNKNOWN,CAT015,Others
MED088026,41520-127,Acetaminophen,Careone 8 Hour Pain Relief,American Sales Company,ACETAMINOPHEN,650 mg/1,"TABLET, FILM COATED, EXTENDED RELEASE",ORAL,UNKNOWN,CAT015,Others
MED088037,42023-188,Neostigmine Methylsulfate,Neostigmine Methylsulfate,"Par Health Usa, Llc",NEOSTIGMINE METHYLSULFATE,.5 mg/mL,INJECTION,INTRAVENOUS,Cholinesterase Inhibitor [EPC],CAT005,Neurology
MED088053,42291-082,Azithromycin,Azithromycin,Avkare,AZITHROMYCIN DIHYDRATE,250 mg/1,"TABLET, FILM COATED",ORAL,Macrolide Antimicrobial [EPC],CAT001,Antibiotics
MED088067,42291-626,Mexiletine Hydrochloride,Mexiletine Hydrochloride,Avkare,MEXILETINE HYDROCHLORIDE,250 mg/1,CAPSULE,ORAL,Antiarrhythmic [EPC],CAT003,Diabetes
MED088089,42291-976,Risperidone,Risperidone,Avkare,RISPERIDONE,1 mg/1,"TABLET, FILM COATED",ORAL,Atypical Antipsychotic [EPC],CAT005,Neurology
MED088093,42358-295,Fosdenopterin Hydrobromide,Nulibry,"Sentynl Therapeutics, Inc.",FOSDENOPTERIN HYDROBROMIDE,9.5 mg/1,"INJECTION, POWDER, LYOPHILIZED, FOR SOLUTION",INTRAVENOUS,Cyclic Pyranopterin Monophosphate [EPC],CAT014,Vitamins & Supplements
MED088096,42385-948,Metformin Hydrochloride,Metformin Hydrochloride,Laurus Labs Limited,METFORMIN HYDROCHLORIDE,850 mg/1,"TABLET, FILM COATED",ORAL,Biguanide [EPC],CAT002,Cardiovascular
MED088102,42423-271,Isopropyl Alcohol,Easytouch Alcohol Prep Pads Sterile,"Mhc Medical Products, Llc",ISOPROPYL ALCOHOL,70 mL/100mL,SWAB,TOPICAL,UNKNOWN,CAT015,Others
MED088129,42571-142,Celecoxib,Celecoxib,Micro Labs Limited,CELECOXIB,50 mg/1,CAPSULE,ORAL,Anti-Inflammatory Agents,CAT004,Pain Management
MED088182,42806-114,Oxycodone And Acetaminophen,Oxycodone And Acetaminophen,"Epic Pharma, Llc",ACETAMINOPHEN,325 mg/1,TABLET,ORAL,Full Opioid Agonists [MoA],CAT004,Pain Management
MED088189,42806-296,Guanfacine,Guanfacine,"Epic Pharma, Llc",GUANFACINE HYDROCHLORIDE,2 mg/1,TABLET,ORAL,Adrenergic alpha2-Agonists [MoA],CAT003,Diabetes
MED088210,0143-9923,Cefazolin,Cefazolin,Hikma Pharmaceuticals Usa Inc.,CEFAZOLIN SODIUM,225 mg/mL,"INJECTION, POWDER, FOR SOLUTION",INTRAMUSCULAR,Cephalosporin Antibacterial [EPC],CAT001,Antibiotics
MED088245,43063-785,Buspirone Hydrochloride,Buspirone Hydrochloride,"Pd-Rx Pharmaceuticals, Inc.",BUSPIRONE HYDROCHLORIDE,10 mg/1,TABLET,ORAL,UNKNOWN,CAT015,Others
MED088249,43063-825,Celecoxib,Celecoxib,"Pd-Rx Pharmaceuticals, Inc.",CELECOXIB,200 mg/1,CAPSULE,ORAL,Anti-Inflammatory Agents,CAT004,Pain Management
MED088252,43063-865,Baclofen,Baclofen,"Pd-Rx Pharmaceuticals, Inc.",BACLOFEN,20 mg/1,TABLET,ORAL,GABA A Agonists [MoA],CAT005,Neurology
MED088258,43063-938,Metoprolol Tartrate,Metoprolol Tartrate,"Pd-Rx Pharmaceuticals, Inc.",METOPROLOL TARTRATE,100 mg/1,"TABLET, FILM COATED",ORAL,Adrenergic beta-Antagonists [MoA],CAT003,Diabetes
MED088259,43063-941,Sildenafil,Sildenafil Citrate,"Pd-Rx Pharmaceuticals, Inc.",SILDENAFIL CITRATE,50 mg/1,"TABLET, FILM COATED",ORAL,Phosphodiesterase 5 Inhibitor [EPC],CAT003,Diabetes
MED088265,43066-051,Ketorolac Tromethamine,Ketorolac Tromethamine,Baxter Healthcare Corporation,KETOROLAC TROMETHAMINE,30 mg/mL,"INJECTION, SOLUTION",INTRAMUSCULAR,Anti-Inflammatory Agents,CAT004,Pain Management
MED088298,43405-011,"Menthol, Methyl Salicylate",Eagle Brand Muscle Rub,Borden Company (Private) Limited,MENTHOL,14.5 g/100mL,LIQUID,TOPICAL,UNKNOWN,CAT015,Others
MED088340,43547-296,Febuxostat,Febuxostat,Solco Healthcare Us Llc,FEBUXOSTAT,80 mg/1,TABLET,ORAL,Xanthine Oxidase Inhibitor [EPC],CAT003,Diabetes
MED088393,43598-611,Docetaxel,Docetaxel,Dr. Reddy'S Laboratories Inc.,DOCETAXEL,20 mg/mL,"INJECTION, SOLUTION",INTRAVENOUS,Microtubule Inhibition [PE],CAT012,Ophthalmology
MED088513,44567-610,Midazolam,Midazolam In Sodium Chloride,"Wg Critical Care, Llc.",MIDAZOLAM,1 mg/mL,"INJECTION, SOLUTION",INTRAVENOUS,Benzodiazepine [EPC],CAT005,Neurology
MED088711,47593-689,Benzalkonium Chloride,Chemstar Foaming Hand Sanitizer,Ecolab Inc.,BENZALKONIUM CHLORIDE,.1 mg/100mL,SOLUTION,TOPICAL,UNKNOWN,CAT015,Others
MED088731,47781-303,Nitrofurantoin Monohydrate/Macrocrystalline,Nitrofurantoin Monohydrate/ Macrocrystalline,Alvogen Inc.,NITROFURANTOIN,25 mg/1,CAPSULE,ORAL,Nitrofuran Antibacterial [EPC],CAT001,Antibiotics
MED088758,48951-4059,Ferrum Phosphoricum 6,Ferrum Phosphoricum 6,Uriel Pharmacy Inc.,FERROSOFERRIC PHOSPHATE,6 [hp_X]/g,POWDER,ORAL,UNKNOWN,CAT015,Others
MED088771,48951-9021,Triticum Cerebri,Triticum Cerebri,Uriel Pharmacy Inc.,BOS TAURUS BRAINSTEM,8 [hp_X]/1,PELLET,ORAL,Allergens [CS],CAT006,Respiratory
MED088849,49502-401,Tobramycin,Tobi Podhaler,Viatris Specialty Llc,TOBRAMYCIN,28 mg/1,CAPSULE,ORAL,Aminoglycoside Antibacterial [EPC],CAT001,Antibiotics
MED088879,49653-002,Nitrogen,Nitrogen,Superior Welding Supply Co,NITROGEN,990 mL/L,GAS,RESPIRATORY (INHALATION),UNKNOWN,CAT015,Others
MED088907,49911-884,Lidocaine,Plum Smooth Plumb Numb Gelee,"Universal Companies, Inc.",LIDOCAINE,4 g/100g,GEL,TOPICAL,Amide Local Anesthetic [EPC],CAT004,Pain Management
MED088945,50090-0451,Diltiazem Hydrochloride,Diltiazem Hydrochloride,A-S Medication Solutions,DILTIAZEM HYDROCHLORIDE,60 mg/1,"TABLET, FILM COATED",ORAL,Calcium Channel Antagonists [MoA],CAT003,Diabetes
MED088950,50090-0836,Loratadine,Loratadine Antihistamine,A-S Medication Solutions,LORATADINE,10 mg/1,TABLET,ORAL,UNKNOWN,CAT015,Others
MED089000,50090-2719,Cefdinir,Cefdinir,A-S Medication Solutions,CEFDINIR,300 mg/1,CAPSULE,ORAL,Cephalosporin Antibacterial [EPC],CAT001,Antibiotics
MED089002,50090-2853,Liraglutide,Victoza,A-S Medication Solutions,LIRAGLUTIDE,6 mg/mL,INJECTION,SUBCUTANEOUS,GLP-1 Receptor Agonist [EPC],CAT002,Cardiovascular
MED089164,0220-1127,Candida Albicans,Candida Albicans,Boiron,CANDIDA ALBICANS,9 [hp_C]/9[hp_C],PELLET,ORAL,Allergens [CS],CAT006,Respiratory
MED089179,0220-1151,Carbo Animalis,Carbo Animalis,Boiron,CARBO ANIMALIS,6 [hp_C]/6[hp_C],PELLET,ORAL,UNKNOWN,CAT015,Others
MED089185,50090-7569,Metoprolol Tartrate,Metoprolol Tartrate,A-S Medication Solutions,METOPROLOL TARTRATE,100 mg/1,TABLET,ORAL,Adrenergic beta-Antagonists [MoA],CAT003,Diabetes
MED089219,50090-7960,Acetaminophen,Acetaminophen 500 Mg,A-S Medication Solutions,ACETAMINOPHEN,500 mg/1,TABLET,ORAL,UNKNOWN,CAT015,Others
MED089262,50242-060,Bevacizumab,Avastin,"Genentech, Inc.",BEVACIZUMAB,100 mg/4mL,"INJECTION, SOLUTION",INTRAVENOUS,Vascular Endothelial Growth Factor Inhibitor [EPC],CAT010,Allergy
MED089331,0220-1436,Anamirta Cocculus Seed,Cocculus Indicus,Boiron,ANAMIRTA COCCULUS SEED,30 [hp_X]/30[hp_X],PELLET,ORAL,UNKNOWN,CAT015,Others
MED089333,50458-552,Paliperidone,Invega,"Janssen Pharmaceuticals, Inc.",PALIPERIDONE,9 mg/1,"TABLET, EXTENDED RELEASE",ORAL,Atypical Antipsychotic [EPC],CAT005,Neurology
MED089368,50742-241,Mexiletine Hydrochloride,Mexiletine Hydrochloride,"Ingenus Pharmaceuticals, Llc",MEXILETINE HYDROCHLORIDE,250 mg/1,CAPSULE,ORAL,Antiarrhythmic [EPC],CAT003,Diabetes
MED089372,50742-317,Flunisolide,Flunisolide,"Ingenus Pharmaceuticals, Llc",FLUNISOLIDE,.25 mg/mL,SOLUTION,NASAL,Corticosteroid Hormone Receptor Agonists [MoA],CAT004,Pain Management
MED089376,50742-388,"Estrogens, Conjugated","Estrogens, Conjugated","Ingenus Pharmaceuticals, Llc","ESTROGENS, CONJUGATED",.45 mg/1,"TABLET, FILM COATED",ORAL,Estrogen Receptor Agonists [MoA],CAT009,Oncology
MED089379,0220-1526,Conium Maculatum Flowering Top,Conium Maculatum,Boiron,CONIUM MACULATUM FLOWERING TOP,12 [hp_C]/12[hp_C],PELLET,ORAL,UNKNOWN,CAT015,Others
MED089401,50814-062,Alcohol,Genuine First Aid Hand Sanitizer With Pump Ethyl Alcohol,"Gfa Production (Xiamen) Co., Ltd.",ALCOHOL,.7 mL/mL,GEL,TOPICAL,UNKNOWN,CAT015,Others
MED089407,50844-519,Acetaminophen,Pain Reliever Extra Strength,"L.N.K. International, Inc.",ACETAMINOPHEN,500 mg/1,"TABLET, COATED",ORAL,UNKNOWN,CAT015,Others
MED089410,50845-0109,"Apis Mellifica, Chamomilla, Cimicifuga Racemosa, Cuprum Metallicum, Ignatia Amara, Kali Iodatum, Magnesia Phosphorica, Oophorinum (Suis), Platinum Metallicum, Sepia, Thuja Occidentalis",Pms,"Liddell Laboratories, Inc.",APIS MELLIFERA,200 [hp_C]/mL,SPRAY,ORAL,Allergens [CS],CAT006,Respiratory
MED089458,51285-131,Norethindrone Acetate And Ethinyl Estradiol,Loestrin 21 Day,Teva Women'S Health Llc,ETHINYL ESTRADIOL,20 ug/1,TABLET,ORAL,Estrogen Receptor Agonists [MoA],CAT009,Oncology
MED089483,51316-527,"Acetaminophen, Dextromethorphan Hbr, Guaifenesin, Doxylamine Succinate, Phenylephrine Hcl",Daytime Nighttime Severe Cold And Flu,Cvs Health Corp,UNKNOWN,UNKNOWN,KIT,ORAL,UNKNOWN,CAT015,Others
MED089497,51316-778,Dextromethorphan Hydrobromide,Long Acting Cough Softgels,"Cvs Pharmacy, Inc",DEXTROMETHORPHAN HYDROBROMIDE,15 mg/1,"CAPSULE, LIQUID FILLED",ORAL,Sigma-1 Agonist [EPC],CAT005,Neurology
MED089524,51407-236,Propranolol Hydrochloride,Propranolol Hydrochloride,"Golden State Medical Supply, Inc.",PROPRANOLOL HYDROCHLORIDE,20 mg/1,TABLET,ORAL,Adrenergic beta-Antagonists [MoA],CAT003,Diabetes
MED089541,51407-678,Doxycycline,Doxycycline,"Golden State Medical Supply, Inc.",DOXYCYCLINE,50 mg/1,CAPSULE,ORAL,Tetracycline-class Drug [EPC],CAT001,Antibiotics
MED089559,51514-0371,Burts Bees Spf 30 Untinted Lip Balm Coco Loco,Burts Bees Spf 30 Untinted Lip Balm Coco Loco,Autumn Harp,ZINC OXIDE,11.99 g/100g,STICK,TOPICAL,UNKNOWN,CAT015,Others
MED089574,51655-016,Ondansetron Hydrochloride,Ondansetron Hydrochloride,"Northwind Health Company, Llc",ONDANSETRON HYDROCHLORIDE,8 mg/1,"TABLET, FILM COATED",ORAL,Serotonin 3 Receptor Antagonists [MoA],CAT005,Neurology
MED089583,51655-291,Amlodipine Besylate,Amlodipine Besylate,"Northwind Health Company, Llc",AMLODIPINE BESYLATE,5 mg/1,TABLET,ORAL,Calcium Channel Antagonists [MoA],CAT003,Diabetes
MED089590,0220-2334,Grindelia Hirsutula Flowering Top,Grindelia,Boiron,GRINDELIA HIRSUTULA FLOWERING TOP,200 [kp_C]/200[kp_C],PELLET,ORAL,UNKNOWN,CAT015,Others
MED089595,0220-2351,"Potassium Nitrate, Activated Charcoal, Sulfur",Gun Powder,Boiron,ACTIVATED CHARCOAL,30 [hp_C]/30[hp_C],PELLET,ORAL,UNKNOWN,CAT015,Others
MED089606,51655-507,Nortriptyline Hydrochloride,Nortriptyline Hydrochloride,"Northwind Health Company, Llc",NORTRIPTYLINE HYDROCHLORIDE,25 mg/1,CAPSULE,ORAL,Tricyclic Antidepressant [EPC],CAT005,Neurology
MED089660,0220-2523,Hydrogen Cyanide,Hydrocyanicum Acidum,Boiron,HYDROGEN CYANIDE,200 [kp_C]/200[kp_C],PELLET,ORAL,UNKNOWN,CAT015,Others
MED089672,51672-1330,Terconazole,Terconazole,"Sun Pharmaceutical Industries, Inc.",TERCONAZOLE,80 mg/1,SUPPOSITORY,VAGINAL,Azole Antifungal [EPC],CAT001,Antibiotics
MED089760,52358-0004,Zinc Oxide,Sunblocz,Olen Skin Care Corporation,ZINC OXIDE,43.4 g/177mL,CREAM,TOPICAL,Copper Absorption Inhibitor [EPC],CAT007,Gastrointestinal
MED089785,52652-5001,Amlodipine,Katerzia,"Azurity Pharmaceuticals, Inc.",AMLODIPINE BENZOATE,1 mg/mL,SUSPENSION,ORAL,Calcium Channel Antagonists [MoA],CAT003,Diabetes
MED089804,52856-501,Deflazacort,Emflaza,"Ptc Therapeutics, Inc.",DEFLAZACORT,6 mg/1,TABLET,ORAL,Corticosteroid Hormone Receptor Agonists [MoA],CAT004,Pain Management
MED089810,52862-626,Benzalkonium Chloride,White Rain Antibacterial Hand Spring Water,"International Wholesale, Inc.",BENZALKONIUM CHLORIDE,1.3 mg/mL,SOAP,TOPICAL,UNKNOWN,CAT015,Others
MED089813,53041-102,Calcium Carbonate,Gdc Extra Strength Alkums Antacid 127Af,Guardian Drug Company,CALCIUM CARBONATE,750 mg/1,"TABLET, CHEWABLE",ORAL,Blood Coagulation Factor [EPC],CAT003,Diabetes
MED089828,53208-422,"Avobenzone, Homosalate, Octisalate, Octocrylene",Avon Beyond Glow Sun Moisturizer,Lg Household & Health Care Ltd.,AVOBENZONE,27 mg/mL,CREAM,TOPICAL,UNKNOWN,CAT015,Others
MED089840,0220-2969,Dibasic Potassium Phosphate,Kali Phosphoricum,Boiron,DIBASIC POTASSIUM PHOSPHATE,12 [hp_X]/12[hp_X],PELLET,ORAL,UNKNOWN,CAT015,Others
MED089853,53401-018,Simvastatin,Simvastatin,"Aphena Pharma Solutions - Tennessee, Llc",SIMVASTATIN,80 mg/1,"TABLET, FILM COATED",ORAL,HMG-CoA Reductase Inhibitor [EPC],CAT003,Diabetes
MED089862,53634-128,"Titanium Dioxide, Zinc Oxide",Spf 30 Mineral Sunscreen,Malin And Goetz Inc,TITANIUM DIOXIDE,3.71 g/100mL,CREAM,TOPICAL,UNKNOWN,CAT015,Others
MED089872,53645-2211,Viscum Mali Rk 23X,Viscum Mali Rk 23X,"True Botanica, Llc",VISCUM ALBUM WHOLE,23 [hp_X]/20mL,LIQUID,ORAL,UNKNOWN,CAT015,Others
MED089895,53942-516,"Acetaminophen, Dextromethorphan Hydrobromide, Guaifenesin, Phenylephrine Hydrochloride","Cold, Flu And Sore Throat Maxium Strength",Demoulas Market Basket,ACETAMINOPHEN,650 mg/20mL,LIQUID,ORAL,Adrenergic alpha1-Agonists [MoA],CAT003,Diabetes
MED089903,53943-200,Acetaminophen,Arthritis Pain,Discount Drug Mart,ACETAMINOPHEN,650 mg/1,"TABLET, EXTENDED RELEASE",ORAL,UNKNOWN,CAT015,Others
MED089921,54111-168,Zinc Oxide,Nudescreen Daily Mineral Veil Spf 30 - Tint Tan,"Bentley Laboratories, Llc",ZINC OXIDE,15 g/100mL,LOTION,TOPICAL,Copper Absorption Inhibitor [EPC],CAT007,Gastrointestinal
MED089952,54738-116,Diphenhydramine Hydrochloride,Diphenhydramine Hydrochloride,"Richmond Pharmaceuticals, Inc.",DIPHENHYDRAMINE HYDROCHLORIDE,50 mg/1,CAPSULE,ORAL,Histamine H1 Receptor Antagonists [MoA],CAT006,Respiratory
MED089973,54860-477,Alcohol,Smart Care Hand Sanitizer Barbie,"Shenzhen Lantern Scicence Co.,Ltd.",ALCOHOL,70 mL/100mL,SPRAY,TOPICAL,UNKNOWN,CAT015,Others
MED089985,54860-582,Alcohol,Smart Care Hand Sanitizer With Beaded Wristlet Lily Water,"Shenzhen Lantern Scicence Co.,Ltd.",ALCOHOL,70 mL/100mL,SPRAY,TOPICAL,UNKNOWN,CAT015,Others
MED090008,0220-3466,Hydrochloric Acid,Muriaticum Acidum,Boiron,HYDROCHLORIC ACID,9 [hp_C]/9[hp_C],PELLET,ORAL,UNKNOWN,CAT015,Others
MED090141,55319-427,Famotidine,Famotidine,"Family Dollar Stores, Inc.",FAMOTIDINE,20 mg/1,TABLET,ORAL,Histamine H2 Receptor Antagonists [MoA],CAT006,Respiratory
MED090162,55465-002,Nitrogen,Nitrogen,Ivey Industries,NITROGEN,990 mL/L,GAS,RESPIRATORY (INHALATION),UNKNOWN,CAT015,Others
MED090181,55651-620,"Glycerin, Naphazoline Hydrochloride",Redness And Dry Eye Relief,"Kc Pharmaceuticals, Inc",GLYCERIN,.25 g/100mL,SOLUTION,OPHTHALMIC,Allergens [CS],CAT006,Respiratory
MED090251,0220-4216,Rancid Beef,Pyrogenium,Boiron,RANCID BEEF,200 [kp_C]/200[kp_C],PELLET,ORAL,UNKNOWN,CAT015,Others
MED090259,55910-593,Esomeprazole,Dg Health Esomeprazole Magnesium,Dolgencorp Inc,ESOMEPRAZOLE,20 mg/1,"CAPSULE, DELAYED RELEASE",ORAL,Cytochrome P450 2C19 Inhibitors [MoA],CAT014,Vitamins & Supplements
MED090269,55910-732,Guaifenesin,Mucus Relief Maximum Strength,"Dolgencorp, Inc. (Dollar General & Rexall)",GUAIFENESIN,1200 mg/1,TABLET,ORAL,Decreased Respiratory Secretion Viscosity [PE],CAT006,Respiratory
MED090270,55910-737,"Acetaminophen, Dextromethorphan Hbr, Guaifenesin, Phenylephrine Hcl",Dg Health Cold And Flu Relief,"Dolgencorp, Llc",ACETAMINOPHEN,325 mg/15mL,SOLUTION,ORAL,Adrenergic alpha1-Agonists [MoA],CAT003,Diabetes
MED090296,56062-306,Polyethylene Glycol 3350,Clearlax,Publix Super Markets Inc,POLYETHYLENE GLYCOL 3350,17 g/17g,"POWDER, FOR SOLUTION",ORAL,Osmotic Activity [MoA],CAT014,Vitamins & Supplements
MED090334,57237-102,Metoprolol Tartrate,Metoprolol Tartrate,"Rising Pharma Holdings, Inc.",METOPROLOL TARTRATE,100 mg/1,"TABLET, FILM COATED",ORAL,Adrenergic beta-Antagonists [MoA],CAT003,Diabetes
MED090344,57237-330,Phenazopyridine Hydrochloride,Uro-Pain Maximum Strength,"Rising Pharma Holdings, Inc.",PHENAZOPYRIDINE HYDROCHLORIDE,99.5 mg/1,TABLET,ORAL,UNKNOWN,CAT015,Others
MED090363,57337-133,Alcohol,Hand Sanitizer Lemon 2Oz,Ningbo Rejoice International,ALCOHOL,70 mL/100mL,LIQUID,TOPICAL,UNKNOWN,CAT015,Others
MED090396,57627-206,"Octinoxate, Titanium Dioxide",Delicate Beige Perfecting Makeup Broad Spectrum Spf 25,"Merle Norman Cosmetics, Inc",OCTINOXATE,7.5 g/100mL,EMULSION,TOPICAL,UNKNOWN,CAT015,Others
MED090411,57687-306,"Helianthemum Nummularium Flower, Clematis Vitalba Flower, Impatiens Glandulifera Flower, Prunus Cerasifera Flower, And Ornithogalum Umbellatum Whole",Rescue Remedy Dropper,Nelson Bach Usa Limited,CLEMATIS VITALBA FLOWER,5 [hp_X]/.095mL,SOLUTION,ORAL,UNKNOWN,CAT015,Others
MED090428,57955-9974,"Belladonna, Bryonia, Capsicum Annuum, Gelsemium, Glonoinum, Ignatia Amara, Kali Bichromicum, Kali Carbonicum, Lycopodium, Natrum Muriaticum, Niccolum Metallicum, Nux Vomica, Sanguinaria, Secale Cornutum, Spigelia Anth And Sulphur.",Headache And Migraine Relief,King Bio Inc.,ATROPA BELLADONNA,10 [hp_X]/59mL,LIQUID,ORAL,Allergens [CS],CAT006,Respiratory
MED090442,58151-132,Ziprasidone,Geodon,Viatris Specialty Llc,ZIPRASIDONE,40 mg/1,CAPSULE,ORAL,Atypical Antipsychotic [EPC],CAT005,Neurology
MED090461,58264-0089,Candida Albicans,D83-5,"Dna Labs, Inc.",CANDIDA ALBICANS,500 [hp_X]/mL,SOLUTION,SUBLINGUAL,Allergens [CS],CAT006,Respiratory
MED090522,0220-4854,Symphoricarpos Albus Fruit,Symphoricarpus Racemosus,Boiron,SYMPHORICARPOS ALBUS FRUIT,30 [hp_C]/30[hp_C],PELLET,ORAL,UNKNOWN,CAT015,Others
MED090536,58503-168,Benzoyl Peroxide,Spot Acne Treatment 0.75Oz,China Ningbo Shangge Cosmetics Technology Corp.,BENZOYL PEROXIDE,2.5 g/100g,GEL,TOPICAL,UNKNOWN,CAT015,Others
MED090556,58602-862,Cetirizine Hydrochloride,Cetirizine Hydrochloride,Aurohealth Llc,CETIRIZINE HYDROCHLORIDE,10 mg/1,"TABLET, ORALLY DISINTEGRATING",ORAL,Histamine H1 Receptor Antagonists [MoA],CAT006,Respiratory
MED090565,58657-525,Acetaminophen,M-Pap,"Method Pharmaceuticals, Llc",ACETAMINOPHEN,160 mg/5mL,LIQUID,ORAL,UNKNOWN,CAT015,Others
MED090577,58809-189,"Chlophedianol Hcl, Pyrilamine Maleate",Vanacof Cp Allergy / Cough,"Gm Pharmaceuticals, Inc",CHLOPHEDIANOL HYDROCHLORIDE,12.5 mg/15mL,SOLUTION,ORAL,UNKNOWN,CAT015,Others
MED090583,58892-134,Zinc Oxide,Tizo Tinted Moisturizing Serum - Medium-Deep,"Fallien Cosmeceuticals, Ltd.",ZINC OXIDE,150 mg/g,CREAM,TOPICAL,UNKNOWN,CAT015,Others
MED090631,59256-001,Carbamide Peroxide,Audiologists Choice Earwax Removal System,Oaktree Products Inc.,CARBAMIDE PEROXIDE,65 mg/mL,LIQUID,TOPICAL,UNKNOWN,CAT015,Others
MED090685,59651-043,Metformin Hydrochloride,Metformin Hydrochloride,Aurobindo Pharma Limited,METFORMIN HYDROCHLORIDE,1000 mg/1,"TABLET, EXTENDED RELEASE",ORAL,Biguanide [EPC],CAT002,Cardiovascular
MED090723,59651-796,Furosemide,Furosemide,Aurobindo Pharma Limited,FUROSEMIDE,20 mg/1,TABLET,ORAL,Increased Diuresis at Loop of Henle [PE],CAT003,Diabetes
MED090726,59651-808,Meclizine,Meclizine Hydrochloride,Aurobindo Pharma Limited,MECLIZINE HYDROCHLORIDE,25 mg/1,TABLET,ORAL,Antiemetic [EPC],CAT007,Gastrointestinal
MED090748,59735-207,Brightening Skni Tint,Tula Radiant Skin Brightening Serum Skin Tint Sunscreen Broad Spectrum Spf 30,"Pml Nyc, Llc",AVOBENZONE,3 g/30mL,LOTION,TOPICAL,UNKNOWN,CAT015,Others
MED090764,59762-0047,Tolterodine Tartrate,Tolterodine Tartrate Extended Release,Mylan Pharmaceuticals Inc.,TOLTERODINE TARTRATE,2 mg/1,"CAPSULE, EXTENDED RELEASE",ORAL,Cholinergic Muscarinic Antagonist [EPC],CAT005,Neurology
MED090767,59762-0407,Risedronate Sodium,Risedronate Sodium,"Mylan Pharmaceuticals, Inc.",RISEDRONATE SODIUM HEMIPENTAHYDRATE,30.1 mg/1,"TABLET, DELAYED RELEASE",ORAL,Bisphosphonate [EPC],CAT009,Oncology
MED090791,59779-656,"Acetaminophen, Dextromethorphan Hbr, Phenylephrine Hcl",Daytime Non Drowsy,Cvs Pharmacy,ACETAMINOPHEN,325 mg/15mL,SOLUTION,ORAL,Adrenergic alpha1-Agonists [MoA],CAT003,Diabetes
MED090792,59779-697,Menthol,Sugar Free Honey Lemon Cough Drops,Cvs Pharmacy,MENTHOL,7.6 mg/1,LOZENGE,ORAL,UNKNOWN,CAT015,Others
MED090872,60541-1800,Glo Skin Beauty Clear Skin Spot Treatment,Glo Skin Beauty Clear Skin Spot Treatment,Hayden Caleel Llc,BENZOYL PEROXIDE,5 g/100g,LIQUID,TOPICAL,UNKNOWN,CAT015,Others
MED090890,0220-9347,"Atropa Belladonna, Sanguinaria Canadensis Root, Spigelia Anthelmia",Sinuscalm,Boiron,ATROPA BELLADONNA,3 [hp_C]/1,PELLET,ORAL,UNKNOWN,CAT015,Others
MED090901,60687-579,Hydromorphone Hydrochloride,Hydromorphone Hydrochloride,American Health Packaging,HYDROMORPHONE HYDROCHLORIDE,2 mg/1,TABLET,ORAL,Full Opioid Agonists [MoA],CAT004,Pain Management
MED090935,60760-075,Topiramate,Topiramate,St. Mary'S Medical Park Pharmacy,TOPIRAMATE,25 mg/1,"TABLET, FILM COATED",ORAL,Cytochrome P450 2C19 Inhibitors [MoA],CAT014,Vitamins & Supplements
MED090943,60760-583,Tobramycin,Tobramycin,St. Mary'S Medical Park Pharmacy,TOBRAMYCIN,3 mg/mL,SOLUTION/ DROPS,OPHTHALMIC,Aminoglycoside Antibacterial [EPC],CAT001,Antibiotics
MED090973,60771-0029,Lidocaine,Acolye Numbing Cream Anorectal(Hemorrhoidal) Cream,"Guangzhou Haishi Biological Technology Co., Ltd.",LIDOCAINE,5 g/100g,CREAM,TOPICAL,Amide Local Anesthetic [EPC],CAT004,Pain Management
MED091011,61096-2030,"Arsenicum Alb, Avena, Bryonia, Capsicum, Carbo An, Carduus Mar, Chelidonium Maj, Hepar Suis, Kali Iod, Lapis, Radium Brom, Taraxacum, Thuja Occ",Party Relief,Eight And Company L.L.C,ARSENIC TRIOXIDE,200 [hp_C]/41mL,LIQUID,ORAL,Allergens [CS],CAT006,Respiratory
MED091033,61352-001,Sulfur,Clinicians Complex,"Cosmed Dermaceuticals, Inc.",SULFUR,100 mg/g,LOTION,TOPICAL,UNKNOWN,CAT015,Others
MED091040,61504-194,Cetirizine Hydrochloride,Allergy Relief,Amerifoods Trading Company,CETIRIZINE HYDROCHLORIDE,10 mg/1,"TABLET, COATED",ORAL,Histamine H1 Receptor Antagonists [MoA],CAT006,Respiratory
MED091081,61919-605,Clonidine Hydrochloride,Clonidine Hydrochloride,Directrx,CLONIDINE HYDROCHLORIDE,.1 mg/1,TABLET,ORAL,Adrenergic alpha2-Agonists [MoA],CAT003,Diabetes
MED091083,61919-702,Vitamin D,Vitamin D,Directrx,ERGOCALCIFEROL,1.25 mg/1,"CAPSULE, LIQUID FILLED",ORAL,Ergocalciferols [CS],CAT013,Vaccines & Biologics
MED091115,61995-2036,Zinc Oxide,Alba Botanica Sensitive Mineral Spf 50,"The Hain Celestial Group, Inc.",ZINC OXIDE,24.1 g/100g,LOTION,TOPICAL,UNKNOWN,CAT015,Others
MED091130,62106-1118,"Aluminium Metallicum, Drosera, Illicium Verum, Mentha Piperita, Senega Officinalis",Unda 19,Seroyal Usa,ALUMINUM,12 [hp_X]/20mL,LIQUID,ORAL,Allergens [CS],CAT006,Respiratory
MED091131,62106-1119,"Aluminium Metallicum, Argentum Metallicum, Arsenicum Album, Aurum Metallicum, Calendula Officinalis, Condurango, Jacaranda Caroba, Robinia Pseudoacacia, Sabina",Unda 20,Seroyal Usa,ALUMINUM,12 [hp_X]/20mL,LIQUID,ORAL,Allergens [CS],CAT006,Respiratory
MED091189,62135-757,Bethanechol Chloride,Bethanechol Chloride,"Chartwell Rx, Llc",BETHANECHOL CHLORIDE,25 mg/1,TABLET,ORAL,Cholinergic Muscarinic Agonist [EPC],CAT005,Neurology
MED091228,62217-242,"Titanium Dioxide, Zinc Oxide",Fruit Of The Earth Sun Town City Baby And Kids Mineral Spf 50 Sunscreen,"Fruit Of The Earth, Inc.",TITANIUM DIOXIDE,35 mg/g,SPRAY,TOPICAL,UNKNOWN,CAT015,Others
MED091240,62332-066,Rivastigmine Tartrate,Rivastigmine Tartrate,Alembic Pharmaceuticals Inc.,RIVASTIGMINE TARTRATE,6 mg/1,CAPSULE,ORAL,Cholinesterase Inhibitor [EPC],CAT005,Neurology
MED091288,62332-788,Fluphenazine Hydrochloride,Fluphenazine Hydrochloride,Alembic Pharmaceuticals Inc.,FLUPHENAZINE HYDROCHLORIDE,1 mg/1,"TABLET, FILM COATED",ORAL,Phenothiazine [EPC],CAT005,Neurology
MED091304,62559-640,Candesartan Cilexetil,Atacand,"Ani Pharmaceuticals, Inc.",CANDESARTAN CILEXETIL,4 mg/1,TABLET,ORAL,Angiotensin 2 Receptor Antagonists [MoA],CAT003,Diabetes
MED091325,62670-6760,Alcohol,Anti Bacterial Hand Gel Fresh Balsam,"Bath & Body Works, Inc.",ALCOHOL,71 mL/100mL,GEL,TOPICAL,UNKNOWN,CAT015,Others
MED091356,62673-161,Dimethicone,Diabetic Advanced Healing Cream,"Neoteric Cosmetics, Inc.",DIMETHICONE,.01 mg/g,CREAM,TOPICAL,Skin Barrier Activity [PE],CAT008,Dermatology
MED091370,62742-4274,Zinc Oxide,Truskin Spf 30 Mineral Sunscreen Facial Serum,Allure Labs,ZINC OXIDE,16.1 g/100g,CREAM,TOPICAL,UNKNOWN,CAT015,Others
MED091406,63083-1517,Estrogen,Estrogen 1517,Professional Complementary Health Formulas,"ESTROGENS, CONJUGATED",9 [hp_X]/29.5mL,LIQUID,ORAL,Estrogen Receptor Agonists [MoA],CAT009,Oncology
MED091410,63083-2007,Anti-Smoking I Drops,Anti-Smoking I Drops 2007,Professional Complementary Health Formulas,BEEF LUNG,6 [hp_X]/59mL,LIQUID,ORAL,Allergens [CS],CAT006,Respiratory
MED091428,63083-4045,Mycocan 500X,Mycocan 500X 4045,Professional Complementary Health Formulas,CANDIDA ALBICANS,500 [hp_X]/59mL,LIQUID,ORAL,Allergens [CS],CAT006,Respiratory
MED091431,63083-5016,Myocardial Drops,Myocardial Drops 5016,Professional Complementary Health Formulas,BEEF HEART,6 [hp_X]/59mL,LIQUID,ORAL,Allergens [CS],CAT006,Respiratory
MED091478,63187-076,Benzonatate,Benzonatate,Proficient Rx Lp,BENZONATATE,100 mg/1,"CAPSULE, LIQUID FILLED",ORAL,Decreased Tracheobronchial Stretch Receptor Activity [PE],CAT006,Respiratory
MED091480,63187-129,Famotidine,Famotidine,Proficient Rx Lp,FAMOTIDINE,20 mg/1,TABLET,ORAL,Histamine H2 Receptor Antagonists [MoA],CAT006,Respiratory
MED091531,63187-988,Gabapentin,Gabapentin,Proficient Rx Lp,GABAPENTIN,300 mg/1,CAPSULE,ORAL,Anti-epileptic Agent [EPC],CAT005,Neurology
MED091535,63304-009,Metoprolol Succinate,Metoprolol Succinate,Sun Pharmaceutical Industries Inc.,METOPROLOL SUCCINATE,50 mg/1,"CAPSULE, EXTENDED RELEASE",ORAL,Adrenergic beta-Antagonists [MoA],CAT003,Diabetes
MED091585,63323-763,Paclitaxel,Paclitaxel,"Fresenius Kabi Usa, Llc",PACLITAXEL,6 mg/mL,"INJECTION, SOLUTION",INTRAVENOUS,Microtubule Inhibition [PE],CAT012,Ophthalmology
MED091597,63354-164,Zinc Oxide,Banana Boat,Edgewell Personal Care Brands Llc,ZINC OXIDE,23.8 g/100g,STICK,TOPICAL,UNKNOWN,CAT015,Others
MED091655,63545-234,Artemisia Vulgaris,Artemisia Vulgaris,"Hahnemann Laboratories, Inc.",ARTEMISIA VULGARIS ROOT,500 [hp_C]/1,PELLET,ORAL,UNKNOWN,CAT015,Others
MED091679,63545-435,Acidum Benzoicum,Acidum Benzoicum,"Hahnemann Laboratories, Inc.",BENZOIC ACID,10 [hp_M]/1,PELLET,ORAL,Ammonium Ion Binding Activity [MoA],CAT014,Vitamins & Supplements
MED091698,63545-572,Cadmium Bromatum,Cadmium Bromatum,"Hahnemann Laboratories, Inc.",CADMIUM BROMIDE,500 [hp_C]/1,PELLET,ORAL,UNKNOWN,CAT015,Others
MED091727,63545-980,Anagallis Arvernsis,Anagallis Arvensis,"Hahnemann Laboratories, Inc.",ANAGALLIS ARVENSIS WHOLE,12 [hp_C]/1,PELLET,ORAL,UNKNOWN,CAT015,Others
MED091734,63629-1066,Spironolactone,Spironolactone,Bryant Ranch Prepack,SPIRONOLACTONE,50 mg/1,"TABLET, FILM COATED",ORAL,Aldosterone Antagonist [EPC],CAT003,Diabetes
MED091761,63629-2144,Metoclopramide,Metoclopramide,Bryant Ranch Prepack,METOCLOPRAMIDE HYDROCHLORIDE,5 mg/5mL,SOLUTION,ORAL,Dopamine D2 Antagonists [MoA],CAT005,Neurology
MED091773,63629-2309,Hydrocodone Bitartrate And Acetaminophen,Hydrocodone Bitartrate And Acetaminophen,Bryant Ranch Prepack,ACETAMINOPHEN,300 mg/1,TABLET,ORAL,Opioid Agonist [EPC],CAT004,Pain Management
MED091785,63629-2419,Methocarbamol,Methocarbamol,Bryant Ranch Prepack,METHOCARBAMOL,750 mg/1,TABLET,ORAL,Centrally-mediated Muscle Relaxation [PE],CAT005,Neurology
MED091786,0280-0922,"Acetaminophen, Dextromethorphan Hydrobromide, Doxylamine Succinate, And Phenylephrine Hydrochloride",Alka-Seltzer Plus Night Severe Cold And Flu,Bayer Healthcare Llc.,ACETAMINOPHEN,650 mg/1,"POWDER, FOR SOLUTION",ORAL,Adrenergic alpha1-Agonists [MoA],CAT003,Diabetes
MED091811,63629-5863,Naproxen,Naproxen,Bryant Ranch Prepack,NAPROXEN,500 mg/1,TABLET,ORAL,Anti-Inflammatory Agents,CAT004,Pain Management
MED091831,63629-8626,Ciclopirox Olamine,Ciclopirox Olamine,Bryant Ranch Prepack,CICLOPIROX OLAMINE,7.7 mg/g,CREAM,TOPICAL,Decreased DNA Replication [PE],CAT012,Ophthalmology
MED091837,63629-8740,Hydroxyzine Hydrochloride,Hydroxyzine Hydrochloride,Bryant Ranch Prepack,HYDROXYZINE DIHYDROCHLORIDE,25 mg/1,"TABLET, FILM COATED",ORAL,Antihistamine [EPC],CAT006,Respiratory
MED091847,63629-8863,Metoprolol Succinate Er Tablets,Metoprolol Succinate,Bryant Ranch Prepack,METOPROLOL SUCCINATE,25 mg/1,"TABLET, FILM COATED, EXTENDED RELEASE",ORAL,Adrenergic beta-Antagonists [MoA],CAT003,Diabetes
MED091875,63645-170,Petrolatum,Oralabs Chapice Cherry Petrolatum,Oralabs,PETROLATUM,45 mg/g,STICK,TOPICAL,UNKNOWN,CAT015,Others
MED091912,63868-267,Levmetamfetamine Nasal Decongestant,Vapor Inhaler,"C.D.M.A., Inc.",LEVMETAMFETAMINE,50 mg/1,INHALANT,NASAL,UNKNOWN,CAT015,Others
MED091951,63941-543,Medicated Callus Removers,Salicylic Acid,"Valu Merchandisers, Co",SALICYLIC ACID,40 mg/41,PATCH,TOPICAL,UNKNOWN,CAT015,Others
MED091978,0310-0610,Selumetinib,Koselugo,Astrazeneca Pharmaceuticals Lp,SELUMETINIB,10 mg/1,CAPSULE,ORAL,Kinase Inhibitor [EPC],CAT012,Ophthalmology
MED092014,64616-101,Pancreas Balance,Pan-Zyme-S,"Vitality Works, Inc.",ARNICA MONTANA ROOT,5 [hp_X]/mL,LIQUID,ORAL,Magnetic Resonance Contrast Activity [MoA],CAT014,Vitamins & Supplements
MED092023,64764-253,Alogliptin And Pioglitazone,Oseni,"Takeda Pharmaceuticals America, Inc.",ALOGLIPTIN BENZOATE,25 mg/1,"TABLET, FILM COATED",ORAL,Dipeptidyl Peptidase 4 Inhibitor [EPC],CAT002,Cardiovascular
MED092031,64850-630,Hydrocodone Bitartrate And Acetaminophen,Hydrocodone Bitartrate And Acetaminophen,"Elite Laboratories, Inc.",ACETAMINOPHEN,325 mg/1,TABLET,ORAL,Opioid Agonist [EPC],CAT004,Pain Management
MED092057,0049-0058,Ziprasidone Hydrochloride,Geodon,Roerig,ZIPRASIDONE HYDROCHLORIDE,80 mg/1,CAPSULE,ORAL,Atypical Antipsychotic [EPC],CAT005,Neurology
MED092073,64942-2041,Hand Sanitizer Wipes Shea Butter And Warm Vanilla Scent,Dove,Conopco Inc. D/B/A/ Unilever,ALCOHOL,760 mg/mL,CLOTH,TOPICAL,UNKNOWN,CAT015,Others
MED092075,0049-0114,Anidulafungin,Eraxis,Roerig,ANIDULAFUNGIN,50 mg/15mL,"INJECTION, POWDER, LYOPHILIZED, FOR SOLUTION",INTRAVENOUS,Echinocandin Antifungal [EPC],CAT001,Antibiotics
MED092089,64942-2181,Advanced Shower Clean Dry Spray 72H Antiperspirant Deodorant,Degree,"Conopco, Inc. D/B/A Unilever",ALUMINUM SESQUICHLOROHYDRATE,17.6 g/100g,"AEROSOL, SPRAY",TOPICAL,UNKNOWN,CAT015,Others
MED092109,64942-2350,Axe Phoenix 48H Sweat And Odor Protection Antiperspirant,Axe,Conopco Inc. D/B/A/ Unilever,ALUMINUM ZIRCONIUM TETRACHLOROHYDREX GLY,18.2 g/100g,STICK,TOPICAL,UNKNOWN,CAT015,Others
MED092116,64942-2424,Ultra Dry Invisible Solid 96H Antiperspirant Deodorant,Degree Clinical,Conopco Inc. D/B/A/ Unilever,ALUMINUM SESQUICHLOROHYDRATE,17 g/100g,STICK,TOPICAL,UNKNOWN,CAT015,Others
MED092118,0316-0286,Sulfur,Panoxyl Pore Refining Acne Mask,"Crown Laboratories, Inc.",SULFUR,50 mg/g,LOTION,TOPICAL,UNKNOWN,CAT015,Others
MED092134,64980-209,Oxybutynin Chloride,Oxybutynin Chloride Extended Release,"Rising Pharma Holdings, Inc.",OXYBUTYNIN CHLORIDE,5 mg/1,"TABLET, EXTENDED RELEASE",ORAL,Cholinergic Muscarinic Antagonist [EPC],CAT005,Neurology
MED092149,64980-659,Tizanidine,Tizanidine,"Rising Pharma Holdings, Inc.",TIZANIDINE HYDROCHLORIDE,4 mg/1,TABLET,ORAL,Adrenergic alpha2-Agonists [MoA],CAT003,Diabetes
MED092209,65145-197,Nicardipine Hydrochloride,Nicardipine Hydrochloride,Caplin Steriles Limited,NICARDIPINE HYDROCHLORIDE,.1 mg/mL,INJECTION,INTRAVENOUS,Calcium Channel Antagonists [MoA],CAT003,Diabetes
MED092215,65162-438,Diclofenac Sodium And Misoprostol,Diclofenac Sodium And Misoprostol,Amneal Pharmaceuticals Llc,DICLOFENAC SODIUM,75 mg/1,"TABLET, DELAYED RELEASE",ORAL,Anti-Inflammatory Agents,CAT004,Pain Management
MED092228,65162-711,Guanfacine,Guanfacine Hydrochloride,Amneal Pharmaceuticals Llc,GUANFACINE HYDROCHLORIDE,1 mg/1,TABLET,ORAL,Adrenergic alpha2-Agonists [MoA],CAT003,Diabetes
MED092229,65162-757,Divalproex Sodium,Divalproex Sodium,Amneal Pharmaceuticals Llc,DIVALPROEX SODIUM,500 mg/1,"TABLET, EXTENDED RELEASE",ORAL,Anti-epileptic Agent [EPC],CAT005,Neurology
MED092274,65649-241,Azathioprine,Azasan,Salix Pharmaceuticals,AZATHIOPRINE,100 mg/1,TABLET,ORAL,Nucleic Acid Synthesis Inhibitors [MoA],CAT012,Ophthalmology
MED092332,65862-520,Naproxen,Naproxen,Aurobindo Pharma Limited,NAPROXEN,250 mg/1,TABLET,ORAL,Anti-Inflammatory Agents,CAT004,Pain Management
MED092347,65862-674,Felodipine,Felodipine,Aurobindo Pharma Limited,FELODIPINE,5 mg/1,"TABLET, FILM COATED, EXTENDED RELEASE",ORAL,Calcium Channel Antagonists [MoA],CAT003,Diabetes
MED092396,66096-812,Carduus Marianus,Carduus Marianus,Ohm Pharma Inc.,MILK THISTLE,6 [hp_C]/6[hp_C],PELLET,ORAL,UNKNOWN,CAT015,Others
MED092397,66096-819,Cina,Cina,Ohm Pharma Inc.,ARTEMISIA CINA PRE-FLOWERING TOP,6 [hp_C]/6[hp_C],PELLET,ORAL,UNKNOWN,CAT015,Others
MED092415,66302-102,Treprostinil,Remodulin,United Therapeutics Corporation,TREPROSTINIL,50 mg/20mL,"INJECTION, SOLUTION",INTRAVENOUS,Prostacycline Vasodilator [EPC],CAT003,Diabetes
MED092432,66715-5305,Triple Antibiotic Ointment,"Triple Antibiotic Ointment, Circle K","Lil' Drug Store Products, Inc.",BACITRACIN ZINC,400 [iU]/g,OINTMENT,TOPICAL,Aminoglycoside Antibacterial [EPC],CAT001,Antibiotics
MED092455,0338-9665,Doxorubicin Hydrochloride,Doxil,Baxter Healthcare Corporation,DOXORUBICIN HYDROCHLORIDE,2 mg/mL,"INJECTION, SUSPENSION, LIPOSOMAL",INTRAVENOUS,Anthracycline Topoisomerase Inhibitor [EPC],CAT012,Ophthalmology
MED092457,0338-9777,"Cyclophosphamide Injection, Solution",Cyclophosphamide,Baxter Healthcare Company,CYCLOPHOSPHAMIDE,200 mg/mL,INJECTION,INTRAVENOUS,UNKNOWN,CAT015,Others
MED092490,66902-167,"Menthol, Unspecified Form",Still Standing,Natural Essentials Inc.,"MENTHOL, UNSPECIFIED FORM",100 mg/mL,LIQUID,TOPICAL,UNKNOWN,CAT015,Others
MED092606,67184-0589,Micafungin,Micafungin,"Qilu Pharmaceutical Co., Ltd",MICAFUNGIN,10 mg/mL,"INJECTION, POWDER, LYOPHILIZED, FOR SOLUTION",INTRAVENOUS,Echinocandin Antifungal [EPC],CAT001,Antibiotics
MED092612,67225-5220,"Octinoxate, Octocrylene, Titanium Dioxide",Age20S Signature Essence Pact Intense Cover 19C,"Aekyung Industrial Co., Ltd.",OCTINOXATE,.91 g/14g,CREAM,TOPICAL,UNKNOWN,CAT015,Others
MED092614,67225-5312,"Octinoxate, Octocrylene, Titanium Dioxide",Age20S Signature Essence Pact Intense Cover Mini 47N,"Aekyung Industrial Co., Ltd.",OCTINOXATE,.26 g/4g,CREAM,TOPICAL,UNKNOWN,CAT015,Others
MED092620,67239-0209,Articaine Hydrochloride And Epinephrine Bitartrate,Articaine Hcl And Epinephrine,Safco Dental Supply Co.,ARTICAINE HYDROCHLORIDE,40 mg/mL,INJECTION,SUBMUCOSAL,Adrenergic alpha-Agonists [MoA],CAT003,Diabetes
MED092636,0363-0322,Acetaminophen,Childrens Pain And Fever Cherry Flavor,Walgreen Company,ACETAMINOPHEN,160 mg/5mL,SUSPENSION,ORAL,UNKNOWN,CAT015,Others
MED092675,67544-736,Allopurinol,Allopurinol,"Aphena Pharma Solutions - Tennessee, Llc",ALLOPURINOL,100 mg/1,TABLET,ORAL,Xanthine Oxidase Inhibitor [EPC],CAT003,Diabetes
MED092680,0053-0340,Etranacogene Dezaparvovec,Hemgenix,Csl Behring,UNKNOWN,UNKNOWN,KIT,UNKNOWN,UNKNOWN,CAT015,Others
MED092698,67877-249,Quetiapine,Quetiapine,"Ascend Laboratories, Llc",QUETIAPINE FUMARATE,50 mg/1,"TABLET, FILM COATED",ORAL,Atypical Antipsychotic [EPC],CAT005,Neurology
MED092711,67877-602,Methylphenidate Hydrochloride,Methylphenidate Hydrochloride,"Ascend Laboratories, Llc",METHYLPHENIDATE HYDROCHLORIDE,5 mg/5mL,SOLUTION,ORAL,Central Nervous System Stimulant [EPC],CAT005,Neurology
MED092718,67877-720,Everolimus,Everolimus,"Ascend Laboratories, Llc",EVEROLIMUS,.75 mg/1,TABLET,ORAL,Cytochrome P450 2D6 Inhibitors [MoA],CAT014,Vitamins & Supplements
MED092725,67877-929,Mycophenolic Acid,Mycophenolic Acid,"Ascend Laboratories, Llc",MYCOPHENOLATE SODIUM,360 mg/1,"TABLET, DELAYED RELEASE",ORAL,Antimetabolite Immunosuppressant [EPC],CAT012,Ophthalmology
MED092753,0363-0620,Hydrocortisone Cream,Maximum Strength Hydrocortisone Cream With Aloe,Walgreens,HYDROCORTISONE,1 g/100g,CREAM,TOPICAL,Corticosteroid Hormone Receptor Agonists [MoA],CAT004,Pain Management
MED092770,68016-053,Loratadine,Loratadine,Premier Value,LORATADINE,5 mg/1,TABLET,ORAL,UNKNOWN,CAT015,Others
MED092782,68016-809,Isopropyl Alcohol,Premier Value,"Pharmacy Value Alliance, Llc",ISOPROPYL ALCOHOL,70 mL/100mL,SWAB,TOPICAL,UNKNOWN,CAT015,Others
MED092784,0363-0713,"Famotidine, Calcium Carbonate, Magnesium Hydroxide",Acid Reducer Complete,Walgreen Company,CALCIUM CARBONATE,800 mg/1,"TABLET, CHEWABLE",ORAL,Calculi Dissolution Agent [EPC],CAT007,Gastrointestinal
MED092795,0363-0734,Nicotine Polacrilex,Nicotine Mini,Walgreen Company,NICOTINE,2 mg/1,LOZENGE,ORAL,Cholinergic Nicotinic Agonist [EPC],CAT005,Neurology
MED092803,68071-2273,Phenazopyridine Hydrochloride,Phenazopyridine Hydrochloride,"Nucare Pharmaceuticals,Inc.",PHENAZOPYRIDINE HYDROCHLORIDE,95 mg/1,TABLET,ORAL,UNKNOWN,CAT015,Others
MED092806,68071-2371,Triamterene And Hydrochlorothiazide,Triamterene And Hydrochlorothiazide,"Nucare Pharmaceuticals,Inc.",HYDROCHLOROTHIAZIDE,25 mg/1,TABLET,ORAL,Decreased Renal K+ Excretion [PE],CAT003,Diabetes
MED092819,68071-2972,Prazosin Hydrochloride,Prazosin Hydrochloride,"Nucare Pharmaceuticals,Inc.",PRAZOSIN HYDROCHLORIDE,2 mg/1,CAPSULE,ORAL,Adrenergic alpha-Antagonists [MoA],CAT003,Diabetes
MED092827,68071-3154,Cyclobenzaprine,Cyclobenzaprine Hydrochloride,"Nucare Pharmaceuticals, Inc.",CYCLOBENZAPRINE HYDROCHLORIDE,10 mg/1,"TABLET, FILM COATED",ORAL,Centrally-mediated Muscle Relaxation [PE],CAT005,Neurology
MED092844,68071-3521,Famotidine,Famotidine,"Nucare Pharmaceuticals,Inc.",FAMOTIDINE,40 mg/1,"TABLET, FILM COATED",ORAL,Histamine H2 Receptor Antagonists [MoA],CAT006,Respiratory
MED092933,68083-101,Adenosine,Adenosine,Gland Pharma Limited,ADENOSINE,3 mg/mL,INJECTION,INTRAVENOUS,Adenosine Receptor Agonist [EPC],CAT003,Diabetes
MED092955,68083-663,Vasopressin,Vasopressin,Gland Pharma Limited,VASOPRESSIN,.4 [USP'U]/mL,INJECTION,INTRAVENOUS,Decreased Diuresis [PE],CAT003,Diabetes
MED092970,68093-7233,Coal Tar,Mg217 Psoriasis Medicated Multi-Symptom,Wisconsin Pharmacal Company,COAL TAR,.03 g/g,OINTMENT,TOPICAL,UNKNOWN,CAT015,Others
MED093002,68180-398,Celecoxib,Celecoxib,"Lupin Pharmaceuticals, Inc.",CELECOXIB,400 mg/1,CAPSULE,ORAL,Anti-Inflammatory Agents,CAT004,Pain Management
MED093023,68180-837,Norgestimate And Ethinyl Estradiol,Tri-Lo-Marzia,"Lupin Pharmaceuticals, Inc.",UNKNOWN,UNKNOWN,KIT,UNKNOWN,UNKNOWN,CAT015,Others
MED093053,68254-5010,Teriflunomide,Teriflunomide,Concord Biotech Limited,TERIFLUNOMIDE,14 mg/141,"TABLET, FILM COATED",ORAL,Dihydroorotate Dehydrogenase Inhibitors [MoA],CAT012,Ophthalmology
MED093067,68382-351,Sirolimus,Sirolimus,Zydus Pharmaceuticals Usa Inc.,SIROLIMUS,1 mg/1,"TABLET, FILM COATED",ORAL,Decreased Immunologic Activity [PE],CAT010,Allergy
MED093078,68382-685,Nifedipine,Nifedipine,Zydus Pharmaceuticals (Usa) Inc.,NIFEDIPINE,30 mg/1,"TABLET, EXTENDED RELEASE",ORAL,Calcium Channel Antagonists [MoA],CAT003,Diabetes
MED093130,68462-787,Potassium Phosphates,Potassium Phosphates,"Glenmark Pharmaceuticals Inc., Usa",DIBASIC POTASSIUM PHOSPHATE,236 mg/mL,"INJECTION, SOLUTION, CONCENTRATE",INTRAVENOUS,Increased Large Intestinal Motility [PE],CAT007,Gastrointestinal
MED093135,0363-3033,Lidocaine 4% Menthol 1%,Walgreens Cool N Heat,Walgreens,LIDOCAINE,4 g/100g,"AEROSOL, SPRAY",TOPICAL,Amide Local Anesthetic [EPC],CAT004,Pain Management
MED093178,68577-281,Zinc Oxide,Prime Prometics Lipoil Spf 35 Warm Sienna,"Cosmax Usa, Corp",ZINC OXIDE,13.5 g/100mL,OIL,TOPICAL,UNKNOWN,CAT015,Others
MED093193,68682-007,Diltiazem Hydrochloride,Diltiazem Hydrochloride,Oceanside Pharmaceuticals,DILTIAZEM HYDROCHLORIDE,60 mg/1,TABLET,ORAL,Calcium Channel Antagonists [MoA],CAT003,Diabetes
MED093205,68703-335,"Aconitum Napellus, Berberis Vulgaris, Chamomilla, Colocynthis, Magnesia Phosphorica, Rhus Tox",Sciatigon-M,Silver Star Brands,ACONITUM NAPELLUS,6 [hp_C]/59mL,LIQUID,ORAL,Calculi Dissolution Agent [EPC],CAT007,Gastrointestinal
MED093210,68703-387,"Calc Carb, Calc Fluor, Causticum, Cineraria, Euphrasia, Naphthalinum, Nat Mur, Phos, Quassia, Silicea",Eyeclear Pro,Silver Star Brands,CALCIUM FLUORIDE,30 [hp_X]/59mL,LIQUID,ORAL,UNKNOWN,CAT015,Others
MED093236,68788-7521,Pregabalin,Pregabalin,"Preferred Pharmaceuticals, Inc.",PREGABALIN,50 mg/1,CAPSULE,ORAL,UNKNOWN,CAT015,Others
MED093255,0363-5150,Arnica Montana,Arnica Montana,Walgreens Co.,ARNICA MONTANA,1 [hp_X]/g,GEL,TOPICAL,UNKNOWN,CAT015,Others
MED093264,68788-8324,Amoxicillin,Amoxicillin,Preferred Pharmaceuticals Inc.,AMOXICILLIN,200 mg/5mL,"POWDER, FOR SUSPENSION",ORAL,Penicillin-class Antibacterial [EPC],CAT001,Antibiotics
MED093276,68788-8473,Clonazepam,Clonazepam,Preferred Pharmaceuticals Inc.,CLONAZEPAM,1 mg/1,TABLET,ORAL,Benzodiazepine [EPC],CAT005,Neurology
MED093288,68788-8607,Sulfamethoxazole And Trimethoprim,Sulfamethoxazole And Trimethoprim,Preferred Pharmaceuticals Inc.,SULFAMETHOXAZOLE,200 mg/5mL,SUSPENSION,ORAL,Cytochrome P450 2C8 Inhibitors [MoA],CAT014,Vitamins & Supplements
MED093321,68788-8902,Levothyroxine Sodium,Levothyroxine Sodium,Preferred Pharmaceuticals Inc.,LEVOTHYROXINE SODIUM,200 ug/1,TABLET,ORAL,Thyroxine [CS],CAT009,Oncology
MED093324,68788-9547,Sumatriptan Succinate,Sumatriptan,"Preferred Pharmaceuticals, Inc.",SUMATRIPTAN SUCCINATE,50 mg/1,TABLET,ORAL,Serotonin 1b Receptor Agonists [MoA],CAT005,Neurology
MED093328,68803-672,Trypan Blue,Membraneblue,Dutch Ophthalmic Research Center (International) B.V.,TRYPAN BLUE,.75 mg/.5mL,"INJECTION, SOLUTION",INTRAOCULAR,Diagnostic Dye [EPC],CAT014,Vitamins & Supplements
MED093385,69097-529,Esomeprazole Magnesium,Esomeprazole Magnesium,Cipla Usa Inc.,ESOMEPRAZOLE MAGNESIUM DIHYDRATE,40 mg/1,FOR SUSPENSION,ORAL,Cytochrome P450 2C19 Inhibitors [MoA],CAT014,Vitamins & Supplements
MED093395,69097-876,Bupropion Hydrochloride,Bupropion Hydrochloride (Xl),"Cipla Usa Inc.,",BUPROPION HYDROCHLORIDE,300 mg/1,"TABLET, EXTENDED RELEASE",ORAL,Aminoketone [EPC],CAT005,Neurology
MED093414,69168-404,Bisacodyl 5Mg,Laxative Enteric Coated,Allegiant Health,BISACODYL,5 mg/1,"TABLET, SUGAR COATED",ORAL,Increased Large Intestinal Motility [PE],CAT007,Gastrointestinal
MED093433,69238-1290,Beclomethasone Dipropionate,Beclomethasone Dipropionate,Amneal Pharmaceuticals Ny Llc,BECLOMETHASONE DIPROPIONATE,80 ug/1,"AEROSOL, METERED",RESPIRATORY (INHALATION),Corticosteroid Hormone Receptor Agonists [MoA],CAT004,Pain Management
MED093445,69238-1607,Norgestimate And Ethinyl Estradiol,Tri Femynor,Amneal Pharmaceuticals Ny Llc,UNKNOWN,UNKNOWN,KIT,UNKNOWN,UNKNOWN,CAT015,Others
MED093456,69256-343,"Acetaminophen, Dextromethorphan Hydrobromide, Doxylamine Succinate",Nighttime Cold And Flu,"Harris Teeter, Llc",ACETAMINOPHEN,650 mg/30mL,LIQUID,ORAL,Antihistamine [EPC],CAT006,Respiratory
MED093466,69292-103,Pravastatin Sodium,Pravastatin Sodium,"Amici Pharma, Inc.",PRAVASTATIN SODIUM,40 mg/1,TABLET,ORAL,HMG-CoA Reductase Inhibitor [EPC],CAT003,Diabetes
MED093485,69315-322,Ketorolac Tromethamine,Ketorolac Tromethamine,"Leading Pharma, Llc",KETOROLAC TROMETHAMINE,5 mg/mL,SOLUTION/ DROPS,OPHTHALMIC,Anti-Inflammatory Agents,CAT004,Pain Management
MED093507,69367-260,Hydrocortisone Acetate,Hydrocortisone Acetate,"Westminster Pharmaceuticals, Llc",HYDROCORTISONE ACETATE,30 mg/1,SUPPOSITORY,RECTAL,Corticosteroid Hormone Receptor Agonists [MoA],CAT004,Pain Management
MED093511,69367-312,Sodium Fluoride,Sodium Fluoride 5000 Ppm,"Westminster Pharmaceuticals, Llc",SODIUM FLUORIDE,6 mg/mL,PASTE,DENTAL,UNKNOWN,CAT015,Others
MED093512,69367-332,Levetiracetam,Levetiracetam Er,"Westminster Pharmaceuticals, Llc",LEVETIRACETAM,500 mg/1,"TABLET, FILM COATED, EXTENDED RELEASE",ORAL,Decreased Central Nervous System Disorganized Electrical Activity [PE],CAT005,Neurology
MED093539,69423-533,Aluminum Zirconium Tetrachlorohydrex Gly,Old Spice Krakengard,The Procter & Gamble Manufacturing Company,ALUMINUM ZIRCONIUM TETRACHLOROHYDREX GLY,15 g/100g,STICK,TOPICAL,UNKNOWN,CAT015,Others
MED093557,69423-789,"Acetaminophen, Dextromethorphan Hydrobromide, And Doxylamine Succinate",Vicks Nyquil Cold And Flu,The Procter & Gamble Manufacturing Company,ACETAMINOPHEN,650 mg/30mL,LIQUID,ORAL,Antihistamine [EPC],CAT006,Respiratory
MED093601,69509-005,Benzocaine,Primo Topical Anesthetic,Tri State Dental,BENZOCAINE,200 mg/g,GEL,DENTAL,Allergens [CS],CAT006,Respiratory
MED093632,69676-0098,Calcium Carbonate,Genexa Antacid Maximum Strength,Genexa Inc.,CALCIUM CARBONATE,1000 mg/1,"TABLET, CHEWABLE",ORAL,UNKNOWN,CAT015,Others
MED093657,69732-002,Acetaminophen,Acetaminophen,"Hi-Tech Nutraceuticals, Llc",ACETAMINOPHEN,325 mg/1,TABLET,ORAL,UNKNOWN,CAT015,Others
MED093671,69800-0250,Human Immunoglobulin G,Asceniv,"Adma Biologics, Inc.",HUMAN IMMUNOGLOBULIN G,5 g/50mL,LIQUID,INTRAVENOUS,Antigen Neutralization [MoA],CAT010,Allergy
MED093686,69842-297,Acetaminophen,Acetaminophen,Cvs Pharmacy Inc,ACETAMINOPHEN,650 mg/1,"TABLET, FILM COATED, EXTENDED RELEASE",ORAL,UNKNOWN,CAT015,Others
MED093709,69842-688,Zinc Gluconate,Cvs Health Cold Remedy Citrus Flavor,"Cvs Pharmacy, Inc",ZINC GLUCONATE,1 [hp_X]/1,TABLET,ORAL,Copper Absorption Inhibitor [EPC],CAT007,Gastrointestinal
MED093722,69842-870,"Ibuprofen, Diphenhydramine Hcl",Ibuprofen Pm,Cvs Pharmacy,DIPHENHYDRAMINE HYDROCHLORIDE,25 mg/1,"CAPSULE, LIQUID FILLED",ORAL,Anti-Inflammatory Agents,CAT004,Pain Management
MED093754,0054-0438,Levorphanol Tartrate,Levorphanol Tartrate,Hikma Pharmaceuticals Usa Inc.,LEVORPHANOL TARTRATE,2 mg/1,TABLET,ORAL,Full Opioid Agonists [MoA],CAT004,Pain Management
MED093766,69968-0713,Zinc Oxide,Johnsons Baby Care Essentials Gift Set,Kenvue Brands Llc,UNKNOWN,UNKNOWN,KIT,UNKNOWN,UNKNOWN,CAT015,Others
MED093806,70000-0391,Zinc Gluconate,Zinc Cold Therapy,Cardinal Health,ZINC GLUCONATE,1 [hp_X]/1,TABLET,ORAL,Copper Absorption Inhibitor [EPC],CAT007,Gastrointestinal
MED093808,0378-1165,Buspirone Hydrochloride,Buspirone Hydrochloride,Mylan Pharmaceuticals Inc.,BUSPIRONE HYDROCHLORIDE,15 mg/1,TABLET,ORAL,UNKNOWN,CAT015,Others
MED093816,70000-0596,"Dextromethorphan Hydrobromide, Guaifenesin",Leader Tussin Dm,"Cardinal Health 110, Llc. Dba Leader",DEXTROMETHORPHAN HYDROBROMIDE,20 mg/20mL,SOLUTION,ORAL,Decreased Respiratory Secretion Viscosity [PE],CAT006,Respiratory
MED093826,70000-0699,Polyethylene Glycol 3350,Polyethylene Glycol 3350,"Cardinal Health 110, Llc. Dba Leader",POLYETHYLENE GLYCOL 3350,17 g/17g,"POWDER, FOR SOLUTION",ORAL,Osmotic Activity [MoA],CAT014,Vitamins & Supplements
MED093871,70108-131,Ethyl Alcohol,Smart Care Candy Cane Hand Sanitizer,"Ashtel Studios, Inc.",ALCOHOL,70 mL/100mL,SPRAY,TOPICAL,UNKNOWN,CAT015,Others
MED093873,70108-136,Ethyl Alcohol,Smart Care Hand Sanitizer 0.94 Fl Oz 3Pk - Squishmallows,"Ashtel Studios, Inc.",UNKNOWN,UNKNOWN,KIT,UNKNOWN,UNKNOWN,CAT015,Others
MED093906,70157-013,"Avobenzone, Homosalate, Octisalate, Octocrylene",Bondi Sands Fragrance Free Spf 50 Sunscreen,Baxter Laboratories Pty. Ltd.,AVOBENZONE,30 mg/mL,LOTION,TOPICAL,UNKNOWN,CAT015,Others
MED093976,70518-0427,Acyclovir,Acyclovir,Remedyrepack Inc.,ACYCLOVIR,400 mg/1,TABLET,ORAL,DNA Polymerase Inhibitors [MoA],CAT012,Ophthalmology
MED093995,70518-1657,Trihexyphenidyl Hydrochloride,Trihexyphenidyl Hydrochloride,Remedyrepack Inc.,TRIHEXYPHENIDYL HYDROCHLORIDE,5 mg/1,TABLET,ORAL,UNKNOWN,CAT015,Others
MED094009,70518-2426,Carbamazepine,Carbamazepine,Remedyrepack Inc.,CARBAMAZEPINE,100 mg/1,"TABLET, CHEWABLE",ORAL,Cytochrome P450 1A2 Inducers [MoA],CAT014,Vitamins & Supplements
MED094019,70518-2964,Potassium Chloride,Potassium Chloride,Remedyrepack Inc.,POTASSIUM CHLORIDE,750 mg/1,"TABLET, FILM COATED, EXTENDED RELEASE",ORAL,Increased Large Intestinal Motility [PE],CAT007,Gastrointestinal
MED094024,70518-3115,Baclofen,Baclofen,Remedyrepack Inc.,BACLOFEN,20 mg/1,TABLET,ORAL,GABA A Agonists [MoA],CAT005,Neurology
MED094054,70518-4062,Allopurinol,Allopurinol,Remedyrepack Inc.,ALLOPURINOL,100 mg/1,TABLET,ORAL,Xanthine Oxidase Inhibitor [EPC],CAT003,Diabetes
MED094087,70518-4440,Duloxetine,Duloxetine,Remedyrepack Inc.,DULOXETINE HYDROCHLORIDE,20 mg/1,"CAPSULE, DELAYED RELEASE",ORAL,Norepinephrine Uptake Inhibitors [MoA],CAT005,Neurology
MED094097,70518-4543,Fluoxetine,Fluoxetine,Remedyrepack Inc.,FLUOXETINE HYDROCHLORIDE,20 mg/1,CAPSULE,ORAL,Serotonin Reuptake Inhibitor [EPC],CAT005,Neurology
MED094141,70677-1187,Dextromethorphan Hbr Guaifenesin Phenylephrine Hcl,Tussin Cf,Strategic Sourcing Services,DEXTROMETHORPHAN HYDROBROMIDE,20 mg/10mL,SOLUTION,ORAL,Adrenergic alpha1-Agonists [MoA],CAT003,Diabetes
MED094179,70710-1113,Tizanidine Hydrochloride,Tizanidine Hydrochloride,Zydus Pharmaceuticals (Usa) Inc.,TIZANIDINE HYDROCHLORIDE,6 mg/1,CAPSULE,ORAL,Adrenergic alpha2-Agonists [MoA],CAT003,Diabetes
MED094236,70756-611,Ephedrine Sulfate,Ephedrine Sulfate,Lifestar Pharma Llc,EPHEDRINE SULFATE,50 mg/mL,INJECTION,INTRAVENOUS,Adrenergic alpha-Agonists [MoA],CAT003,Diabetes
MED094261,70771-1110,Mesalamine,Mesalamine,Zydus Lifesciences Limited,MESALAMINE,800 mg/1,"TABLET, DELAYED RELEASE",ORAL,Aminosalicylate [EPC],CAT007,Gastrointestinal
MED094319,70947-131,"Menthol, Camphor",Eternal Spirit Beauty Pain Relief With Hemp,"Worldwide Cosmetics, Inc",CAMPHOR (NATURAL),3 g/100g,CREAM,TOPICAL,UNKNOWN,CAT015,Others
MED094352,71034-003,Pramipexole Dihydrochloride,Pramipexole Dihydrochloride Extended-Release,"Xiamen Lp Pharmaceutical Co., Ltd.",PRAMIPEXOLE DIHYDROCHLORIDE,.75 mg/1,"TABLET, EXTENDED RELEASE",ORAL,Dopamine Agonists [MoA],CAT005,Neurology
MED094390,71141-022,Benzalkonium Chloride,Crisp Pear,Lidl Us Llc,BENZALKONIUM CHLORIDE,130 mg/100mL,SOAP,TOPICAL,UNKNOWN,CAT015,Others
MED094396,71160-110,Alcohol,Hand Sanitizer,"Tekweld Solutions, Inc.",ALCOHOL,620 mg/mL,GEL,TOPICAL,UNKNOWN,CAT015,Others
MED094429,71205-479,Naproxen Sodium,Naproxen Sodium,Proficient Rx Lp,NAPROXEN SODIUM,550 mg/1,"TABLET, FILM COATED",ORAL,Anti-Inflammatory Agents,CAT004,Pain Management
MED094443,71205-604,Ibuprofen,Ibu,Proficient Rx Lp,IBUPROFEN,400 mg/1,TABLET,ORAL,Anti-Inflammatory Agents,CAT004,Pain Management
MED094473,71205-966,Sevelamer Carbonate,Sevelamer Carbonate,Proficient Rx Lp,SEVELAMER CARBONATE,800 mg/1,"TABLET, FILM COATED",ORAL,Phosphate Binder [EPC],CAT007,Gastrointestinal
MED094474,71205-975,Fluoxetine Hydrochloride,Fluoxetine,Proficient Rx Lp,FLUOXETINE HYDROCHLORIDE,20 mg/1,CAPSULE,ORAL,Serotonin Reuptake Inhibitor [EPC],CAT005,Neurology
MED094496,71238-922,Salicylic Acid,L Bri Klearaway,L'Bri Health & Beauty,SALICYLIC ACID,20 mg/mL,LOTION,TOPICAL,UNKNOWN,CAT015,Others
MED094571,0407-2223,Iodixanol,Visipaque,Ge Healthcare Inc.,IODIXANOL,320 mg/mL,"INJECTION, SOLUTION",INTRAVASCULAR,Radiographic Contrast Agent [EPC],CAT014,Vitamins & Supplements
MED094600,71335-0969,Sildenafil,Sildenafil,Bryant Ranch Prepack,SILDENAFIL CITRATE,100 mg/1,"TABLET, FILM COATED",ORAL,Phosphodiesterase 5 Inhibitor [EPC],CAT003,Diabetes
MED094603,71335-1022,Pravastatin Sodium,Pravastatin Sodium,Bryant Ranch Prepack,PRAVASTATIN SODIUM,20 mg/1,TABLET,ORAL,HMG-CoA Reductase Inhibitor [EPC],CAT003,Diabetes
MED094681,71335-2002,Eszopiclone,Eszopiclone,Bryant Ranch Prepack,ESZOPICLONE,3 mg/1,"TABLET, FILM COATED",OROPHARYNGEAL,UNKNOWN,CAT015,Others
MED094683,71335-2055,Rosuvastatin Calcium,Rosuvastatin Calcium,Bryant Ranch Prepack,ROSUVASTATIN CALCIUM,40 mg/1,"TABLET, FILM COATED",ORAL,HMG-CoA Reductase Inhibitor [EPC],CAT003,Diabetes
MED094697,71335-2223,Chlorthalidone,Chlorthalidone,Bryant Ranch Prepack,CHLORTHALIDONE,25 mg/1,TABLET,ORAL,Increased Diuresis [PE],CAT003,Diabetes
MED094705,71335-2293,Nabumetone,Nabumetone,Bryant Ranch Prepack,NABUMETONE,750 mg/1,TABLET,ORAL,Anti-Inflammatory Agents,CAT004,Pain Management
MED094718,71335-2412,Mirtazapine,Mirtazapine,Bryant Ranch Prepack,MIRTAZAPINE,7.5 mg/1,"TABLET, FILM COATED",ORAL,UNKNOWN,CAT015,Others
MED094757,71335-2801,"Thyroid, Porcine",Niva Thyroid,Bryant Ranch Prepack,THYROID,90 mg/1,TABLET,ORAL,UNKNOWN,CAT015,Others
MED094759,71335-2812,Chlorpheniramine Maleate,Allergy Relief,Bryant Ranch Prepack,CHLORPHENIRAMINE MALEATE,4 mg/1,TABLET,ORAL,Histamine H1 Receptor Antagonists [MoA],CAT006,Respiratory
MED094778,71335-2951,Esterified Estrogens And Methyltestosterone,Esterified Estrogens And Methyltestosterone,Bryant Ranch Prepack,"ESTROGENS, ESTERIFIED",.625 mg/1,TABLET,ORAL,Androgen Receptor Agonists [MoA],CAT009,Oncology
MED094784,71335-3025,Trazodone Hydrochloride,Trazodone Hydrochloride,Bryant Ranch Prepack,TRAZODONE HYDROCHLORIDE,300 mg/1,TABLET,ORAL,Serotonin Reuptake Inhibitor [EPC],CAT005,Neurology
MED094801,71335-9658,Tramadol Hydrochloride,Tramadol Hydrochloride,Bryant Ranch Prepack,TRAMADOL HYDROCHLORIDE,50 mg/1,"TABLET, COATED",ORAL,Full Opioid Agonists [MoA],CAT004,Pain Management
MED094816,71369-020,Avatrombopag Maleate,Doptelet,"Akarx, Inc.",AVATROMBOPAG MALEATE,20 mg/1,"TABLET, FILM COATED",ORAL,UNKNOWN,CAT015,Others
MED094823,71399-4458,"Camphor, Menthol, Methyl Salicylate",Asperflex Advance,Akron Pharma Inc.,CAMPHOR (SYNTHETIC),86.24 mg/1,PATCH,PERCUTANEOUS,UNKNOWN,CAT015,Others
MED094842,71610-133,Rosuvastatin Calcium,Rosuvastatin Calcium,"Aphena Pharma Solutions - Tennessee, Llc",ROSUVASTATIN CALCIUM,40 mg/1,"TABLET, FILM COATED",ORAL,HMG-CoA Reductase Inhibitor [EPC],CAT003,Diabetes
MED094843,0409-4279,Lidocaine Hydrochloride,Lidocaine Hydrochloride,"Hospira, Inc.",LIDOCAINE HYDROCHLORIDE,10 mg/mL,"INJECTION, SOLUTION",EPIDURAL,Amide Local Anesthetic [EPC],CAT004,Pain Management
MED094891,71610-713,Mirtazapine,Mirtazapine,"Aphena Pharma Solutions - Tennessee, Llc",MIRTAZAPINE,30 mg/1,TABLET,ORAL,UNKNOWN,CAT015,Others
MED094945,71811-001,Lidocaine,Maximum Strength Lidocaine Patch,Intermed Laboratories Private Limited,LIDOCAINE,40 mg/1,PATCH,TOPICAL,Amide Local Anesthetic [EPC],CAT004,Pain Management
MED094956,71858-0017,Levothyroxine Sodium,Tirosint,Ibsa Pharma Inc.,LEVOTHYROXINE SODIUM,62.5 ug/1,CAPSULE,ORAL,Thyroxine [CS],CAT009,Oncology
MED094996,71894-146,Onasemnogene Abeparvovec-Xioi,Zolgensma,Novartis Innovative Technologies Inc.,UNKNOWN,UNKNOWN,KIT,UNKNOWN,UNKNOWN,CAT015,Others
MED095067,72113-111,Zinc Oxide,Tri-Water Sheer Mineral Sunscreen Cushion Spf30,Eden Brands Inc.,ZINC OXIDE,188 mg/g,SPONGE,TOPICAL,UNKNOWN,CAT015,Others
MED095068,72113-112,Zinc Oxide,Ultra Sheer Mineral Sunscreen Pro Spf30,Eden Brands Inc.,ZINC OXIDE,188 mg/g,LOTION,TOPICAL,UNKNOWN,CAT015,Others
MED095127,72162-2264,Sucralfate,Sucralfate,Bryant Ranch Prepack,SUCRALFATE,1 g/1,TABLET,ORAL,Aluminum Complex [EPC],CAT014,Vitamins & Supplements
MED095132,72162-2290,Estradiol,Estradiol,Bryant Ranch Prepack,ESTRADIOL,.25 mg/.25g,GEL,TOPICAL,Estradiol Congeners [CS],CAT009,Oncology
MED095158,72162-2642,Plerixafor,Plerixafor,Bryant Ranch Prepack,PLERIXAFOR,24 mg/1.2mL,"INJECTION, SOLUTION",SUBCUTANEOUS,Hematopoietic Stem Cell Mobilizer [EPC],CAT010,Allergy
MED095181,72189-266,Ibuprofen,Ibuprofen,Direct Rx,IBUPROFEN,800 mg/1,"TABLET, FILM COATED",ORAL,Anti-Inflammatory Agents,CAT004,Pain Management
MED095220,72203-005,"Octinoxate, Octisalate, Oxybenzone, And Titanium Dioxide",Cover Plus Correct/Tinted Moisturizer Cc Crm Fair,Bluemercury,OCTINOXATE,75 mg/g,CREAM,TOPICAL,UNKNOWN,CAT015,Others
MED095234,72205-157,Eltrombopag Olamine,Eltrombopag,Novadoz Pharmaceuticals Llc,ELTROMBOPAG OLAMINE,25 mg/1,"TABLET, FILM COATED",ORAL,Breast Cancer Resistance Protein Inhibitors [MoA],CAT012,Ophthalmology
MED095268,72288-170,Nicotine Polacrilex,Basic Care Nicotine,Amazon.Com Services Llc,NICOTINE,4 mg/1,"GUM, CHEWING",ORAL,Cholinergic Nicotinic Agonist [EPC],CAT005,Neurology
MED095276,72288-411,Cetirizine Hydrochloride,Basic Care All Day Allergy,Amazon.Com Services Llc,CETIRIZINE HYDROCHLORIDE,10 mg/1,"TABLET, FILM COATED",ORAL,Histamine H1 Receptor Antagonists [MoA],CAT006,Respiratory
MED095279,72288-502,"Acetaminophen, Dextromethorphan Hydrobromide, Guaifenesin, Phenylephrine Hydrochloride, Doxylamine Succinate",Basic Care Daytime Severe Cold And Flu Nighttime Cold And Flu,Amazon.Com Services Llc,UNKNOWN,UNKNOWN,KIT,UNKNOWN,UNKNOWN,CAT015,Others
MED095327,72470-105,"Zinc Oxide, Octisalate, Octocrylene",Mizon Snail Repair Intensive Bb No. 31,"Pfd Co.,Ltd.",OCTISALATE,4 g/100g,CREAM,TOPICAL,Copper Absorption Inhibitor [EPC],CAT007,Gastrointestinal
MED095391,72578-113,Bisoprolol Fumarate And Hydrochlorothiazide,Bisoprolol Fumarate And Hydrochlorothiazide,Viona Pharmaceuticals Inc,BISOPROLOL FUMARATE,2.5 mg/1,"TABLET, FILM COATED",ORAL,Adrenergic beta-Antagonists [MoA],CAT003,Diabetes
MED095428,72603-815,Vilazodone Hydrochloride,Vilazodone Hydrochloride,Northstar Rx Llc,VILAZODONE HYDROCHLORIDE,40 mg/1,TABLET,ORAL,UNKNOWN,CAT015,Others
MED095429,72603-832,Telmisartan,Telmisartan,Northstar Rxllc,TELMISARTAN,40 mg/1,TABLET,ORAL,Angiotensin 2 Receptor Antagonists [MoA],CAT003,Diabetes
MED095430,72603-855,Clobetasol Propionate,Clobetasol Propionate,Northstar Rxllc,CLOBETASOL PROPIONATE,.5 mg/g,OINTMENT,TOPICAL,Corticosteroid Hormone Receptor Agonists [MoA],CAT004,Pain Management
MED095449,72706-123,Oxygen,Oxygen,"Carroll Apothecary, Inc. Dba Home Care Medical Equipment",OXYGEN,99 L/100L,GAS,RESPIRATORY (INHALATION),UNKNOWN,CAT015,Others
MED095533,72839-647,"Diphenhydramine Hcl 2%, Zinc Acetate 0.1%",Warrior First Aid Anti Itch,"Derma Care Research Labs, Llc",DIPHENHYDRAMINE HYDROCHLORIDE,2 g/100mL,SPRAY,TOPICAL,Copper Absorption Inhibitor [EPC],CAT007,Gastrointestinal
MED095568,72888-036,Carvedilol,Carvedilol,Advagen Pharma Ltd,CARVEDILOL,12.5 mg/1,"TABLET, FILM COATED",ORAL,Adrenergic alpha-Antagonists [MoA],CAT003,Diabetes
MED095589,0536-1232,Aspirin,Aspirin Regular Strength,Rugby Laboratories,ASPIRIN,325 mg/1,"TABLET, DELAYED RELEASE",ORAL,Anti-Inflammatory Agents,CAT004,Pain Management
MED095620,73076-173,Pain Relief Patch,Ishancare Herbal Should Patch,"Shenzhen Ishan Technology Co., Ltd","CAMPHOR, (-)-",1 g/100g,PATCH,TOPICAL,UNKNOWN,CAT015,Others
MED095631,73097-004,Diphenhydramine Hydrochloride,Benadryl Allergy Ultratab,Savings Distributors Llc,DIPHENHYDRAMINE HYDROCHLORIDE,25 mg/1,"TABLET, FILM COATED",ORAL,Histamine H1 Receptor Antagonists [MoA],CAT006,Respiratory
MED095671,73352-103,Baclofen,Baclofen,"Trifluent Pharma, Llc",BACLOFEN,5 mg/5mL,SOLUTION,ORAL,GABA A Agonists [MoA],CAT005,Neurology
MED095677,73362-100,Palopegteriparatide,Yorvipath,"Ascendis Pharma, Endocrinology, Inc.",PALOPEGTERIPARATIDE,168 ug/.56mL,"INJECTION, SOLUTION",SUBCUTANEOUS,Parathyroid Hormone Analog [EPC],CAT009,Oncology
MED095759,73928-536,Alcohol Antiseptic,Vanilla Sugar Hand Sanitizer Gel,"Kingkey Mbc Life Technology Group Co.,Ltd",ALCOHOL,62 mL/100mL,LIQUID,TOPICAL,UNKNOWN,CAT015,Others
MED095779,75053-0006,"Chelidonium Majus, Berberis Aquifolium, Berberis Vulgaris, Dioscorea Villosa, Calcarea Sulphurica, Cupressus Lawsoniana, Hepar Sulphurica Calcareum, Cholesterinum, Fel Tauri, Lycopodium Clavatum, Magnesia Sulphurica",Gallcill,"Nucleic Products, Llc",BERBERIS AQUIFOLIUM ROOT BARK,5 [hp_X]/mL,LIQUID,ORAL,Blood Coagulation Factor [EPC],CAT003,Diabetes
MED095807,0067-0114,"Acetaminophen, Chlorpheniramine Maleate, Dextromethorphan Hbr, Pseudoephedrine Hcl",Theraflu-D Flu Relief Max Strength Plus Nasal Decongestant Nighttime,Haleon Us Holdings Llc,ACETAMINOPHEN,1000 mg/30mL,SYRUP,ORAL,Adrenergic alpha-Agonists [MoA],CAT003,Diabetes
MED095816,75826-169,Sodium Fluoride,Multivitamin With Fluoride,"Winder Laboratories, Llc",".ALPHA.-TOCOPHEROL ACETATE, DL-",6.75 mg/1,"TABLET, CHEWABLE",ORAL,Analogs/Derivatives [Chemical/Ingredient],CAT014,Vitamins & Supplements
MED095829,75907-074,Norethindrone,Camila,Dr. Reddy'S Labratories Inc.,NORETHINDRONE,.35 mg/1,TABLET,ORAL,Progesterone Congeners [CS],CAT009,Oncology
MED095848,75987-058,Pegloticase,Krystexxa,"Horizon Therapeutics Usa, Inc.",PEGLOTICASE,8 mg/50mL,"INJECTION, SOLUTION",INTRAVENOUS,Urate Oxidase [CS],CAT014,Vitamins & Supplements
MED095865,76159-002,Titanium Dioxide,3Lab Perfect Bb Spf 40 Broad Spectrum 02,"3Lab, Inc",TITANIUM DIOXIDE,121.6 mg/mL,CREAM,TOPICAL,UNKNOWN,CAT015,Others
MED095869,76162-026,Nite Time Cold And Flu Relief,Nite Time Cold And Flu Relief,"Topco Associates, Llc",ACETAMINOPHEN,325 mg/1,"CAPSULE, LIQUID FILLED",ORAL,Antihistamine [EPC],CAT006,Respiratory
MED095909,76282-571,Pregabalin,Pregabalin,Exelan Pharmaceuticals Inc.,PREGABALIN,100 mg/1,CAPSULE,ORAL,UNKNOWN,CAT015,Others
MED095937,0574-1104,"Brompheniramine Maleate, Pseudoephedrine Hydrochloride And Dextromethorphan Hydrobromide","Brompheniramine Maleate, Pseudoephedrine Hydrochloride And Dextromethorphan Hydrobromide",Padagis Us Llc,BROMPHENIRAMINE MALEATE,2 mg/5mL,SYRUP,ORAL,Adrenergic alpha-Agonists [MoA],CAT003,Diabetes
MED095955,76385-106,Ketotifen Fumarate,Ketotifen Fumarate,"Unichem Pharmaceuticals (Usa), Inc.",KETOTIFEN FUMARATE,.25 mg/mL,SOLUTION,OPHTHALMIC,Histamine H1 Receptor Antagonists [MoA],CAT006,Respiratory
MED095957,76385-131,Pindolol,Pindolol,"Unichem Pharmaceuticals (Usa), Inc.",PINDOLOL,5 mg/1,TABLET,ORAL,Adrenergic beta-Antagonists [MoA],CAT003,Diabetes
MED095964,76402-421,Benzalkonium Chloride,Citrus Fresh Liquid Antimicrobial,Hillyard Gmp,BENZALKONIUM CHLORIDE,.13 g/100mL,LIQUID,TOPICAL,UNKNOWN,CAT015,Others
MED095970,76420-073,Progesterone,Progesterone,"Asclemed Usa, Inc.",PROGESTERONE,200 mg/1,CAPSULE,ORAL,Progesterone [CS],CAT009,Oncology
MED096026,76420-815,Levofloxacin,Levofloxacin,"Asclemed Usa, Inc.",LEVOFLOXACIN,250 mg/1,"TABLET, FILM COATED",ORAL,UNKNOWN,CAT015,Others
MED096041,76472-1125,Apis Mellifera,Apis Mellifera,Sevene Usa,APIS MELLIFERA,30 [hp_C]/1,PELLET,SUBLINGUAL,Allergens [CS],CAT006,Respiratory
MED096060,76557-016,Juniper Clean Hand Soap Jasmine,Juniperclean Jasmine,Kync Design Llc,BENZALKONIUM CHLORIDE,.13 g/100g,LIQUID,TOPICAL,UNKNOWN,CAT015,Others
MED096082,77714-008,"Avobenzone, Homosalate, Octisalate, Octocrylene",Bull Frog Spf 50 Quik With Water Armor Tech,"Bullfrog Brands, Llc.",AVOBENZONE,30 mg/g,"AEROSOL, SPRAY",TOPICAL,UNKNOWN,CAT015,Others
MED096086,77771-452,Atorvastatin Calcium,Atorvastatin Calcium,"Radha Pharmaceuticals, Inc.",ATORVASTATIN CALCIUM TRIHYDRATE,20 mg/1,"TABLET, FILM COATED",ORAL,HMG-CoA Reductase Inhibitor [EPC],CAT003,Diabetes
MED096102,78518-003,Zinc Oxide,Cream,Monat Global Corp,ZINC OXIDE,18.8 mg/100mg,CREAM,TOPICAL,UNKNOWN,CAT015,Others
MED096133,79481-0281,Omeprazole Magnesium,Omeprazole,"Meijer, Inc.",OMEPRAZOLE MAGNESIUM,20 mg/1,"CAPSULE, DELAYED RELEASE",ORAL,Cytochrome P450 2C19 Inhibitors [MoA],CAT014,Vitamins & Supplements
MED096161,79903-075,"Chlorpheniramine Maleate, Phenylephrine Hcl",Sinus Pe And Allergy,Walmart Inc.,CHLORPHENIRAMINE MALEATE,4 mg/1,TABLET,ORAL,Adrenergic alpha1-Agonists [MoA],CAT003,Diabetes
MED096172,0597-0042,Telmisartan And Hydrochlorothiazide,Micardis Hct,"Boehringer Ingelheim Pharmaceuticals, Inc.",HYDROCHLOROTHIAZIDE,25 mg/1,TABLET,ORAL,Angiotensin 2 Receptor Antagonists [MoA],CAT003,Diabetes
MED096196,79906-415,Zinc Oxide,Kiss New York Tinted Moisturizer,"Ivy Enterprises, Inc.",ZINC OXIDE,3.5 g/100g,CREAM,TOPICAL,UNKNOWN,CAT015,Others
MED096262,80425-0420,Esomeprazole Magnesium,Esomeprazole Magnesium,"Advanced Rx Of Tennessee, Llc",ESOMEPRAZOLE MAGNESIUM,20 mg/1,"CAPSULE, DELAYED RELEASE",ORAL,Cytochrome P450 2C19 Inhibitors [MoA],CAT014,Vitamins & Supplements
MED096272,80425-0498,Cyclobenzaprine Hydrochloride,Cyclobenzaprine Hydrochloride,"Advanced Rx Of Tennessee, Llc",CYCLOBENZAPRINE HYDROCHLORIDE,10 mg/1,"TABLET, FILM COATED",ORAL,Centrally-mediated Muscle Relaxation [PE],CAT005,Neurology
MED096309,80684-003,Alcohol,Cucumber Melon Scented Antibacterial Hand Sanitizer,"Fourstar Group Usa, Inc.",ALCOHOL,.7 mL/mL,GEL,TOPICAL,UNKNOWN,CAT015,Others
MED096358,81140-104,Oxycodone Hydrochloride,Roxybond,Protega Pharmaceuticals Inc,OXYCODONE HYDROCHLORIDE,10 mg/1,"TABLET, COATED",ORAL,Full Opioid Agonists [MoA],CAT004,Pain Management
MED096377,81486-003,Zinc Oxide,Wotnot Naturals Natural Zinc Sunscreen Spf 30,Ecodirect Pty Ltd (Trading As Wotnot Naturals),ZINC OXIDE,250 mg/g,LOTION,TOPICAL,UNKNOWN,CAT015,Others
MED096383,81522-914,Hydrocortisone Spray,Hydrocortisone,Fsa Store Inc.,HYDROCORTISONE,10 mg/mL,SPRAY,TOPICAL,Corticosteroid Hormone Receptor Agonists [MoA],CAT004,Pain Management
MED096398,81751-001,Ethyl Alcohol,Saluja Md Essential Hand Sanitizer,"Anita Saluja, Md, Llc",ALCOHOL,70 mL/100mL,SPRAY,TOPICAL,UNKNOWN,CAT015,Others
MED096409,81927-105,Thiotepa,Tepylute,Shorla Oncology Inc.,THIOTEPA,10 mg/mL,INJECTION,INTRAVENOUS,Alkylating Activity [MoA],CAT012,Ophthalmology
MED096416,82009-004,Atorvastatin Calcium,Atorvastatin Calcium,Quallent,ATORVASTATIN CALCIUM PROPYLENE GLYCOL SOLVATE,80 mg/1,"TABLET, FILM COATED",ORAL,HMG-CoA Reductase Inhibitor [EPC],CAT003,Diabetes
MED096421,82009-043,Losartan Potassium,Losartan Potassium,Quallent Pharmaceuticals Health Llc,LOSARTAN POTASSIUM,50 mg/1,"TABLET, FILM COATED",ORAL,Angiotensin 2 Receptor Antagonists [MoA],CAT003,Diabetes
MED096445,82112-110,Aficamten,Myqorzo,Cytokinetics Inc.,AFICAMTEN,10 mg/1,"TABLET, FILM COATED",ORAL,UNKNOWN,CAT015,Others
MED096491,0615-8467,Baclofen,Baclofen,"Ncs Healthcare Of Ky, Llc Dba Vangard Labs",BACLOFEN,20 mg/1,TABLET,ORAL,GABA A Agonists [MoA],CAT005,Neurology
MED096540,82723-031,Zinc Oxide,Spf30 Mineral Sunscreen Mousse,"Aopline Health Industry Technology (Guangzhou) Co., Ltd.",ZINC OXIDE,15 g/100mL,SPRAY,TOPICAL,UNKNOWN,CAT015,Others
MED096561,82804-080,Bupropion Hydrochloride,Bupropion Hydrochloride Xl,Proficient Rx Lp,BUPROPION HYDROCHLORIDE,150 mg/1,"TABLET, EXTENDED RELEASE",ORAL,Aminoketone [EPC],CAT005,Neurology
MED096627,82969-2020,"Baptisia Tincd4, Echinacead3, Euphorbiumd6, Galium Apard12, Rumex C.D3, Sarsaprillad6,Sulphurd6",Bestmade Natural Products Bm20,Bestmade Natural Products,BAPTISIA TINCTORIA ROOT,30 [hp_C]/30[hp_C],LIQUID,ORAL,UNKNOWN,CAT015,Others
MED096640,82969-2116,"Anguillare Ichthy, Crataegus Oxy, Passiflora, Hypophysis Posterium, Glonine, Morgan Pure, Spartium Scop, Viscum Album",Bestmade Natural Products Bm116,Bestmade Natural Products,ANGUILLA ROSTRATA BLOOD SERUM,30 [hp_C]/30[hp_C],LIQUID,ORAL,Allergens [CS],CAT006,Respiratory
MED096650,82969-2192,"Berberis Vulg, Dulcamara, Equisetum Hyemle, Eupatorium Purp",Bestmade Natural Products Bm192,Bestmade Natural Products,BERBERIS VULGARIS ROOT BARK,30 [hp_C]/30[hp_C],LIQUID,ORAL,UNKNOWN,CAT015,Others
MED096658,82969-3004,"Calc Fluor, Kali Mur, Nat Mur, Silicea",Bestmade Natural Products Bio4,Bestmade Natural Products,CALCIUM FLUORIDE,6 [hp_X]/6[hp_X],"TABLET, SOLUBLE",ORAL,Increased Large Intestinal Motility [PE],CAT007,Gastrointestinal
MED096676,0641-6019,Morphine Sulfate,Duramorph,Hikma Pharmaceuticals Usa Inc.,MORPHINE SULFATE,1 mg/mL,INJECTION,EPIDURAL,Full Opioid Agonists [MoA],CAT004,Pain Management
MED096678,82969-9008,"Cal Phos, Ferr Phos, Kali Phos, Kali Sulph, Nat Sulph",Bestmade Natural Products Bio8,Bestmade Natural Products,FERROSOFERRIC PHOSPHATE,6 [hp_X]/6[hp_X],LIQUID,ORAL,Increased Large Intestinal Motility [PE],CAT007,Gastrointestinal
MED096697,83027-0049,"Juglans Nigra, Berberis Vulgaris, Abrotanum (Artemisia Abrotanum), Sabadilla, Spigelia Anthelmia, Teucrium Marum, Filix Mas, Cuprum Metallicum, Chelone Glabra",Vermex,"Nutritional Specialties, Inc.",ARTEMISIA ABROTANUM FLOWERING TOP,4 [hp_X]/mL,SPRAY,ORAL,Copper [CS],CAT013,Vaccines & Biologics
MED096713,83046-360,"Avobenzone, Homosalate, Octisalate, Octocrylene",Oars And Alps Spf 50 Hydrating Antioxidant Sunscreenspray,Oars And Alps Llc,AVOBENZONE,2.9 g/100mL,SPRAY,TOPICAL,UNKNOWN,CAT015,Others
MED096723,83076-1100,Ensartinib,Ensacove,"Xcovery Holdings, Inc.",ENSARTINIB HYDROCHLORIDE,100 mg/1,CAPSULE,ORAL,UNKNOWN,CAT015,Others
MED096732,83107-006,Sotalol Hydrochloride,Betapace,"Legacy Pharma Usa, Inc.",SOTALOL HYDROCHLORIDE,120 mg/1,TABLET,ORAL,Adrenergic beta-Antagonists [MoA],CAT003,Diabetes
MED096745,83173-101,Menthol,Mgc Health Cough Drops Honey Lemon Flavor,Medical Group Care Llc,MENTHOL,7.5 mg/1,LOZENGE,ORAL,UNKNOWN,CAT015,Others
MED096752,83247-2490,Zinc Oxide,Iris And Romeo Weekend Skin Moisture Lip Balm - Carob,Iris And Romeo,ZINC OXIDE,110 mg/mL,LOTION,TOPICAL,UNKNOWN,CAT015,Others
MED096776,83324-007,Menthol,Quality Choice Cold Therapy Gel,"Chain Drug Marketing Association, Inc.",MENTHOL,40 mg/mL,GEL,TOPICAL,UNKNOWN,CAT015,Others
MED096794,83324-183,Lidocaine Hydrochloride,Pain Relieving Gel,Chain Drug Marketing Association,LIDOCAINE HYDROCHLORIDE,5 mg/g,GEL,TOPICAL,Amide Local Anesthetic [EPC],CAT004,Pain Management
MED096807,83391-009,Lidocaine,Auvon Pain Relief Cream,"Shenzhen Yuwen E-Commerce Co., Ltd.",LIDOCAINE,4 g/100g,CREAM,TOPICAL,Amide Local Anesthetic [EPC],CAT004,Pain Management
MED096824,83602-123,Menthol,Menthol Overnight Pain Relief Gel-Patch,"Guangzhou Liuquanmiao Import & Export Trade Co., Ltd.",MENTHOL,.04 g/g,PATCH,TOPICAL,UNKNOWN,CAT015,Others
MED096834,83636-605,Sturgeon Extract,The Zoeun Skin Y-Zone Feminine Moisturizer,"Sturgeonbio Co.,Ltd.","STURGEON, UNSPECIFIED",95.79 g/100mL,CREAM,TOPICAL,UNKNOWN,CAT015,Others
MED096843,83698-120,Pectin,Mgc Health Throat Soothing Drops Creamy Strawberry,"Xiamen Kang Zhongyuan Biotechnology Co., Ltd.",PECTIN,7 mg/1,LOZENGE,ORAL,UNKNOWN,CAT015,Others
MED096891,83939-0021,Phenazopyridine,Phenazopyridine Hydrochloride,"Verityrx, Llc",PHENAZOPYRIDINE HYDROCHLORIDE,200 mg/1,TABLET,ORAL,UNKNOWN,CAT015,Others
MED096930,84126-046,Colloidal Oatmeal,First Aid Beauty Fab Ultra Repair Skin Protectant Peppermint Twist,The Procter & Gamble Manufacturing Company,OATMEAL,.5 g/100g,CREAM,TOPICAL,Allergens [CS],CAT006,Respiratory
MED096946,84126-150,"Avobenzone, And Octisalate",Tula Skincare Radiant Skin Brightening Serum Skin Tint Broad Spectrum Spf 30 29 Deep Cool,The Procter & Gamble Manufacturing Company,AVOBENZONE,3 g/100mL,LIQUID,TOPICAL,UNKNOWN,CAT015,Others
MED096950,84126-191,Aluminum Zirconium Tetrachlorohydrex Gly,Secret Sweet Nectarine Invisible,The Procter & Gamble Manufacturing Company,ALUMINUM ZIRCONIUM TETRACHLOROHYDREX GLY,17 g/100g,STICK,TOPICAL,UNKNOWN,CAT015,Others
MED096953,84126-231,Octinoxate And Zinc Oxide,Olay Age Defying Classic Broad Spectrum Spf 15,The Procter & Gamble Manufacturing Company,OCTINOXATE,6 g/100mL,LOTION,TOPICAL,UNKNOWN,CAT015,Others
MED096992,84178-106,Sodium Bicarbonate,"Adrian Bicarbonato Sodium Bicarbonate Usp-4 Oz, 8 Oz And 16 Oz",Evi Labs,SODIUM BICARBONATE,315 mg/g,POWDER,ORAL,Increased Large Intestinal Motility [PE],CAT007,Gastrointestinal
MED097003,84232-003,Womens Liquid Minoxidil 1Pk,Hair Regen Hair Regrowth Treatment,"Yiwuyizhoutradingco.,Ltd",MINOXIDIL,2 g/100mL,LIQUID,TOPICAL,Arteriolar Vasodilation [PE],CAT003,Diabetes
MED097024,84428-103,Ginsenoside Compound K,Tuberculosis Eliminator,"Hainan Zehuitang Biotechnology Co., Ltd",GINSENOSIDE COMPOUND K,50 mg/10g,GRANULE,ORAL,UNKNOWN,CAT015,Others
MED097027,84440-619,Silicone Stick With Spf,Scaraid Spf,"Biodermis, Llc",AVOBENZONE,30 mg/g,STICK,TOPICAL,UNKNOWN,CAT015,Others
MED097037,84507-032,Conditioner,Gowilove Multi-Essence Hair Mask,"Guangdong Miaolian Cosmetics Co., Ltd.",BUTYROSPERMUM PARKII (SHEA) BUTTER,.11 mg/100mL,CREAM,TOPICAL,UNKNOWN,CAT015,Others
MED097051,84549-205,Glycopyrrolate,Glycopyrrolate,Propharma Distribution,GLYCOPYRROLATE,.2 mg/mL,"INJECTION, SOLUTION",INTRAMUSCULAR,Anticholinergic [EPC],CAT005,Neurology
MED097071,84712-034,Snail Mucin 92% Moisturizer,Youbuy Snail Mucin 92% Moisturizer,"Guangdong Youbaijia Cosmetic Industry Co., Ltd",SNAIL SECRETION FILTRATE,46 g/50g,CREAM,CUTANEOUS,UNKNOWN,CAT015,Others
MED097099,84891-2185,Zinc Oxide,Daily Essential Face Moisturizer,Solarium Brands Llc,ZINC OXIDE,132 mg/mL,LOTION,TOPICAL,UNKNOWN,CAT015,Others
MED097154,85211-001,"Naphazoline Hydrochloride, Propylene Glycol",Droptics Performance Eye Drops,Droptics Llc,NAPHAZOLINE HYDROCHLORIDE,.03 g/100mL,LIQUID,OPHTHALMIC,UNKNOWN,CAT015,Others
MED097158,0781-3825,Glycopyrrolate,Glycopyrrolate,Sandoz Inc,GLYCOPYRROLATE,.2 mg/mL,INJECTION,INTRAMUSCULAR,Anticholinergic [EPC],CAT005,Neurology
MED097213,85325-212,"Titanium Dioxide, Zinc Oxide",Mineral Lip Sunscreen,"Advanced Aesthetics Skin Care Studio, Inc",TITANIUM DIOXIDE,40 mg/g,STICK,TOPICAL,UNKNOWN,CAT015,Others
MED097233,0781-7133,Estradiol,Estradiol Transdermal System,Sandoz Inc,ESTRADIOL,.05 mg/d,PATCH,TRANSDERMAL,Estradiol Congeners [CS],CAT009,Oncology
MED097245,85449-202,"Titanium Dioxide, Zinc Oxide",Complexion Correction Primer Sunscreen Clear,"Mcrae Md Medical Laser Center, A Texas Professional Limited Liability Company",TITANIUM DIOXIDE,80 mg/g,CREAM,TOPICAL,UNKNOWN,CAT015,Others
MED097246,85451-226,Zinc Oxide,Replenishing Daily Protection Nt,My Favorite Place Spa Llc,ZINC OXIDE,160 mg/g,CREAM,TOPICAL,UNKNOWN,CAT015,Others
MED097267,85522-002,"Olive Oil, Rice Bran Oil, Natural Beeswax, Bitter Leaf Extract",All-Purpose Salve,Biocare Plus International Limited,BEESWAX,.17 g/g,OIL,TOPICAL,Lipid Emulsion [EPC],CAT003,Diabetes
MED097286,85551-125,Hydroxocobalamin,Hydroxocobalamin,Xseer Pharmaceuticals,HYDROXOCOBALAMIN,1 mg/mL,INJECTION,INTRAMUSCULAR,Antidote [EPC],CAT014,Vitamins & Supplements
MED097294,85577-002,Bolor Sanitizing Hand Wipes,Bolor Sanitizing Hand Wipes,Ecorhine Llc,BENZALKONIUM CHLORIDE,.12 mg/100mg,SOLUTION,TOPICAL,UNKNOWN,CAT015,Others
MED097326,85678-997,"Avobenzone, Homosalate, Octisalate, Octocrylene",Cloud Brush On Sunscreen Clear Broad Spectrum Spf 50,Future 8 Llc,AVOBENZONE,30 mg/mL,GEL,TOPICAL,UNKNOWN,CAT015,Others
MED097440,85954-001,L-Menthol,Lekon Pain Relief Oil,Cai Industries Corp.,LEVOMENTHOL,5 g/100mL,OIL,TOPICAL,UNKNOWN,CAT015,Others
MED097467,87063-080,Liothyronine Sodium,Liothyronine Sodium,Asclemed Usa Inc.,LIOTHYRONINE SODIUM,5 ug/1,TABLET,ORAL,Triiodothyronine [CS],CAT009,Oncology
MED097478,87080-104,"Ensulizole ,Homosalate,Octinoxate,Titanium Dioxide",Phofay Matte Sunscreen Liquid Foundation Spf 30 4,"Hangzhou Jingshen Trading Co., Ltd.",ENSULIZOLE,.02 g/g,LOTION,TOPICAL,UNKNOWN,CAT015,Others
MED097577,87649-0001,Us Convenience Kit (718907),Dental System Starter Kit,Dyson Technology Limited,UNKNOWN,UNKNOWN,KIT,ORAL,UNKNOWN,CAT015,Others
MED097898,0904-7244,Lacosamide,Lacosamide,Major Pharmaceuticals,LACOSAMIDE,50 mg/1,"TABLET, FILM COATED",ORAL,Decreased Central Nervous System Disorganized Electrical Activity [PE],CAT005,Neurology
MED098168,0904-7615,Gabapentin,Gabapentin,Major Pharmaceuticals,GABAPENTIN,400 mg/1,CAPSULE,ORAL,Decreased Central Nervous System Disorganized Electrical Activity [PE],CAT005,Neurology
MED098233,0924-5702,"Benzalkonium Chloride, Lidocaine Hydrochloride",First Aid Only First Aid-Burn,Acme United Corporation,BENZALKONIUM CHLORIDE,1.3 mg/g,CREAM,TOPICAL,Amide Local Anesthetic [EPC],CAT004,Pain Management
MED098460,51630-147,Coola Guava Mango Sunscreen,Coola Guava Mango Sunscreen,Schmid & Son Packaging,AVOBENZONE,2.9 g/100mL,SPRAY,UNKNOWN,UNKNOWN,CAT015,Others
MED098468,0990-7983,Sodium Chloride,Sodium Chloride,Icu Medical Inc.,SODIUM CHLORIDE,900 mg/100mL,"INJECTION, SOLUTION",INTRAVENOUS,Increased Large Intestinal Motility [PE],CAT007,Gastrointestinal
MED098617,10107-420,Methyl Salicylate,Herb Street Sore Muscle Relief,Balassa Laboratories Inc.,METHYL SALICYLATE,.25 g/g,STICK,TOPICAL,UNKNOWN,CAT015,Others
MED099065,10237-940,Dimenhydrinate,Gravol,"Church & Dwight Co., Inc.",DIMENHYDRINATE,50 mg/1,"CAPSULE, LIQUID FILLED",ORAL,Histamine H1 Receptor Antagonists [MoA],CAT006,Respiratory
MED099095,10297-006,Helium,Helium,"A-Ox Welding Supply, Llc",HELIUM,990 mL/L,GAS,RESPIRATORY (INHALATION),UNKNOWN,CAT015,Others
MED099357,10702-201,Oxybutynin Chloride,Oxybutynin Chloride,"Kvk-Tech, Inc.",OXYBUTYNIN CHLORIDE,5 mg/1,TABLET,ORAL,Cholinergic Muscarinic Antagonist [EPC],CAT005,Neurology
MED099919,11523-4339,Butenafine Hydrochloride,Lotrimin Ultra Jock Itch,Bayer Healthcare Llc.,BUTENAFINE HYDROCHLORIDE,1 g/100g,CREAM,TOPICAL,Benzylamine Antifungal [EPC],CAT001,Antibiotics
MED100049,11673-100,"Glycerin, Naphazoline Hydrochloride",Target Eye Drops Maximum Redness Relief Eye,Target Corporation,GLYCERIN,500 mg/100mL,SOLUTION/ DROPS,OPHTHALMIC,Allergens [CS],CAT006,Respiratory
MED100129,11822-0891,Chlorhexidine Gluconate 4%,Antiseptic Skin Cleanser,Rite Aid,CHLORHEXIDINE GLUCONATE,4 g/100mL,SOLUTION,TOPICAL,Decreased Cell Wall Integrity [PE],CAT001,Antibiotics
MED100164,11999-001,Oxygen,Oxygen,Welders Supply Company,OXYGEN,992 mL/L,GAS,RESPIRATORY (INHALATION),UNKNOWN,CAT015,Others
MED100210,13733-151,"Zinc Oxide, Titanium Dioxide, Octinoxate",Missha M Perfect Cover Bb No 21,"Able C&C Co., Ltd.",OCTINOXATE,.075 g/g,CREAM,TOPICAL,Copper Absorption Inhibitor [EPC],CAT007,Gastrointestinal
MED100214,0078-1168,Secukinumab,Cosentyx,Novartis Pharmaceuticals Corporation,SECUKINUMAB,25 mg/mL,"INJECTION, SOLUTION, CONCENTRATE",INTRAVENOUS,Interleukin-17A Antagonist [EPC],CAT010,Allergy
MED100217,13734-192,"Octinoxate, Titanium Dioxide",Nars Pure Radiant Tinted Moisturizer Granada,Nars Cosmetics,OCTINOXATE,4.044 g/50mL,CREAM,TOPICAL,UNKNOWN,CAT015,Others
MED100246,14335-420,Brivaracetam,Brivaracetam,"Hainan Poly Pharm. Co., Ltd.",BRIVARACETAM,50 mg/5mL,INJECTION,INTRAVENOUS,Epoxide Hydrolase Inhibitors [MoA],CAT014,Vitamins & Supplements
MED100249,14445-127,Pregabalin,Pregabalin,Indoco Remedies Limited,PREGABALIN,225 mg/1,CAPSULE,ORAL,UNKNOWN,CAT015,Others
MED100293,0093-0948,Diclofenac Potassium,Diclofenac Potassium,"Teva Pharmaceuticals Usa, Inc.",DICLOFENAC POTASSIUM,50 mg/1,"TABLET, FILM COATED",ORAL,Anti-Inflammatory Agents,CAT004,Pain Management
MED100309,16571-657,Cevimeline Hydrochloride,Cevimeline Hydrochloride,"Rising Pharma Holdings, Inc.",CEVIMELINE HYDROCHLORIDE,30 mg/1,CAPSULE,ORAL,Cholinergic Muscarinic Agonists [MoA],CAT005,Neurology
MED100332,16714-051,Chlorpromazine Hydrochloride,Chlorpromazine Hydrochloride,Northstar Rx Llc,CHLORPROMAZINE HYDROCHLORIDE,200 mg/1,"TABLET, FILM COATED",ORAL,Phenothiazine [EPC],CAT005,Neurology
MED100346,16714-294,Amoxicillin And Clavulanate Potassium,Amoxicillin And Clavulanate Potassium,Northstar Rx Llc,AMOXICILLIN,600 mg/5mL,"POWDER, FOR SUSPENSION",ORAL,Penicillin-class Antibacterial [EPC],CAT001,Antibiotics
MED100349,16714-359,Levonorgestrel And Ethinyl Estradiol,Falmina,Northstar Rx Llc,UNKNOWN,UNKNOWN,KIT,UNKNOWN,UNKNOWN,CAT015,Others
MED100374,16729-414,Doxazosin,Doxazosin,Accord Healthcare Inc.,DOXAZOSIN MESYLATE,2 mg/1,TABLET,ORAL,Adrenergic alpha-Antagonists [MoA],CAT003,Diabetes
MED100403,17714-076,Simethicone,Simethicone Certified Plus,Advance Pharmaceutical Inc.,DIMETHICONE,180 mg/1,GEL,ORAL,Skin Barrier Activity [PE],CAT008,Dermatology
MED100404,17856-0008,Guaifenesin,Mucinex,Atlantic Biologicas Corp.,GUAIFENESIN,600 mg/1,"TABLET, EXTENDED RELEASE",ORAL,Decreased Respiratory Secretion Viscosity [PE],CAT006,Respiratory
MED100410,17856-1017,Simethicone,Simethicone Infant Gas Relief Drops,Atlantic Biologicals Corp.,DIMETHICONE,20 mg/.3mL,SUSPENSION,ORAL,Skin Barrier Activity [PE],CAT008,Dermatology
MED100449,21130-222,Loperamide Hydrochloride And Simethicone,Loperamide Hydrochloride And Simethicone,"Better Living Brands, Llc",DIMETHICONE,125 mg/1,TABLET,ORAL,Opioid Agonist [EPC],CAT004,Pain Management
MED100456,21130-451,Fexofenadine Hydrochloride,Allergy Relief,"Safeway, Inc.",FEXOFENADINE HYDROCHLORIDE,180 mg/1,TABLET,ORAL,Histamine H1 Receptor Antagonists [MoA],CAT006,Respiratory
MED100463,21130-689,"Chlorpheniramine Maleate, Dextromethorphan Hbr",Cough And Cold Hbp,"Better Living Brands, Llc",CHLORPHENIRAMINE MALEATE,4 mg/1,"TABLET, FILM COATED",ORAL,Histamine H1 Receptor Antagonists [MoA],CAT006,Respiratory
MED100475,21130-998,Sennosides,Vegetable Laxative,Better Living Brands Llc.,SENNOSIDES A AND B,8.6 mg/1,TABLET,ORAL,UNKNOWN,CAT015,Others
MED100481,0093-5346,Methylphenidate Hydrochloride,Methylphenidate Hydrochloride (La),"Teva Pharmaceuticals Usa, Inc.",METHYLPHENIDATE HYDROCHLORIDE,20 mg/1,"CAPSULE, EXTENDED RELEASE",ORAL,Central Nervous System Stimulant [EPC],CAT005,Neurology
MED100493,21922-004,"Desonide Ointment, 0.05%","Desonide Ointment, 0.05%","Encube Ethicals, Inc.",DESONIDE,.5 mg/g,OINTMENT,TOPICAL,Corticosteroid Hormone Receptor Agonists [MoA],CAT004,Pain Management
MED100648,0093-9148,Venlafaxine Hydrochloride,Venlafaxine Hydrochloride,"Teva Pharmaceuticals Usa, Inc.",VENLAFAXINE HYDROCHLORIDE,37.5 mg/1,TABLET,ORAL,Norepinephrine Uptake Inhibitors [MoA],CAT005,Neurology
MED100663,23155-071,Methimazole,Methimazole,Heritage Pharmaceuticals Inc. D/B/A Avet Pharmaceuticals Inc.,METHIMAZOLE,10 mg/1,TABLET,ORAL,Thyroid Hormone Synthesis Inhibitor [EPC],CAT009,Oncology
MED100738,24658-261,Rosuvastatin Calcium,Rosuvastatin Calcium,Puracap Laboratories Llc Dba Blu Pharmaceuticals,ROSUVASTATIN CALCIUM,5 mg/1,TABLET,ORAL,HMG-CoA Reductase Inhibitor [EPC],CAT003,Diabetes
MED100753,24979-036,Cyclobenzaprine Hydrochloride,Cyclobenzaprine Hydrochloride,"Upsher-Smith Laboratories, Llc",CYCLOBENZAPRINE HYDROCHLORIDE,30 mg/1,"CAPSULE, EXTENDED RELEASE",ORAL,Centrally-mediated Muscle Relaxation [PE],CAT005,Neurology
MED100768,25000-608,Duloxetine Hydrochloride,Duloxetine,Marksans Pharma Limited,DULOXETINE HYDROCHLORIDE,20 mg/1,"CAPSULE, DELAYED RELEASE",ORAL,Norepinephrine Uptake Inhibitors [MoA],CAT005,Neurology
MED100791,25682-001,Eculizumab,Soliris,Alexion Pharmaceuticals Inc.,ECULIZUMAB,300 mg/30mL,"INJECTION, SOLUTION, CONCENTRATE",INTRAVENOUS,Complement Inhibitor [EPC],CAT010,Allergy
MED100795,0113-0854,Nicotine Polacrilex,Good Sense Nicotine,L. Perrigo Company,NICOTINE,4 mg/1,"GUM, CHEWING",ORAL,Cholinergic Nicotinic Agonist [EPC],CAT005,Neurology
MED100797,27241-110,Ranitidine,Ranitidine,Ajanta Pharma Usa Inc.,RANITIDINE HYDROCHLORIDE,300 mg/1,CAPSULE,ORAL,Histamine H2 Receptor Antagonists [MoA],CAT006,Respiratory
MED100805,27241-241,Metformin Hydrochloride,Metformin Hydrochloride,Ajanta Pharma Usa Inc.,METFORMIN HYDROCHLORIDE,1000 mg/1,"TABLET, EXTENDED RELEASE",ORAL,Biguanide [EPC],CAT002,Cardiovascular
MED100813,27808-037,Hydrocodone Bitartrate And Acetaminophen,Hydrocodone Bitartrate And Acetaminophen,"Cranbury Pharmaceuticals, Llc",ACETAMINOPHEN,325 mg/1,TABLET,ORAL,Opioid Agonist [EPC],CAT004,Pain Management
MED100814,27808-057,Promethazine Hydrochloride And Dextromethorphan Hydrobromide,Promethazine Hydrochloride And Dextromethorphan Hydrobromide,"Cranbury Pharmaceuticals, Llc",DEXTROMETHORPHAN HYDROBROMIDE,15 mg/5mL,SOLUTION,ORAL,Phenothiazine [EPC],CAT005,Neurology
MED100835,29300-191,Losartan Potassium And Hydrochlorothiazide,Losartan Potassium And Hydrochlorothiazide,"Unichem Pharmaceuticals (Usa), Inc.",HYDROCHLOROTHIAZIDE,12.5 mg/1,"TABLET, FILM COATED",ORAL,Angiotensin 2 Receptor Antagonists [MoA],CAT003,Diabetes
MED100867,30142-753,"Diphenhydramine Hydrochloride, Naproxen Sodium",Naproxen Sodium Pm,Kroger Company,DIPHENHYDRAMINE HYDROCHLORIDE,25 mg/1,TABLET,ORAL,Anti-Inflammatory Agents,CAT004,Pain Management
MED100879,31507-544,Chloroxylenol,Sentry Antiseptic Handsoap,"Wechem, Inc.",CHLOROXYLENOL,3 mg/mL,SOAP,TOPICAL,UNKNOWN,CAT015,Others
MED100897,31722-170,Duloxetine,Duloxetine,"Camber Pharmaceuticals, Inc.",DULOXETINE HYDROCHLORIDE,60 mg/1,"CAPSULE, DELAYED RELEASE",ORAL,Norepinephrine Uptake Inhibitors [MoA],CAT005,Neurology
MED100948,31722-924,Aripiprazole,Aripiprazole,"Camber Pharmaceuticals, Inc.",ARIPIPRAZOLE,30 mg/1,TABLET,ORAL,Atypical Antipsychotic [EPC],CAT005,Neurology
MED100977,33342-195,Venlafaxine Hydrochloride,Venlafaxine Hydrochloride,Macleods Pharmaceuticals Limited,VENLAFAXINE HYDROCHLORIDE,75 mg/1,"CAPSULE, EXTENDED RELEASE",ORAL,Norepinephrine Uptake Inhibitors [MoA],CAT005,Neurology
MED101001,33342-423,Lurasidone Hydrochloride,Lurasidone Hydrochloride,Macleods Pharmaceuticals Limited,LURASIDONE HYDROCHLORIDE,120 mg/1,"TABLET, FILM COATED",ORAL,Atypical Antipsychotic [EPC],CAT005,Neurology
MED101062,36800-031,Burn Relief,Lidocaine,Topco Associates Llc,LIDOCAINE,.64 g/127g,"AEROSOL, SPRAY",TOPICAL,Amide Local Anesthetic [EPC],CAT004,Pain Management
MED101072,36800-156,Lidocaine,Topcare Pain Relief Patches,"Topco Associates, Llc",LIDOCAINE,4 g/100g,PATCH,TOPICAL,Amide Local Anesthetic [EPC],CAT004,Pain Management
MED101178,37662-0640,Dolichos Pruriens,Dolichos Pruriens,"Hahnemann Laboratories, Inc.",MUCUNA PRURIENS FRUIT TRICHOME,1 [hp_M]/1,PELLET,ORAL,UNKNOWN,CAT015,Others
MED101189,37662-0768,Glycyrrhiza Glabra,Glycyrrhiza Glabra,"Hahnemann Laboratories, Inc.",GLYCYRRHIZA GLABRA,500 [hp_C]/1,PELLET,ORAL,Allergens [CS],CAT006,Respiratory
MED101207,37662-0910,Lac Defloratum,Lac Defloratum,"Hahnemann Laboratories, Inc.",SKIM MILK,200 [hp_C]/1,PELLET,ORAL,UNKNOWN,CAT015,Others
MED101222,37662-1055,Acidum Lacticum,Acidum Lacticum,"Hahnemann Laboratories, Inc.","LACTIC ACID, DL-",30 [hp_C]/1,PELLET,ORAL,UNKNOWN,CAT015,Others
MED101224,0121-2397,Levetiracetam,Levetiracetam,"Pai Holdings, Llc Dba Pai Pharma",LEVETIRACETAM,1500 mg/15mL,SOLUTION,ORAL,Decreased Central Nervous System Disorganized Electrical Activity [PE],CAT005,Neurology
MED101225,37662-1096,Europium Metallicum,Europium Metallicum,"Hahnemann Laboratories, Inc.",EUROPIUM,200 [hp_C]/1,PELLET,ORAL,UNKNOWN,CAT015,Others
MED101232,0121-4048,Lacosamide,Lacosamide,"Pai Holdings, Llc Dba Pai Pharma",LACOSAMIDE,200 mg/20mL,SOLUTION,ORAL,Decreased Central Nervous System Disorganized Electrical Activity [PE],CAT005,Neurology
MED101237,37662-1199,Salvia Officinalis,Salvia Officinalis,"Hahnemann Laboratories, Inc.",SAGE,1 [hp_Q]/1,PELLET,ORAL,Allergens [CS],CAT006,Respiratory
MED101238,37662-1204,Sabal Serrulata,Sabal Serrulata,"Hahnemann Laboratories, Inc.",SAW PALMETTO,200 [hp_C]/1,PELLET,ORAL,UNKNOWN,CAT015,Others
MED101252,37662-1344,Viburnum Opulus,Viburnum Opulus,"Hahnemann Laboratories, Inc.",VIBURNUM OPULUS BARK,100 [hp_C]/1,PELLET,ORAL,UNKNOWN,CAT015,Others
MED101266,37662-1438,Phytolacca Decandra,Phytolacca Decandra,"Hahnemann Laboratories, Inc.",PHYTOLACCA AMERICANA ROOT,100 [hp_C]/1,PELLET,ORAL,UNKNOWN,CAT015,Others
MED101279,37662-1538,Manganum Oxydatum Nigrum,Manganum Oxydatum Nigrum,"Hahnemann Laboratories, Inc.",MANGANESE DIOXIDE,12 [hp_C]/1,PELLET,ORAL,UNKNOWN,CAT015,Others
MED101300,37662-1717,Iodium,Iodium,"Hahnemann Laboratories, Inc.",IODINE,100 [hp_C]/1,PELLET,ORAL,UNKNOWN,CAT015,Others
MED101303,0132-0402,Docusate Sodium,Fleet,"C.B. Fleet Company, Inc.",DOCUSATE SODIUM,100 mg/1,"CAPSULE, LIQUID FILLED",ORAL,UNKNOWN,CAT015,Others
MED101320,37662-1991,Oleander,Oleander,"Hahnemann Laboratories, Inc.",NERIUM OLEANDER LEAF,1 [hp_M]/1,PELLET,ORAL,UNKNOWN,CAT015,Others
MED101331,37662-2074,Platinum Metallicum,Platinum Metallicum,"Hahnemann Laboratories, Inc.",PLATINUM,1 [hp_Q]/1,PELLET,ORAL,UNKNOWN,CAT015,Others
MED101342,37662-2167,Stramonium,Stramonium,"Hahnemann Laboratories, Inc.",DATURA STRAMONIUM,30 [hp_C]/1,PELLET,ORAL,UNKNOWN,CAT015,Others
MED101374,37662-2521,Acidum Oxalicum,Acidum Oxalicum,"Hahnemann Laboratories, Inc.",OXALIC ACID DIHYDRATE,1 [hp_M]/1,PELLET,ORAL,UNKNOWN,CAT015,Others
MED101378,37662-2548,Ruthenium Muriaticum,Ruthenium Muriaticum,"Hahnemann Laboratories, Inc.",RUTHENIUM TRICHLORIDE,30 [hp_C]/1,PELLET,ORAL,UNKNOWN,CAT015,Others
MED101401,37662-2746,Boron,Boron,"Hahnemann Laboratories, Inc.",BORON,200 [hp_C]/1,PELLET,ORAL,UNKNOWN,CAT015,Others
MED101438,37662-3070,Strontium Metallicum,Strontium Metallicum,"Hahnemann Laboratories, Inc.",STRONTIUM,30 [hp_C]/1,PELLET,ORAL,UNKNOWN,CAT015,Others
MED101513,37662-3771,Mercurius Aceticus,Mercurius Aceticus,"Hahnemann Laboratories, Inc.",MERCUROUS ACETATE,30 [hp_C]/1,PELLET,ORAL,UNKNOWN,CAT015,Others
MED101556,37808-088,"Avobenzone, Homosalate, Octisalate, Octocrylene",Heb Spf 50 Birthday Cake Continuous Sunscreen,H.E.B,AVOBENZONE,30 mg/g,SPRAY,TOPICAL,UNKNOWN,CAT015,Others
MED101559,37808-106,Cetirizine Hydrochloride,Allergy Relief,H E B,CETIRIZINE HYDROCHLORIDE,1 mg/mL,SOLUTION,ORAL,Histamine H1 Receptor Antagonists [MoA],CAT006,Respiratory
MED101582,37808-603,"Acetaminophen, Dextromethorphan Hbr, Guaifenesin, Phenylephrine Hcl",Daytime Severe Cold And Flu,H E B,ACETAMINOPHEN,325 mg/15mL,SOLUTION,ORAL,Adrenergic alpha1-Agonists [MoA],CAT003,Diabetes
MED101584,37808-652,Naproxen Sodium,Naproxen Sodium,H E B,NAPROXEN SODIUM,220 mg/1,"TABLET, FILM COATED",ORAL,Anti-Inflammatory Agents,CAT004,Pain Management
MED101650,41163-897,Ibuprofen,Equaline Ibuprofen Childrens,"United Natural Foods, Inc. Dba Unfi",IBUPROFEN,100 mg/5mL,SUSPENSION,ORAL,Anti-Inflammatory Agents,CAT004,Pain Management
MED101713,41415-102,Calcium Carbonate,Publix Extra Strength Assorted Berry,"Publix Super Markets, Inc",CALCIUM CARBONATE,750 mg/1,"TABLET, CHEWABLE",ORAL,UNKNOWN,CAT015,Others
MED101785,0143-9568,Cefuroxime,Cefuroxime,Hikma Pharmaceuticals Usa Inc.,CEFUROXIME SODIUM,750 mg/1,"INJECTION, POWDER, FOR SOLUTION",INTRAMUSCULAR,Cephalosporin Antibacterial [EPC],CAT001,Antibiotics
MED101802,0143-9593,Nicardipine Hydrochloride,Nicardipine Hydrochloride,West-Ward Pharmaceuticals Corp,NICARDIPINE HYDROCHLORIDE,2.5 mg/mL,INJECTION,INTRAVENOUS,Calcium Channel Antagonists [MoA],CAT003,Diabetes
MED101813,42507-344,Nicotine Polacrilex,Nicotine,Hyvee Inc,NICOTINE,2 mg/1,LOZENGE,ORAL,Cholinergic Nicotinic Agonist [EPC],CAT005,Neurology
MED101821,42507-817,Hydrogen Peroxide,Hydrogen Peroxide,"Hy-Vee, Inc.",HYDROGEN PEROXIDE,30 mg/mL,SOLUTION,TOPICAL,UNKNOWN,CAT015,Others
MED101842,42571-189,Tranexamic Acid,Tranexamic Acid,Micro Labs Limited,TRANEXAMIC ACID,100 mg/mL,INJECTION,INTRAVENOUS,Antifibrinolytic Agent [EPC],CAT003,Diabetes
MED101862,42681-0004,Antacid Tablets,Whole Foods Market Health Ultra Strength Natural Antacid Peppermint Flavor,"Whole Foods Market, Inc.",CALCIUM CARBONATE,1000 mg/1,"TABLET, CHEWABLE",ORAL,UNKNOWN,CAT015,Others
MED101880,0008-0100,Inotuzumab Ozogamicin,Besponsa,"Wyeth Pharmaceuticals Llc, A Subsidiary Of Pfizer Inc.",INOTUZUMAB OZOGAMICIN,.25 mg/mL,"INJECTION, POWDER, LYOPHILIZED, FOR SOLUTION",INTRAVENOUS,CD22-directed Antibody Interactions [MoA],CAT010,Allergy
MED101898,42806-362,Doxycycline Hyclate,Doxycycline Hyclate,"Epic Pharma, Llc",DOXYCYCLINE HYCLATE,20 mg/1,TABLET,ORAL,Tetracycline-class Drug [EPC],CAT001,Antibiotics
MED101900,0143-9859,Ceftriaxone,Ceftriaxone,Hikma Pharmaceuticals Usa Inc.,CEFTRIAXONE SODIUM,250 mg/1,"INJECTION, POWDER, FOR SOLUTION",INTRAMUSCULAR,Cephalosporin Antibacterial [EPC],CAT001,Antibiotics
MED101924,42858-930,"Dextroamphetamine Saccharate, Amphetamine Aspartate Monohydrate, Dextroamphetamine Sulfate, And Amphetamine Sulfate","Dextroamphetamine Saccharate, Amphetamine Aspartate Monohydrate, Dextroamphetamine Sulfate, And Amphetamine Sulfate Extended-Release",Rhodes Pharmaceuticals Llc,AMPHETAMINE ASPARTATE MONOHYDRATE,7.5 mg/1,"CAPSULE, EXTENDED RELEASE",ORAL,Central Nervous System Stimulant [EPC],CAT005,Neurology
MED101939,43063-348,Diethylpropion Hydrochloride,Diethylpropion Hydrochloride,"Pd-Rx Pharmaceuticals, Inc.",DIETHYLPROPION HYDROCHLORIDE,25 mg/1,TABLET,ORAL,Appetite Suppression [PE],CAT005,Neurology
MED101956,43063-874,Promethazine Hydrochloride,Promethazine Hydrochloride,"Pd-Rx Pharmaceuticals, Inc.",PROMETHAZINE HYDROCHLORIDE,25 mg/1,TABLET,ORAL,Phenothiazine [EPC],CAT005,Neurology
MED101966,0168-0162,Clobetasol Propionate,Clobetasol Propionate,E. Fougera & Co. A Division Of Fougera Pharmaceuticals Inc.,CLOBETASOL PROPIONATE,.5 mg/g,OINTMENT,TOPICAL,Corticosteroid Hormone Receptor Agonists [MoA],CAT004,Pain Management
MED101979,43116-051,Eyelid Cleansing Spray,Eye Carespray,"Shenzhen Shierjie Biological Engineering Co., Ltd",4-TERPINEOL,.002 U/100mL,SOLUTION,OPHTHALMIC,UNKNOWN,CAT015,Others
MED101986,43319-072,Zinc Oxide,Goongbe Waterful Sunlotion Mild Spf 40,Zero To Seven Inc.,ZINC OXIDE,17.82 g/100g,LOTION,TOPICAL,UNKNOWN,CAT015,Others
MED101994,43353-447,Sertraline Hydrochloride,Sertraline Hydrochloride,"Aphena Pharma Solutions - Tennessee, Llc",SERTRALINE HYDROCHLORIDE,100 mg/1,"TABLET, FILM COATED",ORAL,Cytochrome P450 2D6 Inhibitors [MoA],CAT014,Vitamins & Supplements
MED102025,43406-0707,"Arnica Montana, Calendula Officinalis, Hypericum Perf, Symphytum Off, Bellis Per, Ledum Palustre, Sulphuricum Ac, Calc Fluor, Ferrum Phos, Rhus Tox, Nat Sulphuricum",Injure Gel,"Natural Creations, Inc",ARNICA MONTANA WHOLE,30 [hp_C]/g,GEL,TOPICAL,UNKNOWN,CAT015,Others
MED102034,43473-304,Arnica Montana,Mymedic Arnica Gel,Nantong Health & Beyond Hygienic Products Inc.,ARNICA MONTANA,1 [hp_X]/g,GEL,TOPICAL,UNKNOWN,CAT015,Others
MED102066,43547-558,Ropinirole,Ropinirole,"Solco Healthcare Us, Llc",ROPINIROLE,12 mg/1,"TABLET, EXTENDED RELEASE",ORAL,Dopamine Agonists [MoA],CAT005,Neurology
MED102070,43547-616,Bisoprolol Fumarate,Bisoprolol Fumarate,"Solco Healthcare Us, Llc",BISOPROLOL FUMARATE,5 mg/1,TABLET,ORAL,Adrenergic beta-Antagonists [MoA],CAT003,Diabetes
MED102114,43621-004,Air,Air,"Djb Gas Services, Inc",OXYGEN,210 mL/L,GAS,RESPIRATORY (INHALATION),UNKNOWN,CAT015,Others
MED102136,43742-1986,"Klebsiella Pneumoniae, Enterococcus Faecalis, Pneumococcinum, Streptococcus Agalactiae, Streptococcus Mutans, Haemophilus Influenzae B, Staphylococcus Aureus, Streptococcus Viridans",Stap Combination,"Deseret Biologicals, Inc.",ENTEROCOCCUS FAECALIS,12 [hp_C]/mL,LIQUID,ORAL,UNKNOWN,CAT015,Others
MED102227,44911-0514,"Baptisia Tinctoria, Echinacea (Angustifolia), Phytolacca Decandra, Hydrastis Canadensis, Arsenicum Album, Bryonia (Alba), Eupatorium Perfoliatum, Ferrum Phosphoricum, Gelsemium Sempervirens, Ipecacuanha, Rhus Tox.",Flutone,"Energique, Inc.",ARSENIC TRIOXIDE,12 [hp_X]/mL,LIQUID,ORAL,UNKNOWN,CAT015,Others
MED102250,45802-112,Mupirocin,Mupirocin,Padagis Israel Pharmaceuticals Ltd,MUPIROCIN,20 mg/g,OINTMENT,TOPICAL,RNA Synthetase Inhibitor Antibacterial [EPC],CAT001,Antibiotics
MED102291,46122-777,"Cocoa Butter, Phenylephrine Hcl",Hemorrhoidal,Amerisourcebergen Drug Corporation,COCOA BUTTER,2.39 g/1,SUPPOSITORY,RECTAL,Adrenergic alpha1-Agonists [MoA],CAT003,Diabetes
MED102297,46122-823,Olopatadine Hydrochloride Ophthalmic,Olopatadine Hydrochloride,Amerisourcebergen Drug Corp,OLOPATADINE HYDROCHLORIDE,1 mg/mL,SOLUTION,OPHTHALMIC,Decreased Histamine Release [PE],CAT006,Respiratory
MED102388,47593-563,Ethyl Alcohol,Facilipro,Ecolab Inc.,ALCOHOL,620 mg/mL,SOLUTION,TOPICAL,UNKNOWN,CAT015,Others
MED102409,47682-315,Isopropyl Alcohol,Green Guard Isopropyl Alcohol 70%,Unifirst First Aid Corporation,ISOPROPYL ALCOHOL,70 mL/100mL,SPRAY,TOPICAL,UNKNOWN,CAT015,Others
MED102427,48433-002,Allopurinol,Allopurinol,"Safecor Health, Llc",ALLOPURINOL,100 mg/1,TABLET,ORAL,Xanthine Oxidase Inhibitor [EPC],CAT003,Diabetes
MED102451,48951-1392,Aurum 20X,Aurum 20X,"Uriel Pharmacy, Inc",GOLD,20 [hp_X]/mL,LIQUID,ORAL,Allergens [CS],CAT006,Respiratory
MED102487,0220-0383,Antimony Potassium Tartrate,Antimonium Tartaricum,Boiron,ANTIMONY POTASSIUM TARTRATE,30 [hp_C]/30[hp_C],PELLET,ORAL,UNKNOWN,CAT015,Others
MED102505,49035-915,Omeprazole,Equate Omeprazole Delayed Release Acid Reducer,Wal-Mart Stores Inc,OMEPRAZOLE,20 mg/1,"TABLET, DELAYED RELEASE",ORAL,Cytochrome P450 2C19 Inhibitors [MoA],CAT014,Vitamins & Supplements
MED102520,49348-521,Hydrocortisone,Sunmark Hydrocortisone With Aloe Maximum Strength,Strategic Sourcing Services Llc,HYDROCORTISONE,1 g/100g,CREAM,TOPICAL,Corticosteroid Hormone Receptor Agonists [MoA],CAT004,Pain Management
MED102524,49404-152,"Zinc Oxide, Titanium Dioxide",Dr.Jart Cicapair Tiger Grass Camo Drops,"Have & Be Co., Ltd.",TITANIUM DIOXIDE,19 mg/mL,CREAM,TOPICAL,UNKNOWN,CAT015,Others
MED102563,0220-0544,Arsenic Trisulfide,Arsenicum Sulphuratum Flavum,Boiron,ARSENIC TRISULFIDE,8 [hp_X]/8[hp_X],PELLET,ORAL,UNKNOWN,CAT015,Others
MED102582,49757-010,"Avobenzone 3% , Homosalate 10%,Octisalate 5%",Sunscreen Spf 50,Rocky Mountain,AVOBENZONE,3 g/100g,SPRAY,TOPICAL,UNKNOWN,CAT015,Others
MED102589,49884-006,Sodium Phenylbutyrate,Sodium Phenylbutyrate,"Par Health Usa, Llc",SODIUM PHENYLBUTYRATE,.94 g/g,POWDER,ORAL,Ammonium Ion Binding Activity [MoA],CAT014,Vitamins & Supplements
MED102597,49884-561,Lamotrigine Extended Release,Lamotrigine Extended Release,"Par Health Usa, Llc",LAMOTRIGINE,25 mg/1,TABLET,ORAL,Anti-epileptic Agent [EPC],CAT005,Neurology
MED102639,50066-517,"Dextromethorphan Hbr, Guaifenesin, Phenylephrine Hcl",Tukol Max Action Severe Congestion And Cough,"Genomma Lab Usa, Inc",DEXTROMETHORPHAN HYDROBROMIDE,20 mg/20mL,LIQUID,ORAL,Adrenergic alpha1-Agonists [MoA],CAT003,Diabetes
MED102667,50090-1429,Fluconazole,Fluconazole,A-S Medication Solutions,FLUCONAZOLE,100 mg/1,TABLET,ORAL,Azole Antifungal [EPC],CAT001,Antibiotics
MED102674,50090-1922,Dexamethasone Sodium Phosphate,Dexamethasone Sodium Phosphate,A-S Medication Solutions,DEXAMETHASONE SODIUM PHOSPHATE,4 mg/mL,"INJECTION, SOLUTION",INTRA-ARTICULAR,Corticosteroid Hormone Receptor Agonists [MoA],CAT004,Pain Management
MED102678,50090-2183,Norgestrel And Ethinyl Estradiol,Cryselle,A-S Medication Solutions,UNKNOWN,UNKNOWN,KIT,UNKNOWN,UNKNOWN,CAT015,Others
MED102715,50090-4425,Fluconazole,Fluconazole,A-S Medication Solutions,FLUCONAZOLE,150 mg/1,TABLET,ORAL,Azole Antifungal [EPC],CAT001,Antibiotics
MED102727,50090-4850,Sulfamethoxazole And Trimethoprim,Sulfamethoxazole And Trimethoprim,A-S Medication Solutions,SULFAMETHOXAZOLE,800 mg/1,TABLET,ORAL,Cytochrome P450 2C8 Inhibitors [MoA],CAT014,Vitamins & Supplements
MED102771,50090-6030,Bisoprolol Fumarate And Hydrochlorothiazide,Bisoprolol Fumarate And Hydrochlorothiazide,A-S Medication Solutions,BISOPROLOL FUMARATE,10 mg/1,"TABLET, FILM COATED",ORAL,Adrenergic beta-Antagonists [MoA],CAT003,Diabetes
MED102785,50090-6327,Budesonide And Formoterol Fumarate Dihydrate,Budesonide And Formoterol Fumarate Dihydrate,A-S Medication Solutions,BUDESONIDE,160 ug/1,AEROSOL,RESPIRATORY (INHALATION),Adrenergic beta2-Agonists [MoA],CAT003,Diabetes
MED102787,50090-6337,Quetiapine Fumarate,Quetiapine Fumarate,A-S Medication Solutions,QUETIAPINE FUMARATE,400 mg/1,"TABLET, FILM COATED",ORAL,Atypical Antipsychotic [EPC],CAT005,Neurology
MED102893,50090-7484,Valacyclovir,Valacyclovir,A-S Medication Solutions,VALACYCLOVIR HYDROCHLORIDE,1000 mg/1,TABLET,ORAL,DNA Polymerase Inhibitors [MoA],CAT012,Ophthalmology
MED102908,0220-1183,Carbon Disulfide,Carboneum Sulphuratum,Boiron,CARBON DISULFIDE,6 [hp_C]/6[hp_C],PELLET,ORAL,UNKNOWN,CAT015,Others
MED102921,50090-7705,Furosemide,Furosemide,A-S Medication Solutions,FUROSEMIDE,40 mg/1,TABLET,ORAL,Increased Diuresis at Loop of Henle [PE],CAT003,Diabetes
MED102924,50090-7763,Divalproex Sodium,Divalproex Sodium,A-S Medication Solutions,DIVALPROEX SODIUM,250 mg/1,"TABLET, DELAYED RELEASE",ORAL,Anti-epileptic Agent [EPC],CAT005,Neurology
MED102927,50090-7797,Spironolactone,Spironolactone,A-S Medication Solutions,SPIRONOLACTONE,25 mg/1,"TABLET, COATED",ORAL,Aldosterone Antagonist [EPC],CAT003,Diabetes
MED102942,50090-7937,Levothyroxine Sodium,Levothyroxine Sodium,A-S Medication Solutions,LEVOTHYROXINE SODIUM,200 ug/1,TABLET,ORAL,Thyroxine [CS],CAT009,Oncology
MED102971,50228-342,Olmesartan Medoxomil And Hydrochlorothiazide,Olmesartan Medoxomil And Hydrochlorothiazide,Sciegen Pharmaceuticals Inc,HYDROCHLOROTHIAZIDE,12.5 mg/1,"TABLET, FILM COATED",ORAL,Angiotensin 2 Receptor Antagonists [MoA],CAT003,Diabetes
MED102973,50228-381,Quetiapine,Quetiapine Extended Release,"Sciegen Pharmaceuticals, Inc",QUETIAPINE FUMARATE,150 mg/1,"TABLET, FILM COATED, EXTENDED RELEASE",ORAL,Atypical Antipsychotic [EPC],CAT005,Neurology
MED102984,0220-1311,Quinine Sulfate,Chininum Sulphuricum,Boiron,QUININE SULFATE,30 [hp_C]/30[hp_C],PELLET,ORAL,Antimalarial [EPC],CAT001,Antibiotics
MED102990,50242-245,"Pertuzumab, Trastuzumab, And Hyaluronidase-Zzxf",Phesgo,"Genentech, Inc.",HYALURONIDASE (HUMAN RECOMBINANT),30000 U/15mL,"INJECTION, SOLUTION",SUBCUTANEOUS,Endoglycosidase [EPC],CAT014,Vitamins & Supplements
MED102993,50261-104,Estradiol,Imvexxy,Mayne Pharma Llc,ESTRADIOL,4 ug/1,INSERT,VAGINAL,Estradiol Congeners [CS],CAT009,Oncology
MED103004,50268-217,Dantrolene Sodium,Dantrolene Sodium,Avpak,DANTROLENE SODIUM,25 mg/1,CAPSULE,ORAL,Decreased Striated Muscle Contraction [PE],CAT005,Neurology
MED103069,50580-521,Acetaminophen,Childrens Tylenol,Kenvue Brands Llc,ACETAMINOPHEN,160 mg/1,"TABLET, CHEWABLE",ORAL,UNKNOWN,CAT015,Others
MED103094,50771-201,Duloxetine Hydrochloride,Duloxetine Hydrochloride,"Yaopharma Co., Ltd.",DULOXETINE HYDROCHLORIDE,20 mg/1,"CAPSULE, DELAYED RELEASE PELLETS",ORAL,Norepinephrine Uptake Inhibitors [MoA],CAT005,Neurology
MED103167,51150-736,Octinoxate,Lancome Paris Skin Feels Good Broad Spectrum Spf 23 Sunscreen Hydrating Skin Tint Healthy Glow,Sicos Et Cie,OCTINOXATE,30 mg/mL,LIQUID,TOPICAL,UNKNOWN,CAT015,Others
MED103171,51167-548,Suzetrigine,Journavx,Vertex Pharmaceuticals Incorporated,SUZETRIGINE,50 mg/1,"TABLET, FILM COATED",ORAL,Cytochrome P450 3A Inducers [MoA],CAT014,Vitamins & Supplements
MED103236,51407-026,Methazolamide,Methazolamide,"Golden State Medical Supply, Inc.",METHAZOLAMIDE,25 mg/1,TABLET,ORAL,UNKNOWN,CAT015,Others
MED103276,51407-785,Warfarin Sodium,Warfarin Sodium,"Golden State Medical Supply, Inc.",WARFARIN SODIUM,2 mg/1,TABLET,ORAL,Vitamin K Antagonist [EPC],CAT013,Vaccines & Biologics
MED103278,51407-795,Amitriptyline Hydrochloride,Amitriptyline Hydrochloride,"Golden State Medical Supply, Inc.",AMITRIPTYLINE HYDROCHLORIDE,50 mg/1,"TABLET, FILM COATED",ORAL,Tricyclic Antidepressant [EPC],CAT005,Neurology
MED103288,0019-1323,Ioversol,Optiray 320,Liebel-Flarsheim Company Llc,IOVERSOL,678 mg/mL,INJECTION,INTRA-ARTERIAL,Radiographic Contrast Agent [EPC],CAT014,Vitamins & Supplements
MED103294,51407-976,Mesalamine,Mesalamine,"Golden State Medical Supply, Inc.",MESALAMINE,.375 g/1,"CAPSULE, EXTENDED RELEASE",ORAL,Aminosalicylate [EPC],CAT007,Gastrointestinal
MED103311,51628-4447,Ethyl Alcohol 70%,Ashleybelle Moisturizing Hand Sanitizer Sunflower Haze,My Imports Usa Llc,ALCOHOL,70 mL/100mL,SPRAY,TOPICAL,UNKNOWN,CAT015,Others
MED103376,51662-1265,Sterile Water,Sterile Water,"Hf Acquisition Co Llc, Dba Healthfirst",WATER,1 mL/mL,INJECTION,INTRAMUSCULAR,UNKNOWN,CAT015,Others
MED103379,51662-1307,Adrenalin(R),Adrenalin(R),"Hf Acquisition Co Llc, Dba Healthfirst",EPINEPHRINE,1 mg/mL,INJECTION,INTRAMUSCULAR,Adrenergic alpha-Agonists [MoA],CAT003,Diabetes
MED103438,51672-4237,Deferiprone,Deferiprone,"Sun Pharmaceutical Industries, Inc.",DEFERIPRONE,1000 mg/1,TABLET,ORAL,Iron Chelating Activity [MoA],CAT013,Vaccines & Biologics
MED103488,52083-237,"Dextromethorphan Hydrobromide, Brompheniramine Maleate, Phenylephrine Hydrochloride",Tussi Pres B,Kramer Novis,BROMPHENIRAMINE MALEATE,4 mg/5mL,SYRUP,ORAL,Adrenergic alpha1-Agonists [MoA],CAT003,Diabetes
MED103531,0220-2810,Potassium Carbonate,Kali Carbonicum,Boiron,POTASSIUM CARBONATE,9 [hp_C]/9[hp_C],PELLET,ORAL,UNKNOWN,CAT015,Others
MED103544,52652-4001,Enalapril Maleate,Epaned,"Azurity Pharmaceuticals, Inc.",ENALAPRIL MALEATE,1 mg/mL,SOLUTION,ORAL,Angiotensin Converting Enzyme Inhibitor [EPC],CAT003,Diabetes
MED103547,52654-0002,Dna,Dna,Chi Research Inc,HERRING SPERM DNA,12 [hp_X]/mL,LIQUID,ORAL,UNKNOWN,CAT015,Others
MED103577,53145-403,Methyl Salicylate,Balsamo De Vaca Mascura,Menper Distributors Inc.,METHYL SALICYLATE,10.5 g/100g,OINTMENT,TOPICAL,UNKNOWN,CAT015,Others
MED103578,53145-696,"Acetaminophen, Dextromethorphan Hydrobromide, Guaifenesin And Phenylephrine Hydrochloride",Mucosan Max With Acetaminophen,"Menper Distributors, Inc.",ACETAMINOPHEN,650 mg/20mL,LIQUID,ORAL,Adrenergic alpha1-Agonists [MoA],CAT003,Diabetes
MED103609,53345-015,Docusate Sodium,Docusate Sodium 50 Mg,"Humanwell Puracap Pharmaceutical (Wuhan), Ltd.",DOCUSATE SODIUM,50 mg/1,"CAPSULE, LIQUID FILLED",ORAL,UNKNOWN,CAT015,Others
MED103630,0220-3012,Lachesis Muta Venom,Lachesis Mutus,Boiron,LACHESIS MUTA VENOM,5 [hp_C]/5[hp_C],PELLET,ORAL,UNKNOWN,CAT015,Others
MED103655,53645-2460,Cor (Heart) 30X,Cor (Heart) 30X,"True Botanica, Llc",BEEF HEART,30 [hp_X]/30mL,LIQUID,ORAL,UNKNOWN,CAT015,Others
MED103673,53747-352,Doxazosin Mesylate,Doxazosin Mesylate,"Unichem Laboratories Limited, India",DOXAZOSIN MESYLATE,2 mg/1,TABLET,ORAL,Adrenergic alpha-Antagonists [MoA],CAT003,Diabetes
MED103682,53943-072,"Eucalyptol, Menthol, Methyl Salicylate, Thymol",Antispetic,Discount Drug Mart,EUCALYPTOL,.92 mg/mL,MOUTHWASH,ORAL,UNKNOWN,CAT015,Others
MED103754,54622-712,Benzalkonium Chloride,Pacific Blue Ultra Antimicrobial Pacific Citrus,Georgia-Pacific Consumer Products Lp,BENZALKONIUM CHLORIDE,1.3 mg/mL,SOAP,TOPICAL,UNKNOWN,CAT015,Others
MED103778,54860-475,Alcohol,Smart Care Hand Sanitizer --Squishmallows,"Shenzhen Lantern Scicence Co.,Ltd.",ALCOHOL,70 mL/100mL,SPRAY,TOPICAL,UNKNOWN,CAT015,Others
MED103788,54860-541,Alcohol,Smart Care Hand Sanitizer With Silicone Case 3Pk,"Shenzhen Lantern Scicence Co.,Ltd.",ALCOHOL,70 mL/100mL,SPRAY,TOPICAL,UNKNOWN,CAT015,Others
MED103814,55111-223,Lamotrigine,Lamotrigine,Dr.Reddy'S Laboratories Limited,LAMOTRIGINE,200 mg/1,TABLET,ORAL,Anti-epileptic Agent [EPC],CAT005,Neurology
MED103865,55150-365,Amphotericin B,Amphotericin B,Eugia Us Llc,AMPHOTERICIN B,50 mg/12.5mL,"INJECTION, POWDER, LYOPHILIZED, FOR SOLUTION",INTRAVENOUS,Lipid-based Polyene Antifungal [EPC],CAT001,Antibiotics
MED103907,55154-8179,Sotalol Hydrochloride,Sotalol Hydrochloride,"Cardinal Health 107, Llc",SOTALOL HYDROCHLORIDE,80 mg/1,TABLET,ORAL,Adrenergic beta-Antagonists [MoA],CAT003,Diabetes
MED103913,55289-150,Diclofenac Sodium,Diclofenac Sodium,"Pd-Rx Pharmaceuticals, Inc.",DICLOFENAC SODIUM,75 mg/1,"TABLET, DELAYED RELEASE",ORAL,Anti-Inflammatory Agents,CAT004,Pain Management
MED103916,55289-624,Phentermine Hydrochloride,Phentermine Hydrochloride,"Pd-Rx Pharmaceuticals, Inc.",PHENTERMINE HYDROCHLORIDE,30 mg/1,CAPSULE,ORAL,Appetite Suppression [PE],CAT005,Neurology
MED103929,55301-318,"Eucalyptol, Menthol, Methyl Salicylate, Thymol",Antiseptic,Your Military Exchanges,EUCALYPTOL,.92 mg/mL,MOUTHWASH,ORAL,UNKNOWN,CAT015,Others
MED103948,55319-560,Bismuth Subsalicylate,Stomach Relief,Family Dollar (Family Wellness),BISMUTH SUBSALICYLATE,525 mg/30mL,LIQUID,ORAL,Bismuth [CS],CAT007,Gastrointestinal
MED103960,55319-889,Alcohol,Family Beauty Hydrating Hand Sanitizer Watermelon Scented,"Family Dollar Stores, Inc.",ALCOHOL,70 mL/100mL,SPRAY,TOPICAL,UNKNOWN,CAT015,Others
MED104001,55700-174,Oxycodone Hydrochloride,Oxycodone Hydrochloride,Quality Care Products Llc,OXYCODONE HYDROCHLORIDE,15 mg/1,TABLET,ORAL,Full Opioid Agonists [MoA],CAT004,Pain Management
MED104025,55714-4763,"Agnus, Allium Sativum, Ambra, Angelica Sinensis Radix, Aralia Quinquefolia, Arnica, Arsenicum Alb., Avena, Baptisia, Baryta Carb., Bryonia, Cantharis, Lachesis, Lycopodium, Nux Vom., Phosphoricum Ac., Pulsatilla, Ruta, Sabal, Selenium, Zinc. Met., Ginkgo",Prime Of Life,"Newton Laboratories, Inc.",AMBERGRIS,15 [hp_X]/mL,LIQUID,ORAL,Allergens [CS],CAT006,Respiratory
MED104065,55910-378,"Dextromethorphan Hbr, Phenylephrine Hcl",Triacting Daytime Cold Cough Childrens,"Dolgencorp, Inc. (Dollar General & Rexall)",DEXTROMETHORPHAN HYDROBROMIDE,5 mg/5mL,SYRUP,ORAL,Adrenergic alpha1-Agonists [MoA],CAT003,Diabetes
MED104125,56153-001,Sodium Monofluorophosphate,Colgate Anticavity Kit,Ming Fai Industrial (Shenzhen) Co. Ltd,SODIUM MONOFLUOROPHOSPHATE,7.6 mg/g,"PASTE, DENTIFRICE",DENTAL,UNKNOWN,CAT015,Others
MED104166,57337-175,Aluminum Chlorohydrate,Dry Chivalry 3.5Oz,Rejoice International Corp.,ALUMINUM CHLOROHYDRATE,24.5 g/100g,SPRAY,TOPICAL,UNKNOWN,CAT015,Others
MED104241,58118-1464,Pregabalin,Pregabalin,"Clinical Solutions Wholesale, Llc",PREGABALIN,75 mg/1,CAPSULE,ORAL,UNKNOWN,CAT015,Others
MED104259,58228-6244,First Aid Burn Cream,First Aid Burn Cream,Front Line Safety,BENZALKONIUM CHLORIDE,13 mg/10000mg,CREAM,TOPICAL,Amide Local Anesthetic [EPC],CAT004,Pain Management
MED104325,0220-4834,Sulfur Iodide,Sulphur Iodatum,Boiron,SULFUR IODIDE,9 [hp_C]/9[hp_C],PELLET,ORAL,UNKNOWN,CAT015,Others
MED104326,58411-682,"Octinoxate, Octocrylene, And Titanium Dioxide",Shiseido Synchro Skin Self-Refreshing Tint 425 Tan Ume,Shiseido Americas Corporation,OCTINOXATE,2010 mg/30mL,EMULSION,TOPICAL,UNKNOWN,CAT015,Others
MED104327,0220-4835,Sulfur Iodide,Sulphur Iodatum,Boiron,SULFUR IODIDE,12 [hp_C]/12[hp_C],PELLET,ORAL,UNKNOWN,CAT015,Others
MED104348,58468-0347,Fitusiran,Qfitlia,Genzyme Corporation,FITUSIRAN,20 mg/.2mL,"INJECTION, SOLUTION",SUBCUTANEOUS,Antithrombin-directed RNA Interaction [EPC],CAT003,Diabetes
MED104362,58602-604,Diclofenac Sodium,Diclofenac Sodium,Aurohealth Llc,DICLOFENAC SODIUM,10 mg/g,GEL,TOPICAL,Anti-Inflammatory Agents,CAT004,Pain Management
MED104368,58602-776,Acetaminophen,Acetaminophen Extra Strength,Aurohealth Llc,ACETAMINOPHEN,500 mg/1,TABLET,ORAL,UNKNOWN,CAT015,Others
MED104407,59050-658,Povidone-Iodine,Povidone-Iodine Prep Sterile,"Changzhou Maokang Medical Products Co., Ltd",POVIDONE-IODINE,100 mg/g,SPONGE,TOPICAL,UNKNOWN,CAT015,Others
MED104416,59088-371,Lidocaine Hydrochloride,Dermacinrx Lidotral,Puretek Corporation,LIDOCAINE HYDROCHLORIDE,38.8 mg/g,CREAM,TOPICAL,Amide Local Anesthetic [EPC],CAT004,Pain Management
MED104418,59088-443,Tolnaftate,Mycozyl Al,Puretek Corporation,TOLNAFTATE,.3 g/30mL,LIQUID,TOPICAL,UNKNOWN,CAT015,Others
MED104463,59572-810,Ozanimod Hydrochloride,Zeposia 7-Day Starter Pack,Celgene Corporation,UNKNOWN,UNKNOWN,KIT,UNKNOWN,UNKNOWN,CAT015,Others
MED104482,59651-248,Midodrine Hydrochloride,Midodrine Hydrochloride,Aurobindo Pharma Limited,MIDODRINE HYDROCHLORIDE,10 mg/1,TABLET,ORAL,Adrenergic alpha-Agonists [MoA],CAT003,Diabetes
MED104484,59651-277,Propafenone Hydrochloride,Propafenone Hydrochloride,Aurobindo Pharma Limited,PROPAFENONE HYDROCHLORIDE,325 mg/1,"CAPSULE, EXTENDED RELEASE",ORAL,Antiarrhythmic [EPC],CAT003,Diabetes
MED104485,59651-307,Chlorzoxazone,Chlorzoxazone,Aurobindo Pharma Limited,CHLORZOXAZONE,750 mg/1,TABLET,ORAL,Centrally-mediated Muscle Relaxation [PE],CAT005,Neurology
MED104489,59651-346,Lenalidomide,Lenalidomide,Aurobindo Pharma Limited,LENALIDOMIDE,20 mg/1,CAPSULE,ORAL,Thalidomide Analog [EPC],CAT012,Ophthalmology
MED104512,59651-724,Clonazepam,Clonazepam,Aurobindo Pharma Limited,CLONAZEPAM,2 mg/1,TABLET,ORAL,Benzodiazepine [EPC],CAT005,Neurology
MED104536,59735-219,Brightening Skin Tint,Tula Radiant Skin Brightening Serum Skin Tint Sunscreen Broad Spectrum Spf 30,"Pml Nyc, Llc",AVOBENZONE,3 g/30mL,LOTION,TOPICAL,UNKNOWN,CAT015,Others
MED104568,59779-313,Ibuprofen,Ibuprofen,Cvs Pharmacy,IBUPROFEN,50 mg/1.25mL,SUSPENSION/ DROPS,ORAL,Anti-Inflammatory Agents,CAT004,Pain Management
MED104570,59779-374,"Acetaminophen, Aspirin, Caffeine",Migraine Relief,Cvs Pharmacy,ACETAMINOPHEN,250 mg/1,"TABLET, FILM COATED",ORAL,Anti-Inflammatory Agents,CAT004,Pain Management
MED104579,59779-709,Dextromethorphan Polistirex,Cough Dm,Cvs Pharmacy,DEXTROMETHORPHAN HYDROBROMIDE,30 mg/5mL,"SUSPENSION, EXTENDED RELEASE",ORAL,Sigma-1 Agonist [EPC],CAT005,Neurology
MED104590,59898-902,"Benzalkonium Chloride, Lidocaine Hydrochloride",First Aid Burn,Water-Jel Technologies,BENZALKONIUM CHLORIDE,.13 g/100g,CREAM,TOPICAL,Amide Local Anesthetic [EPC],CAT004,Pain Management
MED104604,60219-1720,Etravirine,Etravirine,Amneal Pharmaceuticals Ny Llc,ETRAVIRINE,25 mg/1,TABLET,ORAL,Cytochrome P450 2C19 Inhibitors [MoA],CAT014,Vitamins & Supplements
MED104642,60505-2832,Atomoxetine Hydrochloride,Atomoxetine Hydrochloride,Apotex Corp.,ATOMOXETINE HYDROCHLORIDE,25 mg/1,CAPSULE,ORAL,Norepinephrine Reuptake Inhibitor [EPC],CAT005,Neurology
MED104659,60505-4661,Eslicarbazepine Acetate,Eslicarbazepine Acetate,Apotex Corp.,ESLICARBAZEPINE ACETATE,800 mg/1,TABLET,ORAL,Cytochrome P450 2C19 Inhibitors [MoA],CAT014,Vitamins & Supplements
MED104685,60687-249,Levetiracetam,Levetiracetam,American Health Packaging,LEVETIRACETAM,100 mg/mL,SOLUTION,ORAL,Decreased Central Nervous System Disorganized Electrical Activity [PE],CAT005,Neurology
MED104740,60717-648,Aluminum Zirconium Trichlorohydrex Gly 20%,Emj Antiperspirant Mountain Air 2.6 Oz (73 G),Rna Pharma Llc,ALUMINUM ZIRCONIUM TRICHLOROHYDREX GLY,.2 g/g,STICK,TOPICAL,UNKNOWN,CAT015,Others
MED104755,60760-644,Naproxen,Naproxen,St. Mary'S Medical Park Pharmacy,NAPROXEN,375 mg/1,TABLET,ORAL,Anti-Inflammatory Agents,CAT004,Pain Management
MED104756,60760-722,Allopurinol,Allopurinol,St. Mary'S Medical Park Pharmacy,ALLOPURINOL,300 mg/1,TABLET,ORAL,Xanthine Oxidase Inhibitor [EPC],CAT003,Diabetes
MED104761,60760-766,Cyclobenzaprine Hydrochloride,Cyclobenzaprine Hydrochloride,St. Mary'S Medical Park Pharmacy,CYCLOBENZAPRINE HYDROCHLORIDE,5 mg/1,"TABLET, FILM COATED",ORAL,Centrally-mediated Muscle Relaxation [PE],CAT005,Neurology
MED104776,60771-0012,Minoxidil,Lilivera Hair Regrowth Kit,"Guangzhou Haishi Biological Technology Co., Ltd.",MINOXIDIL,5 g/100mL,LIQUID,TOPICAL,Arteriolar Vasodilation [PE],CAT003,Diabetes
MED104814,61197-313,Pacifica Ultra Cc Cream Radiant Foundation Spf 30 Warm/Tan,Zinc Oxide,"Pacifica Beauty, Llc",ZINC OXIDE,20 mg/100mL,CREAM,TOPICAL,UNKNOWN,CAT015,Others
MED104821,0245-0825,Everolimus,Torpenz,"Upsher-Smith Laboratories, Llc",EVEROLIMUS,10 mg/1,TABLET,ORAL,Cytochrome P450 2D6 Inhibitors [MoA],CAT014,Vitamins & Supplements
MED104825,61314-645,"Neomycin Sulfate, Polymyxin B Sulfate And Hydrocortisone",Neomycin And Polymyxin B Sulfates And Hydrocortisone,Sandoz Inc.,HYDROCORTISONE,10 mg/mL,SUSPENSION,AURICULAR (OTIC),Aminoglycoside Antibacterial [EPC],CAT001,Antibiotics
MED104853,61649-094,Zinc Oxide,Attitude Sunly Mineral Sunscreen Face Stick Unscented Spf 30,9055-7588 Quebec Inc. Dba Attitude,ZINC OXIDE,20 g/100g,STICK,TOPICAL,UNKNOWN,CAT015,Others
MED104877,61919-353,Nortriptyline Hydrochloride,Nortriptyline Hydrochloride,Direct Rx,NORTRIPTYLINE HYDROCHLORIDE,50 mg/1,CAPSULE,ORAL,Tricyclic Antidepressant [EPC],CAT005,Neurology
MED104905,0264-5009,Levetiracetam,Levetiracetam,B. Braun Medical Inc.,LEVETIRACETAM,5 mg/mL,INJECTION,INTRAVENOUS,Decreased Central Nervous System Disorganized Electrical Activity [PE],CAT005,Neurology
MED104938,0264-7638,"Dextrose, Sodium Chloride, And Potassium Chloride",Potassium Chloride In Dextrose And Sodium Chloride,B. Braun Medical Inc.,"DEXTROSE, UNSPECIFIED FORM",5 g/100mL,INJECTION,INTRAVENOUS,Increased Large Intestinal Motility [PE],CAT007,Gastrointestinal
MED104953,62135-010,Amantadine Hydrochloride,Amantadine Hydrochloride,"Chartwell Rx, Llc",AMANTADINE HYDROCHLORIDE,50 mg/5mL,SOLUTION,ORAL,Influenza A M2 Protein Inhibitor [EPC],CAT001,Antibiotics
MED105037,62175-106,Isosorbide Mononitrate,Isosorbide Mononitrate,"Lannett Company, Inc.",ISOSORBIDE MONONITRATE,10 mg/1,TABLET,ORAL,Nitrate Vasodilator [EPC],CAT003,Diabetes
MED105086,62332-511,Bimatoprost,Bimatoprost,Alembic Pharmaceuticals Inc.,BIMATOPROST,.3 mg/mL,SOLUTION/ DROPS,OPHTHALMIC,Prostaglandin Analog [EPC],CAT004,Pain Management
MED105110,62332-817,Diltiazem Hydrochloride,Diltiazem Hydrochloride,Alembic Pharmaceuticals Inc.,DILTIAZEM HYDROCHLORIDE,240 mg/1,"CAPSULE, EXTENDED RELEASE",ORAL,Calcium Channel Antagonists [MoA],CAT003,Diabetes
MED105113,62371-1234,Oxygen,Oxygen,"Dick'S Home Care, Inc Dba Dick'S Homecare, Inc.",OXYGEN,99 L/100L,GAS,RESPIRATORY (INHALATION),UNKNOWN,CAT015,Others
MED105149,62670-6727,Alcohol,Anti Bacterial Hand Gel Frozen Lake,"Bath & Body Works, Inc.",ALCOHOL,71 mL/100mL,GEL,TOPICAL,UNKNOWN,CAT015,Others
MED105188,62742-4236,Zinc Oxide,Clearly Zinq Mineral Gel Sunscreen Bs Spf 60,Allure Labs,ZINC OXIDE,24 g/100g,GEL,TOPICAL,UNKNOWN,CAT015,Others
MED105200,62756-240,Ondansetron,Ondansetron,"Sun Pharmaceutical Industries, Inc.",ONDANSETRON,4 mg/1,"TABLET, ORALLY DISINTEGRATING",ORAL,Serotonin 3 Receptor Antagonists [MoA],CAT005,Neurology
MED105206,62756-710,Topiramate,Topiramate,"Sun Pharmaceutical Industries, Inc.",TOPIRAMATE,50 mg/1,"TABLET, FILM COATED",ORAL,Cytochrome P450 2C19 Inhibitors [MoA],CAT014,Vitamins & Supplements
MED105229,63039-1006,Benzalkonium Chloride,Ab 3000,Chemco,BENZALKONIUM CHLORIDE,.13 kg/100kg,LIQUID,TOPICAL,UNKNOWN,CAT015,Others
MED105231,63083-1502,Acetylcholine Chloride,Acetylcholine Chloride 1502,Professional Complementary Health Formulas,ACETYLCHOLINE CHLORIDE,9 [hp_X]/29.5mL,LIQUID,ORAL,Cholinergic Agonists [MoA],CAT005,Neurology
MED105249,63083-2102,Liver Formula,Liver Formula 2102,Professional Complementary Health Formulas,AKEBIA STEM,1 [hp_X]/59mL,LIQUID,ORAL,UNKNOWN,CAT015,Others
MED105291,63090-663,Trofinetide,Daybue Stix,Acadia Pharmaceuticals Inc.,TROFINETIDE,5000 mg/1,FOR SOLUTION,ORAL,Cytochrome P450 3A4 Inhibitors [MoA],CAT014,Vitamins & Supplements
MED105317,63187-264,Risperidone,Risperidone,Proficient Rx Lp,RISPERIDONE,1 mg/1,TABLET,ORAL,Atypical Antipsychotic [EPC],CAT005,Neurology
MED105338,63187-553,Hydrochlorothiazide,Hydrochlorothiazide,Proficient Rx Lp,HYDROCHLOROTHIAZIDE,12.5 mg/1,TABLET,ORAL,Increased Diuresis [PE],CAT003,Diabetes
MED105362,63187-928,Benzonatate,Benzonatate,Proficient Rx Lp,BENZONATATE,100 mg/1,CAPSULE,ORAL,Decreased Tracheobronchial Stretch Receptor Activity [PE],CAT006,Respiratory
MED105363,63187-933,"Butalbital, Acetaminophen, And Caffeine","Butalbital, Acetaminophen, And Caffeine",Proficient Rx Lp,ACETAMINOPHEN,325 mg/1,TABLET,ORAL,Barbiturate [EPC],CAT005,Neurology
MED105374,63304-104,Droxidopa,Droxidopa,"Sun Pharmaceutical Industries, Inc.",DROXIDOPA,200 ug/1,CAPSULE,ORAL,Catecholamines [CS],CAT005,Neurology
MED105377,63304-352,Lubiprostone,Lubiprostone,"Sun Pharmaceutical Industries, Inc.",LUBIPROSTONE,24 ug/1,"CAPSULE, GELATIN COATED",ORAL,Chloride Channel Activator [EPC],CAT006,Respiratory
MED105456,63354-841,"Avobenzone, Homosalate, Octisalate, Octocrylene",Banana Boat,Edgewell Personal Care Brands Llc,AVOBENZONE,3 g/100g,"AEROSOL, SPRAY",TOPICAL,UNKNOWN,CAT015,Others
MED105479,63545-049,Apis Mellifica,Apis Mellifica,"Hahnemann Laboratories, Inc",APIS MELLIFERA,6 [hp_C]/1,PELLET,ORAL,Allergens [CS],CAT006,Respiratory
MED105608,0280-0151,"Chlorpheniramine Maleate, Acetaminophen, Dextromethorphan Hydrobromide",Alka-Seltzer Plus Cold And Flu Fizzychews,Bayer Healthcare Llc.,ACETAMINOPHEN,162.5 mg/1,"TABLET, CHEWABLE",ORAL,Histamine H1 Receptor Antagonists [MoA],CAT006,Respiratory
MED105630,63629-2612,Medroxyprogesterone Acetate,Medroxyprogesterone Acetate,Bryant Ranch Prepack,MEDROXYPROGESTERONE ACETATE,10 mg/1,TABLET,ORAL,Progesterone Congeners [CS],CAT009,Oncology
MED105632,63629-3408,Simvastatin,Simvastatin,Bryant Ranch Prepack,SIMVASTATIN,80 mg/1,"TABLET, FILM COATED",ORAL,HMG-CoA Reductase Inhibitor [EPC],CAT003,Diabetes
MED105684,63629-8995,Methocarbamol,Methocarbamol,Bryant Ranch Prepack,METHOCARBAMOL,750 mg/1,TABLET,ORAL,Centrally-mediated Muscle Relaxation [PE],CAT005,Neurology
MED105694,63629-9420,Magnesium Oxide,Magnesium Oxide,Bryant Ranch Prepack,MAGNESIUM OXIDE,400 mg/1,TABLET,ORAL,Calculi Dissolution Agent [EPC],CAT007,Gastrointestinal
MED105695,63629-9433,Minoxidil,Minoxidil,Bryant Ranch Prepack,MINOXIDIL,2.5 mg/1,TABLET,ORAL,Arteriolar Vasodilation [PE],CAT003,Diabetes
MED105724,63824-518,"Acetaminophen, Dextromethorphan Hydrobromide, Guaifenesin, And Phenylephrine Hydrochloride",Maximum Strength Mucinex Fast-Max Cold And Flu,Reckitt Benckiser Llc,ACETAMINOPHEN,325 mg/1,"CAPSULE, LIQUID FILLED",ORAL,Adrenergic alpha1-Agonists [MoA],CAT003,Diabetes
MED105735,63868-241,"Brompheniramine Maleate, Phenylephrine Hcl",Dibromm Cold And Allergy Childrens,Quality Choice (Chain Drug Marketing Association),BROMPHENIRAMINE MALEATE,2 mg/10mL,LIQUID,ORAL,Adrenergic alpha1-Agonists [MoA],CAT003,Diabetes
MED105739,63868-559,Loperamide Hcl,Anti Diarrheal,Chain Drug Marketing Association Inc,LOPERAMIDE HYDROCHLORIDE,2 mg/1,TABLET,ORAL,Opioid Agonist [EPC],CAT004,Pain Management
MED105767,63941-513,Psyllium Husk,Best Choice Fiber Therapy Orange Flavor,Best Choice (Valu Merchandisers Company),PSYLLIUM HUSK,3.4 g/12g,POWDER,ORAL,UNKNOWN,CAT015,Others
MED105786,64321-123,Hand Sanitizing Towelettes,Little Buddy In A Little Tubby,Continental Research Corp,BENZALKONIUM CHLORIDE,.12 mg/100mL,CLOTH,TOPICAL,UNKNOWN,CAT015,Others
MED105801,64380-743,Buspirone Hydrochloride,Buspirone Hydrochloride,Strides Pharma Science Limited,BUSPIRONE HYDROCHLORIDE,15 mg/1,TABLET,ORAL,UNKNOWN,CAT015,Others
MED105829,64616-095,Lymph System Booster,L-Trans,"Vitality Works, Inc.",ARNICA MONTANA,8 [hp_X]/mL,LIQUID,ORAL,Allergens [CS],CAT006,Respiratory
MED105832,64651-7749,"Octinoxate, Octisalate, Titanium Dioxide, Zinc Oxide",Intellishade Original Spf 45,"Revision, Llc",OCTINOXATE,7.5 g/100g,CREAM,TOPICAL,UNKNOWN,CAT015,Others
MED105868,64942-1838,Beloved Catcus Flower And Basil Hand Sanitizer,Love Beauty And Planet,Conopco Inc. D/B/A/ Unilever,ALCOHOL,700 mg/mL,GEL,TOPICAL,UNKNOWN,CAT015,Others
MED105888,64942-2122,Essence Black Pepper And Cedarwood Scent 48H Fresh And Dry Antiperspirant,Axe,Conopco Inc. D/B/A/ Unilever,ALUMINUM ZIRCONIUM TETRACHLOROHYDREX GLY,19 g/100g,STICK,TOPICAL,UNKNOWN,CAT015,Others
MED105901,64942-2238,Advanced Sport Defense Dry Spray 72H Antiperspirant Deodorant,Degree,"Conopco, Inc. D/B/A Unilever",ALUMINUM SESQUICHLOROHYDRATE,17.6 g/100g,"AEROSOL, SPRAY",TOPICAL,UNKNOWN,CAT015,Others
MED105920,64942-2355,Nourished And Radiant Acne Treatment Serum With 2% Salicylic Acid,Shea Moisture,Conopco D/B/A/ Unilever,SALICYLIC ACID,2 g/100mL,SOLUTION/ DROPS,TOPICAL,UNKNOWN,CAT015,Others
MED105937,64950-354,Oxycodone Hydrochloride,Oxycodone Hydrochloride,Genus Lifesciences Inc.,OXYCODONE HYDROCHLORIDE,5 mg/5mL,SOLUTION,ORAL,Full Opioid Agonists [MoA],CAT004,Pain Management
MED106029,65162-554,Demeclocycline,Demeclocycline Hydrochloride,Amneal Pharmaceuticals Llc,DEMECLOCYCLINE HYDROCHLORIDE,150 mg/1,TABLET,ORAL,Tetracycline-class Antimicrobial [EPC],CAT001,Antibiotics
MED106091,65692-0553,Vanilla Mint Spf 15 Broad Spectrum Lip Moisturizer,Vanilla Mint Broad Spectrum Spf 15 Lip Moisturizer,"Raining Rose, Inc",AVOBENZONE,.09 g/4.25g,STICK,TOPICAL,UNKNOWN,CAT015,Others
MED106128,65862-143,Carvedilol,Carvedilol,Aurobindo Pharma Limited,CARVEDILOL,6.25 mg/1,"TABLET, FILM COATED",ORAL,Adrenergic alpha-Antagonists [MoA],CAT003,Diabetes
MED106139,65862-405,Venlafaxine Hydrochloride,Venlafaxine,Aurobindo Pharma Limited,VENLAFAXINE HYDROCHLORIDE,37.5 mg/1,TABLET,ORAL,Norepinephrine Uptake Inhibitors [MoA],CAT005,Neurology
MED106169,65862-908,Celecoxib,Celecoxib,Aurobindo Pharma Limited,CELECOXIB,100 mg/1,CAPSULE,ORAL,Anti-Inflammatory Agents,CAT004,Pain Management
MED106182,65923-831,Benzalkonium Chloride,Coralite Antibacterial Moist,United Exchange Corp.,BENZALKONIUM CHLORIDE,.115 g/1,SOLUTION,TOPICAL,UNKNOWN,CAT015,Others
MED106226,66302-670,Treprostinil,Tyvaso Dpi,United Therapeutics Corporation,UNKNOWN,UNKNOWN,KIT,UNKNOWN,UNKNOWN,CAT015,Others
MED106245,66715-6315,"Acetaminophen, Phenylephrine, Dextromethorphan Hbr, Guaifenesin Tablet, Film Coated","Daytime Cold And Flu Severe, Caseys 4Good","Lil' Drug Store Products, Inc.",ACETAMINOPHEN,325 mg/1,"TABLET, FILM COATED",ORAL,Adrenergic alpha1-Agonists [MoA],CAT003,Diabetes
MED106372,67091-118,Dimenhydrinate,Motion Sickness Relief,"Winco Foods, Llc",DIMENHYDRINATE,50 mg/1,TABLET,ORAL,Histamine H1 Receptor Antagonists [MoA],CAT006,Respiratory
MED106394,67184-0562,Olanzapine,Olanzapine,"Qilu Pharmaceutical Co., Ltd.",OLANZAPINE,5 mg/1,TABLET,ORAL,Atypical Antipsychotic [EPC],CAT005,Neurology
MED106470,67684-2000,Gadoterate Meglumine,Dotarem,Guerbet Llc,GADOTERATE MEGLUMINE,376.9 mg/mL,INJECTION,INTRAVENOUS,Gadolinium-based Contrast Agent [EPC],CAT014,Vitamins & Supplements
MED106478,67777-144,Cold Therapy Gel,X-Treme Freeze,Dynarex Corporation,MENTHOL,4 g/100mL,GEL,TOPICAL,UNKNOWN,CAT015,Others
MED106501,67877-463,Pregabalin,Pregabalin,"Ascend Laboratories, Llc",PREGABALIN,50 mg/1,CAPSULE,ORAL,UNKNOWN,CAT015,Others
MED106512,67877-708,Sacubitril And Valsartan,Sacubitril And Valsartan,"Ascend Laboratories, Llc",SACUBITRIL,49 mg/1,"TABLET, FILM COATED",ORAL,Angiotensin 2 Receptor Antagonists [MoA],CAT003,Diabetes
MED106514,67877-732,Lacosamide Oral Solution,Lacosamide Oral Solution,"Ascend Laboratories, Llc",LACOSAMIDE,10 mg/mL,SOLUTION,ORAL,Decreased Central Nervous System Disorganized Electrical Activity [PE],CAT005,Neurology
MED106529,68001-162,Promethazine Hydrochloride,Promethazine Hydrochloride,Bluepoint Laboratories,PROMETHAZINE HYDROCHLORIDE,25 mg/1,TABLET,ORAL,Phenothiazine [EPC],CAT005,Neurology
MED106545,68001-452,Ziprasidone Hydrochloride,Ziprasidone Hydrochloride,Bluepoint Laboratories,ZIPRASIDONE HYDROCHLORIDE,60 mg/1,CAPSULE,ORAL,Atypical Antipsychotic [EPC],CAT005,Neurology
MED106546,68001-459,Enoxaparin Sodium,Enoxaparin Sodium,Bluepoint Laboratories,ENOXAPARIN SODIUM,100 mg/mL,INJECTION,SUBCUTANEOUS,Heparin,CAT003,Diabetes
MED106567,68001-636,Enoxaparin Sodium,Enoxaparin Sodium,Bluepoint Laboratories,ENOXAPARIN SODIUM,100 mg/mL,INJECTION,SUBCUTANEOUS,Heparin,CAT003,Diabetes
MED106591,68016-528,"Mineral Oil, Petrolatum, Phenylephrine Hci",Hemorrhoidalointment,"Pharmacy Value Alliance, Llc",MINERAL OIL,14 g/100g,OINTMENT,TOPICAL,Adrenergic alpha1-Agonists [MoA],CAT003,Diabetes
MED106635,68071-3352,Diphenhydramine Hcl,Diphenhydramine Hcl,"Nucare Pharmaceuticals, Inc.",DIPHENHYDRAMINE HYDROCHLORIDE,25 mg/1,CAPSULE,ORAL,Histamine H1 Receptor Antagonists [MoA],CAT006,Respiratory
MED106637,0363-0830,Salicylic Acid,Well At Walgreens Blemish And Blackhead Control Apricot,Walgreen Company,SALICYLIC ACID,.02 g/g,LIQUID,TOPICAL,UNKNOWN,CAT015,Others
MED106645,68071-3558,Citalopram,Citalopram,"Nucare Pharmaceuticals,Inc.",CITALOPRAM HYDROBROMIDE,40 mg/1,"TABLET, FILM COATED",ORAL,Serotonin Reuptake Inhibitor [EPC],CAT005,Neurology
MED106692,68071-3927,Bupropion Hydrochloride,Bupropion Hydrochloride (Xl),"Nucare Pharmaceuticals, Inc.",BUPROPION HYDROCHLORIDE,150 mg/1,"TABLET, FILM COATED, EXTENDED RELEASE",ORAL,Aminoketone [EPC],CAT005,Neurology
MED106707,68071-4272,Doxazosin,Doxazosin,"Nucare Pharmaceuticals,Inc.",DOXAZOSIN MESYLATE,1 mg/1,TABLET,ORAL,Adrenergic alpha-Antagonists [MoA],CAT003,Diabetes
MED106762,68071-5271,Febuxostat,Febuxostat,"Nucare Pharmaceuticals,Inc.",FEBUXOSTAT,40 mg/1,"TABLET, FILM COATED",ORAL,Xanthine Oxidase Inhibitor [EPC],CAT003,Diabetes
MED106792,0363-1219,Cetirizine Hcl,24 Hour Allergy,Walgreens,CETIRIZINE HYDROCHLORIDE,10 mg/1,CAPSULE,ORAL,Histamine H1 Receptor Antagonists [MoA],CAT006,Respiratory
MED106793,68083-592,Eribulin Mesylate,Eribulin Mesylate,Gland Pharma Limited,ERIBULIN MESYLATE,.5 mg/mL,INJECTION,INTRAVENOUS,Microtubule Inhibition [PE],CAT012,Ophthalmology
MED106797,68083-648,Acetaminophen,Acetaminophen,Gland Pharma Limited,ACETAMINOPHEN,10 mg/mL,"INJECTION, SOLUTION",INTRAVENOUS,UNKNOWN,CAT015,Others
MED106814,68084-805,Methylphenidate Hydrochloride,Methylphenidate Hydrochloride,American Health Packaging,METHYLPHENIDATE HYDROCHLORIDE,5 mg/1,TABLET,ORAL,Central Nervous System Stimulant [EPC],CAT005,Neurology
MED106848,68180-242,Levofloxacin,Levofloxacin,"Lupin Pharmaceuticals, Inc.",LEVOFLOXACIN,750 mg/1,"TABLET, FILM COATED",ORAL,UNKNOWN,CAT015,Others
MED106860,68180-612,Quetiapine,Quetiapine,"Lupin Pharmaceuticals, Inc.",QUETIAPINE FUMARATE,50 mg/1,"TABLET, FILM COATED, EXTENDED RELEASE",ORAL,Atypical Antipsychotic [EPC],CAT005,Neurology
MED106873,68196-029,Nicotine Polacrilex,Members Mark Nicotine,Sam'S West Inc,NICOTINE,2 mg/1,"GUM, CHEWING",ORAL,Cholinergic Nicotinic Agonist [EPC],CAT005,Neurology
MED106881,68196-898,Esomeprazole,Members Mark Esomeprazole Magnesium,Sam'S West Inc,ESOMEPRAZOLE,20 mg/1,"CAPSULE, DELAYED RELEASE",ORAL,Cytochrome P450 2C19 Inhibitors [MoA],CAT014,Vitamins & Supplements
MED106887,68229-408,Lidocaine Hydrochloride And Benzalkonium Chloride,Alocane Max,Quest Products Llc,BENZALKONIUM CHLORIDE,.13 g/100mL,SPRAY,TOPICAL,Amide Local Anesthetic [EPC],CAT004,Pain Management
MED106890,68308-751,Estradiol And Progesterone,Bijuva,Mayne Pharma,ESTRADIOL,.5 mg/1,CAPSULE,ORAL,Estradiol Congeners [CS],CAT009,Oncology
MED106896,68382-101,Venlafaxine,Venlafaxine,Zydus Pharmaceuticals Usa Inc.,VENLAFAXINE HYDROCHLORIDE,100 mg/1,TABLET,ORAL,Norepinephrine Uptake Inhibitors [MoA],CAT005,Neurology
MED106907,0363-2012,Diphenhydramine Hcl,Walgreens Dye Free Chidrens Allergy Chews,Walgreens Co.,DIPHENHYDRAMINE HYDROCHLORIDE,12.5 mg/1,"TABLET, CHEWABLE",ORAL,Histamine H1 Receptor Antagonists [MoA],CAT006,Respiratory
MED106914,68382-720,Budesonide,Budesonide,Zydus Pharmaceuticals Usa Inc.,BUDESONIDE,3 mg/1,"CAPSULE, COATED PELLETS",ORAL,Corticosteroid Hormone Receptor Agonists [MoA],CAT004,Pain Management
MED106925,68391-186,Diphenhydramine Hcl,Berkley And Jensen Sleep Aid,Bjwc,DIPHENHYDRAMINE HYDROCHLORIDE,50 mg/30mL,SOLUTION,ORAL,Histamine H1 Receptor Antagonists [MoA],CAT006,Respiratory
MED106929,68391-915,Omeprazole,Berkley And Jensen Omeprazole,Bjwc,OMEPRAZOLE,20 mg/1,"TABLET, DELAYED RELEASE",ORAL,Cytochrome P450 2C19 Inhibitors [MoA],CAT014,Vitamins & Supplements
MED106968,68462-652,"Dextroamphetamine Saccharate, Amphetamine Aspartate, Dextroamphetamine Sulfate, Amphetamine Sulfate","Dextroamphetamine Saccharate, Amphetamine Aspartate, Dextroamphetamine Sulfate, Amphetamine Sulfate","Glenmark Pharmaceuticals Inc., Usa",AMPHETAMINE DL-ASPARTATE,5 mg/1,TABLET,ORAL,Central Nervous System Stimulant [EPC],CAT005,Neurology
MED106987,68534-001,Ethyl Alcohol,Mrs. Meyers Hand Sanitizer Lavender Scent,"Metropolitangraphic Arts, Inc.",ALCOHOL,62 mL/100mL,LIQUID,TOPICAL,UNKNOWN,CAT015,Others
MED107040,68788-4046,Prednisolone Sodium Phosphate,Prednisolone Sodium Phosphate,Preferred Pharmaceuticals Inc.,PREDNISOLONE SODIUM PHOSPHATE,15 mg/5mL,SOLUTION,ORAL,Corticosteroid Hormone Receptor Agonists [MoA],CAT004,Pain Management
MED107084,68788-8078,Hydrocortisone,Hydrocortisone,Preferred Pharmaceuticals Inc.,HYDROCORTISONE,1 g/100g,CREAM,TOPICAL,Corticosteroid Hormone Receptor Agonists [MoA],CAT004,Pain Management
MED107150,68788-8818,Amlodipine Besylate And Benazepril Hydrochloride,Amlodipine Besylate And Benazepril Hydrochloride,Preferred Pharmaceuticals Inc.,AMLODIPINE BESYLATE,10 mg/1,CAPSULE,ORAL,Angiotensin Converting Enzyme Inhibitor [EPC],CAT003,Diabetes
MED107171,68828-704,Dimethicone,Royal Jelly Berry Powerful Lip Care,"Distribuidora Comercial Jafra, S.A. De C.V.",DIMETHICONE,2 g/100g,STICK,TOPICAL,Skin Barrier Activity [PE],CAT008,Dermatology
MED107201,69039-799,"Homosalate, Octisalate, Octocrylene, Zinc Oxide",Sun Bum Face Cream 50 Premium Sunscreen,"Sun Bum, Llc",HOMOSALATE,100 mg/mL,CREAM,TOPICAL,UNKNOWN,CAT015,Others
MED107240,69168-029,Tension Headache Relief,Tension Headache Relief,Allegiant Health,ACETAMINOPHEN,500 mg/1,CAPSULE,ORAL,Central Nervous System Stimulant [EPC],CAT005,Neurology
MED107278,69238-1678,Fluphenazine Hydrochloride,Fluphenazine Hydrochloride,Amneal Pharmaceuticals Ny Llc,FLUPHENAZINE HYDROCHLORIDE,1 mg/1,"TABLET, FILM COATED",ORAL,Phenothiazine [EPC],CAT005,Neurology
MED107279,69238-1831,Levothyroxine Sodium,Levothyroxine Sodium,Amneal Pharmaceuticals Ny Llc,LEVOTHYROXINE SODIUM,.05 mg/1,TABLET,ORAL,Thyroxine [CS],CAT009,Oncology
MED107300,69259-1334,Titanium Dioxide And Zinc Oxide,Bye Bye Foundation Full Coverage Moisturizer Spf 50 Fair Light,"It Cosmetics, Llc",TITANIUM DIOXIDE,9 g/100mL,CREAM,TOPICAL,UNKNOWN,CAT015,Others
MED107301,69259-1610,Titanium Dioxide And Zinc Oxide,Your Skin But Better Cc Color Correcting Full Coverage Spf 50 Medium,"It Cosmetics, Llc",TITANIUM DIOXIDE,9 g/100mL,CREAM,TOPICAL,UNKNOWN,CAT015,Others
MED107340,69367-311,Sodium Fluoride,Sodium Fluoride 5000 Ppm,"Westminster Pharmaceuticals, Llc",SODIUM FLUORIDE,6 mg/mL,PASTE,DENTAL,UNKNOWN,CAT015,Others
MED107344,69367-346,Gabapentin,Gabapentin,"Westminster Pharmaceuticals, Llc",GABAPENTIN,600 mg/1,"TABLET, COATED",ORAL,Decreased Central Nervous System Disorganized Electrical Activity [PE],CAT005,Neurology
MED107347,69367-414,Theophylline Anhydrous,Theophylline (Anhydrous),"Westminster Pharmaceuticals, Llc",THEOPHYLLINE ANHYDROUS,400 mg/1,"TABLET, EXTENDED RELEASE",ORAL,Methylxanthine [EPC],CAT006,Respiratory
MED107390,0363-9130,"Acetaminophen, Diphenhydramine Hcl Phenylephrine Hcl",Mucus Relief All In One Maximum Strength,Walgreens,ACETAMINOPHEN,650 mg/20mL,LIQUID,ORAL,Adrenergic alpha1-Agonists [MoA],CAT003,Diabetes
MED107392,0363-9144,"Phenylephrine, Dextromethorphan Hydrobromide, Acetaminophen, Doxylamine Succinate",Nighttime Cold And Flu Cherry,Walgreen Company,ACETAMINOPHEN,.65 g/237mL,LIQUID,ORAL,Adrenergic alpha1-Agonists [MoA],CAT003,Diabetes
MED107428,69452-448,"Mineral Oil, Petrolatum, Phenylephrine Hcl",Hemorrhoidal,Bionpharma Inc.,MINERAL OIL,140 mg/g,OINTMENT,TOPICAL,Adrenergic alpha1-Agonists [MoA],CAT003,Diabetes
MED107430,69469-017,Salicylic Acid,El Mata Callos,"Vitamex Usa, Corp",SALICYLIC ACID,170 mg/mL,SOLUTION,TOPICAL,UNKNOWN,CAT015,Others
MED107445,69557-111,Lidocaine,Ztlido,Scilex Pharmaceuticals Inc.,LIDOCAINE,36 mg/1,PATCH,TOPICAL,Amide Local Anesthetic [EPC],CAT004,Pain Management
MED107485,69729-131,"Acetaminophen, Caffeine, Pyrilamine Maleate",Buscapina,Opmx Llc,ACETAMINOPHEN,500 mg/1,"TABLET, COATED",ORAL,Central Nervous System Stimulant [EPC],CAT005,Neurology
MED107513,69842-024,Nicotine Polacrilex,Nicotine Polacrilex Coated Fruit,Cvs Pharmacy,NICOTINE,2 mg/1,"GUM, CHEWING",BUCCAL,Cholinergic Nicotinic Agonist [EPC],CAT005,Neurology
MED107543,69842-547,Oxymetazoline Hydrochloride,Nasal,Cvs Pharmacy,OXYMETAZOLINE HYDROCHLORIDE,.05 g/100mL,SPRAY,NASAL,Imidazolines [CS],CAT005,Neurology
MED107581,0378-0221,Timolol Maleate,Timolol Maleate,Mylan Pharmaceuticals Inc.,TIMOLOL MALEATE,10 mg/1,TABLET,ORAL,Adrenergic beta-Antagonists [MoA],CAT003,Diabetes
MED107620,69968-0945,Adapalene,Neutrogena Evenly Clear Retinoid Adapalene Gel 0.1% Acne Treatment,Kenvue Brands Llc,ADAPALENE,1 mg/g,GEL,TOPICAL,Retinoid [EPC],CAT008,Dermatology
MED107632,0054-0472,Everolimus,Everolimus,Hikma Pharmaceuticals Usa Inc.,EVEROLIMUS,.75 mg/1,TABLET,ORAL,Cytochrome P450 2D6 Inhibitors [MoA],CAT014,Vitamins & Supplements
MED107658,70000-0521,Omeprazole,Acid Reducer,Cardinal Health,OMEPRAZOLE MAGNESIUM,20 mg/1,"TABLET, DELAYED RELEASE",ORAL,Cytochrome P450 2C19 Inhibitors [MoA],CAT014,Vitamins & Supplements
MED107689,70010-134,Esomeprazole Magnesium,Esomeprazole Magnesium,Granules Pharmaceuticals Inc.,ESOMEPRAZOLE MAGNESIUM,40 mg/1,"CAPSULE, DELAYED RELEASE",ORAL,Cytochrome P450 2C19 Inhibitors [MoA],CAT014,Vitamins & Supplements
MED107726,70105-002,"Belladonna, Calendula Officinalis, Chamomilla, Colocynthis, Magnesia Phosphorica, Nux Vomica, Pulsatilla.",Natural Relief Patch For Menstrual Cramps,"Centered Enterprises, Llc",ATROPA BELLADONNA,15 [hp_C]/1,PATCH,TOPICAL,Allergens [CS],CAT006,Respiratory
MED107733,0378-3231,Candesartan Cilexetil,Candesartan Cilexetil,Mylan Pharmaceuticals Inc.,CANDESARTAN CILEXETIL,16 mg/1,TABLET,ORAL,Angiotensin 2 Receptor Antagonists [MoA],CAT003,Diabetes
MED107749,70121-1244,Busulfan,Busulfan,Amneal Pharmaceuticals Llc,BUSULFAN,6 mg/mL,INJECTION,INTRAVENOUS,Alkylating Activity [MoA],CAT012,Ophthalmology
MED107774,70301-1001,Calcifediol,Rayaldee,Opko Pharmaceuticals Llc,CALCIFEDIOL,30 ug/1,"CAPSULE, EXTENDED RELEASE",ORAL,Cholecalciferol [CS],CAT013,Vaccines & Biologics
MED107815,70489-1424,Zinc Oxide,Bldg Active Skin Repair Face And Body Performance Sunscreen,"Innovacyn, Inc.",ZINC OXIDE,22 g/100mL,LOTION,TOPICAL,Copper Absorption Inhibitor [EPC],CAT007,Gastrointestinal
MED107817,70511-121,Baclofen,Baclofen,"Mala Pharmaceuticals, Inc.",BACLOFEN,50 ug/mL,INJECTION,INTRATHECAL,GABA A Agonists [MoA],CAT005,Neurology
MED107820,70512-750,Diclofenac Potassium,Diclofenac Potassium,"Sola Pharmaceuticals, Llc",DICLOFENAC POTASSIUM,50 mg/1,"TABLET, FILM COATED",ORAL,Anti-Inflammatory Agents,CAT004,Pain Management
MED107842,70518-1316,Lisinopril,Lisinopril,Remedyrepack Inc.,LISINOPRIL,2.5 mg/1,TABLET,ORAL,Angiotensin Converting Enzyme Inhibitor [EPC],CAT003,Diabetes
MED107874,70518-3143,Metoprolol Succinate,Metoprolol Succinate,Remedyrepack Inc.,METOPROLOL SUCCINATE,25 mg/1,"TABLET, EXTENDED RELEASE",ORAL,Adrenergic beta-Antagonists [MoA],CAT003,Diabetes
MED107902,70518-4064,Hydralazine Hydrochloride,Hydralazine Hydrochloride,Remedyrepack Inc.,HYDRALAZINE HYDROCHLORIDE,25 mg/1,TABLET,ORAL,Arteriolar Vasodilation [PE],CAT003,Diabetes
MED107907,70518-4150,Doxycycline Hyclate,Doxycycline Hyclate,Remedyrepack Inc.,DOXYCYCLINE HYCLATE,100 mg/1,CAPSULE,ORAL,Tetracycline-class Drug [EPC],CAT001,Antibiotics
MED107910,70518-4174,Cyclobenzaprine Hydrochloride,Cyclobenzaprine Hydrochloride,Remedyrepack Inc.,CYCLOBENZAPRINE HYDROCHLORIDE,30 mg/1,"CAPSULE, EXTENDED RELEASE",ORAL,Centrally-mediated Muscle Relaxation [PE],CAT005,Neurology
MED107942,70518-4444,Furosemide,Furosemide,Remedyrepack Inc.,FUROSEMIDE,10 mg/mL,"INJECTION, SOLUTION",INTRAVENOUS,Increased Diuresis at Loop of Henle [PE],CAT003,Diabetes
MED107957,70518-4560,Prednisone,Prednisone,Remedyrepack Inc.,PREDNISONE,10 mg/1,TABLET,ORAL,Corticosteroid Hormone Receptor Agonists [MoA],CAT004,Pain Management
MED108019,70700-307,"Norethindrone Acetate And Ethinyl Estradiol Tablets Usp, 1 Mg/0.02 Mg And Ferrous Fumarate Tablets, 75 Mg",Feirza 1/20,Xiromed Llc,UNKNOWN,UNKNOWN,KIT,UNKNOWN,UNKNOWN,CAT015,Others
MED108027,70709-152,Dasatinib,Phyrago,Cycle Pharmaceuticals Ltd,DASATINIB,50 mg/1,TABLET,ORAL,Cytochrome P450 3A4 Inhibitors [MoA],CAT014,Vitamins & Supplements
MED108057,0404-4438,Chloroxylenol,Antibacterial Hand,"Henry Schein, Inc.",CHLOROXYLENOL,6.1 g/L,SOAP,TOPICAL,UNKNOWN,CAT015,Others
MED108179,70795-1120,Sodium Chloride,Normal Salt,"Graxcell Pharmaceutical, Llc",SODIUM CHLORIDE,1 g/1,TABLET,ORAL,UNKNOWN,CAT015,Others
MED108185,70860-125,Azithromycin Monohydrate,Azithromycin,"Athenex Pharmaceutical Division, Llc.",AZITHROMYCIN MONOHYDRATE,500 mg/5mL,"INJECTION, POWDER, LYOPHILIZED, FOR SOLUTION",INTRAVENOUS,Macrolide Antimicrobial [EPC],CAT001,Antibiotics
MED108260,71205-291,Bupropion Hydrochloride,Bupropion Hydrochloride Xl,Proficient Rx Lp,BUPROPION HYDROCHLORIDE,150 mg/1,"TABLET, EXTENDED RELEASE",ORAL,Aminoketone [EPC],CAT005,Neurology
MED108272,71205-465,Bupropion Hydrochloride,Bupropion Hydrochloride,Proficient Rx Lp,BUPROPION HYDROCHLORIDE,300 mg/1,"TABLET, EXTENDED RELEASE",ORAL,Aminoketone [EPC],CAT005,Neurology
MED108276,71205-494,Diclofenac Sodium,Diclofenac Sodium Delayed Release,Proficient Rx Lp,DICLOFENAC SODIUM,50 mg/1,"TABLET, DELAYED RELEASE",ORAL,Anti-Inflammatory Agents,CAT004,Pain Management
MED108313,71205-995,Diclofenac Sodium,Diclofenac Sodium Delayed Release,Proficient Rx Lp,DICLOFENAC SODIUM,50 mg/1,"TABLET, DELAYED RELEASE",ORAL,Anti-Inflammatory Agents,CAT004,Pain Management
MED108325,71212-103,Chloroxylenol,Chemstation E2,Chemstation,CHLOROXYLENOL,15 g/L,SOAP,TOPICAL,UNKNOWN,CAT015,Others
MED108348,71288-301,Cyanocobalamin,Cyanocobalamin,Meitheal Pharmaceuticals Inc.,CYANOCOBALAMIN,1000 ug/mL,INJECTION,INTRAMUSCULAR,Vitamin B 12 [CS],CAT013,Vaccines & Biologics
MED108370,71335-0205,Ondansetron Hydrochloride,Ondansetron Hydrochloride,Bryant Ranch Prepack,ONDANSETRON HYDROCHLORIDE,4 mg/1,"TABLET, FILM COATED",ORAL,Serotonin 3 Receptor Antagonists [MoA],CAT005,Neurology
MED108381,71335-0403,Sertraline Hydrochloride,Sertraline Hydrochloride,Bryant Ranch Prepack,SERTRALINE HYDROCHLORIDE,50 mg/1,"TABLET, FILM COATED",ORAL,Cytochrome P450 2D6 Inhibitors [MoA],CAT014,Vitamins & Supplements
MED108428,71335-1235,Losartan Potassium,Losartan Potassium,Bryant Ranch Prepack,LOSARTAN POTASSIUM,100 mg/1,"TABLET, FILM COATED",ORAL,Angiotensin 2 Receptor Antagonists [MoA],CAT003,Diabetes
MED108441,71335-1455,Lorazepam,Lorazepam,Bryant Ranch Prepack,LORAZEPAM,.5 mg/1,TABLET,ORAL,Benzodiazepine [EPC],CAT005,Neurology
MED108532,71335-2442,Famotidine,Famotidine,Bryant Ranch Prepack,FAMOTIDINE,40 mg/1,"TABLET, FILM COATED",ORAL,Histamine H2 Receptor Antagonists [MoA],CAT006,Respiratory
MED108541,71335-2560,Losartan Potassium And Hydrochlorothiazide,Losartan Potassium And Hydrochlorothiazide,Bryant Ranch Prepack,HYDROCHLOROTHIAZIDE,25 mg/1,"TABLET, FILM COATED",ORAL,Angiotensin 2 Receptor Antagonists [MoA],CAT003,Diabetes
MED108557,0409-2053,Ketamine Hydrochloride,Ketamine Hydrochloride,"Hospira, Inc.",KETAMINE HYDROCHLORIDE,50 mg/mL,"INJECTION, SOLUTION, CONCENTRATE",INTRAMUSCULAR,General Anesthesia [PE],CAT005,Neurology
MED108561,71335-2795,Methocarbamol,Methocarbamol,Bryant Ranch Prepack,METHOCARBAMOL,750 mg/1,"TABLET, FILM COATED",ORAL,Centrally-mediated Muscle Relaxation [PE],CAT005,Neurology
MED108596,0409-2987,Ampicillin Sodium And Sulbactam Sodium,Ampicillin And Sulbactam,"Hospira, Inc",AMPICILLIN SODIUM,2 g/1,"INJECTION, POWDER, FOR SOLUTION",INTRAVENOUS,Penicillin-class Antibacterial [EPC],CAT001,Antibiotics
MED108606,71335-3130,Acetaminophen,Acetaminophen,Bryant Ranch Prepack,ACETAMINOPHEN,325 mg/1,"TABLET, FILM COATED",ORAL,UNKNOWN,CAT015,Others
MED108698,71610-681,Allopurinol,Allopurinol,"Aphena Pharma Solutions - Tennessee, Llc",ALLOPURINOL,300 mg/1,TABLET,ORAL,Xanthine Oxidase Inhibitor [EPC],CAT003,Diabetes
MED108777,71863-112,Hydrocortisone,Alkindi Sprinkle,"Eton Pharmaceuticals, Inc.",HYDROCORTISONE,5 mg/1,GRANULE,ORAL,Corticosteroid Hormone Receptor Agonists [MoA],CAT004,Pain Management
MED108878,72162-1220,Tretinoin,Tretinoin,Bryant Ranch Prepack,TRETINOIN,10 mg/1,CAPSULE,ORAL,Retinoid [EPC],CAT008,Dermatology
MED108913,72162-1784,Mexiletine Hydrochloride,Mexiletine Hydrochloride,Bryant Ranch Prepack,MEXILETINE HYDROCHLORIDE,250 mg/1,CAPSULE,ORAL,Antiarrhythmic [EPC],CAT003,Diabetes
MED108925,72162-2002,Acetaminophen And Codeine Phosphate,Acetaminophen And Codeine Phosphate,Bryant Ranch Prepack,ACETAMINOPHEN,300 mg/1,TABLET,ORAL,Full Opioid Agonists [MoA],CAT004,Pain Management
MED108943,72162-2246,Sodium Sulfacetamide 10% And Sulfur 5% Emollient Cream,Sodium Sulfacetamide 10% And Sulfur 5% Emollient Cream,Bryant Ranch Prepack,SULFACETAMIDE SODIUM,100 mg/g,CREAM,TOPICAL,Sulfonamide Antibacterial [EPC],CAT001,Antibiotics
MED108958,72162-2425,Ciprofolxacin,Ciprofloxacin,Bryant Ranch Prepack,CIPROFLOXACIN HYDROCHLORIDE,500 mg/1,TABLET,ORAL,Cytochrome P450 1A2 Inhibitors [MoA],CAT014,Vitamins & Supplements
MED108997,72189-095,Oxycodone Hydrochloride,Oxycodone Hydrochloride,Direct Rx,OXYCODONE HYDROCHLORIDE,5 mg/1,TABLET,ORAL,Full Opioid Agonists [MoA],CAT004,Pain Management
MED109003,72189-143,Fluconazole,Fluconazole,Direct Rx,FLUCONAZOLE,150 mg/1,TABLET,ORAL,Azole Antifungal [EPC],CAT001,Antibiotics
MED109034,72189-429,Sucralfate,Sucralfate,Direct_Rx,SUCRALFATE,1 g/1,TABLET,ORAL,Aluminum Complex [EPC],CAT014,Vitamins & Supplements
MED109035,72189-438,Escitalopram,Escitalopram,Direct_Rx,ESCITALOPRAM OXALATE,20 mg/1,TABLET,ORAL,Serotonin Reuptake Inhibitor [EPC],CAT005,Neurology
MED109040,72189-479,Diclofenac Sodium Gel,Diclofenac Sodium Gel,Direct_Rx,DICLOFENAC SODIUM,10 mg/g,GEL,TOPICAL,Anti-Inflammatory Agents,CAT004,Pain Management
MED109059,72189-617,Metformin Hcl,Metformin Hcl,Direct_Rx,METFORMIN HYDROCHLORIDE,500 mg/1,TABLET,ORAL,Biguanide [EPC],CAT002,Cardiovascular
MED109065,0480-8687,Levothyroxine Sodium,Levothyroxine Sodium,"Teva Pharmaceuticals, Inc.",LEVOTHYROXINE SODIUM,50 ug/1,TABLET,ORAL,Thyroxine [CS],CAT009,Oncology
MED109079,0480-9257,Octreotide Acetate,Octreotide Acetate,"Teva Pharmaceuticals, Inc.",UNKNOWN,UNKNOWN,KIT,INTRAMUSCULAR,UNKNOWN,CAT015,Others
MED109100,72205-207,Lurasidone Hydrochloride,Lurasidone Hydrochloride,Novadoz Pharmaceuticals Llc,LURASIDONE HYDROCHLORIDE,20 mg/1,"TABLET, FILM COATED",ORAL,Atypical Antipsychotic [EPC],CAT005,Neurology
MED109120,72245-648,Oxycodone Hydrochloride And Acetaminophen,Prolate,Forte Bio-Pharma Llc,ACETAMINOPHEN,300 mg/5mL,SOLUTION,ORAL,Full Opioid Agonists [MoA],CAT004,Pain Management
MED109121,72252-510,Diazepam,Valtoco,"Neurelis, Inc",DIAZEPAM,10 mg/.1mL,SPRAY,NASAL,Benzodiazepine [EPC],CAT005,Neurology
MED109131,72266-261,Levothyroxine Sodium Anhydrous,Levothyroxine Sodium,Fosun Pharma Usa Inc.,LEVOTHYROXINE SODIUM ANHYDROUS,100 ug/5mL,"INJECTION, POWDER, LYOPHILIZED, FOR SOLUTION",INTRAVENOUS,Thyroxine [CS],CAT009,Oncology
MED109134,72288-003,Nicotine Polacrilex,Basic Care Nicotine,Amazon.Com Services Llc,NICOTINE,4 mg/1,"GUM, CHEWING",ORAL,Cholinergic Nicotinic Agonist [EPC],CAT005,Neurology
MED109203,72475-002,"Avobenzone, Homosalate, Octyl Salicylate",Cardon Spf And Moisturizer,"Cardon, Inc",AVOBENZONE,2.7 g/100mL,LOTION,TOPICAL,UNKNOWN,CAT015,Others
MED109207,72476-102,Caffeine,Stay Awake,"Retail Business Services , Llc.",CAFFEINE,200 mg/1,TABLET,ORAL,Central Nervous System Stimulant [EPC],CAT005,Neurology
MED109223,72476-922,Docosanol,Docosanol,"Care One (Retail Business Services, Llc.)",DOCOSANOL,100 mg/g,CREAM,TOPICAL,UNKNOWN,CAT015,Others
MED109254,72578-041,Zonisamide,Zonisamide,Viona Pharmaceuticals Inc,ZONISAMIDE,50 mg/1,CAPSULE,ORAL,Anti-epileptic Agent [EPC],CAT005,Neurology
MED109274,0527-1337,Baclofen,Baclofen,"Lannett Company, Inc.",BACLOFEN,20 mg/1,TABLET,ORAL,GABA A Agonists [MoA],CAT005,Neurology
MED109275,72603-208,Arformoterol Tartrate,Arformoterol Tartrate,Northstar Rxllc,ARFORMOTEROL TARTRATE,15 ug/2mL,SOLUTION,RESPIRATORY (INHALATION),Adrenergic beta2-Agonists [MoA],CAT003,Diabetes
MED109325,72664-227,Metformin Hydrochloride,Metformin Hydrochloride,Vgyaan Pharmaceuticals Llc,METFORMIN HYDROCHLORIDE,500 mg/1,"TABLET, EXTENDED RELEASE",ORAL,Biguanide [EPC],CAT002,Cardiovascular
MED109331,72673-072,Amiodarone Hydrochloride,Amiodarone Hydrochloride,"Zhejiang Poly Pharm. Co., Ltd.",AMIODARONE HYDROCHLORIDE,50 mg/mL,"INJECTION, SOLUTION",INTRAVENOUS,Antiarrhythmic [EPC],CAT003,Diabetes
MED109369,72789-305,Amitriptyline Hydrochloride,Amitriptyline Hydrochloride,"Pd-Rx Pharmaceuticals, Inc.",AMITRIPTYLINE HYDROCHLORIDE,25 mg/1,"TABLET, FILM COATED",ORAL,Tricyclic Antidepressant [EPC],CAT005,Neurology
MED109439,72888-002,Tizanidine Hydrochloride,Tizanidine Hydrochloride,Advagen Pharma Limited,TIZANIDINE HYDROCHLORIDE,4 mg/1,CAPSULE,ORAL,Adrenergic alpha2-Agonists [MoA],CAT003,Diabetes
MED109445,72888-026,Lamotrigine,Lamotrigine,Advagen Pharma Limited,LAMOTRIGINE,100 mg/1,TABLET,ORAL,Anti-epileptic Agent [EPC],CAT005,Neurology
MED109458,72888-230,Topiramate,Topiramate,Advagen Pharma Ltd,TOPIRAMATE,50 mg/1,CAPSULE,ORAL,Cytochrome P450 2C19 Inhibitors [MoA],CAT014,Vitamins & Supplements
MED109463,72937-006,"Menthol, Camphor","Menthol, Camphor","Sunset Novelties, Inc","CAMPHOR, (-)-",2 g/100g,GEL,TOPICAL,UNKNOWN,CAT015,Others
MED109467,72972-002,Glycerin,Optase,Scope Health Inc,GLYCERIN,2 mg/mL,SOLUTION/ DROPS,OPHTHALMIC,Allergens [CS],CAT006,Respiratory
MED109470,72986-001,Oxygen,Oxygen,Family Enterprises Llc Dba Preferred Cylinder Services,OXYGEN,99 L/100L,GAS,RESPIRATORY (INHALATION),UNKNOWN,CAT015,Others
MED109486,73076-145,Ishancare Anti-Itch Cream,Ishancare Anti-Itch Cream,"Shenzhen Ishan Technology Co., Ltd",OATMEAL,1 g/100g,CREAM,TOPICAL,Allergens [CS],CAT006,Respiratory
MED109487,0536-1292,Acetaminophen,Acetaminophen,Rugby Laboratories,ACETAMINOPHEN,500 mg/1,"TABLET, COATED",ORAL,UNKNOWN,CAT015,Others
MED109507,73190-078,Olmesartan Medoxomil-Hydrochlorothiazide,Olmesartan Medoxomil-Hydrochlorothiazide,Avkare,HYDROCHLOROTHIAZIDE,12.5 mg/1,"TABLET, FILM COATED",ORAL,Angiotensin 2 Receptor Antagonists [MoA],CAT003,Diabetes
MED109510,73206-100,Benzalkonium Chloride Wipes,Bravo Sierra - Antibacterial Body Wipes,Underscore Usa,BENZALKONIUM CHLORIDE,.001 g/100g,SOLUTION,TOPICAL,UNKNOWN,CAT015,Others
MED109516,73288-006,Benzocaine,Sting Relief Prep Pad,"Ningbo Tianbo First Aid Product Co., Ltd.",BENZOCAINE,10 g/100g,SOLUTION,TOPICAL,Allergens [CS],CAT006,Respiratory
MED109524,73306-1135,Above Men Sport Energy,Above Men Sport Energy,Baston Industria De Aerossois Ltda,ALUMINUM CHLOROHYDRATE,50 mg/100g,CREAM,TOPICAL,UNKNOWN,CAT015,Others
MED109527,0536-1386,Carboxymethylcellulose Sodium,Rugby Carboxymethylcellulose Sodium 0.5% Eye Drops,Rugby Laboratories,CARBOXYMETHYLCELLULOSE SODIUM,.5 g/100mL,SOLUTION/ DROPS,OPHTHALMIC,UNKNOWN,CAT015,Others
MED109541,73391-0101,Zinc Oxide,Whamisa Organic Pear Blossom Sunscreen,"Ens Korea Co., Ltd.",ZINC OXIDE,24.05 g/100g,CREAM,TOPICAL,UNKNOWN,CAT015,Others
MED109583,73635-5807,Methyl Salicylate 2%,Germa Ubre Mastitis,"Germa Products, Llc",METHYL SALICYLATE,20 mg/mL,OINTMENT,TOPICAL,UNKNOWN,CAT015,Others
MED109596,73715-006,Lidocaine 4% Plus Menthol 1% Pain Cream,Lidocaine 4% Plus Menthol 1% Topical Anesthetic Pain Cream,Mohnark Pharmaceuticals Inc,LIDOCAINE,4.27 g/100g,CREAM,TOPICAL,Amide Local Anesthetic [EPC],CAT004,Pain Management
MED109621,0555-0634,Danazol,Danazol,"Teva Pharmaceuticals Usa, Inc.",DANAZOL,100 mg/1,CAPSULE,ORAL,Androgen Receptor Agonists [MoA],CAT009,Oncology
MED109622,74375-040,Alcohol,50 Wintergreen Alcohol,Iron Lab Sa De Cv,ALCOHOL,50 mL/100mL,LIQUID,TOPICAL,UNKNOWN,CAT015,Others
MED109638,75124-0010,Sodium Chlorite,Qve - S,Pure O2,SODIUM CHLORITE,23 g/100g,POWDER,TOPICAL,UNKNOWN,CAT015,Others
MED109641,75248-000,Alcohol,Instant Hand Sanitizer,Icarcover Inc.,ALCOHOL,.65 mL/mL,GEL,TOPICAL,UNKNOWN,CAT015,Others
MED109659,75742-090,Ethyl Alcohol,Ashleybelle Moisturizing Hand Sanitizer Vanilla Swirl,"Zhejiang Guoyao Jingyue Aerosol Co., Ltd.",ALCOHOL,70 mL/100mL,SPRAY,TOPICAL,UNKNOWN,CAT015,Others
MED109665,75826-140,Phenobarbital,Phenobarbital,"Winder Laboratories, Llc",PHENOBARBITAL,60 mg/1,TABLET,ORAL,UNKNOWN,CAT015,Others
MED109757,76282-789,Nilotinib,Nilotinib,Exelan Pharmaceuticals Inc.,NILOTINIB,150 mg/1,CAPSULE,ORAL,Bcr-Abl Tyrosine Kinase Inhibitors [MoA],CAT012,Ophthalmology
MED109770,76354-135,"Avobenzone, Homosalate, Octisalate",Naturium Phyto-Glow Lip Balm Spf 45-Clear,"E.L.F. Cosmetics, Inc.",AVOBENZONE,30 mg/mL,CREAM,TOPICAL,UNKNOWN,CAT015,Others
MED109824,76420-497,Gabapentin,Gabapentin,"Asclemed Usa, Inc.",GABAPENTIN,800 mg/1,TABLET,ORAL,Anti-epileptic Agent [EPC],CAT005,Neurology
MED109844,76420-818,Rabeprazole Sodium,Rabeprazole Sodium,"Asclemed Usa, Inc.",RABEPRAZOLE SODIUM,20 mg/1,"TABLET, DELAYED RELEASE",ORAL,Proton Pump Inhibitor [EPC],CAT007,Gastrointestinal
MED109879,76472-4083,Ipecacuanha,Ipecacuanha 200Ck,Sevene Usa,IPECAC,200 [hp_C]/1,PELLET,SUBLINGUAL,UNKNOWN,CAT015,Others
MED109881,76483-047,Acyclovir,Acyclovir,Square Pharmaceuticals Limited,ACYCLOVIR,400 mg/1,TABLET,ORAL,DNA Polymerase Inhibitors [MoA],CAT012,Ophthalmology
MED109927,78936-411,Salicylic Acid,Acne Buster,"Hangzhou Caring Cleaning Commodity Co., Ltd",SALICYLIC ACID,5 mg/1000mg,PATCH,TRANSDERMAL,UNKNOWN,CAT015,Others
MED109945,79481-0009,"Potassium Nitrate, Sodium Fluoride",Sensitive Mint Tooth-Paste,"Meijer, Inc.",POTASSIUM NITRATE,50 mg/g,"PASTE, DENTIFRICE",DENTAL,UNKNOWN,CAT015,Others
MED109964,79481-1150,Calcium Carbonate,Meijer Antacid Extra Strength Assorted Berry,Meijer Distribution Inc.,CALCIUM CARBONATE,750 mg/1,"TABLET, CHEWABLE",ORAL,Blood Coagulation Factor [EPC],CAT003,Diabetes
MED109993,79903-153,"Eucalyptol, Menthol, Methyl Salicylate, Thymol",Antiseptic,Walmart Inc. (See Also Equate),EUCALYPTOL,.92 mg/mL,LIQUID,ORAL,UNKNOWN,CAT015,Others
MED110028,80335-103,Ethyl Alcohol,Hand Sanitizer,Everywhereaire Llc,ALCOHOL,70 mL/100mL,GEL,TOPICAL,UNKNOWN,CAT015,Others
MED110036,80425-0042,Meloxicam,Meloxicam,"Advanced Rx Of Tennessee, Llc",MELOXICAM,7.5 mg/1,TABLET,ORAL,Anti-Inflammatory Agents,CAT004,Pain Management
MED110085,0603-2540,Butalbital And Acetaminophen,Butalbital And Acetaminophen,Endo Usa,ACETAMINOPHEN,325 mg/1,TABLET,ORAL,Barbiturate [EPC],CAT005,Neurology
MED110106,80641-010,"Avobenzone, Octisalate, Octocrylene",Vacation Spf 50 Super Spritz Face Mist,Vacation Inc.,AVOBENZONE,2.9 g/100mL,SPRAY,TOPICAL,UNKNOWN,CAT015,Others
MED110127,80725-600,Flutamide,Eulexin,Waylis Therapeutics Llc,FLUTAMIDE,125 mg/1,CAPSULE,ORAL,Androgen Receptor Antagonists [MoA],CAT009,Oncology
MED110130,80771-000,Sodium Chloride,Wild Horse 777 Moisturizing Nasal,"Wild Horse 777, Inc.",SODIUM CHLORIDE,6.5 mg/mL,LIQUID,TOPICAL,UNKNOWN,CAT015,Others
MED110226,82009-065,Lisinopril,Lisinopril,Quallent Pharmaceuticals Health Llc,LISINOPRIL,20 mg/1,TABLET,ORAL,Angiotensin Converting Enzyme Inhibitor [EPC],CAT003,Diabetes
MED110235,0615-8370,Furosemide,Furosemide,"Ncs Healthcare Of Ky, Llc Dba Vangard Labs",FUROSEMIDE,80 mg/1,TABLET,ORAL,Increased Diuresis at Loop of Henle [PE],CAT003,Diabetes
MED110248,82052-157,Zinc Oxide 15%,Annmarie Spf 20 Sunscreen,Annmarie Gianni Skin Care Llc,ZINC OXIDE,15 g/100mL,LOTION,TOPICAL,UNKNOWN,CAT015,Others
MED110273,82184-1350,Zinc Oxide,Golden Ray Sunscreen (Deep Tinted),A-Frame Sunco Inc,ZINC OXIDE,132 mg/mL,LOTION,TOPICAL,UNKNOWN,CAT015,Others
MED110306,82442-344,Nicotine Polacrilex,Up And Up Mint Nicotine,Target Corporation,NICOTINE,2 mg/1,LOZENGE,ORAL,Cholinergic Nicotinic Agonist [EPC],CAT005,Neurology
MED110341,82657-007,"Avobenzone, Homosalate, Octisalate, Octocrylene",Cay Skin Isle Sheen Sunstick Spf 35,"Cay Skin, Inc.",AVOBENZONE,29 mg/g,STICK,TOPICAL,UNKNOWN,CAT015,Others
MED110347,82696-4440,Zinc Oxide,Mental Skin Care Lip Shield Intent,Mental Skin,ZINC OXIDE,100 mg/mL,LOTION,TOPICAL,UNKNOWN,CAT015,Others
MED110359,0615-8531,Nitrofurantoin (Monohydrate/Macrocrystals),Nitrofurantoin (Monohydrate/Macrocrystals),"Ncs Healthcare Of Ky, Llc Dba Vangard Labs",NITROFURANTOIN,25 mg/1,CAPSULE,ORAL,Nitrofuran Antibacterial [EPC],CAT001,Antibiotics
MED110407,82812-448,Zinc Oxide,Miami Beach Bum Spf-50 Blocked Sunscreen,Miami Beach Bum,ZINC OXIDE,150 mg/mL,LIQUID,TOPICAL,Copper Absorption Inhibitor [EPC],CAT007,Gastrointestinal
MED110457,82969-2169,"Arnica Mont, Baptisia, Bryonia, Eupatorium Perf, Gelsemium, Ipecac, Rhus Tox",Bestmade Natural Products Bm169,Bestmade Natural Products,ARNICA MONTANA,30 [hp_C]/30[hp_C],LIQUID,ORAL,UNKNOWN,CAT015,Others
MED110474,82969-3012,"Ferr Phos, Nat Mur, Kali Phos, Mag Phos",Bestmade Natural Products Bio12,Bestmade Natural Products,FERRIC PYROPHOSPHATE,6 [hp_X]/6[hp_X],"TABLET, SOLUBLE",ORAL,Calculi Dissolution Agent [EPC],CAT007,Gastrointestinal
MED110476,0641-1398,Chlorpromazine Hydrochloride,Chlorpromazine Hydrochloride,Hikma Pharmaceuticals Usa Inc.,CHLORPROMAZINE HYDROCHLORIDE,25 mg/mL,INJECTION,INTRAMUSCULAR,Phenothiazine [EPC],CAT005,Neurology
MED110484,0641-6007,Bumetanide,Bumetanide,Hikma Pharmaceuticals Usa Inc.,BUMETANIDE,.25 mg/mL,INJECTION,INTRAMUSCULAR,Increased Diuresis at Loop of Henle [PE],CAT003,Diabetes
MED110490,0641-6015,Diltiazem Hydrochloride,Diltiazem Hydrochloride,Hikma Pharmaceuticals Usa Inc.,DILTIAZEM HYDROCHLORIDE,5 mg/mL,INJECTION,INTRAVENOUS,Calcium Channel Antagonists [MoA],CAT003,Diabetes
MED110508,83008-047,Fluoxetine Hydrochloride,Fluoxetine,"Quality Care Products, Llc",FLUOXETINE HYDROCHLORIDE,20 mg/1,CAPSULE,ORAL,Serotonin Reuptake Inhibitor [EPC],CAT005,Neurology
MED110513,83018-0001,"Arginine, Ginkgo Biloba, Hypophysis Suis, Silicea, Astragalus Excapus",Celltropin,Micro Balance Health Products Llc,ARGININE,3 [hp_X]/mL,LIQUID,ORAL,UNKNOWN,CAT015,Others
MED110534,83059-0022,Diphenhydramine Hydrochloride,Sleep Aid,Shield Pharmaceuticals Corp,DIPHENHYDRAMINE HYDROCHLORIDE,25 mg/1,"CAPSULE, LIQUID FILLED",ORAL,Histamine H1 Receptor Antagonists [MoA],CAT006,Respiratory
MED110553,83112-100,Doxycycline Hyclate,Doxycycline Hyclate,"Health Department, Oklahoma State",DOXYCYCLINE HYCLATE,100 mg/1,"TABLET, FILM COATED",ORAL,Tetracycline-class Drug [EPC],CAT001,Antibiotics
MED110556,83158-387,Capsaicin,Bronson Soothe Pain Relief,"Bronson Nutritionals, Llc",CAPSAICIN,.25 mg/mL,CREAM,TOPICAL,UNKNOWN,CAT015,Others
MED110589,83286-016,Salicylic Acid,Gentle Acne Serum,"Drmtlgy, Llc",SALICYLIC ACID,.5 g/100mL,GEL,TOPICAL,UNKNOWN,CAT015,Others
MED110602,83324-021,Bismuth Subsalicylate,Quality Choice Stomach Relief 528,Chain Drug Marketing Association Inc.,BISMUTH SUBSALICYLATE,525 mg/15mL,LIQUID,ORAL,UNKNOWN,CAT015,Others
MED110624,83324-263,"Qc Antacid Soft Chews, Cherry","Qc Ultra Strength Antacid Soft Chews, Cherry","Chain Drug Marketing Association, Inc.",CALCIUM CARBONATE,1177 mg/1,"TABLET, CHEWABLE",ORAL,Blood Coagulation Factor [EPC],CAT003,Diabetes
MED110631,83324-313,Antacid Tablets (Calcium Carbonate),Quality Choice Extra Strength,Quality Choice (Chain Drug Marketing Assoiciation),CALCIUM CARBONATE,750 mg/1,"TABLET, CHEWABLE",ORAL,UNKNOWN,CAT015,Others
MED110633,83324-319,"Avobenzone, Homosalate, Octisalate",Sport Sunscreen Spf 70,Chain Drug Marketing Association,AVOBENZONE,30 mg/g,SPRAY,TOPICAL,UNKNOWN,CAT015,Others
MED110674,83570-468,"Arnica Montana Hpus, Silicea Hpus","Owell Naturals Draw Salve, Arnica, Silicea",Owell Naturals Brand Llc,ARNICA MONTANA FLOWER,.566 g/56.6g,SALVE,TOPICAL,UNKNOWN,CAT015,Others
MED110715,83818-013,Skin Tag Remover Liquid,Meoly Skin Tag Remover,"Shenzhen Xinxin Yunhai Technology Co., Ltd.",SALICYLIC ACID,10 g/100mL,LIQUID,TOPICAL,UNKNOWN,CAT015,Others
MED110759,84019-044,4% Lidocaine,Signature Pain Relief Cream,"Shengnan (Guangzhou) Cosmetics Co., Ltd",LIDOCAINE,40 mg/g,CREAM,CUTANEOUS,Amide Local Anesthetic [EPC],CAT004,Pain Management
MED110817,84126-657,Stannous Fluoride,Crest Pro Health Advanced Protection,The Procter & Gamble Manufacturing Company,STANNOUS FLUORIDE,1.4 mg/g,"PASTE, DENTIFRICE",DENTAL,UNKNOWN,CAT015,Others
MED110826,84167-323,Koneuk Sunscreen Spf50,Koneuk Sunscreen Spf50,"Guangzhou Meixi Biotechnology Co., Ltd.",AVOBENZONE,1 g/1,CREAM,CUTANEOUS,UNKNOWN,CAT015,Others
MED110861,84416-391,"Titanium Dioxide, Zinc Oxide",Woro Beauty Spfortless,Woro Beauty,TITANIUM DIOXIDE,19.4 mg/mL,LOTION,TOPICAL,UNKNOWN,CAT015,Others
MED110864,0781-2335,"Dextroamphetamine Saccharate, Amphetamine Aspartate Monohydrate, Dextroamphetamine Sulfate, And Amphetamine Sulfate","Dextroamphetamine Saccharate, Amphetamine Aspartate, Dextroamphetamine Sulfate, And Amphetamine Sulfate",Sandoz Inc,AMPHETAMINE ASPARTATE MONOHYDRATE,2.5 mg/1,"CAPSULE, EXTENDED RELEASE",ORAL,Central Nervous System Stimulant [EPC],CAT005,Neurology
MED110982,84987-004,Benzalkonium Chloride,Xtra Antibacterial Hand Fresh Lemon,"Zhejiang Jifu Daily Chemical Co., Ltd.",BENZALKONIUM CHLORIDE,.13 g/100mL,GEL,TOPICAL,UNKNOWN,CAT015,Others
MED111011,85097-576,Minoxidil,Stafenit Hair Regrowth Treatment Topical Minoxidil,Cozesmo,MINOXIDIL,50 mg/mL,SOLUTION,TOPICAL,Arteriolar Vasodilation [PE],CAT003,Diabetes
MED111088,85323-004,Pain Relief Patch,5% Menthol Pain Relief Patch,"Xuzhou Lanting Pharmaceutical Co., Ltd",LEVOMENTHOL,5 g/100g,PATCH,TOPICAL,UNKNOWN,CAT015,Others
MED111090,85329-220,"Titanium Dioxide, Zinc Oxide",Sunscreen Plus Mineral Stick Tinted,"Lily Lee, Md",TITANIUM DIOXIDE,40 mg/g,STICK,TOPICAL,UNKNOWN,CAT015,Others
MED111124,85424-025,Lemongrass 2X Hpus,Roycederm Herpes Relief .Cream,Roycederm Llc,LEMONGRASS OIL,2 [hp_X]/57g,CREAM,TOPICAL,Lipid Emulsion [EPC],CAT003,Diabetes
MED111131,85460-205,Zinc Oxide,Non Tinted Mineral Sunscreen,Micro Fibro Blast,ZINC OXIDE,200 mg/g,CREAM,TOPICAL,UNKNOWN,CAT015,Others
MED111143,85491-205,Zinc Oxide,Solar Eclipse Extreme Sunscreen,Ultraviolet Skincare Llc,ZINC OXIDE,200 mg/g,CREAM,TOPICAL,UNKNOWN,CAT015,Others
MED111165,85552-202,"Titanium Dioxide, Zinc Oxide",Mattifying Skin Primer,Skin Maven,TITANIUM DIOXIDE,80 mg/g,CREAM,TOPICAL,UNKNOWN,CAT015,Others
MED111172,85578-007,Salicylic Acid,Bplxkur Wart Remover Bandaid,"Zhengzhou Hangrui Network Technology Co., Ltd.",SALICYLIC ACID,.4 g/1,PATCH,TOPICAL,UNKNOWN,CAT015,Others
MED111184,85622-501,Lidocaine,Neurocaine,Blue Heron Pharmaceuticals Llc,LIDOCAINE,40 mg/40mg,PATCH,TOPICAL,Amide Local Anesthetic [EPC],CAT004,Pain Management
MED111187,85631-003,"Celery Seed, Medicago Sativa Whole,Chicory Root",Gout Relief 3310-S,Bispit Canada Ltd.,BUCKWHEAT,91 mg/1.3g,CAPSULE,ORAL,Allergens [CS],CAT006,Respiratory
MED111200,85720-8131,Menthol,Health Trak Plus Menthol-Infused Pain Relief Socks,Railroad Sock Llc,MENTHOL,1 g/100g,CLOTH,TOPICAL,UNKNOWN,CAT015,Others
MED111206,85742-010,Lacosamide,Lacosamide,Kanchan Healthcare Inc,LACOSAMIDE,150 mg/1,"TABLET, FILM COATED",ORAL,Decreased Central Nervous System Disorganized Electrical Activity [PE],CAT005,Neurology
MED111217,0832-0580,Clobazam,Clobazam,"Upsher-Smith Laboratories, Llc",CLOBAZAM,10 mg/1,TABLET,ORAL,Benzodiazepine [EPC],CAT005,Neurology
MED111225,0832-0817,Deflazacort,Deflazacort,"Upsher-Smith Laboratories, Llc",DEFLAZACORT,36 mg/1,TABLET,ORAL,Corticosteroid Hormone Receptor Agonists [MoA],CAT004,Pain Management
MED111239,85786-203,Cetirizine Hydrochloride 10 Mg,Dr Simi Cetirizine Hydrochloride 10 Mg,Farmacias De Similares Tx Llc,CETIRIZINE HYDROCHLORIDE,10 mg/1,"TABLET, FILM COATED",ORAL,Histamine H1 Receptor Antagonists [MoA],CAT006,Respiratory
MED111257,85817-006,Toenail Fungus Treatment Liquid,Arflom Toenail Fungus Treatment Liquid,"Guangzhou Qiexiran Cosmetics Co., Ltd.",UNDECYLENIC ACID,25 g/100mL,LIQUID,TOPICAL,UNKNOWN,CAT015,Others
MED111258,85818-001,Salicylic Acid,Dr. Johne Skin Tag Remover,Dr.Johnes Llc,SALICYLIC ACID,170 mg/mL,SOLUTION,TOPICAL,UNKNOWN,CAT015,Others
MED111272,85834-002,Salicylic Acid 17% Wart Remover,Wart Remover,"Shenzhen Bullfighting Trading Co., Ltd.",SALICYLIC ACID,17 g/100mL,LIQUID,TOPICAL,UNKNOWN,CAT015,Others
MED111367,87441-009,Acetaminophen And Codeine Phosphate,Acetaminophen And Codeine Phosphate,"Unit Dose Solutions, Inc.",ACETAMINOPHEN,300 mg/1,TABLET,ORAL,Full Opioid Agonists [MoA],CAT004,Pain Management
MED111392,87576-112,Kids Toothpaste For Cavity Protection,"Kids Toothpaste, For Cavity Protection","Shulisa (Foshan) Daily Chemicalindustry Co., Ltd",WATER,.2 g/1,"PASTE, DENTIFRICE",DENTAL,UNKNOWN,CAT015,Others
MED111927,0904-7504,Haloperidol,Haloperidol,Major Pharmaceuticals,HALOPERIDOL,2 mg/1,TABLET,ORAL,Typical Antipsychotic [EPC],CAT005,Neurology
MED112478,10122-180,Velmanase Alfa-Tycv,Lamzede,"Chiesi Usa, Inc.",VELMANASE ALFA-TYCV,10 mg/1,"INJECTION, POWDER, LYOPHILIZED, FOR SOLUTION",INTRAVENOUS,UNKNOWN,CAT015,Others
MED112515,10135-668,Prazosin Hydrochloride,Prazosin Hydrochloride,Marlex Pharmaceuticals Inc,PRAZOSIN HYDROCHLORIDE,5 mg/1,CAPSULE,ORAL,Adrenergic alpha-Antagonists [MoA],CAT003,Diabetes
MED112620,10157-1170,"Dimethicone, Avobenzone, Homosalate, And Octisalate",Deep Renewal Broad Spectrum,Blistex Inc,AVOBENZONE,3 g/100g,STICK,TOPICAL,Skin Barrier Activity [PE],CAT008,Dermatology
MED112650,10189-001,Oxygen,Oxygen,Butler Gas Products Company,OXYGEN,990 mL/L,GAS,RESPIRATORY (INHALATION),UNKNOWN,CAT015,Others
MED112867,10237-870,Aluminum Chlorohydrate,Ultramax Invisible Solid - Powder Fresh Antiperspirant Deodorant Powder Fresh,"Church & Dwight Co., Inc.",ALUMINUM CHLOROHYDRATE,.19 g/g,STICK,TOPICAL,UNKNOWN,CAT015,Others
MED112882,10267-3846,Ibuprofen,Ibuprofen,Contract Pharmacal Corp.,IBUPROFEN,200 mg/1,TABLET,ORAL,Anti-Inflammatory Agents,CAT004,Pain Management
MED113406,10967-647,Aluminum Sesquichlorohydrate,Mitchum Clear Gel,Revlon Consumer Products Corp,ALUMINUM SESQUICHLOROHYDRATE,.25 g/mL,LIQUID,TOPICAL,UNKNOWN,CAT015,Others
MED113580,11383-312,"Piperonyl Butoxide, Pyrethrum Extract",Abc Lice Killing,"Weeks & Leo Co., Inc.",PIPERONYL BUTOXIDE,4 g/100mL,SHAMPOO,TOPICAL,UNKNOWN,CAT015,Others
MED113589,11410-051,Salicylic Acid,Proactiv Plus Retexturizing Toner,"Alchemee, Llc",SALICYLIC ACID,20 mg/mL,CREAM,TOPICAL,UNKNOWN,CAT015,Others
MED113649,11523-0136,Tolnaftate,Lotrimin Daily Prevent Deodorant,Bayer Healthcare Llc.,TOLNAFTATE,10 mg/g,"AEROSOL, POWDER",TOPICAL,UNKNOWN,CAT015,Others
MED113650,11523-0138,Tolnaftate,Tinactin Jock Itch,Bayer Healthcare Llc,TOLNAFTATE,10 mg/g,"AEROSOL, POWDER",TOPICAL,UNKNOWN,CAT015,Others
MED113878,11673-237,Sodium Fluoride,Target Sensitive Whitening Tp,Target,POTASSIUM NITRATE,5 g/100g,"PASTE, DENTIFRICE",DENTAL,UNKNOWN,CAT015,Others
MED113885,11673-308,Sodium Fluoride,Target Kids Watermelon Mint,Target,SODIUM FLUORIDE,.15 g/100g,"PASTE, DENTIFRICE",ORAL,UNKNOWN,CAT015,Others
MED113888,11673-343,"Acetaminophen, Dextromethorphan Hbr, Guaifenesin, Phenylephrine Hcl, Acetaminophen, Dextromethorphan Hbr, Phenylephrine Hcl, Triprolidine Hcl",Day Cold And Flu And Night Severe Cold And Flu,Target Corporation,UNKNOWN,UNKNOWN,KIT,ORAL,UNKNOWN,CAT015,Others
MED113919,11673-992,Ibuprofen,Ibuprofen,Target Corporation,IBUPROFEN,200 mg/1,"CAPSULE, LIQUID FILLED",ORAL,Anti-Inflammatory Agents,CAT004,Pain Management
MED113925,11716-0771,Carboxymethylcellulose Sodium,Up And Up Dry Eye Relief Lubricant Eye Drops,Hanlim,CARBOXYMETHYLCELLULOSE SODIUM,5 mg/mL,SOLUTION/ DROPS,OPHTHALMIC,UNKNOWN,CAT015,Others
MED113941,11822-0328,"Acetaminophen, Dextromethorphan Hbr, Doxylamine Succinate, Guaifenesin, Phenylephrine Hcl",Daytime Nighttime Severe Cold And Flu Relief,Rite Aid Corporation,UNKNOWN,UNKNOWN,KIT,UNKNOWN,UNKNOWN,CAT015,Others
MED113957,11822-1512,Calcium Carbonate,Kids Antacid,Rite Aid Corporation,CALCIUM CARBONATE,400 mg/1,"TABLET, CHEWABLE",ORAL,Blood Coagulation Factor [EPC],CAT003,Diabetes
MED113986,12022-026,Salicylic Acid,Sulfur 8 Fresh Anti-Dandruff Hair And Scalp Conditioner,J. Strickland & Co.,SALICYLIC ACID,20 mg/g,OINTMENT,TOPICAL,UNKNOWN,CAT015,Others
MED114001,13107-046,Oxycodone And Acetaminophen,Oxycodone And Acetaminophen,"Aurolife Pharma, Llc",ACETAMINOPHEN,325 mg/1,TABLET,ORAL,Full Opioid Agonists [MoA],CAT004,Pain Management
MED114004,13107-084,Lorazepam,Lorazepam,Aurolife Pharma Llc,LORAZEPAM,1 mg/1,TABLET,ORAL,Benzodiazepine [EPC],CAT005,Neurology
MED114082,14789-015,Isoproterenol Hydrochloride,Isoproterenol Hydrochloride,Nexus Pharmaceuticals Llc,ISOPROTERENOL HYDROCHLORIDE,.2 mg/mL,"INJECTION, SOLUTION",INTRAMUSCULAR,Adrenergic beta-Agonists [MoA],CAT003,Diabetes
MED114087,15054-1040,Mecasermin,Increlex,"Ipsen Biopharmaceuticals, Inc.",MECASERMIN,40 mg/4mL,"INJECTION, SOLUTION",SUBCUTANEOUS,UNKNOWN,CAT015,Others
MED114111,15631-2993,Thuja Occ,Thuja Occ,"Rxhomeo Private Limited D.B.A. Rxhomeo, Inc",THUJA OCCIDENTALIS LEAFY TWIG,1 [hp_X]/mL,LIQUID,ORAL,UNKNOWN,CAT015,Others
MED114152,0003-0852,Dasatinib,Sprycel,"E.R. Squibb & Sons, L.L.C.",DASATINIB,100 mg/1,TABLET,ORAL,Cytochrome P450 3A4 Inhibitors [MoA],CAT014,Vitamins & Supplements
MED114212,16729-294,Eplerenone,Eplerenone,"Accord Healthcare, Inc.",EPLERENONE,50 mg/1,"TABLET, FILM COATED",ORAL,Aldosterone Antagonist [EPC],CAT003,Diabetes
MED114242,17433-9886,Docusate Sodium,Enemeez Kids,Quest Products Llc,DOCUSATE SODIUM,100 mg/5mL,LIQUID,RECTAL,UNKNOWN,CAT015,Others
MED114258,0093-3658,Buprenorphine,Buprenorphine,"Teva Pharmaceuticals Usa, Inc.",BUPRENORPHINE,15 ug/h,"PATCH, EXTENDED RELEASE",TRANSDERMAL,Partial Opioid Agonist [EPC],CAT004,Pain Management
MED114259,0093-3659,Buprenorphine,Buprenorphine,"Teva Pharmaceuticals Usa, Inc.",BUPRENORPHINE,20 ug/h,"PATCH, EXTENDED RELEASE",TRANSDERMAL,Partial Opioid Agonist [EPC],CAT004,Pain Management
MED114274,21130-243,Acetaminophen,Signature Care Childrens Pain Relief,Safeway,ACETAMINOPHEN,160 mg/5mL,SUSPENSION,ORAL,UNKNOWN,CAT015,Others
MED114302,21130-770,Docosanol,Docosanol,"Safeway, Inc.",DOCOSANOL,100 mg/g,CREAM,TOPICAL,UNKNOWN,CAT015,Others
MED114308,21130-881,Zinc Gluconate,Zinc Cold Therapy,Better Living Brands Llc,ZINC GLUCONATE,1 [hp_X]/1,"TABLET, CHEWABLE",ORAL,Copper Absorption Inhibitor [EPC],CAT007,Gastrointestinal
MED114311,21130-932,Loratadine,Loratadine 10Mg,"Better Living Brands, Llc",LORATADINE,10 mg/1,TABLET,ORAL,UNKNOWN,CAT015,Others
MED114426,0093-8076,Tiagabine Hydrochloride,Tiagabine Hydrochloride,"Teva Pharmaceuticals Usa, Inc.",TIAGABINE HYDROCHLORIDE,16 mg/1,"TABLET, FILM COATED",ORAL,Anti-epileptic Agent [EPC],CAT005,Neurology
MED114474,23155-247,Venlafaxine,Venlafaxine,Heritage Pharmaceuticals Inc. D/B/A Avet Pharmaceuticals Inc.,VENLAFAXINE HYDROCHLORIDE,37.5 mg/1,TABLET,ORAL,Norepinephrine Uptake Inhibitors [MoA],CAT005,Neurology
MED114477,23155-550,Ondansetron,Ondansetron,Heritage Pharmaceuticals Inc. D/B/A Avet Pharmaceuticals Inc.,ONDANSETRON HYDROCHLORIDE,2 mg/mL,INJECTION,INTRAMUSCULAR,Serotonin 3 Receptor Antagonists [MoA],CAT005,Neurology
MED114504,24208-720,Dexamethasone Sodium Phosphate,Dexamethasone Sodium Phosphate,Bausch & Lomb Incorporated,DEXAMETHASONE SODIUM PHOSPHATE,1 mg/mL,SOLUTION/ DROPS,OPHTHALMIC,Corticosteroid Hormone Receptor Agonists [MoA],CAT004,Pain Management
MED114525,24385-590,Miconazole Nitrate,Good Neighbor Pharmacy Miconazole 7,Amerisource Bergen,MICONAZOLE NITRATE,2 g/100g,CREAM,VAGINAL,Azole Antifungal [EPC],CAT001,Antibiotics
MED114546,24909-010,Menthol,Myco Clinic Pain Relief,"Aidance Scientific, Inc., Dba Aidance Skincare & Topical Solutions",MENTHOL,4 g/100g,CREAM,TOPICAL,UNKNOWN,CAT015,Others
MED114558,24979-253,Naproxen Sodium,Naproxen Sodium,"Upsher-Smith Laboratories, Llc",NAPROXEN SODIUM,500 mg/1,"TABLET, FILM COATED, EXTENDED RELEASE",ORAL,Anti-Inflammatory Agents,CAT004,Pain Management
MED114576,25021-241,Busulfan,Busulfan,Sagent Pharmaceuticals,BUSULFAN,6 mg/mL,"INJECTION, SOLUTION, CONCENTRATE",INTRAVENOUS,Alkylating Activity [MoA],CAT012,Ophthalmology
MED114633,29300-124,Meloxicam,Meloxicam,"Unichem Pharmaceuticals (Usa), Inc.",MELOXICAM,7.5 mg/1,TABLET,ORAL,Anti-Inflammatory Agents,CAT004,Pain Management
MED114634,29300-137,Clonidine Hydrochloride,Clonidine Hydrochloride,"Unichem Pharmaceuticals (Usa), Inc.",CLONIDINE HYDROCHLORIDE,.3 mg/1,TABLET,ORAL,Adrenergic alpha2-Agonists [MoA],CAT003,Diabetes
MED114713,31722-012,Deferasirox,Deferasirox,"Camber Pharmaceuticals, Inc.",DEFERASIROX,180 mg/1,"TABLET, FILM COATED",ORAL,Cytochrome P450 1A2 Inhibitors [MoA],CAT014,Vitamins & Supplements
MED114734,0115-1277,Morphine Sulfate,Morphine Sulfate,Amneal Pharmaceuticals Of New York Llc,MORPHINE SULFATE,20 mg/1,"CAPSULE, EXTENDED RELEASE",ORAL,Full Opioid Agonists [MoA],CAT004,Pain Management
MED114768,31722-753,Lamivudine,Lamivudine,"Camber Pharmaceuticals, Inc.",LAMIVUDINE,150 mg/1,"TABLET, FILM COATED",ORAL,Hepatitis B Virus Nucleoside Analog Reverse Transcriptase Inhibitor [EPC],CAT001,Antibiotics
MED114818,33342-418,Potassium Chloride,Potassium Chloride,Macleods Pharmaceuticals Limited,POTASSIUM CHLORIDE,750 mg/1,"TABLET, FILM COATED, EXTENDED RELEASE",ORAL,Increased Large Intestinal Motility [PE],CAT007,Gastrointestinal
MED114830,34645-1043,Povidone Iodine,Povidone Iodine,"Jianerkang Medical Co., Ltd",POVIDONE-IODINE,.1 mg/mL,SWAB,TOPICAL,UNKNOWN,CAT015,Others
MED114841,35000-280,Cetylpyridinium Chloride,Colgate Total Active Prevention Spearmint,Colgate-Palmolive Company,CETYLPYRIDINIUM CHLORIDE,15 mg/20mL,RINSE,DENTAL,UNKNOWN,CAT015,Others
MED114858,35418-010,Benzocaine,Cherry Throat Relief Lozenges,Zee Medical,BENZOCAINE,15 mg/1,LOZENGE,ORAL,Allergens [CS],CAT006,Respiratory
MED114890,36800-535,Benzalkonium Chloride,Handsoap,Topco Associates Llc,BENZALKONIUM CHLORIDE,130 mg/100mL,SOAP,TOPICAL,UNKNOWN,CAT015,Others
MED114898,36800-768,"Aspirin, Chlorpheniramine Maleate, Phylephrine Bitartrate",Effervescent Cold Relief,Topco Associates Llc,ASPIRIN,325 mg/1,"TABLET, EFFERVESCENT",ORAL,Adrenergic alpha1-Agonists [MoA],CAT003,Diabetes
MED114899,36800-794,Guaifenesin,Topcare Chest Congestion Relief,Topco Associates Llc,GUAIFENESIN,400 mg/1,TABLET,ORAL,Decreased Respiratory Secretion Viscosity [PE],CAT006,Respiratory
MED114917,37000-843,Cetylpyridinium Chloride,Crest Pro-Health Clinical,The Procter & Gamble Manufacturing Company,CETYLPYRIDINIUM CHLORIDE,.02 g/20mL,RINSE,ORAL,UNKNOWN,CAT015,Others
MED114987,37662-0724,Ferrum Muriaticum,Ferrum Muriaticum,"Hahnemann Laboratories, Inc.",FERRIC CHLORIDE,1 [hp_M]/1,PELLET,ORAL,Iron [CS],CAT013,Vaccines & Biologics
MED115002,37662-0851,Iridium Metallicum,Iridium Metallicum,"Hahnemann Laboratories, Inc.",IRIDIUM,6 [hp_C]/1,PELLET,ORAL,UNKNOWN,CAT015,Others
MED115017,37662-0949,Cuprum Fluoratum,Cuprum Fluoratum,"Hahnemann Laboratories, Inc.",CUPRIC FLUORIDE DIHYDRATE,6 [hp_C]/1,PELLET,ORAL,UNKNOWN,CAT015,Others
MED115018,0121-2024,Lacosamide,Lacosamide,"Pai Holdings, Llc Dba Pai Pharma",LACOSAMIDE,100 mg/10mL,SOLUTION,ORAL,Decreased Central Nervous System Disorganized Electrical Activity [PE],CAT005,Neurology
MED115026,37662-1024,Magnesia Muriatica,Magnesia Muriatica,"Hahnemann Laboratories, Inc.",MAGNESIUM CHLORIDE,100 [hp_C]/1,PELLET,ORAL,UNKNOWN,CAT015,Others
MED115028,37662-1027,Magnesia Muriatica,Magnesia Muriatica,"Hahnemann Laboratories, Inc.",MAGNESIUM CHLORIDE,1 [hp_M]/1,PELLET,ORAL,UNKNOWN,CAT015,Others
MED115083,37662-1577,Robinia Pseudacacia,Robinia Pseudacacia,"Hahnemann Laboratories, Inc.",ROBINIA PSEUDOACACIA BARK,30 [hp_C]/1,PELLET,ORAL,UNKNOWN,CAT015,Others
MED115098,37662-1740,Kali Phosphoricum,Kali Phosphoricum,"Hahnemann Laboratories, Inc.",DIBASIC POTASSIUM PHOSPHATE,1 [hp_Q]/1,PELLET,ORAL,Increased Large Intestinal Motility [PE],CAT007,Gastrointestinal
MED115099,37662-1748,Ledum Palustre,Ledum Palustre,"Hahnemann Laboratories, Inc.",RHODODENDRON TOMENTOSUM LEAFY TWIG,10 [hp_M]/1,PELLET,ORAL,UNKNOWN,CAT015,Others
MED115203,37662-2574,Thlaspi Bursa Pastoris,Thlaspi Bursa Pastoris,"Hahnemann Laboratories, Inc.",CAPSELLA BURSA-PASTORIS,500 [hp_C]/1,PELLET,ORAL,UNKNOWN,CAT015,Others
MED115214,37662-2673,Magnesia Bromata,Magnesia Bromata,"Hahnemann Laboratories, Inc.",MAGNESIUM BROMATE,200 [hp_C]/1,PELLET,ORAL,UNKNOWN,CAT015,Others
MED115295,37662-3420,Zincum Iodatum,Zincum Iodatum,"Hahnemann Laboratories, Inc.",ZINC IODIDE,500 [hp_C]/1,PELLET,ORAL,UNKNOWN,CAT015,Others
MED115433,39822-3050,Pentamidine Isethionate,Pentamidine Isethionate,"Xgen Pharmaceuticals Djb, Inc.",PENTAMIDINE ISETHIONATE,300 mg/3mL,"INJECTION, POWDER, LYOPHILIZED, FOR SOLUTION",INTRAMUSCULAR,Antiprotozoal [EPC],CAT001,Antibiotics
MED115434,39822-4510,Edaravone,Edaravone,"Xgen Pharmaceuticals Djb, Inc.",EDARAVONE,60 mg/100mL,"INJECTION, SOLUTION",INTRAVENOUS,UNKNOWN,CAT015,Others
MED115441,40032-770,Flucytosine,Flucytosine,"Novel Laboratories, Inc.",FLUCYTOSINE,500 mg/1,CAPSULE,ORAL,Nucleoside Analog Antifungal [EPC],CAT001,Antibiotics
MED115453,41163-137,Medicated Corn Removers,Salicylic Acid,"United Natural Foods, Inc.",SALICYLIC ACID,.4 g/g,PATCH,TOPICAL,UNKNOWN,CAT015,Others
MED115464,41163-907,"Acetaminophen, Dextromethorphan Hbr, Phenylephrine Hcl",Cold Relief,"United Natural Foods, Inc. Dba Unfi",ACETAMINOPHEN,325 mg/1,"TABLET, FILM COATED",ORAL,Adrenergic alpha1-Agonists [MoA],CAT003,Diabetes
MED115477,41167-3535,Levocetirizine Dihydrochloride,Childrens Xyzal Allergy,"Chattem, Inc.",LEVOCETIRIZINE DIHYDROCHLORIDE,2.5 mg/5mL,SOLUTION,ORAL,Histamine H1 Receptor Antagonists [MoA],CAT006,Respiratory
MED115512,41250-576,Sodium Fluoride,Oral Antivavity,"Meijer, Inc.",SODIUM FLUORIDE,.1 mg/mL,MOUTHWASH,ORAL,UNKNOWN,CAT015,Others
MED115533,41250-976,Benzalkonium Chloride,Antibacterial,"Meijer, Inc.",BENZALKONIUM CHLORIDE,1.3 mg/mL,SOAP,TOPICAL,UNKNOWN,CAT015,Others
MED115584,42291-679,Potassium Chloride,Potassium Chloride,Avkare,POTASSIUM CHLORIDE,750 mg/1,"CAPSULE, EXTENDED RELEASE",ORAL,Increased Large Intestinal Motility [PE],CAT007,Gastrointestinal
MED115612,42494-450,Vancomycin Hydrochloride,Vancomycin Hydrochloride,Cameron Pharmaceuticals,VANCOMYCIN HYDROCHLORIDE,125 mg/1,CAPSULE,ORAL,Glycopeptide Antibacterial [EPC],CAT001,Antibiotics
MED115620,42507-350,Calcium Carbonate,Regular Strength Antacid Assorted Fruit Regular Strength Antacid,Hyvee Inc,CALCIUM CARBONATE,500 mg/1,"TABLET, CHEWABLE",ORAL,Blood Coagulation Factor [EPC],CAT003,Diabetes
MED115632,42543-965,Ibuprofen,Ibuprofen,Strides Pharma Inc.,IBUPROFEN,600 mg/1,"TABLET, FILM COATED",ORAL,Anti-Inflammatory Agents,CAT004,Pain Management
MED115676,42731-033,"Allium Cepa, Ambrosia Artemisiifolia, Euphrasia Officinalis, Galphimia Glauca, Histaminum Hydrochloricum, Hydrastis Canadensis, Lemna Minor, Luffa Operculata, Natrum Muriaticum, Polyporus Pinicola, Sabadilla",Triple Allergy Defense,"Nenningers Naturals, Llc",ALLIUM CEPA WHOLE,30 [hp_C]/60mL,LIQUID,ORAL,UNKNOWN,CAT015,Others
MED115689,42806-266,Cholestyramine,Cholestyramine,"Epic Pharma, Llc",CHOLESTYRAMINE,4 g/9g,"POWDER, FOR SUSPENSION",ORAL,Bile Acid Sequestrant [EPC],CAT007,Gastrointestinal
MED115707,42858-602,Buprenorphine And Naloxone,Buprenorphine And Naloxone,Rhodes Pharmaceuticals Llc,BUPRENORPHINE HYDROCHLORIDE,8 mg/1,TABLET,SUBLINGUAL,Opioid Antagonist [EPC],CAT004,Pain Management
MED115788,43406-0168,Arsenic Trioxide,Arsenicum Album 30C,"Natural Creations, Inc.",ARSENIC TRIOXIDE,30 [hp_C]/mL,LIQUID,ORAL,UNKNOWN,CAT015,Others
MED115832,43598-023,Varenicline Tartrate,Varenicline Tartrate,Dr. Reddys Laboratories Inc.,UNKNOWN,UNKNOWN,KIT,ORAL,UNKNOWN,CAT015,Others
MED115843,43598-265,Propofol Injectable Emulsion,Propofol Injectable Emulsion,"Dr. Reddy'S Laboratories, Inc.",PROPOFOL,10 mg/mL,"INJECTION, EMULSION",INTRAVENOUS,General Anesthesia [PE],CAT005,Neurology
MED115916,0173-0695,Fluticasone Propionate And Salmeterol,Advair Diskus,Glaxosmithkline Llc,FLUTICASONE PROPIONATE,100 ug/1,POWDER,RESPIRATORY (INHALATION),Adrenergic beta2-Agonists [MoA],CAT003,Diabetes
MED116074,0187-0796,Diltiazem Hydrochloride,Cardizem Cd,Bausch Health Us Llc,DILTIAZEM HYDROCHLORIDE,180 mg/1,"CAPSULE, COATED, EXTENDED RELEASE",ORAL,Calcium Channel Antagonists [MoA],CAT003,Diabetes
MED116137,46708-511,Bimatoprost,Bimatoprost,Alembic Pharmaceuticals Limited,BIMATOPROST,.3 mg/mL,SOLUTION/ DROPS,OPHTHALMIC,Prostaglandin Analog [EPC],CAT004,Pain Management
MED116154,46708-800,"Carbidopa, Levodopa And Entacapone","Carbidopa, Levodopa And Entacapone",Alembic Pharmaceuticals Limited,CARBIDOPA,50 mg/1,"TABLET, FILM COATED",ORAL,Amino Acids,CAT013,Vaccines & Biologics
MED116155,0220-0043,Aconitum Napellus,Aconitum Napellus,Boiron,ACONITUM NAPELLUS,12 [hp_X]/12[hp_X],PELLET,ORAL,UNKNOWN,CAT015,Others
MED116177,47335-616,Duloxetine,Drizalma Sprinkle,"Sun Pharmaceutical Industries, Inc.",DULOXETINE HYDROCHLORIDE,20 mg/1,"CAPSULE, DELAYED RELEASE",ORAL,Norepinephrine Uptake Inhibitors [MoA],CAT005,Neurology
MED116185,47335-903,Quetiapine Fumarate,Quetiapine Fumarate,"Sun Pharmaceutical Industries, Inc.",QUETIAPINE FUMARATE,50 mg/1,"TABLET, FILM COATED",ORAL,Atypical Antipsychotic [EPC],CAT005,Neurology
MED116190,47593-362,Chloroxylenol,Ecocare 270,Ecolab Inc.,CHLOROXYLENOL,9 mg/mL,SOLUTION,TOPICAL,UNKNOWN,CAT015,Others
MED116236,0002-2980,Selpercatinib,Retevmo,Eli Lilly And Company,SELPERCATINIB,80 mg/1,CAPSULE,ORAL,Breast Cancer Resistance Protein Inhibitors [MoA],CAT012,Ophthalmology
MED116247,48433-150,Famotidine,Famotidine,"Safecor Health, Llc",FAMOTIDINE,20 mg/1,"TABLET, FILM COATED",ORAL,Histamine H2 Receptor Antagonists [MoA],CAT006,Respiratory
MED116265,0220-0298,Semecarpus Anacardium Juice,Anacardium Orientale,Boiron,SEMECARPUS ANACARDIUM JUICE,10 [hp_M]/10[hp_M],PELLET,ORAL,UNKNOWN,CAT015,Others
MED116276,49035-105,Aluminum Hydroxide And Magnesium Carbonate,Equate Extra Strength Antacid,"Wal-Mart Stores,Inc",ALUMINUM HYDROXIDE,160 mg/1,"TABLET, CHEWABLE",ORAL,UNKNOWN,CAT015,Others
MED116311,49035-907,"Acetaminophen, Dextromethorphan Hbr, Phenylephrine Hcl",Equate Severe Cold Multi Symptom,Wal-Mart Stores Inc,ACETAMINOPHEN,500 mg/1,"POWDER, FOR SOLUTION",ORAL,Adrenergic alpha1-Agonists [MoA],CAT003,Diabetes
MED116388,49702-211,Zidovudine,Retrovir,Viiv Healthcare Company,ZIDOVUDINE,100 mg/1,CAPSULE,ORAL,Human Immunodeficiency Virus Nucleoside Analog Reverse Transcriptase Inhibitor [EPC],CAT001,Antibiotics
MED116418,49967-207,"Avobenzone, Homosalate, Octisalate, And Octocrylene",Loreal Paris Youth Code Dark Spot Corrector Broad Spectrum Spf 30 Sunscreen,L'Oreal Usa Products Inc,AVOBENZONE,30 mg/g,CREAM,TOPICAL,UNKNOWN,CAT015,Others
MED116491,50090-2272,Insulin Aspart,Novolog Mix 70/30,A-S Medication Solutions,INSULIN ASPART,100 [iU]/mL,"INJECTION, SUSPENSION",SUBCUTANEOUS,Insulin Analog [EPC],CAT002,Cardiovascular
MED116506,50090-2940,Aspirin,Aspirin,A-S Medication Solutions,ASPIRIN,81 mg/1,"TABLET, CHEWABLE",ORAL,Anti-Inflammatory Agents,CAT004,Pain Management
MED116527,50090-4070,Fexofenadine Hcl,Fexofenadine Hcl,A-S Medication Solutions,FEXOFENADINE HYDROCHLORIDE,180 mg/1,TABLET,ORAL,Histamine H1 Receptor Antagonists [MoA],CAT006,Respiratory
MED116611,50090-6299,Terconazole,Terconazole Vaginal Cream 0.8%,A-S Medication Solutions,TERCONAZOLE,8 mg/g,CREAM,VAGINAL,Azole Antifungal [EPC],CAT001,Antibiotics
MED116629,50090-6561,Acyclovir,Acyclovir,A-S Medication Solutions,ACYCLOVIR,50 mg/g,OINTMENT,TOPICAL,DNA Polymerase Inhibitors [MoA],CAT012,Ophthalmology
MED116646,50090-6708,Digoxin,Digoxin,A-S Medication Solutions,DIGOXIN,.125 mg/1,TABLET,ORAL,Cardiac Glycoside [EPC],CAT003,Diabetes
MED116650,50090-6755,Promethazine Hydrochloride And Dextromethorphan Hydrobromide,Promethazine Hydrochloride And Dextromethorphan Hydrobromide,A-S Medication Solutions,DEXTROMETHORPHAN HYDROBROMIDE,15 mg/5mL,SOLUTION,ORAL,Phenothiazine [EPC],CAT005,Neurology
MED116688,50090-7213,Omeprazole,Omeprazole,A-S Medication Solutions,OMEPRAZOLE,20 mg/1,"CAPSULE, DELAYED RELEASE",ORAL,Cytochrome P450 2C19 Inhibitors [MoA],CAT014,Vitamins & Supplements
MED116694,50090-7302,Enalapril Maleate,Enalapril Maleate,A-S Medication Solutions,ENALAPRIL MALEATE,5 mg/1,TABLET,ORAL,Angiotensin Converting Enzyme Inhibitor [EPC],CAT003,Diabetes
MED116718,50090-7533,Atorvastatin Calcium,Atorvastatin Calcium,A-S Medication Solutions,ATORVASTATIN CALCIUM TRIHYDRATE,80 mg/1,"TABLET, FILM COATED",ORAL,HMG-CoA Reductase Inhibitor [EPC],CAT003,Diabetes
MED116730,50090-7623,Aspirin,Aspirin,A-S Medication Solutions,ASPIRIN,81 mg/1,"TABLET, DELAYED RELEASE",ORAL,Anti-Inflammatory Agents,CAT004,Pain Management
MED116754,50090-7913,Baclofen,Baclofen,A-S Medication Solutions,BACLOFEN,10 mg/1,TABLET,ORAL,GABA A Agonists [MoA],CAT005,Neurology
MED116784,50228-338,Bupropion Hydrochloride,Bupropion Hydrochloride (Sr),"Sciegen Pharmaceuticals, Inc.",BUPROPION HYDROCHLORIDE,150 mg/1,"TABLET, FILM COATED, EXTENDED RELEASE",ORAL,Aminoketone [EPC],CAT005,Neurology
MED116808,50268-061,Acyclovir,Acyclovir,Avpak,ACYCLOVIR,400 mg/1,TABLET,ORAL,DNA Polymerase Inhibitors [MoA],CAT012,Ophthalmology
MED116833,50268-824,Sertraline Hydrochloride,Sertraline Hydrochloride,Avpak,SERTRALINE HYDROCHLORIDE,50 mg/1,"TABLET, FILM COATED",ORAL,Cytochrome P450 2D6 Inhibitors [MoA],CAT014,Vitamins & Supplements
MED116875,50580-213,"Acetaminophen, Dextromethorphan Hydrobromide",Extra Strength Tylenol Cold Plus Flu Multi-Symptom Daytime,Kenvue Brands Llc,ACETAMINOPHEN,1000 mg/30mL,LIQUID,ORAL,Sigma-1 Agonist [EPC],CAT005,Neurology
MED116887,50580-659,"Acetaminophen, Pseudoephedrine",Sudafed Sinus Congestion Plus Cold Severe Day,Kenvue Brands Llc,ACETAMINOPHEN,500 mg/1,"TABLET, FILM COATED",ORAL,Adrenergic alpha-Agonists [MoA],CAT003,Diabetes
MED116897,50718-0012,Sulphur 12X,Calm Eczema Therapy Wash,Kamedis,SULFUR,12 [hp_X]/mL,LIQUID,TOPICAL,UNKNOWN,CAT015,Others
MED116899,50742-176,Isosorbide Mononitrate,Isosorbide Mononitrate,"Ingenus Pharmaceuticals, Llc",ISOSORBIDE MONONITRATE,60 mg/1,"TABLET, EXTENDED RELEASE",ORAL,Nitrate Vasodilator [EPC],CAT003,Diabetes
MED116903,50742-257,Carbamazepine,Carbamazepine,"Ingenus Pharmaceuticals, Llc",CARBAMAZEPINE,100 mg/1,"TABLET, EXTENDED RELEASE",ORAL,Cytochrome P450 1A2 Inducers [MoA],CAT014,Vitamins & Supplements
MED116906,50742-336,Pramipexole Dihydrochloride,Pramipexole Dihydrochloride,"Ingenus Pharmaceuticals, Llc",PRAMIPEXOLE DIHYDROCHLORIDE,3.75 mg/1,"TABLET, EXTENDED RELEASE",ORAL,Dopamine Agonists [MoA],CAT005,Neurology
MED116907,50742-337,Pramipexole Dihydrochloride,Pramipexole Dihydrochloride,"Ingenus Pharmaceuticals, Llc",PRAMIPEXOLE DIHYDROCHLORIDE,4.5 mg/1,"TABLET, EXTENDED RELEASE",ORAL,Dopamine Agonists [MoA],CAT005,Neurology
MED116951,50845-0199,"Human Growth Hormone, Hypophysis Suis, Hepar Suis",Vital Age Defiance,"Liddell Laboratories, Inc.",PORK LIVER,6 [hp_X]/mL,SPRAY,ORAL,Human Growth Hormone [CS],CAT009,Oncology
MED116959,51009-203,Sodium Monofluorophosphate,Toms Whole Care Spearmint Fights Cavities Whitening Fresh Breath Helps Fight Tartar,"Tom'S Of Maine, Inc.",SODIUM MONOFLUOROPHOSPHATE,1.4 mg/g,"PASTE, DENTIFRICE",DENTAL,UNKNOWN,CAT015,Others
MED116985,51060-355,Titanium Dioxide,Double Duty Beauty Shape Tape Cloud Coverage Broad Spectrum Spf 15 Sunscreen 44N Tan Neutral,"Tarte, Inc.",TITANIUM DIOXIDE,99 mg/mL,LIQUID,TOPICAL,UNKNOWN,CAT015,Others
MED117004,51143-075,Bacitracin Zinc,Live Better Bacitracin Zinc,The Great Atlantic & Pacific Tea Company,BACITRACIN ZINC,500 [iU]/g,OINTMENT,TOPICAL,Decreased Cell Wall Synthesis & Repair [PE],CAT001,Antibiotics
MED117005,51144-030,Enfortumab Vedotin,Padcev Ejfv,Seagen Inc.,ENFORTUMAB VEDOTIN,30 mg/3mL,"INJECTION, POWDER, LYOPHILIZED, FOR SOLUTION",INTRAVENOUS,UNKNOWN,CAT015,Others
MED117011,51191-2667,Zinc Oxide,Yon-Ka 50 Mineral Fluid,Laboratoire Multaler Yon-Ka,ZINC OXIDE,132 mg/mL,LOTION,TOPICAL,UNKNOWN,CAT015,Others
MED117025,0220-1842,Echinacea Angustifolia,Echinacea Angustifolia,Boiron,ECHINACEA ANGUSTIFOLIA,9 [hp_C]/9[hp_C],PELLET,ORAL,UNKNOWN,CAT015,Others
MED117041,51316-379,Lidocaine Hydrochloride,Cvs Lidocaine Pain Relief Cream,Cvs Pharmacy,LIDOCAINE HYDROCHLORIDE,40 mg/g,CREAM,TOPICAL,Amide Local Anesthetic [EPC],CAT004,Pain Management
MED117058,51316-927,"Acetaminophen, Guaifenesin, Phenylephrine Hcl",Severe Sinus Pain And Congestion,"Cvs Woonsocket Prescription Center, Incorporated",ACETAMINOPHEN,325 mg/1,"TABLET, FILM COATED",ORAL,Adrenergic alpha1-Agonists [MoA],CAT003,Diabetes
MED117069,51400-001,Oxygen,Oxygen,"Mid-South Welding Supply, Inc.",OXYGEN,99 L/100L,GAS,RESPIRATORY (INHALATION),UNKNOWN,CAT015,Others
MED117121,51514-0369,Burts Bees Spf 30 Untinted Lip Balm Beaches And Cream,Burts Bees Spf 30 Untinted Lip Balm Beaches And Cream,Autumn Harp,ZINC OXIDE,11.99 g/100g,STICK,TOPICAL,UNKNOWN,CAT015,Others
MED117160,51655-448,Simvastatin,Simvastatin,"Northwind Health Company, Llc",SIMVASTATIN,20 mg/1,"TABLET, FILM COATED",ORAL,HMG-CoA Reductase Inhibitor [EPC],CAT003,Diabetes
MED117163,51655-477,Chlorthalidone,Chlorthalidone,"Northwind Health Company, Llc",CHLORTHALIDONE,50 mg/1,TABLET,ORAL,Increased Diuresis [PE],CAT003,Diabetes
MED117193,51655-923,Levothyroxine Sodium,Levothyroxine Sodium,"Northwind Health Company, Llc",LEVOTHYROXINE SODIUM,.1 mg/1,TABLET,ORAL,Thyroxine [CS],CAT009,Oncology
MED117195,51655-934,Metoprolol Succinate,Metoprolol Succinate,"Northwind Health Company, Llc",METOPROLOL SUCCINATE,25 mg/1,"TABLET, FILM COATED, EXTENDED RELEASE",ORAL,Adrenergic beta-Antagonists [MoA],CAT003,Diabetes
MED117214,51662-1332,"Nitroglycerin, Dextrose",Nitroglycerin In Dextrose,"Hf Acquisition Co Llc, Dba Healthfirst",NITROGLYCERIN,20 mg/100mL,INJECTION,INTRAVENOUS,Nitrate Vasodilator [EPC],CAT003,Diabetes
MED117217,51662-1384,Lidocaine Hci,Lidocaine Hci,"Hf Acquisition Co Llc, Dba Healthfirst",LIDOCAINE HYDROCHLORIDE,20 mg/mL,"INJECTION, SOLUTION",INFILTRATION,Amide Local Anesthetic [EPC],CAT004,Pain Management
MED117244,51662-1695,Methylprednisolone Sodium Succinate,Methylprednisolone Sodium Succinate,"Hf Acquisition Co Llc, Dba Healthfirst",METHYLPREDNISOLONE SODIUM SUCCINATE,125 mg/2mL,INJECTION,INTRAVASCULAR,Corticosteroid Hormone Receptor Agonists [MoA],CAT004,Pain Management
MED117262,51672-2104,Instalax Polyethylene Glycol 3350,Polyethylene Glycol 3350,"Sun Pharmaceutical Industries, Inc.",POLYETHYLENE GLYCOL 3350,17 g/17g,"POWDER, FOR SOLUTION",ORAL,Osmotic Activity [MoA],CAT014,Vitamins & Supplements
MED117264,51672-2144,Ibuprofen,Ibuprofen,"Sun Pharmaceutical Industries, Inc.",IBUPROFEN,100 mg/5mL,SUSPENSION,ORAL,Anti-Inflammatory Agents,CAT004,Pain Management
MED117268,51672-4030,Warfarin Sodium,Warfarin Sodium,"Sun Pharmaceutical Industries, Inc.",WARFARIN SODIUM,3 mg/1,TABLET,ORAL,Vitamin K Antagonist [EPC],CAT013,Vaccines & Biologics
MED117284,51759-402,Adalimumab-Ryvk,Simlandi,"Teva Pharmaceuticals Usa, Inc.",UNKNOWN,UNKNOWN,KIT,SUBCUTANEOUS,UNKNOWN,CAT015,Others
MED117324,0023-3240,Carboxymethylcellulose Sodium And Glycerin,Refresh Optive,"Allergan, Inc.",CARBOXYMETHYLCELLULOSE SODIUM,5 mg/mL,SOLUTION/ DROPS,OPHTHALMIC,Allergens [CS],CAT006,Respiratory
MED117346,52412-901,Acetaminophen,Pediacare Childrens Grape,"Randob Labs,Ltd. Dba Crossingwell Consumer Health",ACETAMINOPHEN,160 mg/5mL,SUSPENSION,ORAL,UNKNOWN,CAT015,Others
MED117347,52427-272,Naproxen Sodium,Naprelan,Almatica Pharma Llc,NAPROXEN SODIUM,375 mg/1,"TABLET, FILM COATED, EXTENDED RELEASE",ORAL,Anti-Inflammatory Agents,CAT004,Pain Management
MED117348,52427-285,Nitrofurantoin Monohydrate/Macrocrystalline,Macrobid,Almatica Pharma Llc,NITROFURANTOIN,25 mg/1,CAPSULE,ORAL,Nitrofuran Antibacterial [EPC],CAT001,Antibiotics
MED117359,52568-007,Air Compressed,Air Compressed,"Crumpton Welding Supply & Equipment, Inc.",OXYGEN,20 L/100L,GAS,RESPIRATORY (INHALATION),UNKNOWN,CAT015,Others
MED117372,52854-915,"Octocrylene, Octisalate, And Avobenzone",Land Shark Spf 15,"Tropical Seas, Inc.",AVOBENZONE,1 g/100mL,LOTION,TOPICAL,UNKNOWN,CAT015,Others
MED117416,53329-147,Miconazole Nitrate,Medline,"Medline Industries, Lp",MICONAZOLE NITRATE,20 mg/mL,CREAM,TOPICAL,Azole Antifungal [EPC],CAT001,Antibiotics
MED117420,0220-2973,Potassium Sulfate,Kali Sulphuricum,Boiron,POTASSIUM SULFATE,6 [hp_C]/6[hp_C],PELLET,ORAL,Increased Large Intestinal Motility [PE],CAT007,Gastrointestinal
MED117451,53645-1901,Celestite 6X,Celestite 6X,"True Botanica, Llc",STRONTIUM SULFATE,6 [hp_X]/30mL,LIQUID,ORAL,UNKNOWN,CAT015,Others
MED117464,53675-212,Lidocaine Hydrochloride,Aruba Aloe Alcoholada,Aruba Aloe Balm Nv,LIDOCAINE HYDROCHLORIDE,5 mg/mL,CREAM,TOPICAL,Amide Local Anesthetic [EPC],CAT004,Pain Management
MED117520,54312-125,Zinc Undecylenate,Derman Antifungal,"Compania Internacional De Comercio, S.A.P.I De C.V.",UNDECYLENIC ACID,5 g/100g,CREAM,TOPICAL,UNKNOWN,CAT015,Others
MED117540,54594-134,Ciele Lip And Protect Lipstick Spf 60 Kelly,Ciele Lip And Protect Lipstick Spf 60 Kelly,Delicate Cosmetics Inc,ZINC OXIDE,15 g/100g,LIPSTICK,TOPICAL,Copper Absorption Inhibitor [EPC],CAT007,Gastrointestinal
MED117554,54859-202,"Pramoxine Hcl, Zinc Oxide, Calamine",Dermagesic,Llorens Pharmaceutical International Division,FERRIC OXIDE RED,4 mg/g,CREAM,TOPICAL,Copper Absorption Inhibitor [EPC],CAT007,Gastrointestinal
MED117565,54860-459,Alcohol,Smart Care Luxury Hand Sanitizer 1.35Oz - Whispering Woods,"Shenzhen Lantern Scicence Co.,Ltd.",ALCOHOL,70 mL/100mL,SPRAY,TOPICAL,UNKNOWN,CAT015,Others
MED117674,55154-4976,Loratadine,Loratadine,"Cardinal Health 107, Llc",LORATADINE,10 mg/1,TABLET,ORAL,UNKNOWN,CAT015,Others
MED117694,55154-9582,Furosemide,Furosemide,"Cardinal Health 107, Llc",FUROSEMIDE,10 mg/mL,"INJECTION, SOLUTION",INTRAMUSCULAR,Increased Diuresis at Loop of Henle [PE],CAT003,Diabetes
MED117746,55513-006,Darbepoetin Alfa,Aranesp,"Amgen, Inc",DARBEPOETIN ALFA,200 ug/mL,SOLUTION,INTRAVENOUS,Erythropoiesis-stimulating Agent [EPC],CAT010,Allergy
MED117757,0023-7151,"Carboxymethylcellulose Sodium, Glycerin And Polysorbate 80",Refresh Optive Mega-3,"Allergan, Inc.",CARBOXYMETHYLCELLULOSE SODIUM,5 mg/mL,SOLUTION/ DROPS,OPHTHALMIC,Allergens [CS],CAT006,Respiratory
MED117773,0220-4087,Plantago Major,Plantago Major,Boiron,PLANTAGO MAJOR,30 [hp_C]/30[hp_C],PELLET,ORAL,UNKNOWN,CAT015,Others
MED117823,55910-105,Witch Hazel,Rexall Medicated Wipeshemorrhoidal Wipe Hemorrhoidal Wipes With Witch Hazel,"Dolgencorp, Llc",WITCH HAZEL,129 g/258g,CLOTH,TOPICAL,UNKNOWN,CAT015,Others
MED117838,55910-432,"Acetaminophen, Dextromethorphan Hydrobromide, Guaifenesin, Phenylephrine Hydrochloride",Dg Health Day Time Severe Cold And Flu Relief,"Dolgencorp, Llc",ACETAMINOPHEN,325 mg/1,"TABLET, FILM COATED",ORAL,Adrenergic alpha1-Agonists [MoA],CAT003,Diabetes
MED117849,55910-709,"Dextromethorphan Hbr, Doxylamine Succinate",Dg Health Tussin,"Dolgencorp, Llc",DEXTROMETHORPHAN HYDROBROMIDE,30 mg/20mL,SOLUTION,ORAL,Antihistamine [EPC],CAT006,Respiratory
MED117869,55910-986,Menthol,Dollar General Menthol Pain Relief Gel Rollon,"Dolgencorp, Llc",MENTHOL,4 g/mL,GEL,TOPICAL,UNKNOWN,CAT015,Others
MED117874,56062-063,Aspirin,Aspirin Enteric Safety Coated,"Publix Supermarkets, Inc.",ASPIRIN,81 mg/1,TABLET,ORAL,Anti-Inflammatory Agents,CAT004,Pain Management
MED117962,57664-394,Venlafaxine,Venlafaxine,"Sun Pharmaceutical Industries, Inc.",VENLAFAXINE HYDROCHLORIDE,50 mg/1,TABLET,ORAL,Norepinephrine Uptake Inhibitors [MoA],CAT005,Neurology
MED117974,57687-253,Centaurium Erythraea,Bach Original Flower Remedies,Nelson Bach Usa Limited,CENTAURIUM ERYTHRAEA,5 [hp_X]/.095mL,SOLUTION,ORAL,UNKNOWN,CAT015,Others
MED117977,57687-272,Olea Europaea Flower,Bach Original Flower Remedies,Nelson Bach Usa Limited,OLEA EUROPAEA FLOWER,5 [hp_X]/.095mL,SOLUTION,ORAL,UNKNOWN,CAT015,Others
MED117999,57896-304,Docusate Sodium And Sennosides,Stool Softener With Laxative,Geri-Care Pharmaceutical Corp,DOCUSATE SODIUM,50 mg/1,"TABLET, FILM COATED",ORAL,UNKNOWN,CAT015,Others
MED118031,58228-2204,Sting Relief Wipes,Sting Relief Wipes,Prostat First Aid Llc,BENZOCAINE,6 mg/100mL,SWAB,TOPICAL,Allergens [CS],CAT006,Respiratory
MED118034,58228-6245,Hydrocortisone Cream 1%,Hydrocortisone Cream 1%,Front Line Safety,HYDROCORTISONE,1 g/100g,CREAM,TOPICAL,Corticosteroid Hormone Receptor Agonists [MoA],CAT004,Pain Management
MED118035,58228-7050,"Bacitracin Zinc, Neomycin Sulfate , Polymyxin B Sulfate.",Triple Antibiotic,"Prostat First Aid, Llc.",BACITRACIN ZINC,400 [USP'U]/g,OINTMENT,TOPICAL,Aminoglycoside Antibacterial [EPC],CAT001,Antibiotics
MED118039,0220-4660,Silicon Dioxide,Silica Marina,Boiron,SILICON DIOXIDE,30 [hp_C]/30[hp_C],PELLET,ORAL,UNKNOWN,CAT015,Others
MED118046,58264-0138,Silicon Dioxide,D-132,"Dna Labs, Inc.",SILICON DIOXIDE,8 [hp_X]/mL,SOLUTION,SUBLINGUAL,UNKNOWN,CAT015,Others
MED118053,58264-0248,Fagus Sylvatica Whole,T-3,"Dna Labs, Inc.",FAGUS SYLVATICA WHOLE,30 [hp_X]/mL,SOLUTION,SUBLINGUAL,UNKNOWN,CAT015,Others
MED118069,58264-0398,Secale Cereale Whole,G-35,"Dna Labs, Inc.",SECALE CEREALE WHOLE,1 [hp_X]/mL,SOLUTION,SUBLINGUAL,UNKNOWN,CAT015,Others
MED118074,58284-296,Buprenorphine,Brixadi,Braeburn Inc.,BUPRENORPHINE,96 mg/.27mL,INJECTION,SUBCUTANEOUS,Partial Opioid Agonist [EPC],CAT004,Pain Management
MED118193,59088-594,Lidocaine Hydrochloride,Pharmapurerx Lidocaine Hcl 4.12%,Puretek Corporation,LIDOCAINE HYDROCHLORIDE,41.2 mg/g,CREAM,TOPICAL,Amide Local Anesthetic [EPC],CAT004,Pain Management
MED118210,59353-407,Methoxy Polyethylene Glycol-Epoetin Beta,Mircera,Vifor (International) Inc.,METHOXY POLYETHYLENE GLYCOL-EPOETIN BETA,120 ug/.3mL,"INJECTION, SOLUTION",INTRAVENOUS,Erythropoiesis-stimulating Agent [EPC],CAT010,Allergy
MED118246,59651-087,Sevelamer Hydrochloride,Sevelamer Hydrochloride,Aurobindo Pharma Limited,SEVELAMER HYDROCHLORIDE,400 mg/1,"TABLET, FILM COATED",ORAL,Phosphate Binder [EPC],CAT007,Gastrointestinal
MED118250,0220-5200,Veratrum Album Root,Veratrum Album,Boiron,VERATRUM ALBUM ROOT,200 [kp_C]/200[kp_C],PELLET,ORAL,UNKNOWN,CAT015,Others
MED118275,0220-5260,Viburnum Opulus Bark,Viburnum Opulus,Boiron,VIBURNUM OPULUS BARK,30 [hp_C]/30[hp_C],PELLET,ORAL,UNKNOWN,CAT015,Others
MED118303,59726-816,Diphenhydramine Hcl,Sleep Aid Maximum Strength,"P & L Development, Llc",DIPHENHYDRAMINE HYDROCHLORIDE,50 mg/1,CAPSULE,ORAL,Histamine H1 Receptor Antagonists [MoA],CAT006,Respiratory
MED118353,59779-845,Isopropyl Alcohol,Isopropyl Alcohol,"Cvs Pharmacy, Inc.",ISOPROPYL ALCOHOL,70 mL/100mL,LIQUID,TOPICAL,UNKNOWN,CAT015,Others
MED118357,59779-923,Diphenhydramine Hcl,Allergy Relief,Cvs Pharmacy,DIPHENHYDRAMINE HYDROCHLORIDE,25 mg/1,"TABLET, FILM COATED",ORAL,Histamine H1 Receptor Antagonists [MoA],CAT006,Respiratory
MED118390,60219-3955,Fosfomycin Tromethamine,Fosfomycin Tromethamine,Amneal Pharmaceuticals Ny Llc,FOSFOMYCIN TROMETHAMINE,3 g/1,"GRANULE, FOR SOLUTION",ORAL,UNKNOWN,CAT015,Others
MED118402,0220-9095,"Arsenic Trioxide,Cinchona Officinalis Bark, Podophyllum",Diaralia,Boiron,ARSENIC TRIOXIDE,9 [hp_C]/1,TABLET,ORAL,UNKNOWN,CAT015,Others
MED118410,60505-1321,Midodrine Hydrochloride,Midodrine Hydrochloride,Apotex Corp,MIDODRINE HYDROCHLORIDE,5 mg/1,TABLET,ORAL,Adrenergic alpha-Agonists [MoA],CAT003,Diabetes
MED118435,60505-4741,Lisdexamfetamine Dimesylate,Lisdexamfetamine Dimesylate,Apotex Corp.,LISDEXAMFETAMINE DIMESYLATE,30 mg/1,CAPSULE,ORAL,Central Nervous System Stimulant [EPC],CAT005,Neurology
MED118461,60687-228,Diltiazem Hydrochloride,Diltiazem Hydrochloride Extended-Release,American Health Packaging,DILTIAZEM HYDROCHLORIDE,300 mg/1,"CAPSULE, COATED, EXTENDED RELEASE",ORAL,Calcium Channel Antagonists [MoA],CAT003,Diabetes
MED118486,60687-704,Lamotrigine,Lamotrigine,American Health Packaging,LAMOTRIGINE,200 mg/1,TABLET,ORAL,Anti-epileptic Agent [EPC],CAT005,Neurology
MED118516,60717-411,Salicylic Acid,Texture Id Anti Dandruff Peppermint Oil And Aloe Conditioner,"Rna Pharma, Llc",SALICYLIC ACID,.02 g/g,LOTION/SHAMPOO,TOPICAL,UNKNOWN,CAT015,Others
MED118518,60717-652,Aluminum Zirconium Trichlorohydrex Gly 20%,Emj Antiperspirant John Deere Steelwater Springs 2.6 Oz,Rna Pharma Llc,ALUMINUM ZIRCONIUM TRICHLOROHYDREX GLY,.2 g/g,STICK,TOPICAL,UNKNOWN,CAT015,Others
MED118527,60760-541,Sulfamethoxazole And Trimethoprim,Sulfamethoxazole And Trimethoprim,St. Mary'S Medical Park Pharmacy,SULFAMETHOXAZOLE,800 mg/1,TABLET,ORAL,Cytochrome P450 2C8 Inhibitors [MoA],CAT014,Vitamins & Supplements
MED118531,60760-663,Metoprolol Succinate,Metoprolol Succinate,St. Mary'S Medical Park Pharmacy,METOPROLOL SUCCINATE,100 mg/1,"TABLET, EXTENDED RELEASE",ORAL,Adrenergic beta-Antagonists [MoA],CAT003,Diabetes
MED118555,60793-602,Penicillin G Benzathine And Penicillin G Procaine,Bicillin C-R 900/300,Pfizer Laboratories Div Pfizer Inc,PENICILLIN G BENZATHINE,900000 [iU]/2mL,"INJECTION, SUSPENSION",INTRAMUSCULAR,Penicillin-class Antibacterial [EPC],CAT001,Antibiotics
MED118609,0245-5315,Potassium Chloride,Klor-Con,"Upsher-Smith Laboratories, Llc",POTASSIUM CHLORIDE,600 mg/1,"TABLET, FILM COATED, EXTENDED RELEASE",ORAL,Increased Large Intestinal Motility [PE],CAT007,Gastrointestinal
MED118631,61596-804,Mipaste Plus Melon,Mipaste Plus Melon,Gc America Inc.,SODIUM FLUORIDE,.2 g/100g,"PASTE, DENTIFRICE",DENTAL,UNKNOWN,CAT015,Others
MED118756,62135-559,Omeprazole,Omeprazole,"Chartwell Rx, Llc",OMEPRAZOLE,10 mg/1,"CAPSULE, DELAYED RELEASE",ORAL,Cytochrome P450 2C19 Inhibitors [MoA],CAT014,Vitamins & Supplements
MED118771,62135-732,Glipizide And Metformin Hcl,Glipizide And Metformin Hcl,"Chartwell Rx, Llc",GLIPIZIDE,2.5 mg/1,"TABLET, FILM COATED",ORAL,Biguanide [EPC],CAT002,Cardiovascular
MED118778,62135-892,Lactulose,Generlac,"Chartwell Rx, Llc",LACTULOSE,10 g/15mL,SOLUTION,ORAL,Acidifying Activity [MoA],CAT014,Vitamins & Supplements
MED118799,62207-774,Ranitidine,Ranitidine Cool Mint,Granules India Ltd,RANITIDINE HYDROCHLORIDE,150 mg/1,TABLET,ORAL,Histamine H2 Receptor Antagonists [MoA],CAT006,Respiratory
MED118809,62257-544,Chloroxylenol,Palm,"Abc Compounding Co., Inc.",CHLOROXYLENOL,3 mg/mL,SOAP,TOPICAL,UNKNOWN,CAT015,Others
MED118848,62332-734,Nifedipine,Nifedipine,Alembic Pharmaceuticals Inc.,NIFEDIPINE,90 mg/1,"TABLET, EXTENDED RELEASE",ORAL,Calcium Channel Antagonists [MoA],CAT003,Diabetes
MED118859,62372-510,"Calcium Carbonate,Magnesium Hydroxide And Simethicone",Mylanta New Tonight Soothing Honey Chamomile,Infirst Healthcare Inc.,CALCIUM CARBONATE,800 mg/10mL,SUSPENSION,ORAL,Calculi Dissolution Agent [EPC],CAT007,Gastrointestinal
MED118883,62584-984,Warfarin Sodium,Warfarin Sodium,American Health Packaging,WARFARIN SODIUM,2 mg/1,TABLET,ORAL,Vitamin K Antagonist [EPC],CAT013,Vaccines & Biologics
MED119034,63083-4022,Low Bacterial Nosode,Low Bacterial Nosode 4022,Professional Complementary Health Formulas,BOVINE TUBERCULIN,12 [hp_X]/59mL,LIQUID,ORAL,UNKNOWN,CAT015,Others
MED119065,63083-9305,Organic Acid Combination,Organic Acid Combination 9305,Professional Complementary Health Formulas,ADIPIC ACID,12 [hp_X]/29.5mL,LIQUID,ORAL,Allergens [CS],CAT006,Respiratory
MED119089,0031-8771,"Acetaminophen, Dextromethorphan Hbr","Robitussin Honey Severe Cough, Flu Plus Sore Throat",Haleon Us Holdings Llc,ACETAMINOPHEN,650 mg/20mL,SOLUTION,ORAL,Sigma-1 Agonist [EPC],CAT005,Neurology
MED119148,63304-041,Lenalidomide,Lenalidomide,"Sun Pharmaceutical Industries, Inc.",LENALIDOMIDE,2.5 mg/1,CAPSULE,ORAL,Thalidomide Analog [EPC],CAT012,Ophthalmology
MED119149,63304-046,Lenalidomide,Lenalidomide,"Sun Pharmaceutical Industries, Inc.",LENALIDOMIDE,25 mg/1,CAPSULE,ORAL,Thalidomide Analog [EPC],CAT012,Ophthalmology
MED119166,63323-172,Carboplatin,Carboplatin,"Fresenius Kabi Usa, Llc",CARBOPLATIN,10 mg/mL,"INJECTION, SOLUTION",INTRAVENOUS,Platinum-based Drug [EPC],CAT012,Ophthalmology
MED119179,63323-351,Rifampin,Rifampin,"Fresenius Kabi Usa, Llc",RIFAMPIN,600 mg/1,"INJECTION, POWDER, LYOPHILIZED, FOR SOLUTION",INTRAVENOUS,Rifamycin Antibacterial [EPC],CAT001,Antibiotics
MED119294,63545-360,Baryta Acetica,Baryta Acetica,"Hahnemann Laboratories, Inc.",BARIUM ACETATE,6 [hp_C]/1,PELLET,ORAL,UNKNOWN,CAT015,Others
MED119305,63545-430,Acidum Benzoicum,Acidum Benzoicum,"Hahnemann Laboratories, Inc.",BENZOIC ACID,30 [hp_C]/1,PELLET,ORAL,Ammonium Ion Binding Activity [MoA],CAT014,Vitamins & Supplements
MED119351,63545-974,Anacardium Orientale,Anacardium Orientale,"Hahnemann Laboratories, Inc.",SEMECARPUS ANACARDIUM JUICE,100 [hp_C]/1,PELLET,ORAL,UNKNOWN,CAT015,Others
MED119367,63629-1673,Tizanidine,Tizanidine,Bryant Ranch Prepack,TIZANIDINE HYDROCHLORIDE,4 mg/1,TABLET,ORAL,Adrenergic alpha2-Agonists [MoA],CAT003,Diabetes
MED119429,63629-8455,Testosterone,Testosterone,Bryant Ranch Prepack,TESTOSTERONE,16.2 mg/g,GEL,TOPICAL,Androgen Receptor Agonists [MoA],CAT009,Oncology
MED119460,63629-8812,Fluvastatin,Fluvastatin,Bryant Ranch Prepack,FLUVASTATIN SODIUM,20 mg/1,CAPSULE,ORAL,HMG-CoA Reductase Inhibitor [EPC],CAT003,Diabetes
MED119478,63629-9186,Oxcarbazepine,Oxcarbazepine,Bryant Ranch Prepack,OXCARBAZEPINE,300 mg/1,"TABLET, FILM COATED",ORAL,Anti-epileptic Agent [EPC],CAT005,Neurology
MED119497,63667-956,Menthol,Sugar Free Lemon Mint Herb Throat Drops,Ricola Usa Inc.,MENTHOL,1.1 mg/1,LOZENGE,ORAL,UNKNOWN,CAT015,Others
MED119499,63736-205,"Benzocaine, Dextromethorphan Hbr, Menthol",Cepastat Sore Throat And Cough,Insight Pharmaceuticals Llc,BENZOCAINE,6 mg/1,LOZENGE,ORAL,Allergens [CS],CAT006,Respiratory
MED119546,63941-119,Psyllium Husk,Best Choice Fiber Laxative,Best Choice (Valu Merchandisers Company),PSYLLIUM HUSK,.52 g/1,CAPSULE,ORAL,UNKNOWN,CAT015,Others
MED119571,64122-605,Levonorgestrel,Afterpill,"Syzygy Healthcare Solutions, Llc Po Box 588, Westport, Ct 06880",LEVONORGESTREL,1.5 mg/1,TABLET,ORAL,Inhibit Ovum Fertilization [PE],CAT009,Oncology
MED119573,64141-032,"Octinoxate, Titanium Dioxide And Zinc Oxide",Bobbi Brown Intensive Serum Foundation Broad Spectrum Spf 30,Bobbi Brown Professional Cosmetics Inc.,OCTINOXATE,67 mg/mL,LIQUID,TOPICAL,UNKNOWN,CAT015,Others
MED119591,0310-1350,Osimertinib,Tagrisso,Astrazeneca Pharmaceuticals Lp,OSIMERTINIB,80 mg/1,"TABLET, FILM COATED",ORAL,Breast Cancer Resistance Protein Inhibitors [MoA],CAT012,Ophthalmology
MED119650,64942-1729,Aluminum Zirconium Tetrachlorohydrex Gly,Dove,Conopco Inc. D/B/A/ Unilever,ALUMINUM ZIRCONIUM TETRACHLOROHYDREX GLY,15.2 g/100g,STICK,TOPICAL,UNKNOWN,CAT015,Others
MED119657,64942-1814,Advanced Care Dry Spray Sheer Cool 48H Antiperspirant Deodorant,Dove,"Conopco, Inc. D/B/A Unilever",ALUMINUM CHLOROHYDRATE,20.2 g/100g,"AEROSOL, SPRAY",TOPICAL,UNKNOWN,CAT015,Others
MED119709,0316-0256,Colloidal Oatmeal,Sarna,"Crown Laboratories, Inc.",OATMEAL,20 mg/mL,LOTION,TOPICAL,Allergens [CS],CAT006,Respiratory
MED119717,64942-2458,72H Shower Clean Antiperspirant Deodorant,Degree Advanced,Conopco Inc. D/B/A/ Unilever,ALUMINUM SESQUICHLOROHYDRATE,16 g/100g,STICK,TOPICAL,UNKNOWN,CAT015,Others
MED119734,64980-439,Atenolol,Atenolol,"Rising Pharma Holdings, Inc.",ATENOLOL,100 mg/1,TABLET,ORAL,Adrenergic beta-Antagonists [MoA],CAT003,Diabetes
MED119798,65145-118,Sumatriptan,Sumatriptan,Caplin Steriles Limited,SUMATRIPTAN SUCCINATE,6 mg/.5mL,"INJECTION, SOLUTION",SUBCUTANEOUS,Serotonin 1b Receptor Agonists [MoA],CAT005,Neurology
MED119840,65202-3775,Aluminum Chlorohydrate,Avon Rare Pearls Roll-On Anti-Perspirant Deodorant,Avon Manufacturing (Guangzhou) Ltd.,ALUMINUM CHLOROHYDRATE,145 mg/mL,STICK,TOPICAL,UNKNOWN,CAT015,Others
MED119845,65219-120,Dalbavancin Hydrochloride,Dalbavancin Hydrochloride,"Fresenius Kabi Usa, Llc",DALBAVANCIN HYDROCHLORIDE,500 mg/25mL,"INJECTION, POWDER, FOR SOLUTION",INTRAVENOUS,Lipoglycopeptide Antibacterial [EPC],CAT001,Antibiotics
MED119852,65219-456,Dextrose Monohydrate,Dextrose,"Fresenius Kabi Usa, Llc",DEXTROSE MONOHYDRATE,50 mg/mL,"INJECTION, SOLUTION",INTRAVENOUS,UNKNOWN,CAT015,Others
MED119863,65585-356,Benzalkonium Chloride,Whiskcare 377,"Whisk Products, Inc.",BENZALKONIUM CHLORIDE,1 mg/mL,SOLUTION,TOPICAL,UNKNOWN,CAT015,Others
MED119866,65585-527,Benzalkonium Chloride,Whiskcare 377 Free,"Whisk Products, Inc.",BENZALKONIUM CHLORIDE,1 mg/mL,SOLUTION,TOPICAL,UNKNOWN,CAT015,Others
MED119883,65841-538,Potassium Citrate,Potassium Citrate,Zydus Lifesciences Limited,POTASSIUM CITRATE,15 meq/1,"TABLET, EXTENDED RELEASE",ORAL,Acidifying Activity [MoA],CAT014,Vitamins & Supplements
MED119893,65857-505,Technetium Tc 99M Medronate,Kit For The Preparation Of Technetium Tc 99M Medronate,"Cardinal Health 414, Llc",TECHNETIUM TC-99M MEDRONATE,20 mg/1,"INJECTION, POWDER, LYOPHILIZED, FOR SOLUTION",INTRAVENOUS,Radioactive Diagnostic Agent [EPC],CAT014,Vitamins & Supplements
MED119909,65862-230,Lamotrigine,Lamotrigine,Aurobindo Pharma Limited,LAMOTRIGINE,200 mg/1,TABLET,ORAL,Anti-epileptic Agent [EPC],CAT005,Neurology
MED119960,66096-115,"Aconitum Nap, Antimon Crud, Antimon Sulph, Antimon Tart, Aralia Rac, Bryonia, Chelidonium Maj, Cuprum Met, Drosera, Hepar Sulph Calc, Kali Carb, Spongia.",Cough Relief,Ohm Pharma Inc.,ACONITUM NAPELLUS,6 [hp_X]/59mL,LIQUID,ORAL,Copper [CS],CAT013,Vaccines & Biologics
MED119976,66215-628,Selexipag,Uptravi Titration Pack,"Actelion Pharmaceuticals Us, Inc.",UNKNOWN,UNKNOWN,KIT,UNKNOWN,UNKNOWN,CAT015,Others
MED119983,66267-261,Propranolol Hydrochloride,Propranolol Hydrochloride,"Nucare Pharmaceuticals,Inc.",PROPRANOLOL HYDROCHLORIDE,10 mg/1,TABLET,ORAL,Adrenergic beta-Antagonists [MoA],CAT003,Diabetes
MED120020,66715-6424,Guaifenesin And Dextromethorphan Hydrobromide,"Mucinex Dm, Travel Basix","Lil' Drug Store Products, Inc.",DEXTROMETHORPHAN HYDROBROMIDE,30 mg/1,"TABLET, EXTENDED RELEASE",ORAL,Decreased Respiratory Secretion Viscosity [PE],CAT006,Respiratory
MED120042,66733-948,Cetuximab,Erbitux,Imclone Llc,CETUXIMAB,2 mg/mL,SOLUTION,INTRAVENOUS,Epidermal Growth Factor Receptor Antagonist [EPC],CAT010,Allergy
MED120054,0362-0221,Lidocaine,Lidocaine,"Septodont, Inc.",LIDOCAINE,5 g/100g,OINTMENT,TOPICAL,Amide Local Anesthetic [EPC],CAT004,Pain Management
MED120075,66990-1020,Titanium Dioxide,Vertra Ehukai Beige Face Stick Spf 38,"Toshiki Pigment Co., Ltd.",TITANIUM DIOXIDE,23 g/100g,STICK,TOPICAL,UNKNOWN,CAT015,Others
MED120094,67046-0569,Levothyroxine Sodium,Levothyroxine Sodium,Coupler Llc,LEVOTHYROXINE SODIUM,.1 mg/1,TABLET,ORAL,Thyroxine [CS],CAT009,Oncology
MED120117,67046-1536,Gabapentin,Gabapentin,Coupler Llc,GABAPENTIN,800 mg/1,TABLET,ORAL,Decreased Central Nervous System Disorganized Electrical Activity [PE],CAT005,Neurology
MED120147,67091-380,Docusate Sodium,Winco Stool Softener,"Winco Foods, Llc",DOCUSATE SODIUM,100 mg/1,"CAPSULE, LIQUID FILLED",ORAL,UNKNOWN,CAT015,Others
MED120229,0363-0401,"Acetaminophen, Dextromethorphan Hbr, Doxylamine Succinate",Cold And Flu,Walgreen Company,ACETAMINOPHEN,650 mg/30mL,SOLUTION,ORAL,Antihistamine [EPC],CAT006,Respiratory
MED120248,67777-410,Lanolin,Lanashield,Dynarex Corporation,LANOLIN,50 g/100g,OINTMENT,TOPICAL,UNKNOWN,CAT015,Others
MED120254,67877-147,Temazepam,Temazepam,"Ascend Laboratories, Llc",TEMAZEPAM,30 mg/1,CAPSULE,ORAL,Benzodiazepine [EPC],CAT005,Neurology
MED120283,67877-696,Chlorthalidone,Chlorthalidone,"Ascend Laboratories, Llc",CHLORTHALIDONE,25 mg/1,TABLET,ORAL,Increased Diuresis [PE],CAT003,Diabetes
MED120304,68001-489,Abiraterone Acetate,Abiraterone,Bluepoint Laboratories,ABIRATERONE ACETATE,250 mg/1,TABLET,ORAL,Cytochrome P450 17A1 Inhibitor [EPC],CAT014,Vitamins & Supplements
MED120357,0363-0731,Petrolatum,Walgreens Baby Petroleum,Walgreen Company,PETROLATUM,100 g/100g,JELLY,TOPICAL,UNKNOWN,CAT015,Others
MED120396,68071-3143,Prednisone,Prednisone,"Nucare Pharmaceuticals,Inc.",PREDNISONE,20 mg/1,TABLET,ORAL,Corticosteroid Hormone Receptor Agonists [MoA],CAT004,Pain Management
MED120450,68071-3866,Amoxicillin And Clavulanate Potassium,Amoxicillin And Clavulanate Potassium,"Nucare Pharmaceuticals, Inc.",AMOXICILLIN,875 mg/1,"TABLET, FILM COATED",ORAL,Penicillin-class Antibacterial [EPC],CAT001,Antibiotics
MED120484,68071-4864,Pantoprazole,Pantoprazole Sodium,"Nucare Pharmaceuticals,Inc.",PANTOPRAZOLE SODIUM,40 mg/1,"TABLET, DELAYED RELEASE",ORAL,Proton Pump Inhibitor [EPC],CAT007,Gastrointestinal
MED120499,68071-5171,Chlordiazepoxide Hydrochloride,Chlordiazepoxide Hydrochloride,"Nucare Pharmaceuticals,Inc.",CHLORDIAZEPOXIDE HYDROCHLORIDE,25 mg/1,CAPSULE,ORAL,Benzodiazepine [EPC],CAT005,Neurology
MED120504,68071-5232,Doxycycline Hyclate,Doxycycline Hyclate,"Nucare Pharmaceuticals,Inc.",DOXYCYCLINE HYCLATE,100 mg/1,CAPSULE,ORAL,Tetracycline-class Drug [EPC],CAT001,Antibiotics
MED120505,68071-5235,Levothyroxine Sodium,Levothyroxine Sodium,"Nucar Pharmaceuticals,Inc.",LEVOTHYROXINE SODIUM,100 ug/1,TABLET,ORAL,Thyroxine [CS],CAT009,Oncology
MED120544,68084-618,Escitalopram Oxalate,Escitalopram,American Health Packaging,ESCITALOPRAM OXALATE,20 mg/1,"TABLET, FILM COATED",ORAL,Serotonin Reuptake Inhibitor [EPC],CAT005,Neurology
MED120584,68180-943,Testosterone,Testosterone,"Lupin Pharmaceuticals, Inc.",TESTOSTERONE,30 mg/1.5mL,SOLUTION,TOPICAL,Androgen Receptor Agonists [MoA],CAT009,Oncology
MED120608,68308-777,Tretinoin,Tretinoin (Microsphere),Mayne Pharma,TRETINOIN,.8 mg/g,GEL,TOPICAL,Retinoid [EPC],CAT008,Dermatology
MED120610,68382-006,Lamotrigine,Lamotrigine,Zydus Pharmaceuticals Usa Inc.,LAMOTRIGINE,25 mg/1,TABLET,ORAL,Anti-epileptic Agent [EPC],CAT005,Neurology
MED120615,68382-096,Hydroxychloroquine Sulfate,Hydroxychloroquine Sulfate,Zydus Pharmaceuticals Usa Inc.,HYDROXYCHLOROQUINE SULFATE,200 mg/1,"TABLET, FILM COATED",ORAL,Antimalarial [EPC],CAT001,Antibiotics
MED120628,0363-2053,"Benzocaine 20%, Menthol 0.5%",Walgreens Pain Burn Itch Relief,Walgreens,BENZOCAINE,200 mg/g,SPRAY,TOPICAL,Allergens [CS],CAT006,Respiratory
MED120629,68382-662,Spironolactone,Spironolactone,Zydus Pharmaceuticals (Usa) Inc.,SPIRONOLACTONE,100 mg/1,"TABLET, FILM COATED",ORAL,Aldosterone Antagonist [EPC],CAT003,Diabetes
MED120633,68382-750,Diltiazem Hydrochloride,Tiadylt Er,Zydus Pharmaceuticals (Usa) Inc.,DILTIAZEM HYDROCHLORIDE,420 mg/1,"CAPSULE, EXTENDED RELEASE",ORAL,Calcium Channel Antagonists [MoA],CAT003,Diabetes
MED120674,68462-534,Tacrolimus,Tacrolimus,"Glenmark Pharmaceuticals Inc., Usa",TACROLIMUS,1 mg/g,OINTMENT,TOPICAL,Calcineurin Inhibitor Immunosuppressant [EPC],CAT010,Allergy
MED120830,68788-8617,Montelukast Sodium,Montelukast Sodium,Preferred Pharmaceuticals Inc.,MONTELUKAST SODIUM,10 mg/1,"TABLET, FILM COATED",ORAL,Leukotriene Receptor Antagonist [EPC],CAT006,Respiratory
MED120859,68788-9546,Chlorhexidine Gluconate,Chlorhexidine Gluconate,"Preferred Pharmaceuticals, Inc.",CHLORHEXIDINE GLUCONATE,1.2 mg/mL,RINSE,ORAL,Decreased Cell Wall Integrity [PE],CAT001,Antibiotics
MED120998,69259-0412,Titanium Dioxide And Zinc Oxide,Bye Bye Foundation Full Coverage Moisturizer Spf 50 Medium,"It Cosmetics, Llc",TITANIUM DIOXIDE,9 g/100mL,CREAM,TOPICAL,UNKNOWN,CAT015,Others
MED121044,69367-611,Phenazopyridine Hydrochloride,Phenazopyridine Hydrochloride,"Westminster Pharmaceuticals, Llc",PHENAZOPYRIDINE HYDROCHLORIDE,100 mg/1,TABLET,ORAL,UNKNOWN,CAT015,Others
MED121077,69423-766,Stannous Fluoride,Crest Pro Health Enamel Repair And Gum Advanced Whitening,The Procter & Gamble Manufacturing Company,STANNOUS FLUORIDE,1.5 mg/g,"PASTE, DENTIFRICE",DENTAL,UNKNOWN,CAT015,Others
MED121114,69452-447,Acetaminophen And Ibuprofen,Dual Action Pain Reliever,Bionpharma Inc.,ACETAMINOPHEN,250 mg/1,"TABLET, FILM COATED",ORAL,Anti-Inflammatory Agents,CAT004,Pain Management
MED121160,69676-0012,"Alfalfa, Avena Sativa, Chamomilla, Eschscholtzia Californica, Gelsemium Sempervirens, Nux Moschata, Passiflora Incarnata, Piper Methysticum, Valeriana Officinalis",Sleepology,Genexa Inc.,ALFALFA,6 [hp_X]/1,"TABLET, CHEWABLE",ORAL,Allergens [CS],CAT006,Respiratory
MED121166,69676-0070,"Dextromethorphan Hbr, Guaifenesin",Childrens Cough And Chest Congestion,Genexa Inc.,DEXTROMETHORPHAN HYDROBROMIDE,5 mg/5mL,SUSPENSION,ORAL,Decreased Respiratory Secretion Viscosity [PE],CAT006,Respiratory
MED121183,69729-141,Pyrantel Pamoate,Vrmx 500,Opmx Llc,PYRANTEL PAMOATE,180 mg/1,TABLET,ORAL,UNKNOWN,CAT015,Others
MED121218,0363-9958,Menthol,Walgreens Cherry Cough Drops,Walgreens,MENTHOL,5.8 mg/1,LOZENGE,ORAL,UNKNOWN,CAT015,Others
MED121241,69842-776,"Docusate Sodium, Sennosides",Laxative Stool Softener,Cvs Pharmacy,DOCUSATE SODIUM,50 mg/1,TABLET,ORAL,UNKNOWN,CAT015,Others
MED121278,69968-0550,"Eucalyptol, Menthol, Unspecified Form, Methyl Salicylate, And Thymol",Listerine Cool Mint Antiseptic,Kenvue Brands Llc,EUCALYPTOL,.92 mg/mL,LIQUID,ORAL,UNKNOWN,CAT015,Others
MED121283,0378-0424,Metoprolol Tartrate And Hydrochlorothiazide,Metoprolol Tartrate And Hydrochlorothiazide,Mylan Pharmaceuticals Inc.,HYDROCHLOROTHIAZIDE,25 mg/1,TABLET,ORAL,Adrenergic beta-Antagonists [MoA],CAT003,Diabetes
MED121289,69968-0743,Titanium Dioxide,Neutrogena Healthy Skin Liquid Makeup Spf 20 - Buff 30,Kenvue Brands Llc,TITANIUM DIOXIDE,36 mg/mL,CREAM,TOPICAL,UNKNOWN,CAT015,Others
MED121292,69968-0762,Dimethicone,Aveeno Baby Daily Moisture With Coconut Oil And Shea Butter,Kenvue Brands Llc,DIMETHICONE,12 mg/mL,CREAM,TOPICAL,Skin Barrier Activity [PE],CAT008,Dermatology
MED121309,69968-0951,Sodium Fluoride,Listerine Total Care Mild Alcohol Free Anticavity Fluoride Mouthwash,Kenvue Brands Llc,SODIUM FLUORIDE,.1 mg/mL,MOUTHWASH,ORAL,UNKNOWN,CAT015,Others
MED121385,70069-516,Timolol Hemihydrate,Timolol Hemihydrate,"Somerset Therapeutics, Llc",TIMOLOL MALEATE,5 mg/mL,SOLUTION/ DROPS,OPHTHALMIC,Adrenergic beta-Antagonists [MoA],CAT003,Diabetes
MED121389,0378-2402,Trifluoperazine Hydrochloride,Trifluoperazine Hydrochloride,Mylan Pharmaceuticals Inc.,TRIFLUOPERAZINE HYDROCHLORIDE,2 mg/1,"TABLET, FILM COATED",ORAL,Phenothiazine [EPC],CAT005,Neurology
MED121391,70069-702,Timolol Maleate,Timolol Maleate,"Somerset Therapeutics, Llc",TIMOLOL MALEATE,2.5 mg/mL,SOLUTION/ DROPS,OPHTHALMIC,Adrenergic beta-Antagonists [MoA],CAT003,Diabetes
MED121404,0378-3000,Meclofenamate Sodium,Meclofenamate Sodium,Mylan Pharmaceuticals Inc.,MECLOFENAMATE SODIUM,100 mg/1,CAPSULE,ORAL,UNKNOWN,CAT015,Others
MED121417,70108-151,Ethyl Alcohol,Smart Care Vanilla Sugar Hand Sanitizer,"Ashtel Studios, Inc.",ALCOHOL,70 mL/100mL,SPRAY,TOPICAL,UNKNOWN,CAT015,Others
MED121456,70244-036,Loteprednol Etabonate,Loteprednol Etabonate,Sentiss Pharmaceuticals Llc,LOTEPREDNOL ETABONATE,5 mg/g,GEL,OPHTHALMIC,Corticosteroid Hormone Receptor Agonists [MoA],CAT004,Pain Management
MED121486,70436-023,Vancomycin Hydrochloride,Vancomycin Hydrochloride,"Slate Run Pharmaceuticals, Llc",VANCOMYCIN HYDROCHLORIDE,10 g/1,"INJECTION, POWDER, LYOPHILIZED, FOR SOLUTION",INTRAVENOUS,Glycopeptide Antibacterial [EPC],CAT001,Antibiotics
MED121510,0378-6001,Metformin,Metformin Hydrochloride,Mylan Pharmaceuticals Inc.,METFORMIN HYDROCHLORIDE,1000 mg/1,"TABLET, FILM COATED, EXTENDED RELEASE",ORAL,Biguanide [EPC],CAT002,Cardiovascular
MED121531,70518-1506,Methimazole,Methimazole,Remedyrepack Inc.,METHIMAZOLE,5 mg/1,TABLET,ORAL,Thyroid Hormone Synthesis Inhibitor [EPC],CAT009,Oncology
MED121596,70518-3848,Atorvastatin Calcium,Atorvastatin Calcium,Remedyrepack Inc.,ATORVASTATIN,80 mg/1,TABLET,ORAL,HMG-CoA Reductase Inhibitor [EPC],CAT003,Diabetes
MED121651,70518-4568,Levofloxacin,Levofloxacin,Remedyrepack Inc.,LEVOFLOXACIN,500 mg/1,"TABLET, FILM COATED",ORAL,UNKNOWN,CAT015,Others
MED121652,70518-4570,Buprenorphine Hydrochloride,Buprenorphine Hydrochloride,Remedyrepack Inc.,BUPRENORPHINE HYDROCHLORIDE,2 mg/1,TABLET,SUBLINGUAL,Partial Opioid Agonist [EPC],CAT004,Pain Management
MED121654,70518-4579,Pregabalin,Pregabalin,Remedyrepack Inc.,PREGABALIN,75 mg/1,CAPSULE,ORAL,UNKNOWN,CAT015,Others
MED121695,70677-1085,Castor Oil,Foster And Thrive Castor Oil,"Strategic Sourcing Services, Llc",CASTOR OIL,1 mg/mL,LIQUID,ORAL,UNKNOWN,CAT015,Others
MED121702,70677-1131,"Diphenhydramine Citrate, Ibuprofen",Foster And Thrive Ibuprofen Pm,Strategic Sourcing Services Llc,DIPHENHYDRAMINE CITRATE,38 mg/1,"TABLET, FILM COATED",ORAL,Anti-Inflammatory Agents,CAT004,Pain Management
MED121716,70680-304,Zinc Oxide,Raw Elements Facial Moisturizer Tint Formula 30 Spf 30 Broad Spectrum,Raw Elements Llc,ZINC OXIDE,230 mg/mL,CREAM,TOPICAL,Copper Absorption Inhibitor [EPC],CAT007,Gastrointestinal
MED121722,70700-158,Midodrine Hydrochloride,Midodrine Hydrochloride,"Xiromed, Llc",MIDODRINE HYDROCHLORIDE,5 mg/1,TABLET,ORAL,Adrenergic alpha-Agonists [MoA],CAT003,Diabetes
MED121787,70752-203,Levetiracetam,Levetiracetam,Quagen Pharmaceuticals Llc,LEVETIRACETAM,100 mg/mL,SOLUTION,ORAL,Decreased Central Nervous System Disorganized Electrical Activity [PE],CAT005,Neurology
MED121797,70756-658,Naloxone Hydrochloride,Naloxone Hydrochloride,Lifestar Pharma Llc,NALOXONE HYDROCHLORIDE,.4 mg/mL,"INJECTION, SOLUTION",INTRAMUSCULAR,Opioid Antagonist [EPC],CAT004,Pain Management
MED121804,70771-1035,Diltiazem Hydrochloride,Tiadylt Er,Zydus Lifesciences Limited,DILTIAZEM HYDROCHLORIDE,120 mg/1,"CAPSULE, EXTENDED RELEASE",ORAL,Calcium Channel Antagonists [MoA],CAT003,Diabetes
MED121806,70771-1063,Fluconazole,Fluconazole,Zydus Lifesciences Limited,FLUCONAZOLE,50 mg/1,TABLET,ORAL,Azole Antifungal [EPC],CAT001,Antibiotics
MED121813,70771-1205,Candesartan Cilexetil,Candesartan Cilexetil,Zydus Lifesciences Limited,CANDESARTAN CILEXETIL,8 mg/1,TABLET,ORAL,Angiotensin 2 Receptor Antagonists [MoA],CAT003,Diabetes
MED121817,70771-1383,Acyclovir,Acyclovir,Zydus Lifesciences Limited,ACYCLOVIR SODIUM,50 mg/mL,"INJECTION, SOLUTION",INTRAVENOUS,DNA Polymerase Inhibitors [MoA],CAT012,Ophthalmology
MED121881,70954-534,Estradiol,Estradiol,"Ani Pharmaceuticals, Inc.",ESTRADIOL,1.25 mg/1.25g,GEL,TOPICAL,Estradiol Congeners [CS],CAT009,Oncology
MED121884,70954-596,Prucalopride,Prucalopride,"Ani Pharmaceuticals, Inc.",PRUCALOPRIDE SUCCINATE,1 mg/1,TABLET,ORAL,Serotonin 4 Receptor Agonists [MoA],CAT005,Neurology
MED121892,70983-002,Menthol,Fortify,Saje Natural Business Inc.,MENTHOL,24 mg/mL,OIL,TOPICAL,UNKNOWN,CAT015,Others
MED121899,70994-202,"Calendula Officials, Stellaria Media, St. Johns Wort, Rosemary Oil, Plantago Major, Commiphora Myrrha, Comfrey Leaf, Salvia Officinalis, Sunflower Oil",Foot Care,Spry Life Llc,ACHILLEA MILLEFOLIUM FLOWER,1 [hp_X]/51.7g,SALVE,TOPICAL,UNKNOWN,CAT015,Others
MED121915,71093-139,Quetiapine,Quetiapine Extended Release,"Aci Healthcare Usa, Inc.",QUETIAPINE FUMARATE,400 mg/1,"TABLET, FILM COATED, EXTENDED RELEASE",ORAL,Atypical Antipsychotic [EPC],CAT005,Neurology
MED121957,71205-152,Terbinafine,Terbinafine,Proficient Rx Lp,TERBINAFINE HYDROCHLORIDE,251,TABLET,ORAL,Allylamine Antifungal [EPC],CAT001,Antibiotics
MED121962,71205-176,Rosuvastatin Calcium,Rosuvastatin Calcium,Proficient Rx Lp,ROSUVASTATIN CALCIUM,40 mg/1,"TABLET, FILM COATED",ORAL,HMG-CoA Reductase Inhibitor [EPC],CAT003,Diabetes
MED121982,71205-348,"Lidocaine, Menthol",Lidozen,Proficient Rx Lp,LIDOCAINE,40 mg/g,PATCH,TOPICAL,Amide Local Anesthetic [EPC],CAT004,Pain Management
MED122015,71205-787,Ibuprofen,Ibuprofen,Proficient Rx Lp,IBUPROFEN,200 mg/1,"TABLET, FILM COATED",ORAL,Anti-Inflammatory Agents,CAT004,Pain Management
MED122037,71209-055,Celecoxib,Celecoxib,Cadila Pharmaceuticals Limited,CELECOXIB,100 mg/1,CAPSULE,ORAL,Anti-Inflammatory Agents,CAT004,Pain Management
MED122060,71270-160,"Avobenzone, Homosalate, Octisalate, Octocrylene",Trader Joes Shimmer Sunscreen Broad Spectrum Spf 30,Trader Joe'S Company,AVOBENZONE,3 g/100mL,OIL,TOPICAL,UNKNOWN,CAT015,Others
MED122072,71288-201,Regadenoson,Regadenoson,Meitheal Pharmaceuticals Inc.,REGADENOSON,.08 mg/mL,"INJECTION, SOLUTION",INTRAVENOUS,Adenosine Receptor Agonists [MoA],CAT003,Diabetes
MED122103,71335-0226,Estradiol,Estradiol,Bryant Ranch Prepack,ESTRADIOL,.5 mg/1,TABLET,ORAL,Estradiol Congeners [CS],CAT009,Oncology
MED122106,71335-0270,Warfarin Sodium,Warfarin Sodium,Bryant Ranch Prepack,WARFARIN SODIUM,1 mg/1,TABLET,ORAL,Vitamin K Antagonist [EPC],CAT013,Vaccines & Biologics
MED122125,71335-0747,Indomethacin,Indomethacin,Bryant Ranch Prepack,INDOMETHACIN,50 mg/1,CAPSULE,ORAL,Anti-Inflammatory Agents,CAT004,Pain Management
MED122150,71335-1269,Gabapentin,Gabapentin,Bryant Ranch Prepack,GABAPENTIN,300 mg/1,CAPSULE,ORAL,Decreased Central Nervous System Disorganized Electrical Activity [PE],CAT005,Neurology
MED122166,71335-1611,Diltiazem Hydrochloride,Diltiazem Hydrochloride Extended-Release,Bryant Ranch Prepack,DILTIAZEM HYDROCHLORIDE,120 mg/1,"CAPSULE, COATED, EXTENDED RELEASE",ORAL,Calcium Channel Antagonists [MoA],CAT003,Diabetes
MED122191,71335-1974,Fluvoxamine Maleate,Fluvoxamine Maleate,Bryant Ranch Prepack,FLUVOXAMINE MALEATE,50 mg/1,TABLET,ORAL,Serotonin Reuptake Inhibitor [EPC],CAT005,Neurology
MED122199,71335-2083,Losartan Potassium,Losartan Potassium,Bryant Ranch Prepack,LOSARTAN POTASSIUM,100 mg/1,"TABLET, FILM COATED",ORAL,Angiotensin 2 Receptor Antagonists [MoA],CAT003,Diabetes
MED122209,71335-2200,Valsartan And Hydrochlorothiazide,Valsartan And Hydrochlorothiazide,Bryant Ranch Prepack,HYDROCHLOROTHIAZIDE,25 mg/1,"TABLET, FILM COATED",ORAL,Angiotensin 2 Receptor Antagonists [MoA],CAT003,Diabetes
MED122222,0409-1626,Butorphanol Tartrate,Butorphanol Tartrate,"Hospira, Inc.",BUTORPHANOL TARTRATE,2 mg/mL,"INJECTION, SOLUTION",INTRAMUSCULAR,Competitive Opioid Antagonists [MoA],CAT004,Pain Management
MED122240,71335-2621,Prochlorperazine Maleate,Prochlorperazine Maleate,Bryant Ranch Prepack,PROCHLORPERAZINE MALEATE,5 mg/1,"TABLET, FILM COATED",ORAL,Phenothiazine [EPC],CAT005,Neurology
MED122253,71335-2718,Scopolamine Transdermal System,Scopolamine Transdermal System,Bryant Ranch Prepack,SCOPOLAMINE,1 mg/1,"PATCH, EXTENDED RELEASE",TRANSDERMAL,Anticholinergic [EPC],CAT005,Neurology
MED122314,71335-9704,Venlafaxine,Venlafaxine,Bryant Ranch Prepack,VENLAFAXINE HYDROCHLORIDE,37.5 mg/1,TABLET,ORAL,Norepinephrine Uptake Inhibitors [MoA],CAT005,Neurology
MED122347,71494-101,Salicylic Acid,Peace Out Acne,Peace Out Llc.,SALICYLIC ACID,.5 mg/1,PATCH,TOPICAL,UNKNOWN,CAT015,Others
MED122353,71594-702,Acetaminophen 80 Mg,Firstcare Childrens Pain Fever Acetaminophen,Uspharma Ltd,ACETAMINOPHEN,80 mg/1,"TABLET, CHEWABLE",ORAL,UNKNOWN,CAT015,Others
MED122364,71610-157,Divalproex Sodium,Divalproex Sodium,"Aphena Pharma Solutions - Tennessee, Llc",DIVALPROEX SODIUM,250 mg/1,"TABLET, FILM COATED, EXTENDED RELEASE",ORAL,Anti-epileptic Agent [EPC],CAT005,Neurology
MED122379,71610-516,Meloxicam,Meloxicam,"Aphena Pharma Solutions - Tennessee, Llc",MELOXICAM,7.5 mg/1,TABLET,ORAL,Anti-Inflammatory Agents,CAT004,Pain Management
MED122385,71610-584,Celecoxib,Celecoxib,"Aphena Pharma Solutions - Tennessee, Llc",CELECOXIB,200 mg/1,CAPSULE,ORAL,Anti-Inflammatory Agents,CAT004,Pain Management
MED122476,71872-7147,Dexamethasone Sodium Phosphate,Dexamethasone Sodium Phosphate,"Medical Purchasing Solutions, Llc",DEXAMETHASONE SODIUM PHOSPHATE,4 mg/mL,"INJECTION, SOLUTION",INTRA-ARTICULAR,Corticosteroid Hormone Receptor Agonists [MoA],CAT004,Pain Management
MED122523,71921-146,Acyclovir,Acyclovir,"Florida Pharmaceutical Products, Llc",ACYCLOVIR,200 mg/1,CAPSULE,ORAL,DNA Polymerase Inhibitors [MoA],CAT012,Ophthalmology
MED122524,71921-166,Doxepin Hydrochloride,Doxepin Hydrochloride,"Florida Pharmaceutical Products, Llc",DOXEPIN HYDROCHLORIDE,100 mg/1,CAPSULE,ORAL,Tricyclic Antidepressant [EPC],CAT005,Neurology
MED122526,71921-182,Ibuprofen,Ibuprofen,"Florida Pharmaceutical Products, Llc",IBUPROFEN,800 mg/1,"TABLET, FILM COATED",ORAL,Anti-Inflammatory Agents,CAT004,Pain Management
MED122537,0456-2280,Levomilnacipran Hydrochloride,Fetzima,"Allergan, Inc.",LEVOMILNACIPRAN HYDROCHLORIDE,80 mg/1,"CAPSULE, EXTENDED RELEASE",ORAL,Norepinephrine Uptake Inhibitors [MoA],CAT005,Neurology
MED122550,72036-194,Cetirizine Hydrochloride,Allergy Relief,Harris Teeter,CETIRIZINE HYDROCHLORIDE,10 mg/1,"TABLET, COATED",ORAL,Histamine H1 Receptor Antagonists [MoA],CAT006,Respiratory
MED122573,72162-1048,Adapalene,Adapalene,Bryant Ranch Prepack,ADAPALENE,1 mg/g,CREAM,TOPICAL,Retinoid [EPC],CAT008,Dermatology
MED122580,72162-1233,Dextroamphetamine Sulfate,Dextroamphetamine Sulfate,Bryant Ranch Prepack,DEXTROAMPHETAMINE SULFATE,5 mg/1,TABLET,ORAL,Central Nervous System Stimulant [EPC],CAT005,Neurology
MED122611,72162-1690,Meclizine Hydrochloride,Meclizine Hydrochloride,Bryant Ranch Prepack,MECLIZINE HYDROCHLORIDE,12.5 mg/1,TABLET,ORAL,Antiemetic [EPC],CAT007,Gastrointestinal
MED122670,72162-2651,Paliperidone,Paliperidone,Bryant Ranch Prepack,PALIPERIDONE,9 mg/1,"TABLET, EXTENDED RELEASE",ORAL,Atypical Antipsychotic [EPC],CAT005,Neurology
MED122686,72189-269,Pregabalin,Pregabalin,Direct_Rx,PREGABALIN,25 mg/1,CAPSULE,ORAL,UNKNOWN,CAT015,Others
MED122705,72189-547,Metoprolol Succinate Er,Metoprolol Succinate Er,Direct_Rx,METOPROLOL SUCCINATE,50 mg/1,"TABLET, EXTENDED RELEASE",ORAL,Adrenergic beta-Antagonists [MoA],CAT003,Diabetes
MED122719,72189-647,Allopurinol,Allopurinol,Direct_Rx,ALLOPURINOL,300 mg/1,TABLET,ORAL,Xanthine Oxidase Inhibitor [EPC],CAT003,Diabetes
MED122734,0480-9737,Lisdexamfetamine Dimesylate,Lisdexamfetamine Dimesylate,"Teva Pharmaceuticals, Inc.",LISDEXAMFETAMINE DIMESYLATE,10 mg/1,"TABLET, CHEWABLE",ORAL,Central Nervous System Stimulant [EPC],CAT005,Neurology
MED122778,72288-321,"Famotidine, Calcium Carbonate And Magnesium Hydroxide",Basic Care Dual Action Complete,Amazon.Com Services Llc,CALCIUM CARBONATE,800 mg/1,"TABLET, CHEWABLE",ORAL,Calculi Dissolution Agent [EPC],CAT007,Gastrointestinal
MED122790,72288-901,Loratadine,Basic Care Childrens Allergy Relief,Amazon.Com Services Llc,LORATADINE,5 mg/1,"TABLET, CHEWABLE",ORAL,UNKNOWN,CAT015,Others
MED122828,72449-312,Lip Balm Spf15 Tropical Punch Flavored,Lip Balm Spf15 Tropical Punch Flavored,Ls Promotions Inc,AVOBENZONE,2 g/100g,LIPSTICK,TOPICAL,UNKNOWN,CAT015,Others
MED122845,72476-197,"Acetaminophen, Dextromethorphan Hydrobromide, Guaifenesin, And Phenylephrine Hydrochloride",Cold Flu And Sore Throat,"Retail Business Services , Llc.",ACETAMINOPHEN,325 mg/1,"TABLET, COATED",ORAL,Adrenergic alpha1-Agonists [MoA],CAT003,Diabetes
MED122847,72476-439,Ethyl Alcohol,Advanced Hand Sanitizer,"Retail Business Services, Llc",ALCOHOL,70 mL/100mL,GEL,TOPICAL,UNKNOWN,CAT015,Others
MED122854,0517-5601,Hydroxyzine Hydrochloride,Hydroxyzine Hydrochloride,"American Regent, Inc.",HYDROXYZINE DIHYDROCHLORIDE,50 mg/mL,"INJECTION, SOLUTION",INTRAMUSCULAR,Antihistamine [EPC],CAT006,Respiratory
MED122922,72603-590,Naloxone Hydrochloride,Naloxone Hydrochloride,Northstar Rxllc,NALOXONE HYDROCHLORIDE,.4 mg/mL,"INJECTION, SOLUTION",INTRAMUSCULAR,Opioid Antagonist [EPC],CAT004,Pain Management
MED122951,72628-108,Menthol,Menthol Vapor Cough Drops,"Boston Nutraceutical Production, S.L",MENTHOL,20 mg/1,PASTILLE,ORAL,UNKNOWN,CAT015,Others
MED123009,72789-494,Nifedipine,Nifedipine,"Pd-Rx Pharmaceuticals, Inc.",NIFEDIPINE,60 mg/1,"TABLET, FILM COATED, EXTENDED RELEASE",ORAL,Calcium Channel Antagonists [MoA],CAT003,Diabetes
MED123033,72839-515,"Avobenzone 3%, Homosalate 10%, Octocrylene 6%",Rubber Ducky Spf 50 Unfragranced Sunscreen,"Derma Care Research Labs, Llc",AVOBENZONE,3 g/100g,LOTION,TOPICAL,UNKNOWN,CAT015,Others
MED123059,72865-246,Levothyroxine Sodium,Levothyroxine Sodium,"Xlcare Pharmaceuticals, Inc.",LEVOTHYROXINE SODIUM,.2 mg/1,TABLET,ORAL,Thyroxine [CS],CAT009,Oncology
MED123086,72888-224,Guanfacine,Guanfacine,Advagen Pharma Limited,GUANFACINE HYDROCHLORIDE,1 mg/1,"TABLET, EXTENDED RELEASE",ORAL,Adrenergic alpha2-Agonists [MoA],CAT003,Diabetes
MED123106,72987-001,Oxygen,Oxygen,"Accurate Healthcare, Inc.",OXYGEN,99 L/100L,GAS,RESPIRATORY (INHALATION),UNKNOWN,CAT015,Others
MED123151,73190-068,Deflazacort,Deflazacort,Avkare,DEFLAZACORT,6 mg/1,TABLET,ORAL,Corticosteroid Hormone Receptor Agonists [MoA],CAT004,Pain Management
MED123158,73234-037,Sodium Monofluorophosphate,United Asutra Tc Kit Colgate,"Ming Fai Enterprise (Cambodia) Co., Ltd",UNKNOWN,UNKNOWN,KIT,UNKNOWN,UNKNOWN,CAT015,Others
MED123159,73242-1112,Sodium Monofluorophosphate,Cloveden Tooth,"Dong Il Pharms Co.,Ltd",SODIUM MONOFLUOROPHOSPHATE,.76 g/100g,"PASTE, DENTIFRICE",ORAL,UNKNOWN,CAT015,Others
MED123168,73288-005,Bacitracin Zinc,First Aid Antibiotic,"Ningbo Tianbo First Aid Product Co., Ltd.",BACITRACIN ZINC,400 [USP'U]/g,OINTMENT,TOPICAL,Aminoglycoside Antibacterial [EPC],CAT001,Antibiotics
MED123193,0536-1443,Clotrimazole,Clotrimazole,"Rugby Laboratories, Inc.",CLOTRIMAZOLE,1 g/100mL,SOLUTION,TOPICAL,Azole Antifungal [EPC],CAT001,Antibiotics
MED123207,73517-427,Zinc Oxide,Pipette Diaper Rash,"Amyris, Inc",ZINC OXIDE,14 g/100mL,CREAM,TOPICAL,Copper Absorption Inhibitor [EPC],CAT007,Gastrointestinal
MED123248,73684-300,Dexchlorpheniramine Maleate,Corphena,Blucrest Pharmaceuticals Llc,DEXCHLORPHENIRAMINE MALEATE,2 mg/5mL,SOLUTION,ORAL,UNKNOWN,CAT015,Others
MED123249,0548-5711,Medroxyprogesterone Acetate,Medroxyprogesterone Acetate,"Amphastar Pharmaceuticals, Inc.",MEDROXYPROGESTERONE ACETATE,150 mg/mL,"INJECTION, SUSPENSION, EXTENDED RELEASE",INTRAMUSCULAR,Progesterone Congeners [CS],CAT009,Oncology
MED123341,75854-309,"Ascorbic Acid, Cholecalciferol, .Alpha.-Tocopherol Acetate, Dl-, Folic Acid, Pyridoxine Hydrochloride, Cyanocobalamin, Biotin, Calcium Carbonate, Ferrous Fumarate, Magnesium Oxide, Lactic Acid And Doconexent",Prenate Enhance,"Avion Pharmaceuticals, Llc",".ALPHA.-TOCOPHEROL ACETATE, DL-",10 [iU]/1,"CAPSULE, GELATIN COATED",ORAL,Analogs/Derivatives [Chemical/Ingredient],CAT014,Vitamins & Supplements
MED123353,0573-0170,Ibuprofen,Childrens Advil,Haleon Us Holdings Llc,IBUPROFEN,100 mg/5mL,SUSPENSION,ORAL,Anti-Inflammatory Agents,CAT004,Pain Management
MED123388,76162-409,Guaifenesin,Topcare Mucus Er,Topco Associates Llc,GUAIFENESIN,1200 mg/1,"TABLET, MULTILAYER, EXTENDED RELEASE",ORAL,Decreased Respiratory Secretion Viscosity [PE],CAT006,Respiratory
MED123394,76162-761,Docusate Sodium,Topcare Stool Softener,Topco Associates Llc,DOCUSATE SODIUM,100 mg/1,"CAPSULE, LIQUID FILLED",ORAL,UNKNOWN,CAT015,Others
MED123397,0573-1912,Petrolatum,Chapstick Classic Spearmint,Haleon Us Holdings Llc,PETROLATUM,450 mg/g,STICK,TOPICAL,UNKNOWN,CAT015,Others
MED123420,76282-417,Lisinopril,Lisinopril,Exelan Pharmaceuticals Inc.,LISINOPRIL,2.5 mg/1,TABLET,ORAL,Angiotensin Converting Enzyme Inhibitor [EPC],CAT003,Diabetes
MED123430,76282-729,Lisinopril,Lisinopril,"Exelan Pharmaceuticals, Inc",LISINOPRIL,5 mg/1,TABLET,ORAL,Angiotensin Converting Enzyme Inhibitor [EPC],CAT003,Diabetes
MED123456,76354-536,"Zinc Oxide, Titanium Dioxide, Homosalate, Octisalate, Octocrylene",E L F Camo Semi Matte Cc Spf 30 Tan 460 W,"E.L.F. Cosmetics, Inc.",HOMOSALATE,50 mg/g,CREAM,TOPICAL,Copper Absorption Inhibitor [EPC],CAT007,Gastrointestinal
MED123517,76420-734,Tramadol Hydrochloride,Tramadol Hydrochloride,"Asclemed Usa, Inc.",TRAMADOL HYDROCHLORIDE,100 mg/1,"TABLET, COATED",ORAL,Full Opioid Agonists [MoA],CAT004,Pain Management
MED123541,76420-912,Nortriptyline Hydrochloride,Nortriptyline Hydrochloride,"Asclemed Usa, Inc.",NORTRIPTYLINE HYDROCHLORIDE,50 mg/1,CAPSULE,ORAL,Tricyclic Antidepressant [EPC],CAT005,Neurology
MED123545,76451-118,Fludeoxyglucose F18,Fludeoxyglucose F18,3D Imaging Drug Design And Development Llc,FLUDEOXYGLUCOSE F-18,300 mCi/mL,INJECTION,INTRAVENOUS,Radioactive Diagnostic Agent [EPC],CAT014,Vitamins & Supplements
MED123546,76457-003,Bisacodyl,Simpex Bisacodyl Laxative,Simpex Pharma Pvt. Ltd,BISACODYL,5 mg/1,"TABLET, COATED",ORAL,Increased Large Intestinal Motility [PE],CAT007,Gastrointestinal
MED123610,78863-2700,"Allantoin, Titanium Dioxide, Octocrylene, And Avobenzone",Noon Cartessa Accelerate Program,Noon Aesthetics M.R. Ltd,UNKNOWN,UNKNOWN,KIT,UNKNOWN,UNKNOWN,CAT015,Others
MED123622,79396-000,Alcohol,Hand Sanitizer,Bozzano Group,ALCOHOL,.65 mL/mL,GEL,TOPICAL,UNKNOWN,CAT015,Others
MED123635,79481-0319,Hydrocortisone,Anti Itch,"Meijer, Inc.",HYDROCORTISONE,1 g/100g,CREAM,TOPICAL,Corticosteroid Hormone Receptor Agonists [MoA],CAT004,Pain Management
MED123639,79481-0591,Meijer Athletes Foot Liquid Spray,Tolnaftate,Meijer Distribution Inc.,TOLNAFTATE,1.5 g/150g,"AEROSOL, SPRAY",TOPICAL,UNKNOWN,CAT015,Others
MED123643,79481-0828,"Acetaminophen, Dextromethorphan Hydrobromide, Doxylamine Succinate",Meijer Nighttime Cold And Flu Softgel,"Meijer, Inc.",ACETAMINOPHEN,325 mg/1,"CAPSULE, LIQUID FILLED",ORAL,Antihistamine [EPC],CAT006,Respiratory
MED123650,79481-6285,Allantoin 0.5%,Meijer Scar Gel,Meijer,ALLANTOIN,.5 g/100g,GEL,TOPICAL,UNKNOWN,CAT015,Others
MED123680,79903-208,Salicylic Acid 2%,Oil Free Daily Face Eqb,Walmart,SALICYLIC ACID,2 g/100mL,LIQUID,TOPICAL,UNKNOWN,CAT015,Others
MED123738,80425-0165,Zolpidem Tartrate,Zolpidem Tartrate,"Advanced Rx Pharmacy Of Tennessee, Llc",ZOLPIDEM TARTRATE,5 mg/1,TABLET,ORAL,Central Nervous System Depression [PE],CAT005,Neurology
MED123754,80425-0377,Sucralfate,Sucralfate,"Advanced Rx Pharmacy Of Tennessee, Llc",SUCRALFATE,1 g/1,TABLET,ORAL,Aluminum Complex [EPC],CAT014,Vitamins & Supplements
MED123770,80425-0587,Ibuprofen And Famotidine,Ibuprofen And Famotidine,"Advanced Rx Of Tennessee, Llc",FAMOTIDINE,26.6 mg/1,TABLET,ORAL,Anti-Inflammatory Agents,CAT004,Pain Management
MED123843,0615-8138,Topiramate,Topiramate,"Ncs Healthcare Of Ky, Llc Dba Vangard Labs",TOPIRAMATE,25 mg/1,"TABLET, FILM COATED",ORAL,Cytochrome P450 2C19 Inhibitors [MoA],CAT014,Vitamins & Supplements
MED123867,81428-073,Isopropyl Alcohol,Travel Wipes,Singular Enterprises Llc,ISOPROPYL ALCOHOL,70 mL/100mL,CLOTH,TOPICAL,UNKNOWN,CAT015,Others
MED123889,81683-025,"Methyl Salicylate, Menthol, Capsaicin",Rocksauce Fiery Hot Pain Relief,"Implus Footcare, Llc",CAPSAICIN,.00005 g/2.45mL,CREAM,TOPICAL,UNKNOWN,CAT015,Others
MED123892,81740-003,Sodium Fluoride,Auraglow Whitening,Auraglow Llc,SODIUM FLUORIDE,2.3 mg/g,"PASTE, DENTIFRICE",DENTAL,UNKNOWN,CAT015,Others
MED123896,0615-8265,Risperidone,Risperidone,"Ncs Healthcare Of Ky, Llc Dba Vangard Labs",RISPERIDONE,3 mg/1,TABLET,ORAL,Atypical Antipsychotic [EPC],CAT005,Neurology
MED123901,81877-620,Methyl Salicylate,Methyl Salicylate 40% Topical Oil,Forreal Pharmaceuticals Llc,METHYL SALICYLATE,40 g/100mL,LIQUID,TOPICAL,UNKNOWN,CAT015,Others
MED123904,81899-035,Zinc Oxide,Sunnydays Broad Spectrum Spf 30 Tinted Sunscreen 35 Point Dume,Tower 28,ZINC OXIDE,126 mg/mL,LOTION,TOPICAL,UNKNOWN,CAT015,Others
MED123960,82168-003,Professional Choice Toothpaste,Professional Choice,"Guangzhou City Caiye Cosmetics Co., Ltd",SODIUM MONOFLUOROPHOSPHATE,.76 g/100g,"PASTE, DENTIFRICE",DENTAL,UNKNOWN,CAT015,Others
MED124014,82594-001,Salicylic Acid 3%,Scalp Revival,"Beccair, Llc",SALICYLIC ACID,3 g/100mL,SHAMPOO,TOPICAL,UNKNOWN,CAT015,Others
MED124043,82706-008,Acetaminophen,Notts - Muscle Aches And Pain,Vivunt Pharma Llc,ACETAMINOPHEN,650 mg/1,TABLET,ORAL,UNKNOWN,CAT015,Others
MED124076,82804-111,Pioglitazone,Pioglitazone,Proficient Rx Lp,PIOGLITAZONE HYDROCHLORIDE,30 mg/1,TABLET,ORAL,Peroxisome Proliferator Receptor alpha Agonist [EPC],CAT003,Diabetes
MED124106,0615-8586,Divalproex Sodium,Divalproex Sodium,"Ncs Healthcare Of Ky, Llc Dba Vangard Labs",DIVALPROEX SODIUM,125 mg/1,"TABLET, DELAYED RELEASE",ORAL,Anti-epileptic Agent [EPC],CAT005,Neurology
MED124153,82968-003,Tadalafil,Tadalafil,Fourrts (India) Laboratories Private Limited,TADALAFIL,10 mg/1,"TABLET, FILM COATED",ORAL,Phosphodiesterase 5 Inhibitor [EPC],CAT003,Diabetes
MED124156,82969-1031,Potassium Dichromate,Bestmade Natural Products Potassium Dichromate Kali Dichrom (Kali Bich),Bestmade Natural Products,POTASSIUM DICHROMATE,6 [hp_X]/6[hp_X],"TABLET, SOLUBLE",ORAL,UNKNOWN,CAT015,Others
MED124164,82969-2012,"Abies Nigd5, Anti Crudd8, Condurangod4, Lycopodiumd5, Nux Vomicad5, Ornithogalumd4, Symphytumd4",Bestmade Natural Products,Bestmade Natural Products,ANTIMONY TRISULFIDE,30 [hp_C]/30[hp_C],LIQUID,ORAL,Allergens [CS],CAT006,Respiratory
MED124174,82969-2100,"Agraphis Nutans, Castoreum, Formica Rufa, Lemna Minor, Sanguinaria Nitricum, Sticta Pul, Teucrium Marum, Thuja",Bestmade Natural Products Bm100,Bestmade Natural Products,CASTOR CANADENSIS SCENT GLAND SECRETION,30 [hp_C]/30[hp_C],LIQUID,ORAL,UNKNOWN,CAT015,Others
MED124195,82969-2493,"Apis Mell, Ars Alb, Berb Vulg, Hellebore, Lycopodium",Bm Bm193 Drops,Total Operations Management Llc Dba:Bestmade Natural Products Micro,APIS MELLIFERA,5 [hp_X]/mL,LIQUID,ORAL,Allergens [CS],CAT006,Respiratory
MED124208,82969-5031,Carbo Animalis,Bestmade Natural Products Carbo Ani,Bestmade Natural Products,CARBO ANIMALIS,30 [hp_C]/30[hp_C],"TABLET, SOLUBLE",ORAL,UNKNOWN,CAT015,Others
MED124219,82969-5093,Silicea,Bestmade Natural Products Silicea,Bestmade Natural Products,SILICA,30 [hp_C]/30[hp_C],"TABLET, SOLUBLE",ORAL,UNKNOWN,CAT015,Others
MED124222,82969-5103,Zyncum Metallicum,Bestmade Natural Products Zyncum Met,Bestmade Natural Products,ZINC,30 [hp_C]/30[hp_C],"TABLET, SOLUBLE",ORAL,UNKNOWN,CAT015,Others
MED124223,82969-5119,Carbo Vegetabilis 3X (Hpus),Bestmade Natural Products Carbo Veg 3X,Bestmade Natural Products,ACTIVATED CHARCOAL,3 [hp_X]/62.5mg,TABLET,ORAL,UNKNOWN,CAT015,Others
MED124290,83170-003,Povidone Iodine Prep Pad,Povidone Iodine Prep Pad,Hua Jing Medical Supplies Inc.,POVIDONE-IODINE,10 mg/100mg,CLOTH,TOPICAL,UNKNOWN,CAT015,Others
MED124295,83173-138,Calcium Carbonate,Mgc Health Calcium Carbonate Antacid Tropical Fruit,Medical Group Care Llc,CALCIUM CARBONATE,1000 mg/1,TABLET,ORAL,Blood Coagulation Factor [EPC],CAT003,Diabetes
MED124299,83247-2764,Zinc Oxide,Iris And Romeo Weekend Skin Moisture Lip Balm - Suede,Iris And Romeo,ZINC OXIDE,110 mg/mL,LOTION,TOPICAL,UNKNOWN,CAT015,Others
MED124312,83257-009,Bevacizumab-Nwgd,Jobevne,Biocon Biologics Inc.,BEVACIZUMAB,25 mg/mL,INJECTION,INTRAVASCULAR,Vascular Endothelial Growth Factor Inhibitor [EPC],CAT010,Allergy
MED124343,83324-170,Magnesium Citrate,Magnesium Citrate,Chain Drug Marketing Association,MAGNESIUM CITRATE,1.745 g/29.6mL,LIQUID,ORAL,Calculi Dissolution Agent [EPC],CAT007,Gastrointestinal
MED124349,83324-233,Athletes Foot Powder Spray Talc Free,Miconazole Nitrate,Chain Drug Marketing Association,MICONAZOLE NITRATE,20 mg/g,"AEROSOL, POWDER",TOPICAL,Azole Antifungal [EPC],CAT001,Antibiotics
MED124361,83385-001,"Echinacea Purpurea, Wood Creosote, Thuja Occidentalis Leafy Twig",Organic And Plant-Based Vulvovaginal Care,Momotaro Apotheca Llc,ECHINACEA PURPUREA,12 [hp_X]/1,SUPPOSITORY,VAGINAL,UNKNOWN,CAT015,Others
MED124399,83676-436,"Capsaicin, Menthol",Pure Ease Neur Cream Instant Deep Pain Relief,"Serenu, Inc.",CAPSAICIN,.25 mg/mL,CREAM,TOPICAL,UNKNOWN,CAT015,Others
MED124416,83729-110,Anticavity Mouthwash,Ortho Super Mint Fluoride Mouthwash,"Supermouth, Llc.",SODIUM FLUORIDE,.002 mg/10mL,LIQUID,DENTAL,UNKNOWN,CAT015,Others
MED124420,83787-103,Berdazimer,Zelsuvmi,"Lnhc, Inc.",UNKNOWN,UNKNOWN,KIT,UNKNOWN,UNKNOWN,CAT015,Others
MED124463,84035-002,Sodium Fluoride 0.24%,Dentalclean Regenerator Sensitive Dental Gel With Flouride,Rabbit Indstria E Comrcio De Produtos De Higiene Pessoal Ltda,SODIUM FLUORIDE,2.4 mg/g,"PASTE, DENTIFRICE",DENTAL,UNKNOWN,CAT015,Others
MED124521,0713-5421,Zolpidem Tartrate,Ambien,"Cosette Pharmaceuticals, Inc.",ZOLPIDEM TARTRATE,10 mg/1,"TABLET, FILM COATED",ORAL,Central Nervous System Depression [PE],CAT005,Neurology
MED124526,84165-003,Lidocaine,Lidocaine Pain Relief Gel Roll-On,"Guangzhou Zhupuyou E-Commerce Co., Ltd",LIDOCAINE,.04 g/mL,GEL,TOPICAL,Amide Local Anesthetic [EPC],CAT004,Pain Management
MED124599,84549-370,Vasopressin,Vasopressin,Propharma Distribution,VASOPRESSIN,20 [USP'U]/mL,INJECTION,INTRAVENOUS,UNKNOWN,CAT015,Others
MED124636,84724-0001,Spray Antiperspirant Odaban,Antiperspirant Odaban,Archifox Gmbh & Co. Kg,ALUMINUM CHLORIDE,4.35 mg/30mL,SPRAY,TOPICAL,UNKNOWN,CAT015,Others
MED124715,85163-006,Glycerin,Ouhoe Ultra Anti-Acne Control Gel,"Shantou Ouhoe Technology Co., Ltd.",CERAMIDE NP,.004 mg/20mg,GEL,TOPICAL,UNKNOWN,CAT015,Others
MED124720,85206-002,Glycerin,Nail Fungus Treatment,"Tt Beauty Trading Co., Ltd.",JOJOBA OIL,.006 mg/30mg,LIQUID,TOPICAL,UNKNOWN,CAT015,Others
MED124722,85206-006,Glycerin,Nail Treatment Repairing Liquid,"Tt Beauty Trading Co., Ltd.",PRUNUS AMYGDALUS DULCIS (SWEET ALMOND) OIL,2.1 mg/30mg,LIQUID,TOPICAL,UNKNOWN,CAT015,Others
MED124726,85237-1841,"Acetaminophen, Caffeine, And Pyrilamine Maleate",Midol Complete,Select Consumer Group,ACETAMINOPHEN,500 mg/1,TABLET,ORAL,Central Nervous System Stimulant [EPC],CAT005,Neurology
MED124755,85261-601,Tolnaftate,Hermon Antifungal Bar,"Haikou Pucao Trading Co.,Ltd",TOLNAFTATE,1 g/100g,SOAP,TOPICAL,UNKNOWN,CAT015,Others
MED124758,85282-111,Zinc Oxide,"Merit The Uniform Tinted Mineral Sunscreen Broad Spectrum Spf 45 24 Ecru, Ochre",Power Beauty Co.,ZINC OXIDE,15 g/100mL,CREAM,TOPICAL,UNKNOWN,CAT015,Others
MED124781,85321-001,Sunscreen,Karyng Complete Spf Sunscreen Light/Medium,Karyng Llc,TITANIUM DIOXIDE,5.75 g/100g,CREAM,TOPICAL,UNKNOWN,CAT015,Others
MED124805,85384-0011,Allantoin,Bed Sore And Wound Healing Cream,Tagrid Llc,ALLANTOIN,5 mg/g,CREAM,TOPICAL,UNKNOWN,CAT015,Others
MED124847,85509-1203,Naproxen And Esomeprazole Magnesium,Naproxen And Esomeprazole Magnesium,Phoenix Rx Llc,ESOMEPRAZOLE MAGNESIUM,20 mg/1,"TABLET, DELAYED RELEASE",ORAL,Anti-Inflammatory Agents,CAT004,Pain Management
MED124856,0781-8201,Cladribine,Cladribine,Sandoz Inc.,CLADRIBINE,10 mg/1,TABLET,ORAL,Purine Antimetabolite [EPC],CAT012,Ophthalmology
MED124891,0781-9413,Ampicillin Sodium,Ampicillin,Sandoz Inc,AMPICILLIN SODIUM,2 g/1,"INJECTION, POWDER, FOR SOLUTION",INTRAVENOUS,Penicillin-class Antibacterial [EPC],CAT001,Antibiotics
MED124956,85786-206,Levocetirizine Dihydrochloride,Levocetirizine Dihydrochloride,Farmacias De Similares Tx Llc,LEVOCETIRIZINE DIHYDROCHLORIDE,5 mg/1,"TABLET, FILM COATED",ORAL,Histamine H1 Receptor Antagonists [MoA],CAT006,Respiratory
MED124966,85816-2210,"Alumina, Bryonia, Colocynthis, China Off, Lycopodium, Thuja Occ, Nux Vom",Merc Corr,Bm Private Limited,ALUMINA,30 [hp_X]/mL,LIQUID,ORAL,Allergens [CS],CAT006,Respiratory
MED124993,85939-212,"Titanium Dioxide, Zinc Oxide",Tinted Mineral Lip Sunscreen,Oraios Beauty Llc,TITANIUM DIOXIDE,40 mg/g,STICK,TOPICAL,UNKNOWN,CAT015,Others
MED125039,87130-001,"Reishi, Schisandra Chinensis Seed, Maritime Pine",Newskin Whole-Layer Repair Serum Powder For Post-Aesthetic Skin,Japan Medical Biotechnology Limited,MARITIME PINE,120 mg/6g,POWDER,ORAL,UNKNOWN,CAT015,Others
MED125059,87236-014,Clotrimazole Usp1%,Clotrimazole Cream,Aldermed Inc.,CLOTRIMAZOLE,1 g/100g,CREAM,TOPICAL,Azole Antifungal [EPC],CAT001,Antibiotics
MED125065,87247-017,Ethyl Alcohol,Sour Lemon 2 Pc Hand Sanitizer With Stickers - Salted Caramel And Souffle Vanilla Scent,Diamond Life Cosmetics Trading Fzco,UNKNOWN,UNKNOWN,KIT,UNKNOWN,UNKNOWN,CAT015,Others
MED125088,87278-003,Lidocaine 4%,4% Lidocaine Pain Relief Patch,"Guangxi Keyun E-Commerce Co., Ltd.",LIDOCAINE,.04 g/1,PATCH,TRANSDERMAL,Amide Local Anesthetic [EPC],CAT004,Pain Management
MED125109,87415-100,Salicylic Acid Spot,The Acne Spot Treatment,"Spotless, Inc.",SALICYLIC ACID,2 g/100g,GEL,TOPICAL,UNKNOWN,CAT015,Others
MED125114,0904-6312,Dextromethorphan Polistirex,Cough Dm,Major Pharmaceuticals,DEXTROMETHORPHAN HYDROBROMIDE,30 mg/5mL,SUSPENSION,ORAL,Sigma-1 Agonist [EPC],CAT005,Neurology
MED125135,87569-001,"Avobenzone, Homosalate, Octisalate, Octocrylene Sunscreen",Zenskin Watery Dew Nia-Cica Sunscreen,Zenskin Co. Ltd.,AVOBENZONE,3 mg/100mL,CREAM,TOPICAL,UNKNOWN,CAT015,Others
MED125138,87596-006,Hand Sanitizer,Frankly Real Organics Purple Reign Clean Mist Hand Sanitizer Lavender Sandalwood,"Frankly Real Company, Llc",ALCOHOL,62 mL/100mL,SPRAY,TOPICAL,UNKNOWN,CAT015,Others
MED125152,87786-002,Undecylenic Acid 25% Fungal Nail Repair Pen,Wkpiki Fungal Nail Repair Pen,"Wenzhou Yuyuan Pharmaceutical Co., Ltd.",UNDECYLENIC ACID,25 g/100mL,LIQUID,TOPICAL,UNKNOWN,CAT015,Others
MED125197,0904-6642,Quetiapine,Quetiapine,Major Pharmaceuticals,QUETIAPINE FUMARATE,300 mg/1,"TABLET, FILM COATED",ORAL,Atypical Antipsychotic [EPC],CAT005,Neurology
MED125385,0904-7052,Doxepin Hydrochloride,Doxepin Hydrochloride,Major Pharmaceuticals,DOXEPIN HYDROCHLORIDE,10 mg/1,CAPSULE,ORAL,Tricyclic Antidepressant [EPC],CAT005,Neurology
MED125500,17088-0184,Siponimod,Siponimod,Novartis Pharma Stein Ag,SIPONIMOD,1 mg/1,"TABLET, FILM COATED",UNKNOWN,UNKNOWN,CAT015,Others
MED125629,0904-7464,Lacosamide,Lacosamide,Major Pharmaceuticals,LACOSAMIDE,100 mg/10mL,SOLUTION,ORAL,Decreased Central Nervous System Disorganized Electrical Activity [PE],CAT005,Neurology
MED125790,46014-6060,Uptravi,Uptravi,Excella Gmbh & Co. Kg,SELEXIPAG,.6 mg/1,CAPSULE,UNKNOWN,UNKNOWN,CAT015,Others
MED126438,10210-0088,"Camphor (Synthetic), White Petrolatum, Octinoxate, Oxybenzone",Carmex Variety Pack Classic Medicated Lip Balm Lip Balm Spf 15,"Carma Laboratories, Inc.",UNKNOWN,UNKNOWN,KIT,UNKNOWN,UNKNOWN,CAT015,Others
MED126970,10742-7002,Dimethicone,"Softlips Cherry, Raspberry, Vanilla",The Mentholatum Company,DIMETHICONE,20 mg/g,STICK,TOPICAL,Skin Barrier Activity [PE],CAT008,Dermatology
MED127059,10893-600,Sulfur,Naturasil Sulfur-Lavender,"Nature'S Innovation, Inc.",SULFUR,1 [hp_X]/g,SOAP,TOPICAL,UNKNOWN,CAT015,Others
MED127221,11084-802,Alcohol,Alcare Or Foamed Antiseptic Handrub,"Sc Johnson Professional Usa, Inc.",ALCOHOL,62 g/100g,"AEROSOL, FOAM",TOPICAL,UNKNOWN,CAT015,Others
MED127575,11701-063,Dimethicone,Sween 24,Coloplast Corp,"DIMETHICONE, UNSPECIFIED",60 mg/g,CREAM,TOPICAL,Skin Barrier Activity [PE],CAT008,Dermatology
MED127582,11797-156,Fondaparinux Sodium,Fondaparinux Sodium,Italfarmaco S.P.A,FONDAPARINUX SODIUM,7.5 mg/.6mL,"INJECTION, SOLUTION",SUBCUTANEOUS,Factor Xa Inhibitor [EPC],CAT003,Diabetes
MED127641,12546-116,Menthol,Halls Mentholyptus,Mondelez Global Llc,MENTHOL,5.4 mg/1,LOZENGE,ORAL,UNKNOWN,CAT015,Others
MED127675,13668-429,Pantoprazole Sodium,Pantoprazole Sodium,Torrent Pharmaceuticals Limited,PANTOPRAZOLE SODIUM,40 mg/1,"TABLET, DELAYED RELEASE",ORAL,Proton Pump Inhibitor [EPC],CAT007,Gastrointestinal
MED127686,13668-722,Rosuvastatin Calcium,Rosuvastatin Calcium,Torrent Pharmaceuticals Limited,ROSUVASTATIN CALCIUM,20 mg/1,TABLET,ORAL,HMG-CoA Reductase Inhibitor [EPC],CAT003,Diabetes
MED127712,14141-339,"Octinoxate, Zinc Oxide",Lbel Forever Matte Base Control Brillo Y Larga Duracion 48H Fps 15 Control And Longwear Foundation 48H Spf 15 Beige 220-C,Bel Star S.A.,OCTINOXATE,50 mg/g,EMULSION,TOPICAL,UNKNOWN,CAT015,Others
MED127758,15631-2562,Agnus Castus,Agnus Castus,"Rxhomeo Private Limited D.B.A. Rxhomeo, Inc",CHASTE TREE,1 [hp_X]/mL,LIQUID,ORAL,UNKNOWN,CAT015,Others
MED127776,0003-0524,Dasatinib,Sprycel,"E.R. Squibb & Sons, L.L.C.",DASATINIB,70 mg/1,TABLET,ORAL,Cytochrome P450 3A4 Inhibitors [MoA],CAT014,Vitamins & Supplements
MED127782,16252-539,Isradipine,Isradipine,"Teva Pharmaceuticals Usa, Inc.",ISRADIPINE,2.5 mg/1,CAPSULE,ORAL,Calcium Channel Antagonists [MoA],CAT003,Diabetes
MED127798,16571-803,Zolmitriptan,Zolmitriptan,"Rising Pharma Holdings, Inc.",ZOLMITRIPTAN,2.5 mg/1,"TABLET, FILM COATED",ORAL,Serotonin 1b Receptor Agonists [MoA],CAT005,Neurology
MED127810,16714-117,Rivastigmine,Rivastigmine,Northstar Rx Llc.,RIVASTIGMINE,13.3 mg/24h,"PATCH, EXTENDED RELEASE",TRANSDERMAL,Cholinesterase Inhibitor [EPC],CAT005,Neurology
MED127866,16864-670,Benzethonium Chloride And Benzocaine,Dermoplast First Aid,"Advantice Health, Llc",BENZETHONIUM CHLORIDE,2 mg/g,SPRAY,TOPICAL,Allergens [CS],CAT006,Respiratory
MED127931,21130-707,"Dextromethorphan Hbr, Guaifenesin",Tussin,Safeway,DEXTROMETHORPHAN HYDROBROMIDE,20 mg/20mL,SOLUTION,ORAL,Decreased Respiratory Secretion Viscosity [PE],CAT006,Respiratory
MED127936,21130-786,"Famotidine, Calcium Carbonate, Magnesium Hydroxide",Acid Reducer Complete,Safeway,CALCIUM CARBONATE,800 mg/1,"TABLET, CHEWABLE",ORAL,Calculi Dissolution Agent [EPC],CAT007,Gastrointestinal
MED127955,21922-043,Tretinoin,Tretinoin,"Encube Ethicals, Inc.",TRETINOIN,.8 mg/g,GEL,TOPICAL,Retinoid [EPC],CAT008,Dermatology
MED128080,0093-8164,Quetiapine,Quetiapine,"Teva Pharmaceuticals Usa, Inc.",QUETIAPINE FUMARATE,300 mg/1,"TABLET, FILM COATED",ORAL,Atypical Antipsychotic [EPC],CAT005,Neurology
MED128127,23155-059,Verapamil Hydrochloride,Verapamil Hydrochloride,Heritage Pharmaceuticals Inc. D/B/A Avet Pharmaceuticals Inc.,VERAPAMIL HYDROCHLORIDE,40 mg/1,TABLET,ORAL,Calcium Channel Antagonists [MoA],CAT003,Diabetes
MED128173,24338-342,Lomustine,Gleostine,"Azurity Pharmaceuticals, Inc.",LOMUSTINE,100 mg/1,"CAPSULE, GELATIN COATED",ORAL,Alkylating Activity [MoA],CAT012,Ophthalmology
MED128185,24510-174,Tapentadol Hydrochloride,Nucynta Er,"Collegium Pharmaceutical, Inc.",TAPENTADOL HYDROCHLORIDE,150 mg/1,"TABLET, FILM COATED, EXTENDED RELEASE",ORAL,Opioid Agonist [EPC],CAT004,Pain Management
MED128194,24694-001,Oxygen,Oxygen,Greenville Truck And Welding Supplies Llc,OXYGEN,99 L/100L,GAS,RESPIRATORY (INHALATION),UNKNOWN,CAT015,Others
MED128196,24794-101,Sodium Fluoride,Zap Apf,Crosstex International Inc.,SODIUM FLUORIDE,5.6 g/454g,GEL,DENTAL,UNKNOWN,CAT015,Others
MED128203,24909-214,Clotrimazole,Terrasil Jock Itch Treatment Maximum Strength,"Aidance Skincare & Topical Solutions, Llc",CLOTRIMAZOLE,1 g/100g,OINTMENT,TOPICAL,Azole Antifungal [EPC],CAT001,Antibiotics
MED128207,24979-041,Megestrol Acetate,Megestrol Acetate,"Upsher-Smith Laboratories, Llc",MEGESTROL ACETATE,125 mg/mL,SUSPENSION,ORAL,Progesterone Congeners [CS],CAT009,Oncology
MED128217,25000-186,Pregabalin,Pregabalin,Marksans Pharma Limited,PREGABALIN,300 mg/1,CAPSULE,ORAL,UNKNOWN,CAT015,Others
MED128280,27808-241,Pregabalin,Pregabalin,Tris Pharma Inc,PREGABALIN,300 mg/1,CAPSULE,ORAL,UNKNOWN,CAT015,Others
MED128294,29300-462,Guanfacine,Guanfacine,"Unichem Pharmaceuticals (Usa), Inc.",GUANFACINE HYDROCHLORIDE,3 mg/1,"TABLET, EXTENDED RELEASE",ORAL,Adrenergic alpha2-Agonists [MoA],CAT003,Diabetes
MED128311,30142-192,Lansoprazole,Lansoprazole,Kroger Company,LANSOPRAZOLE,15 mg/1,"TABLET, ORALLY DISINTEGRATING, DELAYED RELEASE",ORAL,Inhibition Gastric Acid Secretion [PE],CAT007,Gastrointestinal
MED128314,30142-285,Naproxen Sodium,Naproxen Sodium,Kroger Company,NAPROXEN SODIUM,220 mg/1,"CAPSULE, LIQUID FILLED",ORAL,Anti-Inflammatory Agents,CAT004,Pain Management
MED128334,0113-6117,Lansoprazole,Prevacid 24 Hr,L. Perrigo Company,LANSOPRAZOLE,15 mg/1,"CAPSULE, DELAYED RELEASE",ORAL,Inhibition Gastric Acid Secretion [PE],CAT007,Gastrointestinal
MED128341,30698-066,Furosemide,Lasix,Validus Pharmaceuticals Llc,FUROSEMIDE,80 mg/1,TABLET,ORAL,Increased Diuresis at Loop of Henle [PE],CAT003,Diabetes
MED128375,31722-481,Buprenorphine And Naloxone,Buprenorphine And Naloxone,"Camber Pharmaceuticals, Inc.",BUPRENORPHINE HYDROCHLORIDE,8 mg/1,"FILM, SOLUBLE",BUCCAL,Opioid Antagonist [EPC],CAT004,Pain Management
MED128380,31722-562,Abacavir,Abacavir,"Camber Pharmaceuticals, Inc.",ABACAVIR SULFATE,20 mg/mL,SOLUTION,ORAL,Human Immunodeficiency Virus Nucleoside Analog Reverse Transcriptase Inhibitor [EPC],CAT001,Antibiotics
MED128418,33342-031,Pramipexole Dihydrochloride,Pramipexole Dihydrochloride,Macleods Pharmaceuticals Limited,PRAMIPEXOLE DIHYDROCHLORIDE,.125 mg/1,TABLET,ORAL,Dopamine Agonists [MoA],CAT005,Neurology
MED128458,33342-521,Diltiazem Hydrochloride,Diltiazem Hydrochloride,Macleods Pharmaceuticals Limited,DILTIAZEM HYDROCHLORIDE,120 mg/1,"CAPSULE, EXTENDED RELEASE",ORAL,Calcium Channel Antagonists [MoA],CAT003,Diabetes
MED128463,33346-3401,Methyl Salicylate,Mobility,Mayway Corporation,CAMPHOR OIL,2 g/50mL,OIL,TOPICAL,UNKNOWN,CAT015,Others
MED128500,0006-0477,Raltegravir,Isentress,Merck Sharp & Dohme Llc,RALTEGRAVIR POTASSIUM,100 mg/1,"TABLET, CHEWABLE",ORAL,HIV Integrase Inhibitors [MoA],CAT001,Antibiotics
MED128517,36800-222,Fluticasone Propionate,Topcare Fluticasone Propionate Nasal,Topco Associates Llc,FLUTICASONE PROPIONATE,50 ug/1,"SPRAY, METERED",NASAL,Corticosteroid Hormone Receptor Agonists [MoA],CAT004,Pain Management
MED128523,0116-4011,Megestrol Acetate,Megestrol Acetate,"Xttrium Laboratories, Inc.",MEGESTROL ACETATE,40 mg/mL,SUSPENSION,ORAL,Progesterone Congeners [CS],CAT009,Oncology
MED128525,36800-488,Simethicone,Topcare Extra Strength Gas Relief Cherry Creme,Topco Associates Llc,"DIMETHICONE, UNSPECIFIED",125 mg/1,"TABLET, CHEWABLE",ORAL,Skin Barrier Activity [PE],CAT008,Dermatology
MED128549,36800-973,Acetaminophen,Topcare Pain Relief,Topco Associates Llc,ACETAMINOPHEN,500 mg/1,"TABLET, FILM COATED",ORAL,UNKNOWN,CAT015,Others
MED128585,37662-0226,Chamomilla,Chamomilla,"Hahnemann Laboratories, Inc.",MATRICARIA CHAMOMILLA WHOLE,12 [hp_C]/1,PELLET,ORAL,UNKNOWN,CAT015,Others
MED128612,37662-0466,Cocculus Indicus,Cocculus Indicus,"Hahnemann Laboratories, Inc.",ANAMIRTA COCCULUS SEED,12 [hp_C]/1,PELLET,ORAL,UNKNOWN,CAT015,Others
MED128645,0121-1666,Ibuprofen,Childrens Ibuprofen Oral Suspension,"Pai Holdings, Llc Dba Pai Pharma",IBUPROFEN,200 mg/10mL,SUSPENSION,ORAL,Anti-Inflammatory Agents,CAT004,Pain Management
MED128657,37662-0914,Lactuca Virosa,Lactuca Virosa,"Hahnemann Laboratories, Inc.",LACTUCA VIROSA,12 [hp_C]/1,PELLET,ORAL,UNKNOWN,CAT015,Others
MED128658,37662-0915,Lactuca Virosa,Lactuca Virosa,"Hahnemann Laboratories, Inc.",LACTUCA VIROSA,30 [hp_C]/1,PELLET,ORAL,UNKNOWN,CAT015,Others
MED128660,37662-0929,Gnaphalium Polycephalum,Gnaphalium Polycephalum,"Hahnemann Laboratories, Inc.",PSEUDOGNAPHALIUM OBTUSIFOLIUM,12 [hp_C]/1,PELLET,ORAL,UNKNOWN,CAT015,Others
MED128675,37662-1132,Manganum Muriaticum,Manganum Muriaticum,"Hahnemann Laboratories, Inc.",MANGANESE CHLORIDE,12 [hp_C]/1,PELLET,ORAL,Magnetic Resonance Contrast Activity [MoA],CAT014,Vitamins & Supplements
MED128742,37662-1657,Helleborus Niger,Helleborus Niger,"Hahnemann Laboratories, Inc.",HELLEBORUS NIGER ROOT,12 [hp_C]/1,PELLET,ORAL,UNKNOWN,CAT015,Others
MED128749,37662-1711,Iris Versicolor,Iris Versicolor,"Hahnemann Laboratories, Inc.",IRIS VERSICOLOR ROOT,500 [hp_C]/1,PELLET,ORAL,UNKNOWN,CAT015,Others
MED128787,37662-2105,Sepia,Sepia,"Hahnemann Laboratories, Inc.",SEPIA OFFICINALIS JUICE,1 [hp_Q]/1,PELLET,ORAL,UNKNOWN,CAT015,Others
MED128826,37662-2578,Etherum,Etherum,"Hahnemann Laboratories, Inc.",ETHER,12 [hp_C]/1,PELLET,ORAL,UNKNOWN,CAT015,Others
MED128831,0135-0573,Stannous Fluoride,Sensodyne Complete Protection,Haleon Us Holdings Llc,STANNOUS FLUORIDE,1.1 mg/g,PASTE,DENTAL,UNKNOWN,CAT015,Others
MED128844,37662-2760,Cinnamomum,Cinnamomum,"Hahnemann Laboratories, Inc.",CINNAMON,30 [hp_C]/1,PELLET,ORAL,Allergens [CS],CAT006,Respiratory
MED128846,37662-2776,Ferrum Bromatum,Ferrum Bromatum,"Hahnemann Laboratories, Inc.",FERRIC BROMIDE,30 [hp_C]/1,PELLET,ORAL,UNKNOWN,CAT015,Others
MED128862,37662-2896,Cuprum Sulphuricum,Cuprum Sulphuricum,"Hahnemann Laboratories, Inc.",CUPRIC SULFATE,30 [hp_C]/1,PELLET,ORAL,UNKNOWN,CAT015,Others
MED128896,0135-0650,Cetylpyridinium Chloride,Parodontax Active Gum Health Clear Mint,Haleon Us Holdings Llc,CETYLPYRIDINIUM CHLORIDE,.7 mg/mL,MOUTHWASH,ORAL,UNKNOWN,CAT015,Others
MED128900,37662-3146,Yttrium Fluoratum,Yttrium Fluoratum,"Hahnemann Laboratories, Inc.",YTTRIUM FLUORIDE,1 [hp_M]/1,PELLET,ORAL,UNKNOWN,CAT015,Others
MED128916,37662-3224,Vanilla Planifolia,Vanilla Planifolia,"Hahnemann Laboratories, Inc.",VANILLA BEAN,30 [hp_C]/1,PELLET,ORAL,Allergens [CS],CAT006,Respiratory
MED129000,37662-4072,Zirconium Muriaticum,Zirconium Muriaticum,"Hahnemann Laboratories, Inc.",ZIRCONIUM CHLORIDE,12 [hp_C]/1,PELLET,ORAL,UNKNOWN,CAT015,Others
MED129047,37808-744,Simethicone,Gas Relief,H-E-B,DIMETHICONE,125 mg/1,CAPSULE,ORAL,Skin Barrier Activity [PE],CAT008,Dermatology
MED129065,37808-987,"Brompheniramine Maleate, Dextromethorphan Hbr, Phenylephrine Hcl",Cold And Cough,H E B,BROMPHENIRAMINE MALEATE,2 mg/10mL,SOLUTION,ORAL,Adrenergic alpha1-Agonists [MoA],CAT003,Diabetes
MED129073,39328-530,Amantadine Hydrochloride,Amantadine Hydrochloride,"Patrin Pharma, Inc.",AMANTADINE HYDROCHLORIDE,50 mg/5mL,SOLUTION,ORAL,Influenza A M2 Protein Inhibitor [EPC],CAT001,Antibiotics
MED129093,41163-072,"Eucalyptol, Menthol, Methyl Salicylate, Thymol",Antispetic,"United Natural Foods, Inc. Dba Unfi",EUCALYPTOL,.92 mg/mL,MOUTHWASH,ORAL,UNKNOWN,CAT015,Others
MED129101,41163-203,Acetaminophen,Eight Hour Pain Relief,"United Natural Foods, Inc. Dba Unfi",ACETAMINOPHEN,650 mg/1,"TABLET, EXTENDED RELEASE",ORAL,UNKNOWN,CAT015,Others
MED129121,41167-0668,Colloidal Oatmeal,Gold Bond Eczema Relief Medicated Hand Cream,"Chattem, Inc.",OATMEAL,2 g/100g,CREAM,TOPICAL,Allergens [CS],CAT006,Respiratory
MED129129,41226-520,Benzalkonium Chloride,Kroger Antibacterial Lhs,Kroger Company,BENZALKONIUM CHLORIDE,130 mg/100mL,LIQUID,TOPICAL,UNKNOWN,CAT015,Others
MED129159,41250-530,Stannous Fluoride,Meijer Restore And Defend Sensitive,Meijer Distribution Inc,STANNOUS FLUORIDE,.15 g/100g,"PASTE, DENTIFRICE",DENTAL,UNKNOWN,CAT015,Others
MED129167,41250-810,Isopropyl Alcohol,70%,"Meijer, Inc.",ISOPROPYL ALCOHOL,70 mL/100mL,LIQUID,TOPICAL,UNKNOWN,CAT015,Others
MED129246,42291-930,Norelgestromin And Ethinyl Estradiol,Zafemy,Avkare,ETHINYL ESTRADIOL,35 ug/d,PATCH,TRANSDERMAL,Estrogen Receptor Agonists [MoA],CAT009,Oncology
MED129286,42571-275,Dalfampridine,Dalfampridine,Micro Labs Limited,DALFAMPRIDINE,10 mg/1,"TABLET, EXTENDED RELEASE",ORAL,Potassium Channel Antagonists [MoA],CAT003,Diabetes
MED129301,42677-308,Sevoflurane,Sevoflurane,"Shandong New Time Pharmaceutical Co., Ltd.",SEVOFLURANE,250 mL/250mL,LIQUID,RESPIRATORY (INHALATION),General Anesthesia [PE],CAT005,Neurology
MED129338,42799-110,Albendazole,Albendazole,Edenbridge Pharmaceuticals Llc.,ALBENDAZOLE,200 mg/1,TABLET,ORAL,Anthelmintic [EPC],CAT001,Antibiotics
MED129384,42858-802,Morphine Sulfate,Morphine Sulfate Extended Release,Rhodes Pharmaceuticals Llc,MORPHINE SULFATE,30 mg/1,"TABLET, FILM COATED, EXTENDED RELEASE",ORAL,Full Opioid Agonists [MoA],CAT004,Pain Management
MED129386,0143-9929,Ciprofloxacin,Ciprofloxacin,Hikma Pharmaceuticals Usa Inc.,CIPROFLOXACIN HYDROCHLORIDE,750 mg/1,"TABLET, FILM COATED",ORAL,Cytochrome P450 1A2 Inhibitors [MoA],CAT014,Vitamins & Supplements
MED129408,43063-532,Diethylpropion Hydrochloride,Diethylpropion Hydrochloride Er,"Pd-Rx Pharmaceuticals, Inc.",DIETHYLPROPION HYDROCHLORIDE,75 mg/1,"TABLET, EXTENDED RELEASE",ORAL,Appetite Suppression [PE],CAT005,Neurology
MED129432,43063-868,Tizanidine,Tizanidine,"Pd-Rx Pharmaceuticals, Inc.",TIZANIDINE HYDROCHLORIDE,2 mg/1,TABLET,ORAL,Adrenergic alpha2-Agonists [MoA],CAT003,Diabetes
MED129454,43353-081,Gabapentin,Gabapentin,"Aphena Pharma Solutions - Tennessee, Llc",GABAPENTIN,400 mg/1,CAPSULE,ORAL,Anti-epileptic Agent [EPC],CAT005,Neurology
MED129461,43386-028,Clobetasol Propionate,Clobetasol Propionate,"Lupin Pharmaceuticals,Inc.",CLOBETASOL PROPIONATE,.5 mg/mL,SOLUTION,TOPICAL,Corticosteroid Hormone Receptor Agonists [MoA],CAT004,Pain Management
MED129484,43473-012,"Bacitracin Zinc, Neomycin Sulfate, Polymyxin B Sulfate",Everlit Care Triple Antibiotic,Nantong Health & Beyond Hygienic Products Inc.,BACITRACIN ZINC,400 [USP'U]/g,OINTMENT,TOPICAL,Aminoglycoside Antibacterial [EPC],CAT001,Antibiotics
MED129512,0169-4303,Oral Semaglutide,Rybelsus,"Novo Nordisk Pharmaceutical Industries, Lp",SEMAGLUTIDE,3 mg/1,TABLET,ORAL,GLP-1 Receptor Agonist [EPC],CAT002,Cardiovascular
MED129541,43598-494,Naproxen Sodium,Naproxen Sodium,Dr. Reddy'S Laboratories Inc.,NAPROXEN SODIUM,275 mg/1,"TABLET, FILM COATED",ORAL,Anti-Inflammatory Agents,CAT004,Pain Management
MED129585,43742-1585,"Viburnum Opulus, Magnesia Phosphorica, Folliculinum, Pulsatilla (Pratensis), Borax, Mercurius Solubilis, Nitricum Acidum, Silicea, Thuja Occidentalis",Gyno Complex,"Deseret Biologicals, Inc",ANEMONE PRATENSIS,12 [hp_X]/mL,LIQUID,ORAL,Calculi Dissolution Agent [EPC],CAT007,Gastrointestinal
MED129586,0173-0547,Atovaquone,Mepron,Glaxosmithkline Llc,ATOVAQUONE,750 mg/5mL,SUSPENSION,ORAL,Antimalarial [EPC],CAT001,Antibiotics
MED129617,43846-0008,"Carbolicum Acidum, Fagopyrum Esculentum, Hydrastis Canadensis, Hydrocotyle Asiatica, Juglans Regia, Vinca Minor",Eczema Rescue,"Peaceful Mountain, Inc.",CENTELLA ASIATICA,30 [hp_X]/g,LOTION,TOPICAL,UNKNOWN,CAT015,Others
MED129632,43857-0221,"Arsenicum Album, Cocculus Indicus, Ipecacuanha, Kerosotum, Petroleum, Pulsatilla, Sanguinaria Canadensis, Tabacum",Nv-Hp,"Bioactive Nutritional, Inc.",ANAMIRTA COCCULUS SEED,30 [hp_X]/mL,LIQUID,ORAL,Allergens [CS],CAT006,Respiratory
MED129634,43857-0242,Serotonin (Hydrochloride),Serotonin,Bioactive Nutritional,SEROTONIN HYDROCHLORIDE,6 [hp_X]/mL,LIQUID,ORAL,UNKNOWN,CAT015,Others
MED129642,43857-0501,Salsolinol (Hydrochloride),Salsolinol,"Bioactive Nutritional, Inc.","SALSOLINOL HYDROCHLORIDE, (+/-)-",6 [hp_X]/mL,LIQUID,ORAL,UNKNOWN,CAT015,Others
MED129709,44911-0605,"Echinacea (Angustifolia), Tabebuia Impetiginosa, Abies Nigra, Lycopodium Clavatum, Nux Vomica, Phosphorus, Pulsatilla (Vulgaris), Sepia, Skatolum, Canadida Albicans,",Lymphastat F,"Energique, Inc",CANDIDA ALBICANS,30 [hp_X]/mL,LIQUID,ORAL,Allergens [CS],CAT006,Respiratory
MED129712,44911-0684,"Artemisia Vulgaris, Cina, Sabadilla, Spigelia Anthelmia, Filix Mas, Baryta Carbonica, Calcarea Carbonica, Cinchona Officinalis, Natrum Phosphoricum, Sulphur, Terebinthina, Proteus (Vulgaris)",Vermistat,"Energique, Inc.",ARTEMISIA CINA PRE-FLOWERING TOP,3 [hp_X]/mL,LIQUID,ORAL,UNKNOWN,CAT015,Others
MED129744,45802-887,Fluocinolone Acetonide,Fluocinolone Acetonide,Padagis Israel Pharmaceuticals Ltd,FLUOCINOLONE ACETONIDE,.01 mg/100mL,OIL,TOPICAL,Corticosteroid Hormone Receptor Agonists [MoA],CAT004,Pain Management
MED129745,45802-923,Mesalamine,Mesalamine,Padagis Israel Pharmaceuticals Ltd,UNKNOWN,UNKNOWN,KIT,UNKNOWN,UNKNOWN,CAT015,Others
MED129779,46122-782,"Dextromethorphan Hbr, Guaifenesin",Good Neighbor Sugar Free Adult Tussin Dm Cough And Chest Congestion,Amerisource Bergen,DEXTROMETHORPHAN HYDROBROMIDE,20 mg/20mL,SOLUTION,ORAL,Decreased Respiratory Secretion Viscosity [PE],CAT006,Respiratory
MED129821,46708-353,Doxycycline Hyclate,Doxycycline Hyclate,Alembic Pharmaceuticals Limited,DOXYCYCLINE HYCLATE,100 mg/1,"TABLET, FILM COATED",ORAL,Tetracycline-class Drug [EPC],CAT001,Antibiotics
MED129837,46708-486,Clobetasol Propionate,Clobetasol Propionate,Alembic Pharmaceuticals Limited,CLOBETASOL PROPIONATE,.5 mg/mL,SOLUTION,TOPICAL,Corticosteroid Hormone Receptor Agonists [MoA],CAT004,Pain Management
MED129838,46708-508,Bromfenac,Bromfenac,Alembic Pharmaceuticals Limited,BROMFENAC SODIUM,1.035 mg/mL,SOLUTION/ DROPS,OPHTHALMIC,Anti-Inflammatory Agents,CAT004,Pain Management
MED129844,46708-679,Ivabradine,Ivabradine,Alembic Pharmaceuticals Limited,IVABRADINE HYDROCHLORIDE,5 mg/1,"TABLET, FILM COATED",ORAL,Hyperpolarization-activated Cyclic Nucleotide-gated Channel Antagonists [MoA],CAT005,Neurology
MED129860,47219-315,Naja Naja Venom,Ultimate Pain Block Professional Strength,Nutra Pharma Corporation,NAJA NAJA VENOM,4 [hp_X]/mL,GEL,TOPICAL,UNKNOWN,CAT015,Others
MED129883,47426-503,Bupivacaine And Meloxicam,Zynrelef,"Heron Therapeutics, Inc.",BUPIVACAINE,200 mg/7mL,SOLUTION,INFILTRATION,Amide Local Anesthetic [EPC],CAT004,Pain Management
MED129884,47593-465,Chloroxylenol,Ecolab Keystone,Ecolab Inc.,CHLOROXYLENOL,5 mg/mL,SOLUTION,TOPICAL,UNKNOWN,CAT015,Others
MED129936,48951-3282,Carbo Sulfur Comp.,Carbo Sulfur Comp.,"Uriel Pharmacy, Inc",CHARCOAL POWDER,1 [hp_X]/1,TABLET,ORAL,UNKNOWN,CAT015,Others
MED129967,49035-422,Nicotine Polacrilex,Equate Nicotine,Wal-Mart Stores Inc,NICOTINE,4 mg/1,"GUM, CHEWING",ORAL,Cholinergic Nicotinic Agonist [EPC],CAT005,Neurology
MED129974,49035-612,Loratadine,Equate Allergy Relief,Wal-Mart Stores Inc,LORATADINE,10 mg/1,TABLET,ORAL,UNKNOWN,CAT015,Others
MED129976,49035-638,"Aluminum Hydroxide, Magnesium Hydroxide, Simethicone",Maximum Strength Antacid Cherry,"Wal-Mart Stores, Inc.",ALUMINUM HYDROXIDE,800 mg/10mL,SUSPENSION,ORAL,Calculi Dissolution Agent [EPC],CAT007,Gastrointestinal
MED130029,49483-703,Fluoxetine Hydrochloride,Fluoxetine,"Time Cap Laboratories, Inc.",FLUOXETINE HYDROCHLORIDE,40 mg/1,CAPSULE,ORAL,Serotonin Reuptake Inhibitor [EPC],CAT005,Neurology
MED130072,0220-0573,Ferula Assa-Foetida Resin,Asafoetida,Boiron,FERULA ASSA-FOETIDA RESIN,5 [hp_C]/5[hp_C],PELLET,ORAL,UNKNOWN,CAT015,Others
MED130125,50090-0189,"Thyroid, Porcine",Armour Thyroid,A-S Medication Solutions,THYROID,30 mg/1,TABLET,ORAL,UNKNOWN,CAT015,Others
MED130146,50090-1513,Amoxicillin,Amoxicillin,A-S Medication Solutions,AMOXICILLIN,500 mg/1,CAPSULE,ORAL,Penicillin-class Antibacterial [EPC],CAT001,Antibiotics
MED130147,50090-1627,Amlodipine Besylate,Amlodipine Besylate,A-S Medication Solutions,AMLODIPINE BESYLATE,2.5 mg/1,TABLET,ORAL,Calcium Channel Antagonists [MoA],CAT003,Diabetes
MED130154,50090-2007,Divalproex Sodium,Divalproex Sodium,A-S Medication Solutions,DIVALPROEX SODIUM,250 mg/1,"TABLET, DELAYED RELEASE",ORAL,Anti-epileptic Agent [EPC],CAT005,Neurology
MED130169,50090-2786,Prednisone,Prednisone,A-S Medication Solutions,PREDNISONE,20 mg/1,TABLET,ORAL,Corticosteroid Hormone Receptor Agonists [MoA],CAT004,Pain Management
MED130175,50090-2978,Irbesartan,Irbesartan,A-S Medication Solutions,IRBESARTAN,300 mg/1,TABLET,ORAL,Angiotensin 2 Receptor Antagonists [MoA],CAT003,Diabetes
MED130200,50090-4582,Verapamil Hydrochloride,Verapamil Hydrochloride,A-S Medication Solutions,VERAPAMIL HYDROCHLORIDE,240 mg/1,TABLET,ORAL,Calcium Channel Antagonists [MoA],CAT003,Diabetes
MED130218,50090-5180,Lansoprazole,Lansoprazole,A-S Medication Solutions,LANSOPRAZOLE,30 mg/1,"CAPSULE, DELAYED RELEASE",ORAL,Inhibition Gastric Acid Secretion [PE],CAT007,Gastrointestinal
MED130230,50090-5457,Methotrexate,Methotrexate,A-S Medication Solutions,METHOTREXATE SODIUM,2.5 mg/1,TABLET,ORAL,Folate Analog Metabolic Inhibitor [EPC],CAT012,Ophthalmology
MED130232,50090-5494,Estradiol,Estradiol,A-S Medication Solutions,ESTRADIOL,.5 mg/1,TABLET,ORAL,Estradiol Congeners [CS],CAT009,Oncology
MED130236,50090-5643,Chlorthalidone,Chlorthalidone,A-S Medication Solutions,CHLORTHALIDONE,25 mg/1,TABLET,ORAL,Increased Diuresis [PE],CAT003,Diabetes
MED130283,50090-6451,Apixaban,Eliquis,A-S Medication Solutions,APIXABAN,2.5 mg/1,"TABLET, FILM COATED",ORAL,Factor Xa Inhibitor [EPC],CAT003,Diabetes
MED130310,50090-6832,Meloxicam,Meloxicam,A-S Medication Solutions,MELOXICAM,7.5 mg/1,TABLET,ORAL,Anti-Inflammatory Agents,CAT004,Pain Management
MED130318,50090-6902,Sulfamethoxazole And Trimethoprim,Sulfamethoxazole And Trimethoprim,A-S Medication Solutions,SULFAMETHOXAZOLE,800 mg/1,TABLET,ORAL,Cytochrome P450 2C8 Inhibitors [MoA],CAT014,Vitamins & Supplements
MED130365,50090-7306,Hydroxychloroquine Sulfate,Hydroxychloroquine Sulfate,A-S Medication Solutions,HYDROXYCHLOROQUINE SULFATE,200 mg/1,"TABLET, FILM COATED",ORAL,Antimalarial [EPC],CAT001,Antibiotics
MED130370,50090-7353,Allopurinol,Allopurinol,A-S Medication Solutions,ALLOPURINOL,300 mg/1,TABLET,ORAL,Xanthine Oxidase Inhibitor [EPC],CAT003,Diabetes
MED130400,50090-7688,Prednisone,Prednisone,A-S Medication Solutions,PREDNISONE,5 mg/1,TABLET,ORAL,Corticosteroid Hormone Receptor Agonists [MoA],CAT004,Pain Management
MED130449,50228-325,Aripiprazole,Aripiprazole,Sciegen Pharmaceuticals Inc,ARIPIPRAZOLE,5 mg/1,TABLET,ORAL,Atypical Antipsychotic [EPC],CAT005,Neurology
MED130466,50254-693,Slap Happy,Slap Happy,Beaver Research Company,ALCOHOL,67 mL/100mL,LIQUID,TOPICAL,UNKNOWN,CAT015,Others
MED130489,50268-723,Ranolazine,Ranolazine,Avpak,RANOLAZINE,1000 mg/1,"TABLET, FILM COATED, EXTENDED RELEASE",ORAL,Anti-anginal [EPC],CAT003,Diabetes
MED130521,50458-942,Canagliflozin And Metformin Hydrochloride,Invokamet Xr,"Janssen Pharmaceuticals, Inc.",CANAGLIFLOZIN,150 mg/1,"TABLET, FILM COATED, EXTENDED RELEASE",ORAL,Biguanide [EPC],CAT002,Cardiovascular
MED130525,0220-1452,Arabica Coffee Bean,Coffea Cruda,Boiron,ARABICA COFFEE BEAN,30 [hp_X]/30[hp_X],PELLET,ORAL,Allergens [CS],CAT006,Respiratory
MED130532,50580-230,Ibuprofen,Motrin Ib,Kenvue Brands Llc,IBUPROFEN,200 mg/1,"TABLET, FILM COATED",ORAL,Anti-Inflammatory Agents,CAT004,Pain Management
MED130570,50804-705,"Avobenzone 3%, Homosalate 15%, Octisalate 5%, Octocrylene 8%",Spf 30 Sport Sunscreen Goodsense,"Geiss, Destin, & Dunn, Inc",AVOBENZONE,3 g/100g,SPRAY,TOPICAL,UNKNOWN,CAT015,Others
MED130582,50844-675,Aspirin,Aspi-Cor,"L.N.K. International, Inc.",ASPIRIN,81 mg/1,"TABLET, DELAYED RELEASE",ORAL,Anti-Inflammatory Agents,CAT004,Pain Management
MED130588,50865-060,Medicated Lotion Soap,Golden Medicated,Kutol Products Company,CHLOROXYLENOL,.3 g/100mL,SOLUTION,TOPICAL,UNKNOWN,CAT015,Others
MED130592,50881-023,Axatilimab-Csfr,Niktimvo,Incyte Corporation,AXATILIMAB,22 mg/.44mL,INJECTION,INTRAVENOUS,Colony Stimulating Factor Receptor Type 1 (CSF-1R) Inhibitors [MoA],CAT010,Allergy
MED130643,51316-128,Fluoride,Cvs Enamel Guard,Cvs Pharmacy,POTASSIUM NITRATE,5 g/100g,"PASTE, DENTIFRICE",DENTAL,UNKNOWN,CAT015,Others
MED130680,51316-689,Miconazole Nitrate,Miconazole 3,"Cvs Woonsocket Prescription Center, Incorporated",UNKNOWN,UNKNOWN,KIT,UNKNOWN,UNKNOWN,CAT015,Others
MED130705,51407-040,Carvedilol,Carvedilol,"Golden State Medical Supply, Inc.",CARVEDILOL,6.25 mg/1,"TABLET, FILM COATED",ORAL,Adrenergic alpha-Antagonists [MoA],CAT003,Diabetes
MED130719,51407-276,Thiothixene,Thiothixene,"Golden State Medical Supply, Inc.",THIOTHIXENE,2 mg/1,CAPSULE,ORAL,Typical Antipsychotic [EPC],CAT005,Neurology
MED130743,51407-747,Dexlansoprazole,Dexlansoprazole Delayed Release,"Golden State Medical Supply, Inc.",DEXLANSOPRAZOLE,60 mg/1,"CAPSULE, DELAYED RELEASE",ORAL,Proton Pump Inhibitor [EPC],CAT007,Gastrointestinal
MED130750,51407-809,Duloxetine,Duloxetine,"Golden State Medical Supply, Inc.",DULOXETINE HYDROCHLORIDE,40 mg/1,"CAPSULE, DELAYED RELEASE",ORAL,Norepinephrine Uptake Inhibitors [MoA],CAT005,Neurology
MED130768,51531-0288,"Avobenzone, Homosalate, Octisalate, Octocrylene, Oxybenzone",Mkmen Advanced Facial Hydrator Sunscreen Spf 30,Mary Kay Inc.,AVOBENZONE,2 g/100mL,LOTION,TOPICAL,UNKNOWN,CAT015,Others
MED130776,51628-0042,Alcohol,Ashley Belle Moisturizing Hand Sanitizer Tropical Melon,"My Imports Usa, Llc",ALCOHOL,70 mL/100mL,SPRAY,TOPICAL,UNKNOWN,CAT015,Others
MED130811,51655-604,Levothyroxine Sodium,Levothyroxine Sodium,"Northwind Health Company, Llc",LEVOTHYROXINE SODIUM,112 ug/1,TABLET,ORAL,Thyroxine [CS],CAT009,Oncology
MED130817,51655-759,Ibuprofen,Ibuprofen,"Northwind Health Company, Llc",IBUPROFEN,400 mg/1,"TABLET, FILM COATED",ORAL,Anti-Inflammatory Agents,CAT004,Pain Management
MED130822,51655-920,Atorvastatin Calcium,Atorvastatin Calcium,"Northwind Health Company, Llc",ATORVASTATIN CALCIUM PROPYLENE GLYCOL SOLVATE,20 mg/1,"TABLET, FILM COATED",ORAL,HMG-CoA Reductase Inhibitor [EPC],CAT003,Diabetes
MED130834,0220-2421,Calcium Sulfide,Hepar Sulphuris Calcareum,Boiron,CALCIUM SULFIDE,15 [hp_C]/15[hp_C],PELLET,ORAL,UNKNOWN,CAT015,Others
MED130838,51662-1248,Promethazine Hci,Promethazine Hci,"Hf Acquisition Co. Llc, Dba Healthfirst",PROMETHAZINE HYDROCHLORIDE,50 mg/mL,INJECTION,INTRAMUSCULAR,Phenothiazine [EPC],CAT005,Neurology
MED130860,51662-1480,Nexterone (Amiodarone Hci),Nexterone (Amiodarone Hci),"Hf Acquisition Co Llc, Dba Healthfirst",AMIODARONE HYDROCHLORIDE,1.5 mg/mL,"INJECTION, SOLUTION",INTRAVENOUS,Antiarrhythmic [EPC],CAT003,Diabetes
MED130879,51662-1657,Lidocaine Hydrochloride And Dextrose,Lidocaine Hydrochloride And Dextrose,"Hf Acquisition Co Llc, Dba Healthfirst",LIDOCAINE HYDROCHLORIDE,8 mg/mL,"INJECTION, SOLUTION",INTRAVENOUS,Amide Local Anesthetic [EPC],CAT004,Pain Management
MED130923,0220-2596,Strychnos Ignatii Seed,Ignatia Amara,Boiron,STRYCHNOS IGNATII SEED,12 [hp_C]/12[hp_C],PELLET,ORAL,UNKNOWN,CAT015,Others
MED130940,51991-990,Everolimus,Everolimus,"Breckenridge Pharmaceutical, Inc.",EVEROLIMUS,2 mg/1,"TABLET, FOR SUSPENSION",ORAL,Cytochrome P450 2D6 Inhibitors [MoA],CAT014,Vitamins & Supplements
MED130968,52279-002,Nitrogen,Nitrogen,"Wesco Gas & Welding Supply, Inc.",NITROGEN,990 mL/L,GAS,RESPIRATORY (INHALATION),UNKNOWN,CAT015,Others
MED130969,52305-802,Benzalkonium Chloride,Wasted,Freshorize Ltd,BENZALKONIUM CHLORIDE,.13 g/100mL,LIQUID,TOPICAL,UNKNOWN,CAT015,Others
MED130970,52328-310,"Avobenzone, Homosalate, Octisalate, Octocrylene",Neutrogena Ultra Gentle Daily Facial Moisturizer Sunscreen Broad Spectrum Spf 30,"Acupac Packaging, Inc.",AVOBENZONE,25 mg/mL,LOTION,TOPICAL,UNKNOWN,CAT015,Others
MED130974,52410-4096,Isopropyl Alcohol,Medpride,Shield Line Llc,ISOPROPYL ALCOHOL,70 mL/100mL,LIQUID,TOPICAL,UNKNOWN,CAT015,Others
MED130999,52817-611,Clonidine Transdermal System,"Clonidine Transdermal System Usp, 0.2 Mg/Day","Trupharma, Llc",CLONIDINE,.2 mg/d,PATCH,TRANSDERMAL,Adrenergic alpha2-Agonists [MoA],CAT003,Diabetes
MED131002,52817-851,Sapropterin Dihydrochloride,Sapropterin Dihydrochloride,"Trupharma, Llc",SAPROPTERIN DIHYDROCHLORIDE,500 mg/1,"POWDER, FOR SOLUTION",ORAL,Breast Cancer Resistance Protein Inhibitors [MoA],CAT012,Ophthalmology
MED131037,53208-902,Salicylic Acid,Dr. Groot Anti-Dandruff Scalp Care 2 In 1,"Lg H&H Co., Ltd.",SALICYLIC ACID,30 mg/mL,SHAMPOO,TOPICAL,UNKNOWN,CAT015,Others
MED131038,0220-2958,Potassium Chloride,Kali Muriaticum,Boiron,POTASSIUM CHLORIDE,12 [hp_X]/12[hp_X],PELLET,ORAL,Increased Large Intestinal Motility [PE],CAT007,Gastrointestinal
MED131044,53329-060,Dimethicone,Readybath Tpc Total Perineal Care,"Medline Industries, Inc.",DIMETHICONE,.544 g/1,CLOTH,TOPICAL,Skin Barrier Activity [PE],CAT008,Dermatology
MED131110,53943-320,Caffeine,Stay Awake,Discount Drug Mart,CAFFEINE,200 mg/1,TABLET,ORAL,Central Nervous System Stimulant [EPC],CAT005,Neurology
MED131126,54111-112,Salicylic Acid,Broda Acne,"Bentley Laboratories, Llc",SALICYLIC ACID,.4 g/20g,GEL,TOPICAL,UNKNOWN,CAT015,Others
MED131167,54473-286,Titanium Dioxide 5% And Zinc Oxide 5%,Sei Bella Tinted Bb Moisturizing Creme Medium 320 C,Melaleuca Inc.,TITANIUM DIOXIDE,1.5 g/30mL,LOTION,TOPICAL,UNKNOWN,CAT015,Others
MED131172,54473-402,Benzoyl Peroxide,Clarity Clear Skin Solutions Acne Spot Treatment,"Melaleuca, Inc.",BENZOYL PEROXIDE,1.5 g/15mL,CREAM,TOPICAL,UNKNOWN,CAT015,Others
MED131180,54723-020,Lidocaine Hydrochloride,Painless Tattoo Numbing Cream,"Sambria Pharmaceuticals, Llc",LIDOCAINE HYDROCHLORIDE,4 g/100mL,CREAM,TOPICAL,Amide Local Anesthetic [EPC],CAT004,Pain Management
MED131191,0220-3385,Mercuric Chloride,Mercurius Corrosivus,Boiron,MERCURIC CHLORIDE,12 [hp_C]/12[hp_C],PELLET,ORAL,UNKNOWN,CAT015,Others
MED131195,54860-424,Alcohol,Assorted Licensed Hand Sanitizer Sweet Pea 01,"Shenzhen Lantern Scicence Co.,Ltd.",ALCOHOL,70 mL/100mL,SPRAY,TOPICAL,UNKNOWN,CAT015,Others
MED131209,54860-569,Alcohol,Smart Care Hand Sanitizer Sunset Guava,"Shenzhen Lantern Scicence Co.,Ltd.",ALCOHOL,70 mL/100mL,SPRAY,TOPICAL,UNKNOWN,CAT015,Others
MED131241,55111-664,Paricalcitol,Paricalcitol,Dr. Reddy'S Laboratories Limited,PARICALCITOL,2 ug/1,"CAPSULE, LIQUID FILLED",ORAL,Cholecalciferol [CS],CAT013,Vaccines & Biologics
MED131256,55150-286,Cisatracurium Besylate,Cisatracurium Besylate,Eugia Us Llc,CISATRACURIUM BESYLATE,20 mg/10mL,INJECTION,INTRAVENOUS,Neuromuscular Nondepolarizing Blockade [PE],CAT005,Neurology
MED131279,55154-2633,Ursodiol,Ursodiol,"Cardinal Health 107, Llc",URSODIOL,250 mg/1,"TABLET, FILM COATED",ORAL,Bile Acid [EPC],CAT007,Gastrointestinal
MED131280,55154-2639,Finasteride,Finasteride,"Cardinal Health 107, Llc",FINASTERIDE,5 mg/1,"TABLET, FILM COATED",ORAL,5-alpha Reductase Inhibitor [EPC],CAT009,Oncology
MED131284,0220-3657,Nicotine,Nicotinum,Boiron,NICOTINE,30 [hp_C]/30[hp_C],PELLET,ORAL,Cholinergic Nicotinic Agonist [EPC],CAT005,Neurology
MED131298,55154-7128,Doxycycline Hyclate,Doxycycline,"Cardinal Health 107, Llc",DOXYCYCLINE HYCLATE,100 mg/1,"TABLET, COATED",ORAL,Tetracycline-class Drug [EPC],CAT001,Antibiotics
MED131304,55154-8083,Finasteride,Finasteride,"Cardinal Health 107, Llc",FINASTERIDE,5 mg/1,"TABLET, FILM COATED",ORAL,5-alpha Reductase Inhibitor [EPC],CAT009,Oncology
MED131384,55700-581,Eszopiclone,Eszopiclone,Quality Care Products Llc,ESZOPICLONE,2 mg/1,"TABLET, FILM COATED",ORAL,UNKNOWN,CAT015,Others
MED131401,0220-4115,Lead,Plumbum Metallicum,Boiron,LEAD,9 [hp_C]/9[hp_C],PELLET,ORAL,UNKNOWN,CAT015,Others
MED131433,55910-197,Ibuprofen,Ibuprofen,"Dolgencorp, Inc. (Dollar General & Rexall)",IBUPROFEN,200 mg/1,"CAPSULE, LIQUID FILLED",ORAL,Anti-Inflammatory Agents,CAT004,Pain Management
MED131445,55910-614,Diphenhydramine Hcl,Sleep Aid,"Dolgencorp, Llc",DIPHENHYDRAMINE HYDROCHLORIDE,25 mg/1,"TABLET, FILM COATED",ORAL,Histamine H1 Receptor Antagonists [MoA],CAT006,Respiratory
MED131469,56062-299,Cetylpyridinium Chloride,Zestymint Antiseptic,"Publix Super Markets, Inc.",CETYLPYRIDINIUM CHLORIDE,.7 mg/mL,MOUTHWASH,ORAL,UNKNOWN,CAT015,Others
MED131479,56062-976,Bisacodyl,Laxative,Publix Super Markets Inc,BISACODYL,5 mg/1,"TABLET, DELAYED RELEASE",ORAL,Increased Large Intestinal Motility [PE],CAT007,Gastrointestinal
MED131528,57483-950,Loratadine,Allervarx,"Innovus Pharmaceuticals, Inc.",LORATADINE,10 mg/1,"TABLET, ORALLY DISINTEGRATING",ORAL,UNKNOWN,CAT015,Others
MED131539,57631-010,Acetaminophen And Diphenhydramine Citrate,Acetaminophen And Diphenhydramine Citrate,Invatech Pharma Solutions Llc,ACETAMINOPHEN,500 mg/1,TABLET,ORAL,Histamine H1 Receptor Antagonists [MoA],CAT006,Respiratory
MED131552,57664-690,Amitriptyline Hydrochloride,Amitriptyline Hydrochloride,"Sun Pharmaceutical Industries, Inc.",AMITRIPTYLINE HYDROCHLORIDE,100 mg/1,"TABLET, FILM COATED",ORAL,Tricyclic Antidepressant [EPC],CAT005,Neurology
MED131621,0220-4675,Silicon Dioxide,Silicea,Boiron,SILICON DIOXIDE,200 [hp_X]/200[hp_X],PELLET,ORAL,UNKNOWN,CAT015,Others
MED131664,58411-339,Octinoxate,Shiseido Future Lx Total Radiance Foundation E Rose 4,Shiseido Americas Corporation,OCTINOXATE,1832 mg/30mL,CREAM,TOPICAL,UNKNOWN,CAT015,Others
MED131670,0220-4813,Sulfur,Sulphur,Boiron,SULFUR,200 [hp_X]/200[hp_X],PELLET,ORAL,UNKNOWN,CAT015,Others
MED131680,58411-581,Octinoxate And Titanium Dioxide,Shiseido Synchro Skin Radiant Lifting Foundation 410,Shiseido Americas Corporation,OCTINOXATE,2.484 g/30mL,EMULSION,TOPICAL,UNKNOWN,CAT015,Others
MED131682,58411-589,Octinoxate And Titanium Dioxide,Shiseido Synchro Skin Radiant Lifting Foundation 530,Shiseido Americas Corporation,OCTINOXATE,2.484 g/30mL,EMULSION,TOPICAL,UNKNOWN,CAT015,Others
MED131691,58411-849,Octinoxate And Titanium Dioxide,Cle De Peau Beaute The Foundation N B20 Light Medium Beige,Shiseido Americas Corporation,OCTINOXATE,1092 mg/28mL,EMULSION,TOPICAL,UNKNOWN,CAT015,Others
MED131752,58892-317,Zinc Oxide,Tizo Ultra Zinc Spf 40 (Non-Tinted),"Fallien Cosmeceuticals, Ltd",ZINC OXIDE,200 mg/g,CREAM,TOPICAL,UNKNOWN,CAT015,Others
MED131767,59050-261,Povidone-Iodine,Povidone-Lodine Swabsticks Triple,"Changzhou Maokang Medical Products Co., Ltd",POVIDONE-IODINE,100 mg/g,LIQUID,TOPICAL,UNKNOWN,CAT015,Others
MED131775,59088-181,"Ferrous Fumarate, Folic Acid",Folitin-Z,Puretek Corporation,".ALPHA.-TOCOPHEROL ACETATE, DL-",45 mg/1,TABLET,ORAL,Analogs/Derivatives [Chemical/Ingredient],CAT014,Vitamins & Supplements
MED131781,59088-237,L-Ascorbic Acid,Vitamin C 15 %,Puretek Corporation,ASCORBIC ACID,15 mg/100mL,LIQUID,TOPICAL,Ascorbic Acid [CS],CAT013,Vaccines & Biologics
MED131786,59088-307,Lidocaine Hci,Lidotral 3.88% Roll On,Puretek Corporation,LIDOCAINE HYDROCHLORIDE,38.8 mg/g,GEL,TOPICAL,Amide Local Anesthetic [EPC],CAT004,Pain Management
MED131822,59390-140,Ofloxacin,Ofloxacin Ophthalmic,Altaire Pharmaceuticals Inc.,OFLOXACIN,3 mg/mL,SOLUTION,OPHTHALMIC,Quinolone Antimicrobial [EPC],CAT001,Antibiotics
MED131836,59469-133,"Peumus Boldus Leaf, Dioscorea Villosa Tuber, Strychnos Ignatii Seed, Cynara Scolymus Whole, Fumaria Officinalis Whole, Frangula Alnus Bark, And Rheum Officinale Root",Defaeton,Pekana Naturheilmittel Gmbh,CYNARA SCOLYMUS WHOLE,12 [hp_X]/50mL,SOLUTION/ DROPS,ORAL,UNKNOWN,CAT015,Others
MED131923,59735-212,Brightening Skin Tint,Tula Radiant Skin Brightening Serum Skin Tint Sunscreen Broad Spectrum Spf 30,"Pml Nyc, Llc",AVOBENZONE,3 g/30mL,LOTION,TOPICAL,UNKNOWN,CAT015,Others
MED131937,59746-462,Zolmitriptan,Zolmitriptan Od,Jubilant Cadista Pharmacuticals Inc.,ZOLMITRIPTAN,5 mg/1,"TABLET, ORALLY DISINTEGRATING",ORAL,Serotonin 1b Receptor Agonists [MoA],CAT005,Neurology
MED131939,59762-0059,Alprazolam,Alprazolam Xr,Mylan Pharmaceuticals Inc.,ALPRAZOLAM,1 mg/1,"TABLET, EXTENDED RELEASE",ORAL,Benzodiazepine [EPC],CAT005,Neurology
MED131952,59779-194,Famotidine,Acid Controller,Cvs Pharmacy,FAMOTIDINE,20 mg/1,"TABLET, FILM COATED",ORAL,Histamine H2 Receptor Antagonists [MoA],CAT006,Respiratory
MED131975,60219-1312,Pregabalin,Pregabalin,Amneal Pharmaceuticals Ny Llc,PREGABALIN,75 mg/1,CAPSULE,ORAL,UNKNOWN,CAT015,Others
MED131976,60219-1313,Pregabalin,Pregabalin,Amneal Pharmaceuticals Ny Llc,PREGABALIN,100 mg/1,CAPSULE,ORAL,UNKNOWN,CAT015,Others
MED132014,0220-9103,"Comfrey Root, Tribasic Calcium Phosphate",Bone Pain Relief,Boiron,COMFREY ROOT,6 [hp_C]/1,PELLET,ORAL,UNKNOWN,CAT015,Others
MED132018,60505-2578,Atorvastatin Calcium,Atorvastatin Calcium,Apotex Corp.,ATORVASTATIN CALCIUM PROPYLENE GLYCOL SOLVATE,10 mg/1,"TABLET, FILM COATED",ORAL,HMG-CoA Reductase Inhibitor [EPC],CAT003,Diabetes
MED132079,60687-663,Metaxalone,Metaxalone,American Health Packaging,METAXALONE,800 mg/1,TABLET,ORAL,Centrally-mediated Muscle Relaxation [PE],CAT005,Neurology
MED132115,60760-654,Ondansetron,Ondansetron,St. Mary'S Medical Park Pharmacy,ONDANSETRON,4 mg/1,"TABLET, ORALLY DISINTEGRATING",ORAL,Serotonin 3 Receptor Antagonists [MoA],CAT005,Neurology
MED132120,60760-674,Gabapentin,Gabapentin,St. Mary'S Medical Park Pharmacy,GABAPENTIN,300 mg/1,CAPSULE,ORAL,Decreased Central Nervous System Disorganized Electrical Activity [PE],CAT005,Neurology
MED132152,60923-507,Delandistrogene Moxeparvovec-Rokl,Elevidys,"Sarepta Therapeutics, Inc.",UNKNOWN,UNKNOWN,KIT,INTRAVENOUS,UNKNOWN,CAT015,Others
MED132169,61077-121,"Belladonna, Nux Vomica",H-Rosacea Formula,Healing Natural Oils Llc,ATROPA BELLADONNA,6 [hp_C]/11mL,OIL,TOPICAL,Allergens [CS],CAT006,Respiratory
MED132220,61649-540,Zinc Oxide,Attitude Sunly Mineral Sunscreen Stick Spf 50 Unscented,9055-7588 Qubec Inc.Dba Attitude,ZINC OXIDE,24 g/100g,STICK,TOPICAL,UNKNOWN,CAT015,Others
MED132266,61973-108,Sunscreen,Arizona Sun Spf 45 Sunscreen,Arizona Sun Products,AVOBENZONE,30 mg/g,SPRAY,TOPICAL,UNKNOWN,CAT015,Others
MED132272,62007-215,Fluoride Treatment,Pcxx Neutral Rns Peppermint,Ross Healthcare Inc.,SODIUM FLUORIDE,2 mg/mL,RINSE,DENTAL,UNKNOWN,CAT015,Others
MED132284,62082-057,"Titanium Dioxide, Zinc Oxide",Pharmaca Natural Mineral Sunscreen Spf-50,"Pharmaca Integrative Pharmacy, Inc.",TITANIUM DIOXIDE,60 mg/mL,CREAM,TOPICAL,Copper Absorption Inhibitor [EPC],CAT007,Gastrointestinal
MED132288,62106-1062,Impure Calcium Carbonate,Calcarea Carbonica 6X,Seroyal Usa,"OYSTER SHELL CALCIUM CARBONATE, CRUDE",6 [hp_X]/1,TABLET,SUBLINGUAL,UNKNOWN,CAT015,Others
MED132294,62106-1158,"Urtica Dioica, Berberis Vulgaris, Boldo, Juniperus Communis, Aloe Socotrina, Chelidonium Majus",Unda 226,Seroyal Usa,ALOE,6 [hp_X]/20mL,LIQUID,ORAL,Allergens [CS],CAT006,Respiratory
MED132306,62135-173,Cortisone Acetate,Cortisone Acetate,"Chartwell Rx, Llc",CORTISONE ACETATE,25 mg/1,TABLET,ORAL,Corticosteroid Hormone Receptor Agonists [MoA],CAT004,Pain Management
MED132323,62135-534,Pantoprazole Sodium,Pantoprazole Sodium,"Chartwell Rx, Llc",PANTOPRAZOLE SODIUM,40 mg/1,"TABLET, DELAYED RELEASE",ORAL,Proton Pump Inhibitor [EPC],CAT007,Gastrointestinal
MED132385,62250-110,Tobramycin,Tobramycin,"Belcher Pharmaceuticals, Llc",TOBRAMYCIN,3 mg/mL,SOLUTION/ DROPS,OPHTHALMIC,Aminoglycoside Antibacterial [EPC],CAT001,Antibiotics
MED132386,0031-8715,"Dextromethorphan Hydrobromide, Guaifenesin",Childrens Robitussin Cough And Chest Congestion Dm,Haleon Us Holdings Llc,DEXTROMETHORPHAN HYDROBROMIDE,5 mg/5mL,LIQUID,ORAL,Decreased Respiratory Secretion Viscosity [PE],CAT006,Respiratory
MED132478,62670-6636,Alcohol,Anti Bacterial Hand Gel First Sight,"Bath & Body Works, Inc.",ALCOHOL,71 mL/100mL,GEL,TOPICAL,UNKNOWN,CAT015,Others
MED132485,62670-6662,Alcohol,Anti Bacterial Hand Gel Strawberry Kiwi,"Bath & Body Works, Inc.",ALCOHOL,71 mL/100mL,GEL,TOPICAL,UNKNOWN,CAT015,Others
MED132525,62670-7064,Alcohol,Anti-Bacterialhandspray Guava Glow,"Bath & Body Works, Inc.",ALCOHOL,72 mL/100mL,SPRAY,TOPICAL,UNKNOWN,CAT015,Others
MED132566,62856-272,Perampanel,Fycompa,Eisai Inc.,PERAMPANEL,2 mg/1,TABLET,ORAL,AMPA Receptor Antagonists [MoA],CAT005,Neurology
MED132573,63020-198,Brigatinib,Alunbrig,"Takeda Pharmaceuticals America, Inc.",UNKNOWN,UNKNOWN,KIT,UNKNOWN,UNKNOWN,CAT015,Others
MED132576,63029-325,Isopropyl Alcohol,Debrox Kids,Medtech Products Inc.,ISOPROPYL ALCOHOL,95 mL/100mL,LIQUID,AURICULAR (OTIC),UNKNOWN,CAT015,Others
MED132595,63083-2145,Flu Immune Drops,Flu Immune Drops 2145,Professional Complementary Health Formulas,ACONITUM NAPELLUS WHOLE,6 [hp_X]/59mL,LIQUID,ORAL,UNKNOWN,CAT015,Others
MED132598,63083-3003,B-Balance Liquescence,B-Balance Liquescence 3003,Professional Complementary Health Formulas,BEEF HEART,6 [hp_X]/118mL,LIQUID,ORAL,Allergens [CS],CAT006,Respiratory
MED132655,63187-418,Risperidone,Risperidone,Proficient Rx Lp,RISPERIDONE,.25 mg/1,"TABLET, FILM COATED",ORAL,Atypical Antipsychotic [EPC],CAT005,Neurology
MED132656,63187-420,Venlafaxine Hydrochloride,Venlafaxine Hydrochloride,Proficient Rx Lp,VENLAFAXINE HYDROCHLORIDE,150 mg/1,"CAPSULE, EXTENDED RELEASE",ORAL,Norepinephrine Uptake Inhibitors [MoA],CAT005,Neurology
MED132660,63187-448,Ziprasidone Hcl,Ziprasidone Hydrochloride,Proficient Rx Lp,ZIPRASIDONE HYDROCHLORIDE,20 mg/1,CAPSULE,ORAL,Atypical Antipsychotic [EPC],CAT005,Neurology
MED132687,63187-795,Sertraline Hydrochloride,Sertraline Hydrochloride,Proficient Rx Lp,SERTRALINE HYDROCHLORIDE,100 mg/1,TABLET,ORAL,Serotonin Reuptake Inhibitor [EPC],CAT005,Neurology
MED132699,63264-103,Oil,Swimmers Itch Guard,"Resolutions, Llc",AZADIRACHTA INDICA SEED OIL,.03 g/100g,OIL,TOPICAL,UNKNOWN,CAT015,Others
MED132700,63304-017,Ranolazine,Ranolazine,"Sun Pharmaceutical Industries, Inc.",RANOLAZINE,500 mg/1,"TABLET, EXTENDED RELEASE",ORAL,Anti-anginal [EPC],CAT003,Diabetes
MED132704,63304-143,Chlorpromazine,Chlorpromazine Hydrochloride,Sun Pharmaceutical Industries Inc,CHLORPROMAZINE HYDROCHLORIDE,25 mg/1,"TABLET, SUGAR COATED",ORAL,Phenothiazine [EPC],CAT005,Neurology
MED132797,63479-2532,"Betula Pendula, Folia, Bos Taurus Thymus, Castanea Vesca, Poplar Bud, Ribes Nigrum Flower Bud, Rna, Viscum Album Stem",Immuno-Reg Formula,Apex Energetics Inc.,BETULA PENDULA LEAF,2 [hp_X]/mL,SOLUTION/ DROPS,SUBLINGUAL,UNKNOWN,CAT015,Others
MED132814,63545-197,Argentum Metallicum,Argentum Metallicum,"Hahnemann Laboratories, Inc.",ARSENIC TRIIODIDE,500 [hp_C]/1,PELLET,ORAL,UNKNOWN,CAT015,Others
MED132913,63629-2094,Levothyroxine Sodium,Levothyroxine Sodium,Bryant Ranch Prepack,LEVOTHYROXINE SODIUM,300 ug/1,TABLET,ORAL,Thyroxine [CS],CAT009,Oncology
MED132938,63629-4470,Lisinopril And Hydrochlorothiazide,Lisinopril And Hydrochlorothiazide,Bryant Ranch Prepack,HYDROCHLOROTHIAZIDE,12.5 mg/1,TABLET,ORAL,Angiotensin Converting Enzyme Inhibitor [EPC],CAT003,Diabetes
MED132947,63629-7308,Gabapentin,Gabapentin,Bryant Ranch Prepack,GABAPENTIN,800 mg/1,TABLET,ORAL,Decreased Central Nervous System Disorganized Electrical Activity [PE],CAT005,Neurology
MED133043,63868-425,Esomeprazole Magnesium,Esomeprazole Magnesium,Chain Drug Marketing Association Inc,ESOMEPRAZOLE MAGNESIUM,20 mg/1,"CAPSULE, DELAYED RELEASE",ORAL,Cytochrome P450 2C19 Inhibitors [MoA],CAT014,Vitamins & Supplements
MED133047,63868-587,"Acetaminophen, Dextromethorphan Hydrobromide, Guaifenesin, And Phenylephrine Hydrochloride",Mucus Relief Sinus Pressure Pain And Cough,Chain Drug Marketing Association Inc,ACETAMINOPHEN,325 mg/1,"TABLET, COATED",ORAL,Adrenergic alpha1-Agonists [MoA],CAT003,Diabetes
MED133059,63868-946,Docusate Sodium And Sennosides,Stool Softener Laxative,Quality Choice (Chain Drug Marketing Association),DOCUSATE SODIUM,50 mg/1,TABLET,ORAL,UNKNOWN,CAT015,Others
MED133081,63941-466,"Acetaminophen, Dextromethorphan Hydrobromide, Phenylephrine Hydrochloride",Daytime Cold And Flu,Best Choice (Valu Merchandisers Company),ACETAMINOPHEN,325 mg/15mL,LIQUID,ORAL,Adrenergic alpha1-Agonists [MoA],CAT003,Diabetes
MED133089,0299-5962,Botulinum Toxin Type A,Dysport,"Galderma Laboratories, L.P.",BOTULINUM TOXIN TYPE A,300 U/1,"INJECTION, POWDER, LYOPHILIZED, FOR SOLUTION",INTRAMUSCULAR,Acetylcholine Release Inhibitor [EPC],CAT005,Neurology
MED133096,64024-279,Benzalkonium Chloride 0.13%,Moisturizing Antibacterial,"Aldi, Llc",BENZALKONIUM CHLORIDE,1.3 mg/mL,SOAP,TOPICAL,UNKNOWN,CAT015,Others
MED133108,64380-176,Tranylcypromine Sulfate,Tranylcypromine Sulfate,Strides Pharma Science Limited,TRANYLCYPROMINE SULFATE,10 mg/1,"TABLET, FILM COATED",ORAL,Monoamine Oxidase Inhibitor [EPC],CAT005,Neurology
MED133121,64380-919,Ursodiol,Ursodiol,Strides Pharma Science Limited,URSODIOL,500 mg/1,TABLET,ORAL,Bile Acid [EPC],CAT007,Gastrointestinal
MED133164,64942-1698,Aluminum Zirconium Tetrachlorohydrex Gly,Dove,Conopco Inc. D/B/A/ Unilever,ALUMINUM ZIRCONIUM TETRACHLOROHYDREX GLY,15.2 g/100g,STICK,TOPICAL,UNKNOWN,CAT015,Others
MED133205,64942-2131,Advanced Coconut Water And Lime Dry Spray 72H Antiperspirant Deodorant,Dove,"Conopco, Inc. D/B/A Unilever",ALUMINUM SESQUICHLOROHYDRATE,15.2 g/100g,"AEROSOL, SPRAY",TOPICAL,UNKNOWN,CAT015,Others
MED133216,64942-2236,Advanced Care Cucumber And Cactus Water Antiperspirant Deodorant,Dove,Conopco Inc. D/B/A/ Unilever,ALUMINUM ZIRCONIUM TETRACHLOROHYDREX GLY,11.4 g/100g,STICK,TOPICAL,UNKNOWN,CAT015,Others
MED133222,64942-2298,Extreme Blast 48H Antiperspirant Deodorant,Degree,Conopco Inc. D/B/A/ Unilever,ALUMINUM ZIRCONIUM TETRACHLOROHYDREX GLY,18.2 g/100g,STICK,TOPICAL,UNKNOWN,CAT015,Others
MED133239,64980-205,Lithium Carbonate,Lithium Carbonate,"Rising Pharma Holdings, Inc.",LITHIUM CARBONATE,300 mg/1,"TABLET, EXTENDED RELEASE",ORAL,Mood Stabilizer [EPC],CAT005,Neurology
MED133325,65162-636,Pantoprazole,Pantoprazole Sodium,Amneal Pharmaceuticals Llc,PANTOPRAZOLE SODIUM,20 mg/1,"TABLET, DELAYED RELEASE",ORAL,Proton Pump Inhibitor [EPC],CAT007,Gastrointestinal
MED133339,65174-270,Kit For The Preparation Of Technetium Tc 99M Albumin Aggregated,Draximage Maa,Jubilant Draximage Inc,ALBUMIN AGGREGATED,2.5 mg/1,"INJECTION, POWDER, FOR SOLUTION",INTRAVENOUS,UNKNOWN,CAT015,Others
MED133355,65219-510,Potassium Acetate,Potassium Acetate,"Fresenius Kabi Usa, Llc",POTASSIUM ACETATE,3.93 g/20mL,"INJECTION, SOLUTION, CONCENTRATE",INTRAVENOUS,Increased Large Intestinal Motility [PE],CAT007,Gastrointestinal
MED133407,65841-799,Duloxetine,Duloxetine,Zydus Lifesciences Limited,DULOXETINE HYDROCHLORIDE,20 mg/1,"CAPSULE, DELAYED RELEASE",ORAL,Norepinephrine Uptake Inhibitors [MoA],CAT005,Neurology
MED133441,65862-515,Naproxen Sodium,Naproxen Sodium,Aurobindo Pharma Limited,NAPROXEN SODIUM,275 mg/1,"TABLET, FILM COATED",ORAL,Anti-Inflammatory Agents,CAT004,Pain Management
MED133467,65862-926,Norethindrone And Ethinyl Estradiol And Ferrous Fumarate,Nexesta Fe,Aurobindo Pharma Limited,UNKNOWN,UNKNOWN,KIT,UNKNOWN,UNKNOWN,CAT015,Others
MED133562,66738-022,Salicylic Acid,Jack Black Bump Fix,"Jack Black, L.L.C.",SALICYLIC ACID,20 g/1000g,LIQUID,TOPICAL,UNKNOWN,CAT015,Others
MED133599,66949-128,Benzalkonium Chloride,Zep Mango Ab,Zep Inc.,BENZALKONIUM CHLORIDE,.13 g/100mL,LIQUID,TOPICAL,UNKNOWN,CAT015,Others
MED133602,0363-0037,Lansoprazole,Lansoprazole,Walgreens Company,LANSOPRAZOLE,15 mg/1,"CAPSULE, DELAYED RELEASE",ORAL,Inhibition Gastric Acid Secretion [PE],CAT007,Gastrointestinal
MED133662,67091-274,"Bacitracin Zinc, Neomycin Sulfate, And Polymyxin B Sulfate",Winco Original Strength Triple Antibiotic,"Winco Foods, Llc",BACITRACIN ZINC,400 [iU]/g,OINTMENT,TOPICAL,Aminoglycoside Antibacterial [EPC],CAT001,Antibiotics
MED133688,67194-018,"Lidocaine, Petrolatum",Numpot Topical Anesthetic,"Unit Dose, Ltd.",LIDOCAINE,50 mg/g,OINTMENT,TOPICAL,Amide Local Anesthetic [EPC],CAT004,Pain Management
MED133713,0053-0300,Etranacogene Dezaparvovec,Hemgenix,Csl Behring,UNKNOWN,UNKNOWN,KIT,UNKNOWN,UNKNOWN,CAT015,Others
MED133720,67296-2164,Buprenorphine And Naloxone,Buprenorphine And Naloxone,Redpharm Drug,BUPRENORPHINE HYDROCHLORIDE,8 mg/1,TABLET,SUBLINGUAL,Opioid Antagonist [EPC],CAT004,Pain Management
MED133758,67684-4251,Gadopiclenol,Elucirem,Guerbet Llc,GADOPICLENOL,485.1 mg/mL,INJECTION,INTRAVENOUS,UNKNOWN,CAT015,Others
MED133762,67777-139,Antidandruff Shampoo,Wecare Anti-Dandruff,Dynarex Corporation,PYRITHIONE ZINC,5 g/1000mL,LIQUID,TOPICAL,UNKNOWN,CAT015,Others
MED133785,67877-589,Colchicine,Colchicine,"Ascend Laboratories, Llc",COLCHICINE,.6 mg/1,TABLET,ORAL,Alkaloid [EPC],CAT012,Ophthalmology
MED133790,67877-641,Lurasidone Hydrochloride,Lurasidone Hydrochloride,"Ascend Laboratories, Llc",LURASIDONE HYDROCHLORIDE,80 mg/1,"TABLET, FILM COATED",ORAL,Atypical Antipsychotic [EPC],CAT005,Neurology
MED133831,68001-592,Escitalopram,Escitalopram,Bluepoint Laboratories,ESCITALOPRAM OXALATE,10 mg/1,"TABLET, FILM COATED",ORAL,Serotonin Reuptake Inhibitor [EPC],CAT005,Neurology
MED133841,68001-681,Etoposide,Etoposide,Bluepoint Laboratories,ETOPOSIDE,20 mg/mL,"INJECTION, SOLUTION, CONCENTRATE",INTRAVENOUS,Topoisomerase Inhibitor [EPC],CAT012,Ophthalmology
MED133877,68071-1945,Lisinopril And Hydrochlorothiazide,Lisinopril And Hydrochlorothiazide,"Nucare Pharmaceuticals, Inc.",HYDROCHLOROTHIAZIDE,25 mg/1,TABLET,ORAL,Angiotensin Converting Enzyme Inhibitor [EPC],CAT003,Diabetes
MED133894,68071-2700,Loperamide Hydrochloride,Loperamide Hydrochloride,"Nucare Pharmaceuticals,Inc.",LOPERAMIDE HYDROCHLORIDE,2 mg/1,CAPSULE,ORAL,Opioid Agonist [EPC],CAT004,Pain Management
MED133903,0363-0810,Isopropyl Alcohol,70%,Walgreen Co.,ISOPROPYL ALCOHOL,70 mL/100mL,LIQUID,TOPICAL,UNKNOWN,CAT015,Others
MED133905,68071-3400,Diethylpropion Hydrochloride,Diethylpropion Hydrochloride,"Nucare Pharmaceuticals,Inc.",DIETHYLPROPION HYDROCHLORIDE,25 mg/1,TABLET,ORAL,Appetite Suppression [PE],CAT005,Neurology
MED133908,68071-3443,Hydrochlorothiazide,Hydrochlorothiazide,"Nucare Pharmaceuticals,Inc.",HYDROCHLOROTHIAZIDE,12.5 mg/1,TABLET,ORAL,Increased Diuresis [PE],CAT003,Diabetes
MED133912,68071-3543,Nystatin,Nystatin,"Nucare Pharmaceuticals,Inc.",NYSTATIN,100000 [USP'U]/mL,SUSPENSION,ORAL,Polyene Antifungal [EPC],CAT001,Antibiotics
MED133936,68071-3805,Cyclobenzaprine Hydrochloride,Cyclobenzaprine Hydrochloride,"Nucare Pharmaceuticals, Inc.",CYCLOBENZAPRINE HYDROCHLORIDE,7.5 mg/1,"TABLET, FILM COATED",ORAL,Centrally-mediated Muscle Relaxation [PE],CAT005,Neurology
MED133953,68071-4139,Ciprofloxacin Hydrochloride,Ciprofloxacin Hydrochloride,"Nucare Pharmaceuticals,Inc.",CIPROFLOXACIN HYDROCHLORIDE,3 mg/mL,SOLUTION/ DROPS,OPHTHALMIC,Cytochrome P450 1A2 Inhibitors [MoA],CAT014,Vitamins & Supplements
MED133977,68071-4934,Diclofenac Sodium,Diclofenac Sodium Delayed Release,"Nucare Pharmaceuticals,Inc.",DICLOFENAC SODIUM,75 mg/1,"TABLET, DELAYED RELEASE",ORAL,Anti-Inflammatory Agents,CAT004,Pain Management
MED133985,68071-5063,Zolpidem Tartrate,Zolpidem Tartrate,"Nucare Pharmaceuticals,Inc.",ZOLPIDEM TARTRATE,10 mg/1,TABLET,ORAL,Central Nervous System Depression [PE],CAT005,Neurology
MED133991,68071-5156,Benzonatate,Benzonatate,"Nucare Pharmaceuticals,Inc.",BENZONATATE,100 mg/1,CAPSULE,ORAL,Decreased Tracheobronchial Stretch Receptor Activity [PE],CAT006,Respiratory
MED134045,68084-968,Oxycodone Hydrochloride,Oxycodone Hydrochloride,American Health Packaging,OXYCODONE HYDROCHLORIDE,10 mg/1,TABLET,ORAL,Full Opioid Agonists [MoA],CAT004,Pain Management
MED134053,68094-147,Dexmedetomidine Hydrochloride,Dexmedetomidine Hydrochloride In Sodium Chloride,"Precision Dose, Inc.",DEXMEDETOMIDINE HYDROCHLORIDE,4 ug/mL,"INJECTION, SOLUTION",INTRAVENOUS,Adrenergic alpha2-Agonists [MoA],CAT003,Diabetes
MED134071,68180-241,Levofloxacin,Levofloxacin,"Lupin Pharmaceuticals, Inc.",LEVOFLOXACIN,500 mg/1,"TABLET, FILM COATED",ORAL,UNKNOWN,CAT015,Others
MED134092,0363-1639,"Aluminum Hydroxide, Magnesium Hydroxide, Simethicone",Advanced Regular Strength Antacid,Walgreen Company,ALUMINUM HYDROXIDE,200 mg/5mL,SUSPENSION,ORAL,Calculi Dissolution Agent [EPC],CAT007,Gastrointestinal
MED134145,68382-498,Topiramate,Topiramate,Zydus Pharmaceuticals Usa Inc.,TOPIRAMATE,50 mg/1,"CAPSULE, COATED PELLETS",ORAL,Cytochrome P450 2C19 Inhibitors [MoA],CAT014,Vitamins & Supplements
MED134152,68382-623,Buspirone Hydrochloride,Buspirone Hydrochloride,Zydus Pharmaceuticals Usa Inc.,BUSPIRONE HYDROCHLORIDE,7.5 mg/1,TABLET,ORAL,UNKNOWN,CAT015,Others
MED134181,68462-132,Norethindrone Acetate And Ethinyl Estradiol,Norethindrone Acetate And Ethinyl Estradiol,"Glenmark Pharmaceuticals Inc., Usa",ETHINYL ESTRADIOL,.02 mg/1,TABLET,ORAL,Estrogen Receptor Agonists [MoA],CAT009,Oncology
MED134191,68462-290,Betamethasone Dipropionate,Betamethasone Dipropionate,"Glenmark Pharmaceuticals Inc., Usa",BETAMETHASONE DIPROPIONATE,.5 mg/g,CREAM,TOPICAL,Corticosteroid Hormone Receptor Agonists [MoA],CAT004,Pain Management
MED134200,0363-2389,"Guaifenesin, Pseudoephedrine Hydrochloride",Mucus Relief D,Walgreen Company,GUAIFENESIN,1200 mg/1,"TABLET, MULTILAYER, EXTENDED RELEASE",ORAL,Adrenergic alpha-Agonists [MoA],CAT003,Diabetes
MED134204,68462-500,Zolmitriptan,Zolmiptriptan,"Glenmark Pharmaceuticals Inc., Usa",ZOLMITRIPTAN,5 mg/1,"TABLET, ORALLY DISINTEGRATING",ORAL,Serotonin 1b Receptor Agonists [MoA],CAT005,Neurology
MED134215,0054-0140,Acarbose,Acarbose,Hikma Pharmaceuticals Usa Inc.,ACARBOSE,25 mg/1,TABLET,ORAL,alpha Glucosidase Inhibitors [MoA],CAT002,Cardiovascular
MED134234,68479-773,Salicylic Acid,Breakout Clearing Booster,"Dermalogica, Llc.",SALICYLIC ACID,2 g/100mL,LIQUID,TOPICAL,UNKNOWN,CAT015,Others
MED134271,68599-1120,Ethyl Alcohol,Mckesson Antiseptic Hand Sanitizer,Mckesson Medical-Surgical,ALCOHOL,665 g/L,GEL,TOPICAL,UNKNOWN,CAT015,Others
MED134298,68703-326,"Chamomilla, Cina, Kali Bic, Kali Carb, Kali Mur, Pulsatilla",Mucus-Clear Jr. Nighttime,Silver Star Brands,ARTEMISIA CINA FLOWER,6 [hp_C]/59mL,LIQUID,ORAL,Increased Large Intestinal Motility [PE],CAT007,Gastrointestinal
MED134300,68703-352,"Agaricus Musc, Mag Phos, Stramonium, Tarentula Hisp",Tremorsoothe,Silver Star Brands,AMANITA MUSCARIA FRUITING BODY,6 [hp_C]/1801,TABLET,ORAL,Calculi Dissolution Agent [EPC],CAT007,Gastrointestinal
MED134307,0363-4208,Athletes Foot Liquid,Miconazole Nitrate,Walgreens Company,MICONAZOLE NITRATE,3 g/150g,SPRAY,TOPICAL,Azole Antifungal [EPC],CAT001,Antibiotics
MED134352,68788-7982,Meclizine Hcl,Meclizine Hcl 25 Mg,Preferred Pharmaceuticals Inc.,MECLIZINE HYDROCHLORIDE,25 mg/1,TABLET,ORAL,Antiemetic [EPC],CAT007,Gastrointestinal
MED134389,68788-8603,Metformin Hydrochloride,Metformin Hydrochloride,Preferred Pharmaceuticals Inc.,METFORMIN HYDROCHLORIDE,850 mg/1,TABLET,ORAL,Biguanide [EPC],CAT002,Cardiovascular
MED134394,68788-8636,Acetaminophen,Acetaminophen,Preferrred Pharmaceuticals Inc.,ACETAMINOPHEN,500 mg/1,TABLET,ORAL,UNKNOWN,CAT015,Others
MED134410,68788-8789,Hydroxyzine Pamoate,Hydroxyzine Pamoate,Preferred Pharmaceuticals Inc.,HYDROXYZINE PAMOATE,50 mg/1,CAPSULE,ORAL,Antihistamine [EPC],CAT006,Respiratory
MED134480,69039-753,Zinc Oxide,Sun Bum Mineral 30 Sunscreen 32 Oz,"Sun Bum, Llc",ZINC OXIDE,147 mg/mL,LOTION,TOPICAL,UNKNOWN,CAT015,Others
MED134514,69097-835,Sertraline Hydrochloride,Sertraline Hydrochloride,Cipla Usa Inc.,SERTRALINE HYDROCHLORIDE,100 mg/1,TABLET,ORAL,Cytochrome P450 2D6 Inhibitors [MoA],CAT014,Vitamins & Supplements
MED134547,69168-495,Eye Allergy Itch Relief,Eye Allergy Itch Relief,Allegiant Health,OLOPATADINE HYDROCHLORIDE,2 mg/mL,SOLUTION/ DROPS,OPHTHALMIC,Decreased Histamine Release [PE],CAT006,Respiratory
MED134554,69238-1061,Desipramine,Desipramine Hydrochloride,Amneal Pharmaceuticals Ny Llc,DESIPRAMINE HYDROCHLORIDE,100 mg/1,"TABLET, FILM COATED",ORAL,Tricyclic Antidepressant [EPC],CAT005,Neurology
MED134625,69367-214,Phenobarbital,Phenobarbital,"Westminster Pharmaceuticals, Llc",PHENOBARBITAL,97.2 mg/1,TABLET,ORAL,UNKNOWN,CAT015,Others
MED134634,69367-427,Pregabalin,Pregabalin,"Westminster Pharmaceuticals, Llc",PREGABALIN,100 mg/1,CAPSULE,ORAL,UNKNOWN,CAT015,Others
MED134648,69396-150,"Diphenhydramine Hydrochloride 2%, Zinc Acetate 0.1%",Itch Stopping Cream,"Trifecta Pharmaceuticals Usa, Llc.",DIPHENHYDRAMINE HYDROCHLORIDE,2 g/100g,CREAM,TOPICAL,Copper Absorption Inhibitor [EPC],CAT007,Gastrointestinal
MED134677,69423-807,"Acetaminophen, Dextromethrophan, Doxylamine Succinate, Phenylephrine Hcl",Vicks Nyquil Severe Honey Flavor Cold And Flu,Procter & Gamble Manufacturing Company,ACETAMINOPHEN,325 mg/15mL,LIQUID,ORAL,Adrenergic alpha1-Agonists [MoA],CAT003,Diabetes
MED134678,0363-9220,Docosanol,Cold Sore Fever Blister Treatment,Walgreens,DOCOSANOL,100 mg/g,CREAM,TOPICAL,UNKNOWN,CAT015,Others
MED134708,69452-359,Ropinirole,Ropinirole,Bionpharma Inc.,ROPINIROLE HYDROCHLORIDE,2 mg/1,"TABLET, FILM COATED",ORAL,Dopamine Agonists [MoA],CAT005,Neurology
MED134718,69473-021,"Titanium Dioxide, Zinc Oxide",Alumier Md Sheer Hydration,Alumier Labs,TITANIUM DIOXIDE,70 mg/mL,LOTION,TOPICAL,UNKNOWN,CAT015,Others
MED134763,69693-416,"Camphor, Menthol",Absorbine Jr. Plus Knee,"Clarion Brands, Llc",CAMPHOR (SYNTHETIC),7 mg/100mg,PATCH,TOPICAL,UNKNOWN,CAT015,Others
MED134776,69729-782,"Acetaminophen, Guaifenesin, Dextromethorphan Hbr, Phenylephrine Hcl","Acetaminophen, Guaifenesin, Dextromethorphan Hbr, Phenylephrine Hcl",Opmx Llc,ACETAMINOPHEN,325 mg/1,"CAPSULE, LIQUID FILLED",ORAL,Adrenergic alpha1-Agonists [MoA],CAT003,Diabetes
MED134856,69968-0212,Benzoyl Peroxide,Clean And Clear Persa-Gel 10,Kenvue Brands Llc,BENZOYL PEROXIDE,100 mg/g,GEL,TOPICAL,UNKNOWN,CAT015,Others
MED134894,69968-0923,Oatmeal,Aveeno Baby Eczema Therapy Moisturizing,Kenvue Brands Llc,OATMEAL,10 mg/mL,CREAM,TOPICAL,Allergens [CS],CAT006,Respiratory
MED134895,69968-0932,"Avobenzone, Homosalate, Octisalate, And Octocrylene",Neutrogena Hydro Boost Hyaluronic Acid Moisturizer Broad Spectrum Spf 50,Kenvue Brands Llc,AVOBENZONE,30 mg/mL,LOTION,TOPICAL,UNKNOWN,CAT015,Others
MED134936,70000-0504,"Loratadine, Pseudoephedrine Sulfate",Leader Allergy Relief D12,"Cardinal Health 110, Llc. Dba Leader",LORATADINE,5 mg/1,"TABLET, FILM COATED, EXTENDED RELEASE",ORAL,Adrenergic alpha-Agonists [MoA],CAT003,Diabetes
MED134937,70000-0526,Docusate Sodium 50 Mg And Sennosides 8.6 Mg,Stool Softener Plus Stimulant Laxative,"Cardinal Health, 110 Dba Leader",DOCUSATE SODIUM,50 mg/1,"TABLET, FILM COATED",ORAL,UNKNOWN,CAT015,Others
MED134960,70010-063,Metformin Hydrochloride,Metformin Hydrochloride,Granules Pharmaceuticals Inc.,METFORMIN HYDROCHLORIDE,500 mg/1,TABLET,ORAL,Biguanide [EPC],CAT002,Cardiovascular
MED135030,70121-1453,Meropenem,Meropenem,Amneal Pharmaceuticals Llc,MEROPENEM,1 g/30mL,"INJECTION, POWDER, FOR SOLUTION",INTRAVENOUS,Carbapenems [CS],CAT001,Antibiotics
MED135052,70165-300,Methylphenidate,Cotempla Xr-Odt,"Neos Therapeutics Brands, Llc",METHYLPHENIDATE,25.9 mg/1,"TABLET, ORALLY DISINTEGRATING",ORAL,Central Nervous System Stimulant [EPC],CAT005,Neurology
MED135070,70377-049,Lenalidomide,Lenalidomide,"Biocon Pharma Inc.,",LENALIDOMIDE,2.5 mg/1,CAPSULE,ORAL,Thalidomide Analog [EPC],CAT012,Ophthalmology
MED135085,70436-058,Bupropion Hydrochloride,Bupropion Hydrochloride Sr,"Slate Run Pharmaceuticals, Llc",BUPROPION HYDROCHLORIDE,100 mg/1,"TABLET, EXTENDED RELEASE",ORAL,Aminoketone [EPC],CAT005,Neurology
MED135113,0378-6060,Diltiazem Hydrochloride,Diltiazem Hydrochloride,Mylan Pharmaceuticals Inc.,DILTIAZEM HYDROCHLORIDE,60 mg/1,"CAPSULE, EXTENDED RELEASE",ORAL,Calcium Channel Antagonists [MoA],CAT003,Diabetes
MED135152,70518-2528,Furosemide,Furosemide,Remedyrepack Inc.,FUROSEMIDE,20 mg/1,TABLET,ORAL,Increased Diuresis at Loop of Henle [PE],CAT003,Diabetes
MED135224,70518-4304,Mirabegron,Mirabegron,Remedyrepack Inc.,MIRABEGRON,50 mg/1,"TABLET, EXTENDED RELEASE",ORAL,Adrenergic beta3-Agonists [MoA],CAT003,Diabetes
MED135256,70518-4677,Metformin Hydrochloride,Metformin Hydrochloride,Remedyrepack Inc.,METFORMIN HYDROCHLORIDE,1000 mg/1,"TABLET, EXTENDED RELEASE",ORAL,Biguanide [EPC],CAT002,Cardiovascular
MED135270,0395-0420,Calamine And Pramoxine Hydrochloride,Humco Calagesic,"Humco Holding Group, Inc.",PRAMOXINE HYDROCHLORIDE,10 mg/mL,LOTION,TOPICAL,Copper Absorption Inhibitor [EPC],CAT007,Gastrointestinal
MED135276,70677-1003,Terbinafine Hydrochloride,Terbinafine Hydrochloride,Strategic Sourcing Services Llc,TERBINAFINE HYDROCHLORIDE,1 g/100g,CREAM,TOPICAL,Allylamine Antifungal [EPC],CAT001,Antibiotics
MED135314,70700-167,Glycopyrrolate,Glycopyrrolate,Xiromed Llc,GLYCOPYRROLATE,.2 mg/mL,INJECTION,INTRAMUSCULAR,Anticholinergic [EPC],CAT005,Neurology
MED135344,70710-1587,Brivaracetam,Brivaracetam,Zydus Pharmaceuticals Usa Inc.,BRIVARACETAM,75 mg/1,"TABLET, FILM COATED",ORAL,Epoxide Hydrolase Inhibitors [MoA],CAT014,Vitamins & Supplements
MED135391,70771-1066,Fluconazole,Fluconazole,Zydus Lifesciences Limited,FLUCONAZOLE,200 mg/1,TABLET,ORAL,Azole Antifungal [EPC],CAT001,Antibiotics
MED135416,70771-1524,Ursodiol,Ursodiol,Zydus Lifesciences Limited,URSODIOL,300 mg/1,CAPSULE,ORAL,Bile Acid [EPC],CAT007,Gastrointestinal
MED135442,70771-1906,Dasatinib,Dasatinib,Zydus Lifesciences Limited,DASATINIB,140 mg/1,TABLET,ORAL,Cytochrome P450 3A4 Inhibitors [MoA],CAT014,Vitamins & Supplements
MED135444,70771-1929,Diltiazem Hydrochloride,Diltiazem Hydrochloride,Zydus Lifesciences Limited,DILTIAZEM HYDROCHLORIDE,30 mg/1,TABLET,ORAL,Calcium Channel Antagonists [MoA],CAT003,Diabetes
MED135465,70954-518,Lidocaine Hydrochloride,Lidocaine Hydrochloride,Novitium Pharma Llc,LIDOCAINE HYDROCHLORIDE,40 mg/mL,SOLUTION,TOPICAL,Amide Local Anesthetic [EPC],CAT004,Pain Management
MED135541,71205-235,Lorazepam,Lorazepam,Proficient Rx Lp,LORAZEPAM,1 mg/1,TABLET,ORAL,Benzodiazepine [EPC],CAT005,Neurology
MED135581,71205-708,Tramadol Hydrochloride,Tramadol Hydrochloride,Proficient Rx Lp,TRAMADOL HYDROCHLORIDE,200 mg/1,"TABLET, EXTENDED RELEASE",ORAL,Full Opioid Agonists [MoA],CAT004,Pain Management
MED135610,71209-044,Rosuvastatin Calcium,Rosuvastatin Calcium,Cadila Pharmaceuticals Limited,ROSUVASTATIN CALCIUM,10 mg/1,"TABLET, FILM COATED",ORAL,HMG-CoA Reductase Inhibitor [EPC],CAT003,Diabetes
MED135665,71309-461,Guaifenesin,Guaifenesin,"Safrel Pharmaceuticals, Llc.",GUAIFENESIN,1200 mg/1,"TABLET, EXTENDED RELEASE",ORAL,Decreased Respiratory Secretion Viscosity [PE],CAT006,Respiratory
MED135681,71335-0220,Gabapentin,Gabapentin,Bryant Ranch Prepack,GABAPENTIN,300 mg/1,CAPSULE,ORAL,Decreased Central Nervous System Disorganized Electrical Activity [PE],CAT005,Neurology
MED135716,0409-0125,Labetalol Hydrochloride,Labetalol Hydrochloride,"Hospira, Inc.",LABETALOL HYDROCHLORIDE,5 mg/mL,"INJECTION, SOLUTION",INTRAVENOUS,Adrenergic beta-Antagonists [MoA],CAT003,Diabetes
MED135725,71335-1197,Gabapentin,Gabapentin,Bryant Ranch Prepack,GABAPENTIN,300 mg/1,CAPSULE,ORAL,Decreased Central Nervous System Disorganized Electrical Activity [PE],CAT005,Neurology
MED135750,71335-1515,Aripiprazole,Aripiprazole,Bryant Ranch Prepack,ARIPIPRAZOLE,10 mg/1,TABLET,ORAL,Atypical Antipsychotic [EPC],CAT005,Neurology
MED135770,71335-1811,Hydrocodone Bitartrate And Acetaminophen,Hydrocodone Bitartrate And Acetaminophen,Bryant Ranch Prepack,ACETAMINOPHEN,325 mg/1,TABLET,ORAL,Opioid Agonist [EPC],CAT004,Pain Management
MED135799,0409-1454,Dexmedetomidine Hydrochloride,Precedex,"Hospira, Inc.",DEXMEDETOMIDINE HYDROCHLORIDE,4 ug/mL,"INJECTION, SOLUTION",INTRAVENOUS,Adrenergic alpha2-Agonists [MoA],CAT003,Diabetes
MED135907,71390-011,Remimazolam Besylate,Byfavo,"Acacia Pharma, Ltd.",REMIMAZOLAM BESYLATE,2.5 mg/mL,"INJECTION, POWDER, LYOPHILIZED, FOR SOLUTION",INTRAVENOUS,UNKNOWN,CAT015,Others
MED135909,71391-130,"Menthol, Unspecified Form",Feminine Pain Relief,"Unexo Life Sciences, Private Limited","MENTHOL, UNSPECIFIED FORM",200 mg/1,PATCH,TOPICAL,UNKNOWN,CAT015,Others
MED135910,71391-151,Lidocaine,Pain Relief 4% Lidocaine,Unexo Life Sciences Private Limited,LIDOCAINE,344 mg/1,PATCH,TOPICAL,Amide Local Anesthetic [EPC],CAT004,Pain Management
MED135912,71399-0666,"Clotrimazole Topical Solution Usp, 1%","Clotrimazole Topical Solution Usp, 1%",Akron Pharma Inc.,CLOTRIMAZOLE,10 mg/mL,SOLUTION,TOPICAL,Azole Antifungal [EPC],CAT001,Antibiotics
MED135975,71610-668,Glipizide,Glipizide,"Aphena Pharma Solutions - Tennessee, Llc",GLIPIZIDE,10 mg/1,TABLET,ORAL,Sulfonylurea Compounds [CS],CAT002,Cardiovascular
MED136026,71825-541,Aluminum Zirconium Tetrachlorohydrex Gly (Anhydrous),Cremo Company,Cremo Company,ALUMINUM ZIRCONIUM TETRACHLOROHYDREX GLY,20 g/100mL,STICK,TOPICAL,UNKNOWN,CAT015,Others
MED136071,71894-149,Onasemnogene Abeparvovec-Xioi,Zolgensma,Novartis Innovative Technologies Inc.,UNKNOWN,UNKNOWN,KIT,UNKNOWN,UNKNOWN,CAT015,Others
MED136074,71897-566,Chloroxylenol,Reliable E2 Luxury Foam Handwash,Veritiv Operating Company,CHLOROXYLENOL,.5 mg/100mL,LIQUID,TOPICAL,UNKNOWN,CAT015,Others
MED136131,72090-045,Simethicone 125 Mg,Gas Relief,"Pioneer Life Sciences, Llc",DIMETHICONE,125 mg/1,"CAPSULE, LIQUID FILLED",ORAL,Skin Barrier Activity [PE],CAT008,Dermatology
MED136146,72162-1123,"Brompheniramine Maleate, Pseudoephedrine Hydrochloride And Dextromethorphan Hydrobromide","Brompheniramine Maleate, Pseudoephedrine Hydrochloride And Dextromethorphan Hydrobromide",Bryant Ranch Prepack,BROMPHENIRAMINE MALEATE,2 mg/5mL,SYRUP,ORAL,Adrenergic alpha-Agonists [MoA],CAT003,Diabetes
MED136223,72162-2387,Dorzolamide Hydrochloride And Timolol Maleate Preservative Free,Dorzolamide Hydrochloride And Timolol Maleate,Bryant Ranch Prepack,DORZOLAMIDE HYDROCHLORIDE,20 mg/mL,SOLUTION/ DROPS,OPHTHALMIC,Adrenergic beta-Antagonists [MoA],CAT003,Diabetes
MED136226,72162-2436,Chlordiazepoxide Hcl And Clidinium Bromide,Chlordiazepoxide Hcl And Clidinium Bromide,Bryant Ranch Prepack,CHLORDIAZEPOXIDE HYDROCHLORIDE,5 mg/1,CAPSULE,ORAL,Anticholinergic [EPC],CAT005,Neurology
MED136231,0002-6210,Tirzepatide,Zepbound,Eli Lilly And Company,TIRZEPATIDE,12.5 mg/mL,"INJECTION, SOLUTION",SUBCUTANEOUS,G-Protein-linked Receptor Interactions [MoA],CAT014,Vitamins & Supplements
MED136232,0480-3493,Norgestrel And Ethinyl Estradiol,Cryselle,"Teva Pharmaceuticals, Inc.",UNKNOWN,UNKNOWN,KIT,ORAL,UNKNOWN,CAT015,Others
MED136240,0480-3527,Dapagliflozin,Dapagliflozin,"Teva Pharmaceuticals, Inc.",DAPAGLIFLOZIN,5 mg/1,"TABLET, FILM COATED",ORAL,Sodium-Glucose Cotransporter 2 Inhibitor [EPC],CAT002,Cardiovascular
MED136247,72189-061,Pravastatin Sodium,Pravastatin Sodium,Direct Rx,PRAVASTATIN SODIUM,40 mg/1,TABLET,ORAL,HMG-CoA Reductase Inhibitor [EPC],CAT003,Diabetes
MED136260,72189-207,Famotidine,Famotidine,Direct Rx,FAMOTIDINE,40 mg/1,TABLET,ORAL,Histamine H2 Receptor Antagonists [MoA],CAT006,Respiratory
MED136271,72189-312,Emtricitabine And Tenofovir Disoproxil Fumarate,Emtricitabine And Tenofovir Disoproxil Fumarate,Directrx,EMTRICITABINE,200 mg/1,"TABLET, FILM COATED",ORAL,Hepatitis B Virus Nucleoside Analog Reverse Transcriptase Inhibitor [EPC],CAT001,Antibiotics
MED136274,72189-333,Hydroxyzine Hydrochloride,Hydroxyzine Hydrochloride,Direct Rx,HYDROXYZINE DIHYDROCHLORIDE,10 mg/1,TABLET,ORAL,Antihistamine [EPC],CAT006,Respiratory
MED136292,72189-502,Estradiol,Estradiol,Direct_Rx,ESTRADIOL,1 mg/1,TABLET,ORAL,Estradiol Congeners [CS],CAT009,Oncology
MED136307,72189-639,Clarithromycin,Clarithromycin,Direct_Rx,CLARITHROMYCIN,500 mg/1,"TABLET, FILM COATED",ORAL,Cytochrome P450 3A Inhibitors [MoA],CAT014,Vitamins & Supplements
MED136325,72205-113,Fluphenazine Hydrochloride,Fluphenazine Hydrochloride,Novadoz Pharmaceuticals Llc,FLUPHENAZINE HYDROCHLORIDE,2.5 mg/1,"TABLET, FILM COATED",ORAL,Phenothiazine [EPC],CAT005,Neurology
MED136354,72288-069,White Petrolatum,Petroleum,Amazon.Com Services Llc,PETROLATUM,1 g/g,JELLY,TOPICAL,UNKNOWN,CAT015,Others
MED136366,72288-428,Simethicone,Basic Care Gas Relief,Amazon.Com Services Llc,DIMETHICONE,125 mg/1,"CAPSULE, LIQUID FILLED",ORAL,Skin Barrier Activity [PE],CAT008,Dermatology
MED136378,72288-734,Nicotine Polacrilex,Basic Care Nicotine,Amazon.Com Services Llc,NICOTINE,2 mg/1,LOZENGE,ORAL,Cholinergic Nicotinic Agonist [EPC],CAT005,Neurology
MED136414,72427-4615,Pectin,Lolleez Birthday Cake - Conventional,Bfy Llc,PECTIN,11.5 mg/7g,LOZENGE,ORAL,UNKNOWN,CAT015,Others
MED136480,72572-041,Bumetanide,Bumetanide,"Civica, Inc.",BUMETANIDE,.25 mg/mL,INJECTION,INTRAMUSCULAR,Increased Diuresis at Loop of Henle [PE],CAT003,Diabetes
MED136524,72603-353,Pregabalin,Pregabalin,Northstar Rxllc,PREGABALIN,50 mg/1,CAPSULE,ORAL,UNKNOWN,CAT015,Others
MED136536,72603-665,Levothyroxine Sodium,Levothyroxine Sodium,Northstar Rxllc,LEVOTHYROXINE SODIUM,112 ug/1,TABLET,ORAL,Thyroxine [CS],CAT009,Oncology
MED136539,72603-814,Vilazodone Hydrochloride,Vilazodone Hydrochloride,Northstar Rx Llc,VILAZODONE HYDROCHLORIDE,20 mg/1,TABLET,ORAL,UNKNOWN,CAT015,Others
MED136577,72789-157,Furosemide,Furosemide,"Pd-Rx Pharmaceuticals, Inc.",FUROSEMIDE,40 mg/1,TABLET,ORAL,Increased Diuresis at Loop of Henle [PE],CAT003,Diabetes
MED136592,72789-269,Hydroxyzine Hydrochloride,Hydroxyzine Hydrochloride,"Pd-Rx Pharmaceuticals, Inc.",HYDROXYZINE DIHYDROCHLORIDE,50 mg/1,"TABLET, FILM COATED",ORAL,Antihistamine [EPC],CAT006,Respiratory
MED136622,72789-482,Omeprazole,Omeprazole,"Pd-Rx Pharmaceuticals, Inc.",OMEPRAZOLE,20 mg/1,"CAPSULE, DELAYED RELEASE",ORAL,Cytochrome P450 2C19 Inhibitors [MoA],CAT014,Vitamins & Supplements
MED136625,72789-516,Amlodipine Besylate,Amlodipine Besylate,"Pd-Rx Pharmaceuticals, Inc.",AMLODIPINE BESYLATE,10 mg/1,TABLET,ORAL,Calcium Channel Antagonists [MoA],CAT003,Diabetes
MED136669,72865-256,Gabapentin,Gabapentin,"Xlcare Pharmaceuticals, Inc.",GABAPENTIN,800 mg/1,TABLET,ORAL,Decreased Central Nervous System Disorganized Electrical Activity [PE],CAT005,Neurology
MED136689,72888-073,Diclofenac Potassium,Diclofenac Potassium,Advagen Pharma Ltd,DICLOFENAC POTASSIUM,50 mg/1,"TABLET, COATED",ORAL,Anti-Inflammatory Agents,CAT004,Pain Management
MED136738,73076-164,Cold Sore Treatment,Ishancare Cold Sore Treatment,"Shenzhen Ishan Technology Co., Ltd",DOCOSANOL,10 g/100g,GEL,TOPICAL,UNKNOWN,CAT015,Others
MED136789,73362-003,Lonapegsomatropin-Tcgd,Skytrofa,"Ascendis Pharma Endocrinology, Inc.",LONAPEGSOMATROPIN,3 mg/1,"INJECTION, POWDER, LYOPHILIZED, FOR SOLUTION",SUBCUTANEOUS,Human Growth Hormone [CS],CAT009,Oncology
MED136795,73408-060,"Benzalkonium Chloride, Lidocaine",Thompson Burn Cream With Lidocain,Thompson Safety,BENZALKONIUM CHLORIDE,1.3 mg/g,CREAM,TOPICAL,Amide Local Anesthetic [EPC],CAT004,Pain Management
MED136804,73453-166,Salicylic Acid,Ambi Even And Clear Exfoliating Wash Acne Treatment,"Ambi Enterprises, Llc",SALICYLIC ACID,15 mg/g,GEL,TOPICAL,UNKNOWN,CAT015,Others
MED136832,73590-0061,"Niacinamide, Adenosine",Vita Snail,"Noksibcho Cosmetic Co., Ltd.",ADENOSINE,.02 g/50mL,CREAM,TOPICAL,Adenosine Receptor Agonist [EPC],CAT003,Diabetes
MED136840,73609-221,"Avobenzone, Homosalate, Octisalate, Octocrylene",Seven Minerals Skin Friendly Spf 50,Seven Minerals Na Llc,AVOBENZONE,30 mg/mL,LOTION,TOPICAL,UNKNOWN,CAT015,Others
MED136866,73928-102,Alcohol Antiseptic,Mistify Hand Sanitizer Mango,"Kingkey Mbc Life Technology Group Co.,Ltd",ALCOHOL,62 mL/100mL,LIQUID,TOPICAL,UNKNOWN,CAT015,Others
MED136886,74458-131,Abbasi Co Minoxidil Shampoo,Abbasi Co Minoxidil,"Guangzhou Yilong Cosmetics.,Ltd",MINOXIDIL,5 mg/100mg,LIQUID,TOPICAL,Arteriolar Vasodilation [PE],CAT003,Diabetes
MED136931,75834-273,Albuterol Sulfate,Albuterol,Nivagen Pharmaceuticals Inc,ALBUTEROL SULFATE,2 mg/1,TABLET,ORAL,Adrenergic beta2-Agonists [MoA],CAT003,Diabetes
MED136944,75907-207,"Brompheniramine Maleate, Pseudoephedrine Hydrochloride, And Dextromethorphan Hydrobromide","Brompheniramine Maleate, Pseudoephedrine Hydrochloride, And Dextromethorphan Hydrobromide",Dr. Reddy'S Labratories Inc.,BROMPHENIRAMINE MALEATE,2 mg/5mL,SYRUP,ORAL,Adrenergic alpha-Agonists [MoA],CAT003,Diabetes
MED136980,76162-004,Guaifenesin 400Mg,Mucus Relief Immediate Release,"Topco Associates, Llc",GUAIFENESIN,400 mg/1,TABLET,ORAL,Decreased Respiratory Secretion Viscosity [PE],CAT006,Respiratory
MED136992,0573-0872,Zinc Oxide,Chapstick Total Hydration Moisture Tint Very Berry,Haleon Us Holdings Llc,ZINC OXIDE,101 mg/g,STICK,TOPICAL,UNKNOWN,CAT015,Others
MED136998,76179-010,Human Immunoglobulin G,Qivigy Kthm,Kedrion S.P.A.,HUMAN IMMUNOGLOBULIN G,5 g/50mL,"INJECTION, SOLUTION",INTRAVENOUS,Antigen Neutralization [MoA],CAT010,Allergy
MED137005,76282-048,Aripiprazole,Aripiprazole,"Exelan Pharmaceuticals, Inc.",ARIPIPRAZOLE,20 mg/1,TABLET,ORAL,Atypical Antipsychotic [EPC],CAT005,Neurology
MED137011,76282-348,Nadolol,Nadolol,Exelan Pharmaceuticals Inc.,NADOLOL,40 mg/1,TABLET,ORAL,Adrenergic beta-Antagonists [MoA],CAT003,Diabetes
