Inventory_ID,Medicine_ID,Supplier_ID,Batch_Number,Manufacturing_Date,Expiry_Date,Quantity_In_Stock,Unit_Cost,Selling_Price,Reorder_Level,Storage_Temperature,Warehouse_Location,Stock_Status,Last_Restock_Date
INV001550,MED000001,SUP0025,BAT927895,2024-07-03,2026-06-23,110,358.06,473.74,93,Frozen (-20°C),WH-A,In Stock,2024-11-20
INV004017,MED000001,SUP0032,BAT334977,2023-12-29,2026-11-13,762,224.82,313.34,135,Refrigerated (2–8°C),WH-D,In Stock,2024-03-19
INV004889,MED000001,SUP0018,BAT335312,2025-03-21,2027-06-09,289,73.12,90.57,113,Refrigerated (2–8°C),WH-A,In Stock,2025-05-06
INV001707,MED000002,SUP0052,BAT774810,2024-08-05,2027-04-22,811,224.37,300.45,85,Room Temperature,WH-C,In Stock,2025-01-27
INV002714,MED000002,SUP0038,BAT813007,2024-03-03,2025-04-27,426,412.1,508.87,49,Frozen (-20°C),WH-A,In Stock,2024-07-13
INV004777,MED000002,SUP0074,BAT806526,2025-03-03,2026-02-26,257,531.27,676.87,141,Room Temperature,WH-D,In Stock,2025-06-03
INV004881,MED000002,SUP0005,BAT915059,2025-05-08,2026-10-30,495,381.21,519.85,188,Frozen (-20°C),WH-A,In Stock,2025-08-12
INV004344,MED000003,SUP0069,BAT738813,2026-05-02,2027-05-27,282,518.01,692.4,169,Refrigerated (2–8°C),WH-C,In Stock,2026-07-20
INV004855,MED000003,SUP0067,BAT209737,2024-07-04,2025-07-29,558,458.72,616.08,36,Room Temperature,WH-D,In Stock,2024-11-13
INV002774,MED000004,SUP0038,BAT773920,2026-05-17,2028-04-06,928,278.5,363.4,150,Refrigerated (2–8°C),WH-A,In Stock,2026-07-08
INV003861,MED000004,SUP0039,BAT108807,2023-10-01,2025-03-24,480,15.99,21.59,77,Refrigerated (2–8°C),WH-E,In Stock,2023-11-25
INV004051,MED000004,SUP0034,BAT761821,2025-07-13,2027-10-31,921,167.37,222.9,71,Refrigerated (2–8°C),WH-C,In Stock,2025-11-28
INV004951,MED000004,SUP0010,BAT167403,2024-06-22,2027-04-08,224,77.92,100.59,30,Refrigerated (2–8°C),WH-C,In Stock,2024-08-29
INV002152,MED000005,SUP0008,BAT121622,2023-08-27,2026-01-13,385,477.0,643.36,88,Refrigerated (2–8°C),WH-D,In Stock,2024-01-21
INV001769,MED000006,SUP0015,BAT146266,2023-11-19,2026-11-03,816,77.97,96.8,156,Frozen (-20°C),WH-D,In Stock,2024-01-03
INV002476,MED000006,SUP0023,BAT879040,2025-06-05,2027-03-27,746,499.89,678.03,78,Refrigerated (2–8°C),WH-C,In Stock,2025-07-06
INV004445,MED000006,SUP0056,BAT644894,2025-05-15,2027-12-01,811,148.58,179.92,63,Refrigerated (2–8°C),WH-D,In Stock,2025-06-04
INV001163,MED000007,SUP0056,BAT170528,2026-04-20,2028-09-06,213,28.09,37.57,70,Frozen (-20°C),WH-D,In Stock,2026-07-20
INV000033,MED000008,SUP0043,BAT908577,2024-04-13,2026-11-29,165,333.25,428.41,138,Room Temperature,WH-A,In Stock,2024-07-04
INV000338,MED000008,SUP0055,BAT191884,2025-03-15,2027-11-30,614,123.81,149.21,147,Room Temperature,WH-C,In Stock,2025-09-06
INV000548,MED000008,SUP0033,BAT112800,2026-02-14,2028-05-04,556,366.75,476.3,26,Room Temperature,WH-E,In Stock,2026-07-06
INV002393,MED000008,SUP0051,BAT926909,2025-02-22,2026-09-15,689,114.66,154.98,64,Frozen (-20°C),WH-B,In Stock,2025-05-02
INV003021,MED000008,SUP0030,BAT358927,2024-02-24,2026-12-10,402,176.91,218.87,182,Frozen (-20°C),WH-D,In Stock,2024-05-07
INV003716,MED000008,SUP0036,BAT974680,2024-12-16,2026-06-09,257,238.42,299.94,80,Room Temperature,WH-B,In Stock,2025-04-10
INV000568,MED000009,SUP0040,BAT146168,2024-01-15,2025-11-05,910,66.35,89.79,36,Frozen (-20°C),WH-C,In Stock,2024-05-28
INV001028,MED000009,SUP0054,BAT134261,2023-08-21,2024-08-15,809,505.26,658.75,120,Frozen (-20°C),WH-E,In Stock,2023-10-14
INV002903,MED000009,SUP0053,BAT479676,2026-01-24,2027-08-17,871,290.61,368.38,46,Refrigerated (2–8°C),WH-D,In Stock,2026-05-02
INV003857,MED000009,SUP0016,BAT240659,2026-04-04,2027-12-25,600,70.8,90.49,27,Room Temperature,WH-E,In Stock,2026-07-20
INV004364,MED000009,SUP0019,BAT440153,2023-09-14,2026-04-01,507,158.81,191.34,29,Refrigerated (2–8°C),WH-B,In Stock,2023-11-07
INV004589,MED000009,SUP0024,BAT468477,2025-09-26,2027-12-15,63,76.72,99.42,64,Frozen (-20°C),WH-B,Low Stock,2026-03-23
INV000370,MED000010,SUP0005,BAT659711,2024-09-01,2027-07-18,972,535.74,723.98,28,Frozen (-20°C),WH-B,In Stock,2024-12-20
INV001874,MED000010,SUP0062,BAT368881,2024-01-14,2026-05-03,804,339.26,429.32,104,Refrigerated (2–8°C),WH-B,In Stock,2024-06-23
INV002202,MED000010,SUP0062,BAT110114,2024-10-08,2026-04-01,47,316.0,395.51,191,Room Temperature,WH-C,Low Stock,2025-01-24
INV002557,MED000010,SUP0005,BAT387211,2023-12-31,2026-02-18,315,433.49,549.84,53,Refrigerated (2–8°C),WH-E,In Stock,2024-02-16
INV004803,MED000012,SUP0062,BAT104696,2025-11-29,2027-01-23,446,488.97,635.95,179,Refrigerated (2–8°C),WH-D,In Stock,2026-05-05
INV000126,MED000013,SUP0024,BAT250210,2025-10-18,2026-12-12,758,583.23,710.58,187,Frozen (-20°C),WH-B,In Stock,2025-12-08
INV001871,MED000013,SUP0062,BAT169112,2023-11-18,2025-10-08,656,59.42,78.13,40,Room Temperature,WH-E,In Stock,2024-04-24
INV003332,MED000013,SUP0067,BAT228397,2025-10-27,2027-06-19,964,462.36,578.24,167,Frozen (-20°C),WH-D,In Stock,2025-12-07
INV003841,MED000013,SUP0004,BAT370351,2023-12-16,2025-11-05,310,587.08,807.69,64,Frozen (-20°C),WH-E,In Stock,2024-02-12
INV000625,MED000014,SUP0001,BAT288128,2024-01-19,2026-11-04,908,252.65,343.98,97,Refrigerated (2–8°C),WH-B,In Stock,2024-07-03
INV003325,MED000015,SUP0050,BAT518829,2024-02-23,2025-04-18,926,474.45,639.62,131,Frozen (-20°C),WH-A,In Stock,2024-04-24
INV004704,MED000015,SUP0003,BAT471664,2026-01-06,2027-08-29,726,573.22,743.43,159,Refrigerated (2–8°C),WH-C,In Stock,2026-04-16
INV001027,MED000016,SUP0048,BAT920192,2024-10-21,2027-02-08,274,162.38,222.09,193,Refrigerated (2–8°C),WH-B,In Stock,2025-01-16
INV001559,MED000016,SUP0022,BAT362773,2025-11-18,2027-01-12,896,93.16,128.27,110,Room Temperature,WH-E,In Stock,2026-04-06
INV003751,MED000016,SUP0001,BAT823791,2024-02-21,2026-10-08,654,570.97,728.13,45,Refrigerated (2–8°C),WH-B,In Stock,2024-08-02
INV000031,MED000017,SUP0071,BAT413921,2024-02-18,2025-06-12,118,446.74,549.98,52,Refrigerated (2–8°C),WH-E,In Stock,2024-05-10
INV001900,MED000017,SUP0028,BAT268485,2025-07-02,2026-06-27,505,591.29,746.58,79,Room Temperature,WH-D,In Stock,2025-08-04
INV002115,MED000017,SUP0034,BAT249642,2026-04-12,2028-05-01,432,560.51,729.68,59,Room Temperature,WH-C,In Stock,2026-06-19
INV004087,MED000018,SUP0041,BAT764162,2023-07-28,2025-03-19,133,20.72,26.85,131,Frozen (-20°C),WH-E,In Stock,2023-12-11
INV003077,MED000019,SUP0032,BAT316364,2023-07-23,2025-03-14,285,43.25,52.06,89,Room Temperature,WH-D,In Stock,2023-11-10
INV003988,MED000019,SUP0053,BAT935460,2025-03-17,2026-08-09,161,433.82,600.13,170,Frozen (-20°C),WH-C,Low Stock,2025-07-27
INV000808,MED000020,SUP0029,BAT879243,2023-08-30,2026-08-14,696,118.95,162.16,116,Frozen (-20°C),WH-C,In Stock,2023-11-24
INV001994,MED000021,SUP0006,BAT416430,2025-02-09,2027-07-29,868,231.99,281.36,102,Frozen (-20°C),WH-E,In Stock,2025-06-14
INV000821,MED000022,SUP0059,BAT502569,2026-02-25,2028-03-16,634,207.07,287.31,50,Room Temperature,WH-D,In Stock,2026-07-20
INV001649,MED000022,SUP0024,BAT318841,2023-09-13,2024-09-07,109,468.29,572.44,110,Room Temperature,WH-E,Low Stock,2024-02-25
INV002918,MED000022,SUP0065,BAT370345,2025-09-06,2027-12-25,759,11.79,15.17,131,Frozen (-20°C),WH-E,In Stock,2025-12-19
INV004331,MED000022,SUP0020,BAT216124,2025-08-01,2026-12-24,974,448.47,593.97,70,Frozen (-20°C),WH-B,In Stock,2025-12-09
INV001488,MED000023,SUP0048,BAT162908,2026-05-30,2027-05-25,537,163.2,213.16,195,Refrigerated (2–8°C),WH-B,In Stock,2026-07-12
INV001533,MED000023,SUP0013,BAT253028,2025-01-23,2026-02-17,521,380.25,484.53,80,Refrigerated (2–8°C),WH-D,In Stock,2025-02-13
INV002326,MED000023,SUP0050,BAT537206,2025-10-13,2026-12-07,971,352.13,435.02,170,Refrigerated (2–8°C),WH-D,In Stock,2026-02-21
INV002648,MED000023,SUP0073,BAT833203,2024-08-22,2026-10-11,406,570.01,796.82,46,Refrigerated (2–8°C),WH-B,In Stock,2025-02-17
INV003768,MED000023,SUP0047,BAT213183,2024-01-21,2027-01-05,64,157.09,201.93,74,Room Temperature,WH-D,Low Stock,2024-03-16
INV002171,MED000024,SUP0064,BAT871152,2025-12-16,2028-01-05,229,190.67,256.47,91,Refrigerated (2–8°C),WH-B,In Stock,2026-03-24
INV002266,MED000024,SUP0002,BAT734896,2025-11-22,2027-11-12,851,28.66,36.74,138,Room Temperature,WH-C,In Stock,2026-01-19
INV000869,MED000025,SUP0050,BAT323103,2026-02-14,2027-09-07,673,391.72,498.97,96,Room Temperature,WH-B,In Stock,2026-03-17
INV003706,MED000025,SUP0060,BAT607737,2024-02-03,2026-10-20,178,408.22,547.23,85,Room Temperature,WH-B,In Stock,2024-07-09
INV001131,MED000026,SUP0016,BAT421802,2025-05-08,2026-12-29,454,15.27,18.35,143,Room Temperature,WH-C,In Stock,2025-07-07
INV001771,MED000027,SUP0067,BAT202161,2025-08-09,2027-09-28,151,23.14,31.1,176,Refrigerated (2–8°C),WH-A,Low Stock,2025-09-20
INV002572,MED000027,SUP0016,BAT744810,2025-03-17,2028-03-01,200,370.5,512.21,198,Room Temperature,WH-D,In Stock,2025-06-30
INV003796,MED000028,SUP0055,BAT541155,2025-09-25,2026-12-19,386,377.86,471.75,177,Refrigerated (2–8°C),WH-C,In Stock,2025-10-16
INV001691,MED000029,SUP0021,BAT770105,2024-01-25,2026-04-14,549,65.89,81.62,71,Frozen (-20°C),WH-D,In Stock,2024-07-08
INV002399,MED000029,SUP0006,BAT357016,2025-10-27,2027-04-20,678,382.4,519.59,116,Refrigerated (2–8°C),WH-C,In Stock,2026-03-21
INV003133,MED000029,SUP0057,BAT103778,2025-01-29,2027-02-18,490,277.6,381.29,144,Refrigerated (2–8°C),WH-A,In Stock,2025-05-05
INV004562,MED000029,SUP0070,BAT778557,2026-06-25,2029-01-10,228,120.63,147.76,165,Frozen (-20°C),WH-C,In Stock,2026-07-20
INV000597,MED000030,SUP0015,BAT733152,2024-07-12,2026-12-29,674,225.01,277.91,139,Frozen (-20°C),WH-B,In Stock,2024-09-03
INV001018,MED000030,SUP0020,BAT580938,2024-05-18,2026-08-06,116,246.8,321.86,197,Room Temperature,WH-D,Low Stock,2024-08-22
INV001206,MED000030,SUP0052,BAT536604,2023-11-23,2025-01-16,844,92.77,116.27,153,Room Temperature,WH-D,In Stock,2024-01-26
INV001697,MED000031,SUP0043,BAT665260,2026-01-22,2027-04-17,414,94.45,114.72,170,Frozen (-20°C),WH-B,In Stock,2026-04-14
INV002198,MED000031,SUP0022,BAT782970,2024-12-28,2027-09-14,198,131.91,168.72,59,Room Temperature,WH-B,In Stock,2025-03-28
INV002272,MED000031,SUP0074,BAT441379,2024-10-30,2026-12-19,204,257.08,331.36,94,Refrigerated (2–8°C),WH-B,In Stock,2024-12-28
INV004494,MED000031,SUP0040,BAT827729,2024-08-03,2026-10-22,382,478.02,583.74,151,Room Temperature,WH-B,In Stock,2024-12-25
INV000094,MED000032,SUP0019,BAT529893,2024-06-01,2025-07-26,800,206.44,276.33,92,Frozen (-20°C),WH-A,In Stock,2024-10-14
INV004235,MED000032,SUP0042,BAT343938,2025-07-19,2027-05-10,531,513.16,709.93,58,Frozen (-20°C),WH-A,In Stock,2025-12-10
INV004311,MED000032,SUP0001,BAT536132,2023-12-26,2025-06-18,390,165.6,221.65,110,Refrigerated (2–8°C),WH-D,In Stock,2024-05-23
INV000116,MED000033,SUP0023,BAT378258,2023-11-05,2025-02-27,538,448.67,581.14,54,Refrigerated (2–8°C),WH-E,In Stock,2024-03-06
INV001715,MED000033,SUP0042,BAT892710,2026-04-14,2029-03-29,844,138.4,171.45,91,Frozen (-20°C),WH-E,In Stock,2026-07-11
INV004089,MED000033,SUP0074,BAT658506,2025-04-30,2027-10-17,621,60.41,81.57,167,Refrigerated (2–8°C),WH-B,In Stock,2025-06-13
INV001063,MED000034,SUP0059,BAT296114,2025-01-17,2026-01-12,677,274.32,343.75,160,Frozen (-20°C),WH-A,In Stock,2025-06-02
INV001472,MED000034,SUP0004,BAT410152,2024-03-24,2025-09-15,847,47.45,59.35,199,Room Temperature,WH-D,In Stock,2024-05-25
INV004840,MED000034,SUP0011,BAT567892,2024-05-25,2026-11-11,751,409.13,522.16,54,Refrigerated (2–8°C),WH-A,In Stock,2024-08-31
INV004772,MED000035,SUP0001,BAT379279,2025-08-07,2028-03-24,934,85.45,108.76,179,Frozen (-20°C),WH-B,In Stock,2026-01-04
INV004925,MED000035,SUP0011,BAT942902,2024-09-03,2025-11-27,216,252.69,349.51,86,Refrigerated (2–8°C),WH-C,In Stock,2024-11-27
INV001235,MED000036,SUP0058,BAT440401,2025-03-21,2027-11-06,610,217.56,262.67,53,Frozen (-20°C),WH-D,In Stock,2025-04-14
INV001577,MED000036,SUP0048,BAT780228,2025-06-13,2027-07-03,992,517.89,630.3,105,Room Temperature,WH-E,In Stock,2025-06-29
INV001749,MED000036,SUP0036,BAT416778,2024-11-15,2026-11-05,83,513.84,675.58,171,Room Temperature,WH-D,Low Stock,2025-05-14
INV003121,MED000036,SUP0024,BAT818958,2024-07-31,2025-11-23,577,227.84,288.77,138,Room Temperature,WH-D,In Stock,2024-08-30
INV000371,MED000037,SUP0001,BAT757128,2024-12-11,2026-07-04,319,66.11,85.99,58,Refrigerated (2–8°C),WH-B,In Stock,2025-03-24
INV000752,MED000037,SUP0001,BAT514118,2024-03-15,2025-03-10,671,278.8,357.15,147,Frozen (-20°C),WH-E,In Stock,2024-05-12
INV000872,MED000037,SUP0075,BAT570717,2025-09-11,2027-12-30,759,304.53,408.35,84,Room Temperature,WH-B,In Stock,2026-03-08
INV004426,MED000037,SUP0013,BAT539782,2025-07-10,2026-10-03,617,191.63,248.42,172,Refrigerated (2–8°C),WH-D,In Stock,2025-10-13
INV004458,MED000037,SUP0069,BAT267122,2026-07-20,2027-12-12,770,188.61,249.31,128,Room Temperature,WH-B,In Stock,2026-07-20
INV004453,MED000038,SUP0066,BAT802054,2026-04-19,2028-09-05,318,274.13,359.83,145,Frozen (-20°C),WH-E,In Stock,2026-07-20
INV001242,MED000039,SUP0054,BAT789137,2024-04-11,2025-12-02,473,475.2,630.58,178,Room Temperature,WH-B,In Stock,2024-07-03
INV002268,MED000039,SUP0030,BAT744374,2023-12-21,2025-01-14,588,151.14,204.43,81,Frozen (-20°C),WH-E,In Stock,2024-01-26
INV000527,MED000040,SUP0038,BAT780956,2025-09-19,2027-04-12,520,542.8,703.97,50,Frozen (-20°C),WH-E,In Stock,2026-01-09
INV000473,MED000041,SUP0053,BAT227126,2025-07-09,2028-03-25,203,347.66,462.33,172,Room Temperature,WH-C,In Stock,2025-12-26
INV000881,MED000041,SUP0049,BAT548158,2024-01-07,2026-12-22,609,95.92,129.04,162,Refrigerated (2–8°C),WH-D,In Stock,2024-04-07
INV002659,MED000041,SUP0018,BAT951848,2025-01-06,2026-05-31,666,87.64,117.47,133,Frozen (-20°C),WH-D,In Stock,2025-04-29
INV003140,MED000041,SUP0067,BAT561365,2023-07-26,2026-05-11,482,416.82,565.16,25,Frozen (-20°C),WH-D,In Stock,2023-09-09
INV004266,MED000041,SUP0001,BAT702336,2025-04-14,2027-04-04,871,156.77,200.83,164,Frozen (-20°C),WH-B,In Stock,2025-07-24
INV004634,MED000041,SUP0012,BAT678196,2025-01-19,2026-09-11,458,578.08,703.4,125,Frozen (-20°C),WH-B,In Stock,2025-04-26
INV001176,MED000042,SUP0002,BAT878727,2024-05-26,2025-08-19,811,120.6,159.33,125,Refrigerated (2–8°C),WH-C,In Stock,2024-11-07
INV001484,MED000043,SUP0068,BAT827514,2025-08-13,2028-03-30,108,286.83,360.2,132,Frozen (-20°C),WH-D,Low Stock,2026-01-14
INV002634,MED000043,SUP0070,BAT510122,2023-10-30,2024-12-23,682,475.0,600.36,121,Frozen (-20°C),WH-A,In Stock,2024-01-30
INV000873,MED000044,SUP0016,BAT423851,2024-11-16,2027-10-02,775,373.76,452.99,87,Refrigerated (2–8°C),WH-D,In Stock,2025-03-20
INV000512,MED000045,SUP0036,BAT680557,2026-06-02,2028-10-19,948,97.06,117.2,171,Refrigerated (2–8°C),WH-B,In Stock,2026-07-20
INV002389,MED000045,SUP0074,BAT198483,2024-12-16,2027-10-02,66,372.02,463.38,133,Room Temperature,WH-E,Low Stock,2024-12-31
INV004411,MED000045,SUP0005,BAT725409,2026-01-11,2028-05-30,298,370.1,456.34,69,Frozen (-20°C),WH-B,In Stock,2026-04-10
INV000437,MED000046,SUP0032,BAT145240,2024-04-07,2026-09-24,164,379.58,458.47,59,Frozen (-20°C),WH-B,In Stock,2024-09-20
INV001939,MED000046,SUP0069,BAT831634,2023-08-06,2026-01-22,947,550.65,694.52,183,Room Temperature,WH-C,In Stock,2023-11-14
INV003607,MED000046,SUP0037,BAT996609,2026-07-05,2027-09-28,951,119.03,145.06,199,Refrigerated (2–8°C),WH-C,In Stock,2026-07-20
INV003823,MED000046,SUP0051,BAT929007,2024-12-05,2026-05-29,906,50.36,65.74,129,Refrigerated (2–8°C),WH-E,In Stock,2025-02-25
INV004014,MED000046,SUP0018,BAT767283,2023-12-21,2025-05-14,927,577.86,789.29,135,Refrigerated (2–8°C),WH-B,In Stock,2024-03-19
INV000569,MED000047,SUP0074,BAT895338,2025-04-20,2027-12-06,328,119.56,150.09,76,Refrigerated (2–8°C),WH-D,In Stock,2025-06-27
INV000660,MED000047,SUP0011,BAT664566,2026-01-18,2028-10-04,999,239.68,311.13,156,Frozen (-20°C),WH-E,In Stock,2026-02-24
INV002193,MED000047,SUP0061,BAT274554,2026-07-07,2029-03-23,535,285.65,387.31,25,Frozen (-20°C),WH-A,In Stock,2026-07-20
INV002536,MED000047,SUP0006,BAT187035,2025-03-14,2027-10-30,113,8.03,10.95,81,Frozen (-20°C),WH-D,In Stock,2025-06-07
INV002813,MED000047,SUP0054,BAT209724,2025-09-11,2028-04-28,706,60.5,73.31,182,Frozen (-20°C),WH-E,In Stock,2026-01-01
INV001447,MED000049,SUP0054,BAT676749,2023-12-07,2024-12-31,603,129.26,170.18,34,Room Temperature,WH-C,In Stock,2024-02-11
INV002545,MED000049,SUP0039,BAT207297,2025-03-01,2027-12-16,248,50.93,64.51,102,Room Temperature,WH-E,In Stock,2025-06-08
INV001486,MED000050,SUP0021,BAT190573,2024-08-06,2027-04-23,456,597.93,762.16,193,Refrigerated (2–8°C),WH-D,In Stock,2024-10-10
INV002296,MED000050,SUP0041,BAT937623,2025-05-11,2026-05-06,309,87.14,119.01,171,Frozen (-20°C),WH-D,In Stock,2025-11-05
INV002576,MED000050,SUP0050,BAT759763,2026-03-25,2028-11-09,209,151.41,186.27,110,Frozen (-20°C),WH-D,In Stock,2026-07-20
INV003734,MED000050,SUP0007,BAT559592,2026-05-21,2027-09-13,310,261.41,334.19,127,Frozen (-20°C),WH-C,In Stock,2026-07-20
INV003126,MED000051,SUP0062,BAT189170,2024-06-11,2025-11-03,43,539.14,660.55,39,Room Temperature,WH-E,In Stock,2024-10-10
INV003670,MED000051,SUP0064,BAT385585,2025-08-31,2026-11-24,806,152.27,196.28,86,Room Temperature,WH-C,In Stock,2025-11-25
INV001199,MED000052,SUP0047,BAT996922,2026-03-01,2029-02-13,745,132.2,173.44,133,Room Temperature,WH-D,In Stock,2026-06-12
INV001951,MED000052,SUP0020,BAT607348,2024-07-19,2027-06-04,67,115.85,149.75,104,Room Temperature,WH-A,Low Stock,2024-09-04
INV002137,MED000052,SUP0033,BAT431573,2025-02-12,2027-12-29,811,599.28,732.44,53,Room Temperature,WH-E,In Stock,2025-06-11
INV001302,MED000053,SUP0057,BAT880080,2024-09-20,2026-09-10,457,242.51,300.99,137,Refrigerated (2–8°C),WH-E,In Stock,2024-10-17
INV001627,MED000053,SUP0020,BAT470500,2025-04-21,2027-04-11,813,389.14,525.54,154,Refrigerated (2–8°C),WH-B,In Stock,2025-06-04
INV002385,MED000053,SUP0047,BAT553495,2026-04-17,2027-11-08,194,415.67,548.99,61,Refrigerated (2–8°C),WH-B,In Stock,2026-06-26
INV004499,MED000053,SUP0032,BAT917844,2025-11-14,2028-03-03,519,203.55,266.99,191,Frozen (-20°C),WH-C,In Stock,2025-12-06
INV000170,MED000054,SUP0024,BAT623285,2026-06-15,2028-06-04,120,466.1,624.95,92,Room Temperature,WH-E,In Stock,2026-07-20
INV001704,MED000054,SUP0058,BAT388253,2025-09-07,2028-08-22,986,42.77,56.69,182,Refrigerated (2–8°C),WH-D,In Stock,2025-10-11
INV002563,MED000055,SUP0039,BAT191239,2025-11-01,2027-12-21,949,543.58,691.34,70,Room Temperature,WH-E,In Stock,2026-04-03
INV003024,MED000055,SUP0069,BAT731830,2025-10-29,2028-06-15,302,473.15,583.46,129,Room Temperature,WH-D,In Stock,2026-02-06
INV000596,MED000056,SUP0037,BAT608307,2024-01-05,2025-04-29,78,154.97,205.05,96,Refrigerated (2–8°C),WH-C,Low Stock,2024-05-28
INV004626,MED000056,SUP0033,BAT521947,2025-10-10,2027-08-31,580,274.24,371.75,149,Room Temperature,WH-D,In Stock,2026-01-03
INV004785,MED000056,SUP0013,BAT299943,2024-04-11,2026-05-31,960,106.92,142.4,179,Room Temperature,WH-C,In Stock,2024-09-07
INV004842,MED000056,SUP0073,BAT289298,2026-03-24,2028-03-13,221,17.28,22.56,130,Room Temperature,WH-B,In Stock,2026-07-20
INV002944,MED000057,SUP0017,BAT467418,2023-12-18,2026-06-05,47,509.79,627.52,55,Frozen (-20°C),WH-C,Low Stock,2024-02-04
INV003079,MED000057,SUP0013,BAT445188,2024-01-31,2026-04-20,306,350.16,449.11,61,Frozen (-20°C),WH-B,In Stock,2024-05-29
INV003647,MED000057,SUP0072,BAT787036,2026-03-25,2027-05-19,966,315.86,432.43,56,Refrigerated (2–8°C),WH-C,In Stock,2026-05-19
INV004998,MED000057,SUP0044,BAT648416,2025-12-18,2027-11-08,82,408.85,507.94,94,Room Temperature,WH-B,Low Stock,2026-03-02
INV000154,MED000058,SUP0041,BAT203896,2025-06-06,2026-09-29,39,550.85,713.07,98,Room Temperature,WH-D,Low Stock,2025-07-26
INV000777,MED000058,SUP0070,BAT721285,2024-12-31,2026-07-24,743,592.24,723.77,133,Room Temperature,WH-C,In Stock,2025-04-02
INV000816,MED000058,SUP0062,BAT552931,2023-09-08,2026-02-24,957,505.1,631.09,110,Refrigerated (2–8°C),WH-B,In Stock,2024-03-01
INV001266,MED000058,SUP0028,BAT711561,2025-04-01,2026-07-25,12,221.68,288.56,91,Frozen (-20°C),WH-D,Low Stock,2025-09-12
INV002443,MED000058,SUP0043,BAT874087,2024-01-17,2026-06-05,102,557.4,741.01,64,Frozen (-20°C),WH-E,In Stock,2024-06-19
INV003501,MED000058,SUP0067,BAT731408,2024-12-29,2027-11-14,44,213.48,286.81,123,Frozen (-20°C),WH-C,Low Stock,2025-03-30
INV000740,MED000060,SUP0011,BAT582589,2026-03-29,2028-05-17,978,358.55,430.68,93,Room Temperature,WH-E,In Stock,2026-07-20
INV001438,MED000060,SUP0054,BAT182533,2025-08-13,2027-10-02,457,232.3,286.05,185,Refrigerated (2–8°C),WH-C,In Stock,2025-10-04
INV003120,MED000060,SUP0067,BAT286586,2024-12-02,2026-11-22,386,589.92,806.44,194,Refrigerated (2–8°C),WH-E,In Stock,2025-05-10
INV003192,MED000060,SUP0002,BAT791258,2025-12-03,2027-04-27,693,160.75,202.96,182,Frozen (-20°C),WH-C,In Stock,2026-02-17
INV004663,MED000060,SUP0063,BAT828109,2024-10-13,2026-09-03,453,255.08,312.99,112,Frozen (-20°C),WH-A,In Stock,2024-12-13
INV000894,MED000061,SUP0075,BAT346184,2026-03-25,2028-06-12,9,163.32,227.19,40,Frozen (-20°C),WH-E,Low Stock,2026-05-04
INV003955,MED000061,SUP0026,BAT844515,2024-12-26,2026-11-16,540,534.35,714.73,198,Frozen (-20°C),WH-D,In Stock,2025-04-20
INV004886,MED000061,SUP0011,BAT616529,2024-12-24,2027-12-09,609,187.41,258.56,121,Room Temperature,WH-A,In Stock,2025-01-30
INV003076,MED000062,SUP0015,BAT535728,2025-10-09,2027-05-02,432,369.27,504.88,134,Refrigerated (2–8°C),WH-C,In Stock,2025-11-24
INV003066,MED000063,SUP0002,BAT669419,2023-10-16,2025-09-05,979,24.08,33.46,88,Frozen (-20°C),WH-B,In Stock,2024-02-09
INV004918,MED000063,SUP0052,BAT303410,2024-04-16,2026-05-06,779,340.9,452.29,74,Refrigerated (2–8°C),WH-A,In Stock,2024-08-23
INV003668,MED000064,SUP0026,BAT381718,2023-12-17,2025-07-09,415,394.27,482.98,111,Frozen (-20°C),WH-C,In Stock,2024-06-12
INV003747,MED000064,SUP0001,BAT757649,2024-05-29,2025-12-20,101,95.38,115.85,118,Room Temperature,WH-B,Low Stock,2024-11-08
INV000194,MED000065,SUP0074,BAT834549,2024-03-02,2025-08-24,451,254.17,326.0,105,Room Temperature,WH-D,In Stock,2024-03-21
INV001215,MED000065,SUP0015,BAT642145,2024-08-05,2026-10-24,478,197.18,258.85,175,Frozen (-20°C),WH-E,In Stock,2024-09-24
INV002702,MED000065,SUP0071,BAT876189,2024-08-27,2027-05-14,902,235.11,287.85,197,Frozen (-20°C),WH-D,In Stock,2024-09-30
INV004361,MED000065,SUP0070,BAT712011,2025-05-05,2026-07-29,390,474.92,658.15,84,Room Temperature,WH-E,In Stock,2025-08-03
INV002787,MED000066,SUP0002,BAT138607,2025-01-03,2027-02-22,875,443.43,538.34,171,Frozen (-20°C),WH-B,In Stock,2025-01-25
INV001112,MED000067,SUP0044,BAT541875,2025-01-05,2026-06-29,909,87.88,115.07,40,Frozen (-20°C),WH-C,In Stock,2025-04-15
INV001140,MED000067,SUP0020,BAT499601,2023-12-28,2025-02-20,578,598.7,793.92,153,Frozen (-20°C),WH-D,In Stock,2024-03-09
INV001766,MED000067,SUP0032,BAT161496,2024-04-01,2025-03-27,371,574.17,753.82,128,Frozen (-20°C),WH-D,In Stock,2024-09-20
INV002189,MED000067,SUP0002,BAT320050,2025-03-21,2027-06-09,246,451.38,586.47,52,Room Temperature,WH-E,In Stock,2025-05-04
INV002796,MED000067,SUP0040,BAT608091,2025-04-10,2027-05-30,218,356.51,434.25,166,Refrigerated (2–8°C),WH-E,In Stock,2025-06-26
INV004595,MED000067,SUP0022,BAT809096,2026-03-11,2028-01-30,297,218.58,264.17,71,Refrigerated (2–8°C),WH-C,In Stock,2026-07-20
INV004709,MED000067,SUP0013,BAT407129,2026-02-22,2027-09-15,656,409.91,498.41,194,Room Temperature,WH-E,In Stock,2026-07-20
INV001982,MED000068,SUP0003,BAT526462,2024-12-02,2026-10-23,715,284.8,343.9,81,Frozen (-20°C),WH-D,In Stock,2025-03-07
INV002927,MED000068,SUP0049,BAT377768,2024-12-21,2027-04-10,344,321.37,435.77,98,Refrigerated (2–8°C),WH-B,In Stock,2025-05-27
INV003993,MED000068,SUP0024,BAT511955,2023-11-30,2025-06-22,30,523.15,677.09,184,Room Temperature,WH-B,Low Stock,2024-02-18
INV004999,MED000068,SUP0064,BAT966971,2023-10-24,2025-07-15,80,31.92,41.21,200,Room Temperature,WH-B,Low Stock,2024-01-02
INV000104,MED000069,SUP0075,BAT482584,2024-04-15,2025-06-09,334,109.51,134.31,131,Frozen (-20°C),WH-C,In Stock,2024-07-14
INV000591,MED000069,SUP0005,BAT695748,2026-04-05,2029-01-19,115,291.51,390.07,173,Room Temperature,WH-E,Low Stock,2026-07-20
INV001175,MED000070,SUP0035,BAT886343,2024-03-30,2026-03-20,134,517.88,629.38,94,Frozen (-20°C),WH-D,In Stock,2024-07-25
INV003246,MED000070,SUP0002,BAT824594,2025-11-27,2027-04-21,950,201.78,268.8,171,Refrigerated (2–8°C),WH-A,In Stock,2026-04-15
INV004549,MED000072,SUP0046,BAT608597,2025-03-12,2028-02-25,356,19.58,25.21,96,Room Temperature,WH-C,In Stock,2025-06-13
INV001838,MED000074,SUP0014,BAT639704,2023-12-09,2026-09-24,451,305.57,398.11,146,Room Temperature,WH-D,In Stock,2024-04-03
INV004000,MED000074,SUP0072,BAT517834,2026-07-13,2028-09-30,296,80.39,99.54,48,Frozen (-20°C),WH-E,In Stock,2026-07-20
INV001608,MED000075,SUP0033,BAT112266,2025-11-04,2027-01-28,658,534.43,736.78,175,Room Temperature,WH-C,In Stock,2026-01-29
INV003319,MED000075,SUP0046,BAT452366,2024-03-24,2026-09-10,687,137.45,190.47,176,Refrigerated (2–8°C),WH-E,In Stock,2024-05-02
INV000258,MED000076,SUP0047,BAT835716,2024-01-11,2025-04-05,673,216.23,287.46,195,Room Temperature,WH-E,In Stock,2024-03-29
INV000618,MED000076,SUP0044,BAT158777,2025-06-11,2028-04-26,415,130.95,174.26,55,Frozen (-20°C),WH-D,In Stock,2025-07-06
INV003113,MED000076,SUP0006,BAT531041,2024-03-09,2026-05-28,75,253.77,320.22,74,Refrigerated (2–8°C),WH-E,In Stock,2024-05-27
INV000515,MED000077,SUP0074,BAT500080,2023-12-28,2026-12-12,943,212.02,289.07,110,Refrigerated (2–8°C),WH-A,In Stock,2024-01-26
INV002627,MED000077,SUP0013,BAT145986,2023-12-09,2025-11-28,429,23.28,28.09,27,Refrigerated (2–8°C),WH-C,In Stock,2024-01-31
INV003025,MED000077,SUP0050,BAT402640,2023-09-02,2024-09-26,451,570.6,730.37,99,Frozen (-20°C),WH-C,In Stock,2023-11-27
INV003287,MED000078,SUP0029,BAT732532,2026-02-10,2028-08-28,479,404.92,555.75,198,Frozen (-20°C),WH-B,In Stock,2026-07-20
INV001387,MED000079,SUP0019,BAT208834,2024-11-10,2025-11-05,3,39.76,50.79,169,Frozen (-20°C),WH-A,Low Stock,2025-03-02
INV003478,MED000079,SUP0047,BAT258441,2024-04-05,2026-10-22,541,213.0,293.95,93,Frozen (-20°C),WH-C,In Stock,2024-05-10
INV001186,MED000080,SUP0055,BAT619238,2024-07-04,2027-02-19,498,450.65,590.09,60,Refrigerated (2–8°C),WH-A,In Stock,2024-11-30
INV001476,MED000080,SUP0063,BAT895921,2024-01-14,2026-04-03,556,54.36,73.11,48,Frozen (-20°C),WH-A,In Stock,2024-04-02
INV001880,MED000080,SUP0055,BAT569557,2024-08-20,2027-02-06,224,535.14,741.81,89,Frozen (-20°C),WH-B,In Stock,2025-01-22
INV000923,MED000081,SUP0017,BAT703016,2024-09-15,2027-05-03,89,157.77,213.09,168,Room Temperature,WH-A,Low Stock,2024-11-10
INV003068,MED000081,SUP0061,BAT816126,2026-06-23,2028-10-10,85,383.82,478.2,68,Refrigerated (2–8°C),WH-C,In Stock,2026-07-20
INV003150,MED000081,SUP0047,BAT197429,2024-08-08,2026-03-01,959,461.57,634.05,181,Refrigerated (2–8°C),WH-D,In Stock,2024-12-18
INV004257,MED000081,SUP0061,BAT731702,2025-05-29,2028-04-13,91,71.7,95.61,154,Room Temperature,WH-D,Low Stock,2025-07-03
INV000081,MED000082,SUP0056,BAT870214,2025-05-11,2027-11-27,26,141.21,188.5,48,Frozen (-20°C),WH-E,Low Stock,2025-07-29
INV004790,MED000082,SUP0007,BAT511158,2024-12-05,2026-06-28,56,293.67,363.43,57,Room Temperature,WH-C,Low Stock,2025-03-26
INV001219,MED000083,SUP0030,BAT900244,2026-05-24,2027-08-17,436,572.62,733.04,93,Room Temperature,WH-B,In Stock,2026-07-20
INV004254,MED000083,SUP0038,BAT139227,2023-09-05,2025-05-27,260,154.89,200.18,116,Frozen (-20°C),WH-B,In Stock,2024-01-03
INV003253,MED000084,SUP0035,BAT915987,2025-03-29,2027-08-16,92,108.37,145.34,98,Frozen (-20°C),WH-B,Low Stock,2025-06-24
INV003418,MED000084,SUP0064,BAT137552,2026-02-06,2028-05-26,779,410.03,516.75,162,Frozen (-20°C),WH-C,In Stock,2026-04-14
INV003892,MED000084,SUP0004,BAT173756,2023-11-11,2024-12-05,214,306.35,387.24,157,Refrigerated (2–8°C),WH-D,In Stock,2024-03-20
INV000732,MED000085,SUP0075,BAT288085,2025-01-04,2026-05-29,504,527.35,646.73,111,Refrigerated (2–8°C),WH-E,In Stock,2025-05-27
INV001920,MED000085,SUP0017,BAT627788,2024-01-28,2026-02-16,907,247.26,316.29,37,Room Temperature,WH-A,In Stock,2024-05-07
INV003435,MED000085,SUP0032,BAT156243,2026-06-06,2027-08-30,433,200.37,252.6,183,Frozen (-20°C),WH-E,In Stock,2026-07-20
INV004534,MED000085,SUP0020,BAT976650,2024-08-29,2026-09-18,450,71.85,87.07,100,Refrigerated (2–8°C),WH-A,In Stock,2024-09-14
INV003540,MED000086,SUP0044,BAT557307,2024-12-20,2027-09-06,541,165.54,205.0,110,Frozen (-20°C),WH-B,In Stock,2025-01-25
INV000941,MED000087,SUP0058,BAT276718,2026-06-27,2028-01-18,76,504.45,657.17,118,Room Temperature,WH-D,Low Stock,2026-07-20
INV002028,MED000087,SUP0020,BAT720140,2025-05-01,2027-02-20,411,264.36,341.73,84,Frozen (-20°C),WH-B,In Stock,2025-10-11
INV002320,MED000087,SUP0046,BAT472097,2024-10-18,2027-08-04,261,453.57,607.78,153,Refrigerated (2–8°C),WH-C,In Stock,2025-02-18
INV004876,MED000087,SUP0038,BAT839733,2026-07-04,2029-04-19,528,566.57,688.46,133,Room Temperature,WH-E,In Stock,2026-07-20
INV000317,MED000088,SUP0060,BAT153097,2024-06-29,2026-12-16,841,300.2,383.22,126,Refrigerated (2–8°C),WH-B,In Stock,2024-11-01
INV002705,MED000088,SUP0003,BAT470764,2024-04-11,2025-06-05,715,469.42,654.05,50,Room Temperature,WH-D,In Stock,2024-06-30
INV004366,MED000088,SUP0021,BAT586653,2025-04-25,2027-07-14,620,571.66,709.15,132,Frozen (-20°C),WH-A,In Stock,2025-09-16
INV004864,MED000088,SUP0023,BAT344610,2025-03-14,2027-08-01,420,472.01,595.08,46,Refrigerated (2–8°C),WH-B,In Stock,2025-07-19
INV002366,MED000091,SUP0017,BAT866439,2026-07-12,2029-02-26,662,260.22,355.85,187,Frozen (-20°C),WH-E,In Stock,2026-07-20
INV004048,MED000091,SUP0071,BAT852981,2024-03-29,2025-03-24,99,110.85,151.13,90,Frozen (-20°C),WH-D,In Stock,2024-04-20
INV001207,MED000092,SUP0036,BAT738088,2024-08-30,2027-06-16,419,383.0,524.11,69,Room Temperature,WH-C,In Stock,2025-01-21
INV002240,MED000092,SUP0070,BAT110726,2024-02-17,2026-08-05,609,103.71,140.46,36,Refrigerated (2–8°C),WH-C,In Stock,2024-04-15
INV004141,MED000092,SUP0033,BAT723836,2026-05-22,2028-08-09,138,363.75,495.47,30,Room Temperature,WH-D,In Stock,2026-07-20
INV000216,MED000093,SUP0055,BAT461264,2023-11-28,2026-04-16,957,591.75,765.97,42,Refrigerated (2–8°C),WH-D,In Stock,2023-12-28
INV001307,MED000093,SUP0019,BAT988578,2024-12-11,2026-05-05,9,313.58,385.09,57,Refrigerated (2–8°C),WH-A,Low Stock,2025-05-19
INV004123,MED000093,SUP0006,BAT143443,2025-04-19,2027-02-08,308,569.63,746.64,33,Room Temperature,WH-B,In Stock,2025-09-22
INV000072,MED000094,SUP0007,BAT680238,2025-03-10,2027-12-25,653,66.04,79.41,150,Refrigerated (2–8°C),WH-D,In Stock,2025-04-26
INV003620,MED000094,SUP0064,BAT850855,2026-05-27,2027-07-21,702,493.66,672.2,186,Refrigerated (2–8°C),WH-C,In Stock,2026-07-20
INV003749,MED000094,SUP0024,BAT356278,2024-03-27,2026-08-14,937,292.92,353.55,134,Room Temperature,WH-B,In Stock,2024-09-10
INV000302,MED000095,SUP0061,BAT481657,2025-09-12,2027-01-05,953,333.95,461.78,34,Frozen (-20°C),WH-D,In Stock,2025-11-11
INV003057,MED000095,SUP0055,BAT370012,2023-09-08,2026-03-26,25,339.35,439.72,107,Refrigerated (2–8°C),WH-C,Low Stock,2024-02-03
INV004116,MED000095,SUP0052,BAT597867,2026-03-31,2028-02-19,577,272.1,339.77,116,Refrigerated (2–8°C),WH-C,In Stock,2026-07-13
INV004340,MED000095,SUP0071,BAT120573,2025-09-21,2028-04-08,18,266.32,362.24,181,Refrigerated (2–8°C),WH-B,Low Stock,2025-12-13
INV001049,MED000096,SUP0036,BAT541699,2024-03-21,2025-06-14,175,199.49,254.66,178,Frozen (-20°C),WH-A,Low Stock,2024-07-29
INV003755,MED000096,SUP0031,BAT788692,2026-06-19,2027-06-14,955,173.4,232.82,76,Frozen (-20°C),WH-A,In Stock,2026-07-20
INV003986,MED000096,SUP0038,BAT226791,2024-09-04,2025-11-28,698,508.8,657.86,126,Room Temperature,WH-D,In Stock,2025-01-01
INV004297,MED000096,SUP0043,BAT469623,2024-08-29,2026-01-21,454,365.76,459.24,183,Frozen (-20°C),WH-C,In Stock,2024-12-30
INV000814,MED000097,SUP0036,BAT540467,2026-07-15,2028-09-02,5,120.79,146.92,125,Frozen (-20°C),WH-A,Low Stock,2026-07-20
INV002349,MED000097,SUP0063,BAT961151,2026-03-15,2027-03-10,291,354.76,489.02,27,Room Temperature,WH-C,In Stock,2026-04-11
INV001882,MED000098,SUP0043,BAT450216,2023-11-06,2025-12-25,949,424.29,542.54,95,Refrigerated (2–8°C),WH-E,In Stock,2024-03-13
INV002070,MED000098,SUP0030,BAT384566,2025-03-17,2026-12-07,134,359.21,434.16,178,Refrigerated (2–8°C),WH-C,Low Stock,2025-06-04
INV003164,MED000098,SUP0035,BAT460853,2024-05-11,2026-11-27,433,519.24,710.21,139,Frozen (-20°C),WH-E,In Stock,2024-07-11
INV000375,MED000099,SUP0014,BAT785315,2023-08-30,2024-09-23,426,231.25,302.81,138,Refrigerated (2–8°C),WH-B,In Stock,2023-10-13
INV001646,MED000099,SUP0026,BAT352807,2024-01-24,2026-09-10,504,85.15,113.15,80,Room Temperature,WH-A,In Stock,2024-03-29
INV001892,MED000099,SUP0002,BAT511744,2025-03-01,2027-11-16,221,464.85,558.95,102,Frozen (-20°C),WH-E,In Stock,2025-08-22
INV001999,MED000099,SUP0027,BAT411032,2024-07-30,2026-01-21,161,445.81,537.96,196,Room Temperature,WH-B,Low Stock,2024-11-26
INV003741,MED000099,SUP0049,BAT638131,2025-10-08,2027-03-02,833,234.74,316.37,165,Frozen (-20°C),WH-E,In Stock,2026-02-28
INV004037,MED000099,SUP0022,BAT211831,2026-06-22,2028-10-09,191,64.39,89.19,48,Frozen (-20°C),WH-C,In Stock,2026-07-20
INV004462,MED000099,SUP0039,BAT553203,2025-04-06,2026-12-27,268,463.14,618.97,40,Frozen (-20°C),WH-A,In Stock,2025-09-21
INV002365,MED000100,SUP0043,BAT952073,2023-11-04,2025-10-24,42,240.51,309.49,126,Room Temperature,WH-C,Low Stock,2024-01-18
INV003331,MED000100,SUP0037,BAT476764,2023-09-22,2025-08-12,91,88.88,107.53,41,Room Temperature,WH-D,In Stock,2023-11-17
INV004357,MED000100,SUP0049,BAT153722,2025-08-10,2027-08-30,421,266.17,327.32,36,Room Temperature,WH-B,In Stock,2025-10-14
INV004513,MED000100,SUP0074,BAT678192,2023-08-04,2025-08-23,706,533.01,677.01,200,Room Temperature,WH-B,In Stock,2023-10-10
INV000314,MED000101,SUP0039,BAT372804,2024-07-11,2025-07-06,875,335.79,439.89,140,Room Temperature,WH-D,In Stock,2024-11-06
INV001065,MED000101,SUP0049,BAT867559,2025-12-02,2027-05-26,193,110.1,138.2,128,Frozen (-20°C),WH-D,In Stock,2026-03-02
INV001630,MED000101,SUP0001,BAT794196,2025-01-06,2026-07-30,353,208.19,264.88,187,Frozen (-20°C),WH-C,In Stock,2025-04-27
INV003507,MED000101,SUP0007,BAT305840,2024-04-24,2026-07-13,682,318.79,404.53,68,Frozen (-20°C),WH-E,In Stock,2024-08-20
INV001234,MED000103,SUP0048,BAT364583,2025-12-08,2027-09-29,785,327.94,405.25,31,Refrigerated (2–8°C),WH-D,In Stock,2026-03-08
INV002013,MED000103,SUP0050,BAT477236,2024-10-28,2027-03-17,157,284.15,349.41,198,Frozen (-20°C),WH-A,Low Stock,2025-03-04
INV004467,MED000103,SUP0072,BAT131246,2025-06-21,2028-05-06,761,334.85,420.58,113,Frozen (-20°C),WH-A,In Stock,2025-11-15
INV000023,MED000104,SUP0070,BAT976638,2023-08-20,2024-10-13,170,293.96,365.32,129,Refrigerated (2–8°C),WH-A,In Stock,2023-11-03
INV002970,MED000104,SUP0024,BAT341175,2025-12-03,2027-08-25,865,95.75,129.42,70,Refrigerated (2–8°C),WH-A,In Stock,2026-01-12
INV003144,MED000105,SUP0061,BAT153473,2024-02-23,2026-05-13,754,21.71,26.82,117,Refrigerated (2–8°C),WH-A,In Stock,2024-07-29
INV004719,MED000105,SUP0025,BAT110570,2026-02-05,2027-04-01,879,42.2,57.08,163,Frozen (-20°C),WH-B,In Stock,2026-03-07
INV001548,MED000106,SUP0001,BAT594097,2024-07-18,2025-08-12,298,408.85,565.69,118,Frozen (-20°C),WH-C,In Stock,2024-09-05
INV002482,MED000106,SUP0008,BAT204758,2026-03-30,2027-10-21,319,351.47,444.58,77,Room Temperature,WH-C,In Stock,2026-05-05
INV003915,MED000106,SUP0032,BAT755994,2025-03-24,2028-02-07,385,414.45,568.14,76,Frozen (-20°C),WH-E,In Stock,2025-07-05
INV000820,MED000107,SUP0038,BAT991215,2025-09-09,2027-08-30,632,143.7,189.67,130,Frozen (-20°C),WH-E,In Stock,2025-10-18
INV000951,MED000107,SUP0044,BAT550536,2023-08-06,2025-08-25,296,294.13,397.72,97,Room Temperature,WH-E,In Stock,2023-12-21
INV001407,MED000107,SUP0031,BAT834543,2025-04-08,2026-11-29,443,29.07,39.24,111,Frozen (-20°C),WH-D,In Stock,2025-08-15
INV001659,MED000107,SUP0056,BAT633804,2024-07-30,2026-08-19,111,377.7,489.9,149,Frozen (-20°C),WH-B,Low Stock,2025-01-07
INV004301,MED000107,SUP0038,BAT118886,2026-01-13,2028-01-03,611,520.39,724.09,121,Refrigerated (2–8°C),WH-C,In Stock,2026-03-11
INV004420,MED000107,SUP0063,BAT161068,2025-08-16,2026-08-11,25,225.76,300.05,184,Room Temperature,WH-D,Low Stock,2025-12-22
INV004643,MED000107,SUP0045,BAT804244,2025-04-26,2028-04-10,427,51.46,62.36,114,Frozen (-20°C),WH-A,In Stock,2025-07-18
INV000143,MED000108,SUP0043,BAT169113,2025-05-26,2026-08-19,694,174.07,234.08,123,Frozen (-20°C),WH-E,In Stock,2025-10-30
INV001440,MED000108,SUP0042,BAT679417,2026-03-24,2028-02-12,322,332.33,440.6,121,Frozen (-20°C),WH-C,In Stock,2026-05-14
INV000526,MED000109,SUP0060,BAT786563,2023-08-07,2024-09-30,676,399.47,552.3,94,Refrigerated (2–8°C),WH-A,In Stock,2023-11-29
INV001621,MED000109,SUP0067,BAT288526,2024-11-06,2026-03-01,929,307.51,406.34,37,Room Temperature,WH-B,In Stock,2025-01-21
INV004312,MED000109,SUP0022,BAT781918,2025-04-22,2026-06-16,255,327.78,396.05,112,Refrigerated (2–8°C),WH-D,In Stock,2025-07-15
INV001088,MED000110,SUP0051,BAT232053,2025-10-23,2028-07-09,473,278.83,337.63,157,Room Temperature,WH-C,In Stock,2025-11-08
INV003837,MED000110,SUP0056,BAT694317,2025-05-21,2027-08-09,353,401.68,494.68,67,Frozen (-20°C),WH-C,In Stock,2025-07-18
INV000367,MED000111,SUP0020,BAT244037,2024-09-03,2026-06-25,583,90.22,123.83,142,Room Temperature,WH-A,In Stock,2024-12-31
INV000465,MED000111,SUP0068,BAT938095,2025-12-03,2028-02-21,33,211.64,290.39,153,Room Temperature,WH-D,Low Stock,2026-05-05
INV000990,MED000111,SUP0014,BAT794940,2023-12-19,2026-03-08,891,22.96,29.23,65,Room Temperature,WH-B,In Stock,2024-06-03
INV003577,MED000111,SUP0056,BAT867561,2025-06-04,2027-11-21,689,20.92,28.51,31,Frozen (-20°C),WH-A,In Stock,2025-08-24
INV000996,MED000112,SUP0048,BAT778058,2025-12-05,2027-05-29,111,51.3,67.75,51,Refrigerated (2–8°C),WH-A,In Stock,2026-02-27
INV002938,MED000114,SUP0035,BAT525502,2025-11-17,2027-03-12,327,445.13,603.59,191,Refrigerated (2–8°C),WH-B,In Stock,2026-03-31
INV000438,MED000115,SUP0022,BAT370804,2024-07-23,2026-11-10,613,384.39,528.81,169,Frozen (-20°C),WH-C,In Stock,2024-11-18
INV001816,MED000115,SUP0049,BAT609092,2023-08-05,2024-08-29,608,392.54,494.69,192,Room Temperature,WH-C,In Stock,2023-08-26
INV002749,MED000115,SUP0066,BAT964710,2024-07-21,2026-07-11,683,21.16,26.24,43,Refrigerated (2–8°C),WH-C,In Stock,2024-08-24
INV003447,MED000115,SUP0044,BAT396660,2025-08-05,2027-05-27,246,215.15,284.97,99,Refrigerated (2–8°C),WH-C,In Stock,2026-01-09
INV003619,MED000115,SUP0027,BAT802192,2025-06-02,2028-01-18,520,23.0,27.73,157,Refrigerated (2–8°C),WH-C,In Stock,2025-07-30
INV004431,MED000116,SUP0001,BAT468086,2024-03-24,2026-11-09,964,140.25,193.47,108,Room Temperature,WH-D,In Stock,2024-05-10
INV001386,MED000117,SUP0015,BAT818025,2023-12-01,2025-12-20,547,373.06,460.35,29,Refrigerated (2–8°C),WH-C,In Stock,2024-04-26
INV001752,MED000117,SUP0026,BAT105151,2025-11-18,2028-02-06,215,358.12,436.4,200,Room Temperature,WH-B,In Stock,2025-12-24
INV003106,MED000117,SUP0057,BAT783833,2024-02-06,2026-10-23,476,60.88,84.27,124,Frozen (-20°C),WH-B,In Stock,2024-06-19
INV000852,MED000118,SUP0048,BAT643719,2023-08-12,2025-01-03,880,237.71,332.3,130,Room Temperature,WH-E,In Stock,2023-11-18
INV000215,MED000119,SUP0072,BAT584838,2025-04-12,2028-02-26,405,490.79,662.15,90,Frozen (-20°C),WH-A,In Stock,2025-05-02
INV004237,MED000119,SUP0018,BAT864579,2026-07-20,2028-03-11,492,585.3,791.77,176,Refrigerated (2–8°C),WH-E,In Stock,2026-07-20
INV001723,MED000120,SUP0042,BAT910471,2026-05-23,2028-06-11,551,171.33,235.15,138,Room Temperature,WH-D,In Stock,2026-07-20
INV002034,MED000120,SUP0050,BAT424328,2025-04-06,2028-03-21,857,5.57,7.57,197,Room Temperature,WH-E,In Stock,2025-05-25
INV003142,MED000120,SUP0037,BAT337071,2024-10-23,2026-11-12,592,440.55,581.27,120,Refrigerated (2–8°C),WH-B,In Stock,2025-03-27
INV003273,MED000120,SUP0028,BAT231079,2025-09-24,2028-06-10,353,572.05,728.93,68,Refrigerated (2–8°C),WH-B,In Stock,2025-12-13
INV002146,MED000121,SUP0002,BAT624497,2026-07-01,2028-02-21,467,19.06,25.73,91,Refrigerated (2–8°C),WH-E,In Stock,2026-07-20
INV002297,MED000121,SUP0034,BAT779384,2025-12-02,2028-11-16,558,411.26,529.93,127,Refrigerated (2–8°C),WH-D,In Stock,2026-01-05
INV003906,MED000121,SUP0020,BAT656443,2026-01-15,2027-11-06,276,217.73,288.46,33,Room Temperature,WH-B,In Stock,2026-05-22
INV004229,MED000122,SUP0074,BAT419193,2024-09-17,2027-03-06,254,12.1,15.79,147,Refrigerated (2–8°C),WH-E,In Stock,2024-10-28
INV004405,MED000122,SUP0034,BAT858789,2023-12-10,2026-08-26,902,102.37,139.01,107,Frozen (-20°C),WH-B,In Stock,2024-03-22
INV004802,MED000122,SUP0066,BAT833283,2024-08-03,2026-06-24,132,113.23,151.69,82,Room Temperature,WH-A,In Stock,2024-12-18
INV000496,MED000123,SUP0046,BAT775885,2024-05-31,2027-03-17,810,79.87,99.56,52,Frozen (-20°C),WH-C,In Stock,2024-10-30
INV000635,MED000123,SUP0036,BAT243132,2024-03-04,2026-04-23,428,457.4,568.99,68,Refrigerated (2–8°C),WH-E,In Stock,2024-07-14
INV001125,MED000123,SUP0036,BAT996086,2025-09-14,2027-12-03,883,233.87,282.72,122,Room Temperature,WH-D,In Stock,2025-10-03
INV001293,MED000124,SUP0066,BAT491616,2023-08-23,2026-02-08,32,524.48,663.68,154,Frozen (-20°C),WH-D,Low Stock,2023-12-27
INV004163,MED000124,SUP0068,BAT403133,2023-09-26,2024-11-19,887,507.39,699.18,147,Refrigerated (2–8°C),WH-A,In Stock,2024-01-01
INV004681,MED000124,SUP0051,BAT434033,2026-02-26,2028-05-16,94,84.46,103.16,50,Refrigerated (2–8°C),WH-E,In Stock,2026-04-14
INV004963,MED000124,SUP0018,BAT394259,2023-12-01,2025-06-23,15,72.31,87.73,54,Refrigerated (2–8°C),WH-C,Low Stock,2023-12-20
INV000342,MED000125,SUP0050,BAT958160,2026-06-25,2028-07-14,703,345.77,431.22,146,Refrigerated (2–8°C),WH-A,In Stock,2026-07-20
INV001135,MED000125,SUP0034,BAT369950,2023-08-23,2026-05-09,553,362.34,460.15,36,Room Temperature,WH-E,In Stock,2023-12-06
INV004898,MED000125,SUP0020,BAT745179,2025-01-02,2027-05-22,308,311.76,398.13,133,Frozen (-20°C),WH-E,In Stock,2025-01-18
INV001308,MED000126,SUP0027,BAT875788,2025-03-12,2027-01-31,424,254.45,314.23,65,Frozen (-20°C),WH-B,In Stock,2025-09-01
INV004234,MED000126,SUP0033,BAT702787,2025-01-16,2027-01-06,313,191.33,230.79,118,Refrigerated (2–8°C),WH-A,In Stock,2025-03-15
INV000310,MED000128,SUP0056,BAT794622,2024-04-13,2025-11-04,267,555.99,710.88,105,Frozen (-20°C),WH-C,In Stock,2024-07-11
INV000585,MED000128,SUP0048,BAT675547,2023-11-06,2024-10-31,840,70.27,88.29,116,Room Temperature,WH-B,In Stock,2024-04-12
INV002188,MED000128,SUP0026,BAT210136,2026-01-20,2028-06-08,637,547.89,662.89,179,Room Temperature,WH-C,In Stock,2026-07-05
INV003773,MED000128,SUP0016,BAT204646,2025-02-01,2026-11-23,511,281.51,361.24,127,Room Temperature,WH-E,In Stock,2025-05-31
INV001321,MED000130,SUP0047,BAT547232,2023-09-11,2026-01-28,96,585.18,799.37,83,Room Temperature,WH-E,In Stock,2023-10-28
INV001848,MED000130,SUP0067,BAT504687,2026-02-19,2028-03-10,117,546.47,711.28,36,Frozen (-20°C),WH-E,In Stock,2026-06-11
INV003265,MED000130,SUP0053,BAT422373,2025-10-22,2028-10-06,136,462.28,554.84,52,Room Temperature,WH-B,In Stock,2026-03-21
INV004170,MED000130,SUP0030,BAT276410,2026-02-20,2027-09-13,120,563.87,693.86,109,Room Temperature,WH-B,In Stock,2026-07-20
INV002584,MED000131,SUP0019,BAT611549,2024-07-29,2026-03-21,965,136.26,185.53,113,Room Temperature,WH-D,In Stock,2024-11-01
INV002688,MED000131,SUP0015,BAT853229,2025-05-29,2027-02-18,24,379.08,469.61,98,Room Temperature,WH-E,Low Stock,2025-11-11
INV001777,MED000132,SUP0068,BAT352232,2024-04-29,2027-02-13,19,39.26,49.2,33,Refrigerated (2–8°C),WH-D,Low Stock,2024-09-12
INV001894,MED000132,SUP0010,BAT669126,2025-03-26,2027-11-11,931,573.47,801.77,49,Refrigerated (2–8°C),WH-E,In Stock,2025-09-14
INV002569,MED000132,SUP0066,BAT875906,2025-08-13,2027-07-04,316,437.62,575.85,25,Frozen (-20°C),WH-B,In Stock,2026-01-28
INV001354,MED000133,SUP0022,BAT123189,2026-01-24,2028-06-12,917,288.59,387.07,113,Room Temperature,WH-C,In Stock,2026-02-22
INV002639,MED000133,SUP0043,BAT670168,2024-07-23,2027-02-08,636,34.37,43.05,83,Room Temperature,WH-D,In Stock,2024-08-19
INV000372,MED000134,SUP0006,BAT412687,2025-03-07,2027-04-26,610,206.01,283.8,159,Room Temperature,WH-C,In Stock,2025-08-02
INV001355,MED000134,SUP0036,BAT697429,2024-12-18,2027-11-03,730,297.03,398.27,178,Room Temperature,WH-D,In Stock,2025-01-09
INV000352,MED000135,SUP0040,BAT844037,2026-05-23,2028-05-12,799,528.2,636.9,159,Room Temperature,WH-B,In Stock,2026-07-11
INV001538,MED000136,SUP0021,BAT139280,2025-01-14,2027-11-30,805,135.36,187.21,41,Room Temperature,WH-D,In Stock,2025-06-01
INV002151,MED000136,SUP0022,BAT308983,2026-04-22,2029-01-06,887,218.77,276.91,28,Room Temperature,WH-B,In Stock,2026-06-13
INV002204,MED000136,SUP0029,BAT124730,2023-08-10,2025-05-01,756,362.41,493.57,133,Room Temperature,WH-C,In Stock,2023-09-21
INV004412,MED000136,SUP0049,BAT766951,2025-01-02,2026-04-27,131,80.36,102.15,153,Refrigerated (2–8°C),WH-E,Low Stock,2025-02-17
INV001487,MED000137,SUP0024,BAT710397,2025-11-13,2027-02-06,40,125.46,158.09,84,Frozen (-20°C),WH-D,Low Stock,2026-04-20
INV001750,MED000137,SUP0045,BAT975753,2024-06-18,2025-12-10,920,18.59,22.86,48,Frozen (-20°C),WH-B,In Stock,2024-11-26
INV002474,MED000137,SUP0073,BAT712951,2025-07-20,2028-06-04,390,382.05,485.66,181,Room Temperature,WH-B,In Stock,2026-01-15
INV001434,MED000138,SUP0058,BAT508500,2024-08-19,2027-08-04,728,221.45,300.19,61,Refrigerated (2–8°C),WH-B,In Stock,2024-11-12
INV001485,MED000138,SUP0009,BAT191480,2025-01-09,2027-09-26,486,306.73,383.0,127,Room Temperature,WH-A,In Stock,2025-04-25
INV001525,MED000138,SUP0049,BAT242505,2023-07-22,2025-04-12,541,408.13,522.0,150,Frozen (-20°C),WH-D,In Stock,2023-12-01
INV001824,MED000138,SUP0050,BAT129096,2024-02-18,2025-04-13,287,59.92,82.82,50,Frozen (-20°C),WH-C,In Stock,2024-04-18
INV002574,MED000138,SUP0017,BAT127790,2024-06-12,2026-10-30,841,196.09,256.78,190,Refrigerated (2–8°C),WH-A,In Stock,2024-07-19
INV003840,MED000138,SUP0075,BAT389719,2025-04-23,2027-04-13,305,154.6,195.46,135,Room Temperature,WH-E,In Stock,2025-07-22
INV004004,MED000138,SUP0023,BAT576412,2024-08-29,2026-04-21,826,320.33,385.67,110,Room Temperature,WH-E,In Stock,2024-11-16
INV004097,MED000138,SUP0074,BAT335003,2025-02-07,2026-10-30,297,79.78,106.23,129,Refrigerated (2–8°C),WH-A,In Stock,2025-04-10
INV000534,MED000139,SUP0072,BAT658850,2024-03-19,2025-08-11,859,437.61,592.12,62,Refrigerated (2–8°C),WH-D,In Stock,2024-06-23
INV002409,MED000139,SUP0050,BAT647520,2023-10-30,2025-10-19,748,420.26,525.78,76,Frozen (-20°C),WH-C,In Stock,2023-12-03
INV003063,MED000139,SUP0073,BAT774757,2024-05-15,2026-01-05,275,55.78,67.65,199,Frozen (-20°C),WH-B,In Stock,2024-09-22
INV003579,MED000139,SUP0065,BAT260501,2025-04-04,2026-05-29,24,56.91,68.81,164,Frozen (-20°C),WH-C,Low Stock,2025-06-22
INV003804,MED000139,SUP0046,BAT706931,2025-08-13,2027-01-05,721,445.22,597.37,107,Frozen (-20°C),WH-C,In Stock,2026-01-07
INV003895,MED000139,SUP0068,BAT329674,2024-05-09,2025-08-02,982,213.34,261.38,28,Frozen (-20°C),WH-E,In Stock,2024-07-14
INV003967,MED000139,SUP0040,BAT482304,2025-09-25,2027-07-17,490,143.64,183.43,140,Room Temperature,WH-B,In Stock,2026-03-06
INV004213,MED000139,SUP0068,BAT379866,2026-01-21,2028-12-06,399,305.67,391.06,126,Room Temperature,WH-E,In Stock,2026-03-16
INV004661,MED000139,SUP0024,BAT160738,2024-08-25,2027-08-10,500,368.2,513.3,71,Room Temperature,WH-D,In Stock,2024-12-19
INV004978,MED000139,SUP0064,BAT654295,2024-12-30,2027-08-17,285,40.97,55.17,37,Refrigerated (2–8°C),WH-E,In Stock,2025-04-02
INV002554,MED000142,SUP0039,BAT716296,2023-11-17,2025-03-11,225,17.19,21.59,187,Refrigerated (2–8°C),WH-D,In Stock,2024-03-02
INV004977,MED000142,SUP0036,BAT584113,2026-05-03,2028-03-23,531,18.72,24.88,196,Refrigerated (2–8°C),WH-A,In Stock,2026-05-24
INV001744,MED000144,SUP0021,BAT158130,2025-05-29,2026-12-20,479,546.84,734.82,159,Room Temperature,WH-D,In Stock,2025-11-12
INV004448,MED000144,SUP0054,BAT256167,2024-09-07,2025-10-02,822,229.81,291.93,191,Room Temperature,WH-D,In Stock,2025-02-16
INV001114,MED000145,SUP0054,BAT727203,2024-01-02,2026-05-21,969,165.95,200.53,58,Room Temperature,WH-D,In Stock,2024-05-18
INV002438,MED000145,SUP0057,BAT541156,2026-05-02,2028-02-21,207,317.27,443.47,176,Frozen (-20°C),WH-E,In Stock,2026-07-20
INV003576,MED000145,SUP0012,BAT420668,2024-09-14,2026-04-07,919,597.81,777.62,29,Room Temperature,WH-B,In Stock,2024-10-25
INV001652,MED000146,SUP0016,BAT651510,2025-02-27,2026-05-23,299,142.65,186.3,82,Refrigerated (2–8°C),WH-A,In Stock,2025-07-30
INV004812,MED000146,SUP0045,BAT256612,2025-01-16,2026-07-10,44,43.65,58.28,180,Refrigerated (2–8°C),WH-E,Low Stock,2025-03-02
INV000588,MED000147,SUP0003,BAT250990,2026-04-12,2028-12-27,998,55.37,73.56,59,Refrigerated (2–8°C),WH-D,In Stock,2026-07-20
INV004808,MED000147,SUP0019,BAT543359,2025-11-02,2027-12-22,917,306.9,416.52,190,Frozen (-20°C),WH-C,In Stock,2026-03-04
INV001502,MED000148,SUP0033,BAT230473,2025-08-30,2028-01-17,3,117.41,162.83,42,Refrigerated (2–8°C),WH-D,Low Stock,2025-12-23
INV003945,MED000148,SUP0046,BAT924325,2024-07-25,2025-08-19,600,215.76,263.69,199,Refrigerated (2–8°C),WH-D,In Stock,2024-12-17
INV001698,MED000149,SUP0074,BAT245483,2025-05-21,2027-11-07,992,454.2,631.78,141,Frozen (-20°C),WH-E,In Stock,2025-09-14
INV001727,MED000149,SUP0031,BAT237497,2024-03-14,2026-01-03,70,8.31,10.54,78,Room Temperature,WH-E,Low Stock,2024-06-18
INV003061,MED000149,SUP0069,BAT934985,2023-08-03,2024-12-25,327,396.45,522.48,113,Refrigerated (2–8°C),WH-D,In Stock,2024-01-24
INV004008,MED000149,SUP0072,BAT661244,2025-01-29,2026-02-23,615,154.39,199.08,193,Refrigerated (2–8°C),WH-E,In Stock,2025-07-05
INV000611,MED000150,SUP0010,BAT699098,2024-12-15,2027-11-30,19,93.57,124.27,152,Room Temperature,WH-D,Low Stock,2025-04-23
INV000633,MED000151,SUP0061,BAT713513,2026-04-08,2027-05-03,148,557.09,719.2,80,Refrigerated (2–8°C),WH-C,In Stock,2026-07-20
INV001654,MED000151,SUP0031,BAT573213,2025-02-03,2026-11-25,428,59.87,83.03,44,Frozen (-20°C),WH-C,In Stock,2025-05-15
INV000257,MED000152,SUP0058,BAT726979,2026-03-28,2028-09-13,547,554.48,761.81,154,Refrigerated (2–8°C),WH-E,In Stock,2026-07-20
INV001581,MED000154,SUP0064,BAT423365,2025-03-26,2027-04-15,26,200.01,268.49,97,Room Temperature,WH-E,Low Stock,2025-04-15
INV000034,MED000155,SUP0020,BAT672092,2023-10-02,2025-08-22,565,260.72,315.05,62,Refrigerated (2–8°C),WH-A,In Stock,2024-03-14
INV000461,MED000156,SUP0071,BAT287155,2026-03-22,2028-01-11,223,165.1,229.39,171,Frozen (-20°C),WH-B,In Stock,2026-07-05
INV002604,MED000156,SUP0028,BAT974132,2025-05-27,2026-11-18,649,66.3,86.39,192,Room Temperature,WH-D,In Stock,2025-10-22
INV000981,MED000157,SUP0043,BAT224099,2025-07-28,2026-09-21,619,110.95,144.91,63,Frozen (-20°C),WH-B,In Stock,2025-08-23
INV002113,MED000157,SUP0005,BAT209935,2026-02-20,2027-12-12,913,204.18,280.63,77,Frozen (-20°C),WH-C,In Stock,2026-07-20
INV002765,MED000157,SUP0070,BAT863333,2026-05-20,2028-06-08,702,233.69,311.38,49,Refrigerated (2–8°C),WH-E,In Stock,2026-06-09
INV003158,MED000157,SUP0032,BAT474305,2025-11-10,2027-02-03,681,36.13,48.12,78,Frozen (-20°C),WH-B,In Stock,2026-04-02
INV003941,MED000157,SUP0009,BAT773436,2023-08-21,2026-05-07,774,371.84,474.09,68,Room Temperature,WH-B,In Stock,2024-01-01
INV004210,MED000157,SUP0062,BAT935734,2025-05-05,2026-05-30,4,132.49,159.48,169,Frozen (-20°C),WH-A,Low Stock,2025-07-24
INV000991,MED000158,SUP0002,BAT696831,2025-11-19,2027-03-14,481,450.12,603.03,60,Refrigerated (2–8°C),WH-D,In Stock,2026-01-19
INV002729,MED000158,SUP0055,BAT617736,2025-07-02,2026-12-24,117,136.97,191.31,124,Room Temperature,WH-D,Low Stock,2025-08-29
INV003685,MED000158,SUP0071,BAT479390,2023-10-12,2025-10-31,174,496.99,642.85,177,Frozen (-20°C),WH-B,Low Stock,2024-03-30
INV004006,MED000158,SUP0041,BAT255920,2025-12-20,2028-12-04,254,488.38,598.51,63,Frozen (-20°C),WH-C,In Stock,2026-03-30
INV001036,MED000159,SUP0064,BAT985652,2025-07-30,2027-01-21,103,478.29,613.53,150,Refrigerated (2–8°C),WH-A,Low Stock,2025-11-22
INV001935,MED000159,SUP0011,BAT840720,2025-08-08,2028-04-24,511,21.65,30.22,128,Refrigerated (2–8°C),WH-C,In Stock,2026-01-05
INV003763,MED000159,SUP0067,BAT394662,2023-12-20,2025-01-13,28,196.8,248.74,139,Frozen (-20°C),WH-C,Low Stock,2024-03-31
INV000506,MED000160,SUP0028,BAT644719,2024-02-04,2025-04-29,544,117.73,153.67,123,Room Temperature,WH-E,In Stock,2024-04-18
INV000782,MED000160,SUP0048,BAT809699,2026-07-02,2028-06-21,572,468.4,643.77,157,Frozen (-20°C),WH-D,In Stock,2026-07-20
INV001455,MED000160,SUP0014,BAT100283,2023-09-22,2026-04-09,877,568.34,787.74,27,Refrigerated (2–8°C),WH-D,In Stock,2023-10-19
INV000677,MED000161,SUP0055,BAT824375,2024-03-05,2025-04-29,793,455.61,550.61,148,Room Temperature,WH-A,In Stock,2024-03-24
INV001686,MED000161,SUP0021,BAT100487,2025-09-05,2026-11-29,768,146.59,190.96,133,Frozen (-20°C),WH-C,In Stock,2025-11-15
INV001986,MED000161,SUP0041,BAT743911,2025-03-05,2027-06-23,870,505.1,683.24,168,Frozen (-20°C),WH-D,In Stock,2025-08-25
INV002009,MED000161,SUP0023,BAT342043,2024-12-31,2027-03-21,240,133.99,180.0,32,Room Temperature,WH-A,In Stock,2025-02-27
INV004947,MED000161,SUP0035,BAT381993,2024-02-13,2025-06-07,555,41.44,57.28,139,Room Temperature,WH-E,In Stock,2024-07-21
INV004419,MED000162,SUP0041,BAT368464,2025-01-08,2027-12-24,998,305.61,380.02,166,Refrigerated (2–8°C),WH-D,In Stock,2025-05-29
INV004403,MED000163,SUP0011,BAT531226,2023-08-20,2025-01-11,382,526.94,652.59,171,Frozen (-20°C),WH-E,In Stock,2024-01-12
INV004816,MED000163,SUP0006,BAT867281,2023-12-09,2026-10-24,111,180.12,246.38,59,Refrigerated (2–8°C),WH-E,In Stock,2024-01-02
INV000452,MED000164,SUP0005,BAT859687,2025-09-15,2027-09-05,671,175.45,244.35,158,Room Temperature,WH-B,In Stock,2026-03-06
INV001773,MED000164,SUP0007,BAT952489,2025-03-01,2027-01-20,976,297.76,369.19,95,Refrigerated (2–8°C),WH-B,In Stock,2025-07-29
INV001975,MED000164,SUP0024,BAT238256,2026-01-02,2028-08-19,691,278.93,353.63,32,Frozen (-20°C),WH-E,In Stock,2026-04-26
INV002100,MED000164,SUP0036,BAT452908,2023-08-13,2024-08-07,672,380.01,468.7,171,Room Temperature,WH-D,In Stock,2024-02-02
INV003640,MED000164,SUP0045,BAT225507,2023-10-13,2024-10-07,388,296.38,400.5,25,Room Temperature,WH-C,In Stock,2023-12-02
INV003936,MED000164,SUP0005,BAT501237,2025-11-16,2028-10-01,757,475.28,587.7,193,Refrigerated (2–8°C),WH-A,In Stock,2025-12-12
INV000490,MED000165,SUP0019,BAT158760,2025-01-16,2028-01-01,73,284.74,352.63,164,Refrigerated (2–8°C),WH-D,Low Stock,2025-05-11
INV003288,MED000165,SUP0048,BAT123967,2024-11-19,2026-04-13,608,227.61,299.61,155,Frozen (-20°C),WH-D,In Stock,2024-12-28
INV004528,MED000165,SUP0004,BAT968645,2024-10-28,2026-10-18,232,295.29,398.76,97,Room Temperature,WH-C,In Stock,2025-02-06
INV001626,MED000167,SUP0011,BAT821374,2024-08-13,2026-11-01,449,390.29,472.82,162,Frozen (-20°C),WH-E,In Stock,2024-09-22
INV000339,MED000168,SUP0061,BAT984756,2024-03-13,2025-12-03,482,537.45,673.43,150,Frozen (-20°C),WH-E,In Stock,2024-07-07
INV003676,MED000169,SUP0021,BAT242976,2024-09-12,2027-06-29,590,501.53,654.41,174,Room Temperature,WH-A,In Stock,2024-11-22
INV000240,MED000170,SUP0064,BAT986392,2025-12-25,2028-08-11,579,537.4,743.67,49,Room Temperature,WH-B,In Stock,2026-04-03
INV000928,MED000171,SUP0033,BAT809388,2025-12-08,2028-09-23,548,46.98,63.26,77,Frozen (-20°C),WH-B,In Stock,2026-01-28
INV003044,MED000171,SUP0042,BAT544735,2023-12-19,2026-01-07,866,278.51,365.51,174,Refrigerated (2–8°C),WH-E,In Stock,2024-01-21
INV003139,MED000171,SUP0052,BAT930265,2023-08-26,2024-10-19,618,586.38,768.9,46,Refrigerated (2–8°C),WH-E,In Stock,2024-02-04
INV003380,MED000171,SUP0053,BAT861907,2025-06-12,2027-11-29,947,444.18,605.89,117,Frozen (-20°C),WH-C,In Stock,2025-09-24
INV004313,MED000171,SUP0009,BAT970370,2023-09-22,2024-10-16,347,54.33,68.63,38,Room Temperature,WH-A,In Stock,2023-12-23
INV004673,MED000171,SUP0003,BAT958091,2024-10-08,2027-08-24,541,326.26,447.18,97,Refrigerated (2–8°C),WH-B,In Stock,2025-02-23
INV000056,MED000172,SUP0055,BAT242291,2026-02-20,2027-07-15,266,199.77,257.89,122,Refrigerated (2–8°C),WH-D,In Stock,2026-03-19
INV001382,MED000172,SUP0009,BAT353495,2025-12-29,2028-07-16,448,268.0,362.83,61,Frozen (-20°C),WH-E,In Stock,2026-04-17
INV002682,MED000172,SUP0056,BAT352181,2023-08-31,2025-03-23,612,570.14,733.86,111,Refrigerated (2–8°C),WH-A,In Stock,2024-02-20
INV003762,MED000172,SUP0062,BAT819081,2025-06-12,2026-12-04,877,173.33,231.35,30,Refrigerated (2–8°C),WH-B,In Stock,2025-12-08
INV004469,MED000172,SUP0047,BAT167633,2026-06-19,2028-07-08,458,355.74,470.21,113,Room Temperature,WH-B,In Stock,2026-07-20
INV004360,MED000173,SUP0040,BAT875146,2025-04-26,2028-02-10,998,226.84,291.29,96,Room Temperature,WH-C,In Stock,2025-10-10
INV004910,MED000173,SUP0057,BAT196551,2023-07-24,2025-09-11,445,285.93,367.56,141,Frozen (-20°C),WH-E,In Stock,2023-08-14
INV003680,MED000174,SUP0013,BAT521390,2025-04-16,2027-03-07,668,297.47,403.78,127,Frozen (-20°C),WH-D,In Stock,2025-08-21
INV004580,MED000174,SUP0036,BAT837939,2023-12-26,2025-04-19,908,156.92,202.04,25,Room Temperature,WH-A,In Stock,2024-06-01
INV004607,MED000174,SUP0026,BAT388020,2025-05-13,2027-03-04,621,359.96,498.16,181,Refrigerated (2–8°C),WH-B,In Stock,2025-09-17
INV004641,MED000174,SUP0032,BAT920165,2026-05-23,2028-02-12,814,508.85,635.54,110,Refrigerated (2–8°C),WH-A,In Stock,2026-07-20
INV004883,MED000174,SUP0046,BAT901616,2024-01-27,2026-02-15,153,193.01,247.66,182,Room Temperature,WH-C,Low Stock,2024-04-08
INV001628,MED000175,SUP0070,BAT952246,2024-05-18,2026-12-04,552,175.87,229.41,147,Room Temperature,WH-B,In Stock,2024-10-27
INV003194,MED000175,SUP0017,BAT853308,2023-10-25,2025-05-17,589,22.22,27.19,155,Frozen (-20°C),WH-E,In Stock,2024-01-10
INV004901,MED000175,SUP0044,BAT526389,2024-03-28,2026-03-18,66,130.92,181.52,150,Room Temperature,WH-B,Low Stock,2024-05-22
INV001011,MED000176,SUP0024,BAT867324,2024-02-27,2026-02-16,204,200.59,253.44,127,Frozen (-20°C),WH-D,In Stock,2024-07-01
INV000305,MED000177,SUP0071,BAT578933,2023-08-06,2025-06-26,298,471.78,635.92,169,Room Temperature,WH-D,In Stock,2023-10-11
INV000573,MED000177,SUP0055,BAT510954,2024-07-21,2027-05-07,912,379.54,507.83,176,Refrigerated (2–8°C),WH-E,In Stock,2025-01-04
INV000208,MED000178,SUP0052,BAT801765,2024-02-01,2025-06-25,488,561.82,674.95,107,Refrigerated (2–8°C),WH-B,In Stock,2024-03-22
INV000248,MED000179,SUP0024,BAT551914,2026-01-25,2028-06-13,524,66.46,80.94,129,Frozen (-20°C),WH-A,In Stock,2026-07-01
INV003811,MED000179,SUP0008,BAT192906,2026-05-10,2028-01-30,398,399.65,509.93,67,Frozen (-20°C),WH-C,In Stock,2026-06-27
INV000415,MED000180,SUP0010,BAT156904,2024-07-19,2026-03-11,72,493.86,682.61,172,Refrigerated (2–8°C),WH-D,Low Stock,2024-12-23
INV000555,MED000180,SUP0062,BAT859246,2025-02-28,2027-03-20,868,159.5,209.75,106,Frozen (-20°C),WH-C,In Stock,2025-08-17
INV004353,MED000180,SUP0066,BAT125703,2025-07-24,2028-06-08,841,65.59,79.0,99,Frozen (-20°C),WH-A,In Stock,2025-08-31
INV000528,MED000181,SUP0024,BAT308535,2026-05-11,2028-06-29,948,28.65,39.66,30,Refrigerated (2–8°C),WH-C,In Stock,2026-07-20
INV002808,MED000181,SUP0026,BAT361576,2024-01-08,2025-10-29,364,121.49,147.1,117,Room Temperature,WH-C,In Stock,2024-07-05
INV004063,MED000181,SUP0034,BAT738995,2024-09-12,2027-05-30,686,68.85,90.51,85,Room Temperature,WH-D,In Stock,2025-01-08
INV001463,MED000182,SUP0048,BAT578420,2026-03-14,2028-07-31,382,541.58,728.55,193,Frozen (-20°C),WH-B,In Stock,2026-05-09
INV001006,MED000183,SUP0010,BAT287890,2026-02-18,2027-10-11,262,391.92,481.31,138,Room Temperature,WH-E,In Stock,2026-07-04
INV002102,MED000184,SUP0041,BAT880679,2026-05-19,2028-10-05,772,576.9,693.65,143,Frozen (-20°C),WH-C,In Stock,2026-06-08
INV002637,MED000184,SUP0008,BAT159626,2023-10-06,2026-03-24,538,355.24,430.97,177,Refrigerated (2–8°C),WH-E,In Stock,2023-11-03
INV000518,MED000185,SUP0029,BAT552917,2025-03-05,2027-02-23,135,54.11,71.12,111,Room Temperature,WH-E,In Stock,2025-04-26
INV003858,MED000186,SUP0074,BAT965594,2026-05-14,2028-06-02,477,392.69,536.95,199,Refrigerated (2–8°C),WH-C,In Stock,2026-07-20
INV004334,MED000186,SUP0023,BAT803775,2024-06-23,2026-04-14,816,41.19,51.21,58,Room Temperature,WH-A,In Stock,2024-10-19
INV004665,MED000186,SUP0043,BAT266029,2023-10-24,2024-11-17,302,485.37,619.64,42,Refrigerated (2–8°C),WH-C,In Stock,2024-03-13
INV001369,MED000187,SUP0042,BAT652953,2026-07-14,2028-10-31,775,387.7,487.15,164,Room Temperature,WH-D,In Stock,2026-07-20
INV000866,MED000188,SUP0003,BAT542166,2023-09-16,2024-09-10,840,409.58,496.67,74,Room Temperature,WH-B,In Stock,2023-12-26
INV000878,MED000188,SUP0023,BAT721418,2024-09-11,2026-04-04,80,436.37,550.83,134,Frozen (-20°C),WH-B,Low Stock,2025-02-02
INV001703,MED000188,SUP0046,BAT287739,2024-11-13,2027-04-02,458,289.17,378.19,124,Frozen (-20°C),WH-B,In Stock,2025-03-10
INV003450,MED000188,SUP0004,BAT627163,2025-11-21,2028-11-05,300,52.28,63.66,76,Refrigerated (2–8°C),WH-D,In Stock,2025-12-19
INV004507,MED000189,SUP0011,BAT658956,2025-05-01,2027-11-17,24,135.09,185.26,131,Room Temperature,WH-D,Low Stock,2025-06-27
INV000004,MED000190,SUP0049,BAT201414,2025-07-25,2027-06-15,270,439.19,574.13,36,Refrigerated (2–8°C),WH-A,In Stock,2026-01-10
INV000227,MED000190,SUP0069,BAT859782,2024-08-14,2025-09-08,386,364.96,440.84,197,Room Temperature,WH-B,In Stock,2024-11-05
INV003474,MED000190,SUP0074,BAT653313,2025-07-01,2028-03-17,823,248.26,329.06,112,Room Temperature,WH-B,In Stock,2025-07-21
INV000122,MED000191,SUP0056,BAT201255,2025-08-22,2026-12-15,61,574.19,753.53,175,Frozen (-20°C),WH-A,Low Stock,2026-01-26
INV001032,MED000191,SUP0012,BAT126885,2026-01-01,2026-12-27,788,96.06,127.15,176,Frozen (-20°C),WH-A,In Stock,2026-06-25
INV003454,MED000191,SUP0014,BAT487369,2024-09-12,2026-02-04,165,174.6,210.67,128,Frozen (-20°C),WH-B,In Stock,2024-10-08
INV003461,MED000191,SUP0071,BAT597414,2026-01-14,2027-10-06,624,105.42,134.69,170,Refrigerated (2–8°C),WH-A,In Stock,2026-04-08
INV003965,MED000191,SUP0011,BAT366295,2026-04-17,2029-03-02,466,167.04,216.8,109,Frozen (-20°C),WH-D,In Stock,2026-07-18
INV000146,MED000192,SUP0055,BAT633188,2025-07-31,2026-07-26,316,570.95,724.16,71,Refrigerated (2–8°C),WH-B,In Stock,2025-11-15
INV004190,MED000192,SUP0009,BAT370593,2024-06-17,2027-05-03,118,179.19,243.91,65,Refrigerated (2–8°C),WH-C,In Stock,2024-09-07
INV002737,MED000193,SUP0041,BAT508537,2024-10-08,2027-09-23,617,10.16,13.76,87,Refrigerated (2–8°C),WH-E,In Stock,2024-11-05
INV001069,MED000194,SUP0024,BAT627685,2026-03-23,2029-02-05,873,106.29,142.03,86,Room Temperature,WH-B,In Stock,2026-06-24
INV001279,MED000194,SUP0057,BAT459065,2024-07-29,2026-01-20,781,131.86,171.46,84,Refrigerated (2–8°C),WH-E,In Stock,2024-09-09
INV002123,MED000194,SUP0030,BAT852311,2023-08-07,2026-02-22,637,565.54,718.13,53,Frozen (-20°C),WH-D,In Stock,2023-08-25
INV004696,MED000194,SUP0069,BAT614612,2025-03-06,2026-09-27,632,175.2,220.8,129,Frozen (-20°C),WH-B,In Stock,2025-03-26
INV001425,MED000195,SUP0003,BAT510299,2026-03-14,2027-07-07,345,17.9,22.88,75,Refrigerated (2–8°C),WH-E,In Stock,2026-06-06
INV002050,MED000195,SUP0006,BAT543014,2025-08-17,2028-02-03,6,539.82,705.89,187,Room Temperature,WH-C,Low Stock,2025-10-13
INV000628,MED000196,SUP0047,BAT898100,2026-05-25,2027-12-16,788,397.3,498.72,185,Room Temperature,WH-A,In Stock,2026-07-20
INV001181,MED000196,SUP0072,BAT277477,2024-09-18,2026-12-07,255,89.09,117.89,46,Refrigerated (2–8°C),WH-E,In Stock,2025-03-03
INV001509,MED000196,SUP0032,BAT986447,2025-10-30,2027-05-23,470,103.56,127.87,181,Room Temperature,WH-C,In Stock,2026-01-14
INV003480,MED000196,SUP0015,BAT940720,2025-03-05,2026-08-27,925,493.87,597.06,153,Room Temperature,WH-D,In Stock,2025-06-09
INV001360,MED000197,SUP0040,BAT472409,2024-07-18,2027-05-04,900,302.31,373.93,89,Refrigerated (2–8°C),WH-B,In Stock,2024-11-20
INV002488,MED000197,SUP0038,BAT926551,2024-05-30,2025-05-25,418,26.82,33.87,147,Refrigerated (2–8°C),WH-C,In Stock,2024-09-25
INV004466,MED000197,SUP0014,BAT600073,2026-03-02,2028-11-16,855,170.59,237.81,180,Refrigerated (2–8°C),WH-D,In Stock,2026-04-24
INV004997,MED000198,SUP0047,BAT225639,2026-03-01,2027-12-21,616,286.3,388.95,121,Frozen (-20°C),WH-D,In Stock,2026-04-16
INV001364,MED000199,SUP0020,BAT728850,2025-08-25,2028-02-11,912,425.29,585.17,137,Room Temperature,WH-E,In Stock,2025-10-24
INV003364,MED000199,SUP0016,BAT816728,2025-08-01,2027-02-22,838,532.86,723.14,87,Refrigerated (2–8°C),WH-B,In Stock,2025-10-13
INV000575,MED000200,SUP0059,BAT425469,2026-02-28,2028-05-18,970,90.51,124.83,82,Refrigerated (2–8°C),WH-C,In Stock,2026-05-13
INV000581,MED000200,SUP0057,BAT284731,2025-04-11,2027-04-01,612,412.88,544.7,52,Refrigerated (2–8°C),WH-C,In Stock,2025-05-13
INV001570,MED000200,SUP0037,BAT424526,2023-12-08,2025-01-31,894,512.55,615.4,56,Room Temperature,WH-A,In Stock,2024-01-31
INV001719,MED000200,SUP0031,BAT937606,2025-12-09,2028-01-28,46,576.08,721.92,29,Room Temperature,WH-A,In Stock,2026-03-15
INV003388,MED000200,SUP0050,BAT915097,2024-12-14,2027-02-02,18,504.35,704.15,104,Frozen (-20°C),WH-E,Low Stock,2025-06-02
INV000781,MED000201,SUP0019,BAT846209,2025-12-08,2027-12-28,94,257.81,316.08,40,Room Temperature,WH-D,In Stock,2026-01-12
INV001932,MED000201,SUP0053,BAT254684,2024-11-23,2027-10-09,929,396.52,521.1,46,Refrigerated (2–8°C),WH-C,In Stock,2025-02-25
INV002693,MED000201,SUP0071,BAT358144,2025-10-11,2028-03-29,805,268.38,358.52,107,Refrigerated (2–8°C),WH-D,In Stock,2025-11-14
INV002210,MED000202,SUP0044,BAT479878,2025-01-02,2026-04-27,874,32.14,42.88,188,Frozen (-20°C),WH-D,In Stock,2025-04-23
INV002984,MED000202,SUP0069,BAT722745,2024-09-17,2025-10-12,818,395.58,505.22,125,Room Temperature,WH-E,In Stock,2024-12-12
INV004388,MED000203,SUP0041,BAT911090,2025-01-03,2026-03-29,529,265.78,368.06,66,Room Temperature,WH-E,In Stock,2025-03-17
INV004610,MED000203,SUP0031,BAT518314,2026-04-10,2028-05-29,977,598.08,790.21,122,Frozen (-20°C),WH-B,In Stock,2026-07-20
INV001611,MED000205,SUP0012,BAT628168,2024-11-01,2027-04-20,0,419.35,581.61,134,Refrigerated (2–8°C),WH-E,Out of Stock,2025-01-26
INV004688,MED000205,SUP0034,BAT809207,2023-08-24,2026-03-11,729,579.92,774.64,190,Frozen (-20°C),WH-A,In Stock,2023-12-07
INV000202,MED000206,SUP0018,BAT105433,2024-06-08,2026-06-28,488,123.68,172.26,191,Refrigerated (2–8°C),WH-C,In Stock,2024-10-22
INV001778,MED000206,SUP0040,BAT446377,2023-09-10,2026-08-25,814,35.09,46.24,54,Frozen (-20°C),WH-D,In Stock,2023-10-12
INV004117,MED000206,SUP0001,BAT433920,2026-01-11,2028-03-31,362,179.73,222.1,28,Frozen (-20°C),WH-E,In Stock,2026-02-28
INV001109,MED000207,SUP0016,BAT622937,2024-11-04,2025-11-29,553,18.41,25.12,109,Refrigerated (2–8°C),WH-C,In Stock,2025-04-21
INV003533,MED000207,SUP0012,BAT440735,2026-05-08,2027-06-02,306,224.81,272.16,142,Room Temperature,WH-D,In Stock,2026-07-10
INV004944,MED000207,SUP0032,BAT844926,2025-09-19,2026-11-13,899,6.4,8.92,33,Frozen (-20°C),WH-C,In Stock,2026-02-07
INV002182,MED000208,SUP0064,BAT911713,2024-08-24,2027-01-11,82,92.32,115.38,160,Frozen (-20°C),WH-D,Low Stock,2025-01-26
INV003606,MED000208,SUP0060,BAT563796,2026-05-10,2028-10-26,146,245.35,322.57,91,Refrigerated (2–8°C),WH-D,In Stock,2026-07-20
INV000266,MED000209,SUP0069,BAT296041,2025-08-08,2027-05-30,468,161.1,221.11,54,Frozen (-20°C),WH-C,In Stock,2025-10-12
INV000315,MED000209,SUP0018,BAT227352,2023-08-14,2024-09-07,133,495.09,630.97,75,Frozen (-20°C),WH-A,In Stock,2023-10-24
INV001885,MED000209,SUP0030,BAT204574,2024-01-07,2025-04-01,797,565.14,688.88,154,Frozen (-20°C),WH-A,In Stock,2024-05-19
INV004520,MED000209,SUP0051,BAT248491,2025-08-31,2027-11-19,44,429.45,552.32,48,Room Temperature,WH-A,Low Stock,2025-12-16
INV000403,MED000210,SUP0072,BAT335203,2025-09-24,2027-04-17,803,417.3,504.68,98,Refrigerated (2–8°C),WH-D,In Stock,2026-02-16
INV001174,MED000210,SUP0065,BAT517267,2026-04-09,2027-05-04,289,19.43,25.77,102,Frozen (-20°C),WH-B,In Stock,2026-06-03
INV004906,MED000210,SUP0051,BAT983008,2026-01-13,2027-03-09,274,401.03,510.05,157,Frozen (-20°C),WH-B,In Stock,2026-07-10
INV002798,MED000212,SUP0003,BAT882556,2024-06-25,2027-05-11,801,291.11,362.47,154,Refrigerated (2–8°C),WH-A,In Stock,2024-09-05
INV002401,MED000214,SUP0067,BAT328158,2026-04-08,2029-02-21,858,426.3,583.36,163,Frozen (-20°C),WH-A,In Stock,2026-07-20
INV002707,MED000214,SUP0024,BAT327217,2026-02-14,2027-02-09,380,460.02,633.19,45,Frozen (-20°C),WH-A,In Stock,2026-07-14
INV003122,MED000214,SUP0059,BAT910820,2023-10-05,2025-10-24,961,19.14,25.73,143,Refrigerated (2–8°C),WH-A,In Stock,2024-04-01
INV004703,MED000214,SUP0032,BAT489615,2024-05-10,2026-12-26,304,160.03,206.58,108,Frozen (-20°C),WH-C,In Stock,2024-10-13
INV001060,MED000215,SUP0044,BAT318797,2026-07-05,2028-10-22,778,426.56,567.78,104,Frozen (-20°C),WH-A,In Stock,2026-07-20
INV000903,MED000217,SUP0056,BAT850534,2023-09-18,2025-02-09,924,460.95,573.46,123,Refrigerated (2–8°C),WH-D,In Stock,2023-12-25
INV001787,MED000217,SUP0012,BAT530694,2023-11-10,2025-04-03,645,378.52,461.42,194,Frozen (-20°C),WH-A,In Stock,2023-12-02
INV003234,MED000217,SUP0059,BAT449088,2025-06-26,2026-11-18,452,242.78,297.25,148,Refrigerated (2–8°C),WH-E,In Stock,2025-12-05
INV003938,MED000217,SUP0049,BAT960511,2024-04-20,2026-01-10,74,252.77,335.0,31,Frozen (-20°C),WH-E,In Stock,2024-07-15
INV004682,MED000217,SUP0001,BAT692096,2026-07-12,2027-10-05,425,584.63,808.29,134,Room Temperature,WH-A,In Stock,2026-07-20
INV003386,MED000218,SUP0043,BAT422907,2026-07-01,2027-06-26,289,450.88,578.27,71,Refrigerated (2–8°C),WH-D,In Stock,2026-07-20
INV001286,MED000219,SUP0010,BAT354948,2024-06-13,2026-04-04,964,284.57,396.76,176,Room Temperature,WH-D,In Stock,2024-10-28
INV002928,MED000219,SUP0015,BAT706766,2026-06-20,2027-06-15,170,213.29,269.22,117,Room Temperature,WH-E,In Stock,2026-07-20
INV003029,MED000219,SUP0074,BAT837656,2025-12-03,2026-12-28,284,19.06,26.39,182,Refrigerated (2–8°C),WH-C,In Stock,2025-12-27
INV000205,MED000220,SUP0043,BAT398384,2026-02-05,2028-09-22,536,534.11,655.27,151,Frozen (-20°C),WH-D,In Stock,2026-07-09
INV000394,MED000220,SUP0033,BAT740524,2024-08-25,2026-02-16,952,133.28,181.92,125,Room Temperature,WH-C,In Stock,2024-10-09
INV001510,MED000220,SUP0001,BAT350369,2025-04-12,2027-05-02,881,510.51,658.17,178,Room Temperature,WH-A,In Stock,2025-09-22
INV002687,MED000220,SUP0032,BAT367755,2024-04-17,2026-07-06,785,267.73,346.26,119,Frozen (-20°C),WH-E,In Stock,2024-08-02
INV000395,MED000221,SUP0054,BAT148759,2024-03-29,2027-03-14,468,355.64,462.63,193,Refrigerated (2–8°C),WH-A,In Stock,2024-08-06
INV001104,MED000221,SUP0058,BAT495972,2024-04-18,2026-12-04,569,121.45,157.67,76,Frozen (-20°C),WH-C,In Stock,2024-09-26
INV001439,MED000221,SUP0036,BAT578091,2025-02-05,2026-07-30,464,101.93,124.94,97,Room Temperature,WH-A,In Stock,2025-07-25
INV004425,MED000221,SUP0070,BAT806350,2024-10-22,2027-02-09,463,96.4,118.87,170,Room Temperature,WH-E,In Stock,2025-02-06
INV004647,MED000221,SUP0074,BAT472161,2023-10-26,2026-01-13,508,13.98,19.16,87,Frozen (-20°C),WH-B,In Stock,2024-04-01
INV002558,MED000222,SUP0042,BAT660544,2025-06-12,2027-04-03,288,557.26,711.53,174,Refrigerated (2–8°C),WH-E,In Stock,2025-10-22
INV003225,MED000222,SUP0041,BAT648316,2023-08-08,2024-08-02,507,168.24,203.52,41,Refrigerated (2–8°C),WH-B,In Stock,2024-01-18
INV000040,MED000223,SUP0056,BAT462479,2025-04-23,2027-05-13,523,234.19,308.03,54,Refrigerated (2–8°C),WH-A,In Stock,2025-10-10
INV001616,MED000223,SUP0011,BAT901549,2024-06-07,2025-11-29,157,69.52,86.61,131,Room Temperature,WH-C,In Stock,2024-07-10
INV002235,MED000223,SUP0029,BAT874016,2024-10-23,2026-02-15,717,594.83,772.48,65,Frozen (-20°C),WH-A,In Stock,2025-03-05
INV004559,MED000223,SUP0037,BAT583672,2025-09-09,2027-02-01,455,156.93,205.22,77,Room Temperature,WH-C,In Stock,2025-09-30
INV000201,MED000224,SUP0031,BAT354235,2023-11-01,2026-07-18,231,143.54,175.12,188,Refrigerated (2–8°C),WH-D,In Stock,2024-03-30
INV003156,MED000224,SUP0013,BAT222222,2024-01-22,2026-11-07,932,226.31,302.94,157,Room Temperature,WH-E,In Stock,2024-02-20
INV004185,MED000225,SUP0031,BAT783839,2023-09-16,2025-01-08,825,471.11,600.79,159,Room Temperature,WH-A,In Stock,2023-11-17
INV000956,MED000226,SUP0035,BAT481237,2025-02-14,2027-01-05,252,537.59,664.65,106,Room Temperature,WH-A,In Stock,2025-06-16
INV002977,MED000226,SUP0043,BAT825621,2026-05-04,2029-04-18,366,569.89,785.78,152,Refrigerated (2–8°C),WH-D,In Stock,2026-07-20
INV003327,MED000226,SUP0016,BAT681296,2025-12-20,2027-01-14,64,53.71,65.76,163,Frozen (-20°C),WH-B,Low Stock,2026-06-17
INV000722,MED000227,SUP0021,BAT361728,2026-06-12,2029-03-28,867,413.02,561.1,177,Refrigerated (2–8°C),WH-D,In Stock,2026-07-20
INV000948,MED000227,SUP0025,BAT398739,2023-10-11,2025-02-02,431,541.09,666.66,109,Room Temperature,WH-D,In Stock,2024-02-04
INV003679,MED000227,SUP0060,BAT781473,2025-09-05,2027-08-26,303,253.53,334.11,105,Room Temperature,WH-E,In Stock,2025-09-21
INV000156,MED000228,SUP0037,BAT349183,2025-03-28,2026-06-21,244,385.18,510.19,132,Room Temperature,WH-A,In Stock,2025-04-24
INV001232,MED000229,SUP0023,BAT544664,2026-07-13,2029-06-27,891,52.61,63.21,197,Frozen (-20°C),WH-E,In Stock,2026-07-20
INV001278,MED000229,SUP0024,BAT611265,2023-08-03,2025-05-24,481,102.06,123.81,151,Refrigerated (2–8°C),WH-C,In Stock,2023-12-26
INV002306,MED000229,SUP0054,BAT594378,2026-05-14,2027-05-09,649,572.54,718.09,121,Room Temperature,WH-A,In Stock,2026-07-20
INV002674,MED000229,SUP0019,BAT350610,2025-07-12,2027-12-29,281,243.66,301.39,67,Refrigerated (2–8°C),WH-C,In Stock,2025-08-03
INV002692,MED000229,SUP0055,BAT248116,2024-01-07,2026-11-22,748,296.06,403.83,153,Room Temperature,WH-B,In Stock,2024-02-04
INV004113,MED000229,SUP0037,BAT860265,2024-07-04,2026-03-26,228,66.54,83.06,146,Refrigerated (2–8°C),WH-B,In Stock,2024-08-09
INV004207,MED000229,SUP0072,BAT939624,2026-07-04,2028-01-25,280,418.82,529.62,52,Refrigerated (2–8°C),WH-C,In Stock,2026-07-20
INV004449,MED000229,SUP0007,BAT552807,2025-10-13,2027-01-06,618,136.05,186.32,38,Refrigerated (2–8°C),WH-A,In Stock,2026-02-06
INV000015,MED000230,SUP0047,BAT972064,2025-04-10,2026-11-01,246,568.43,691.85,170,Refrigerated (2–8°C),WH-A,In Stock,2025-05-09
INV001305,MED000230,SUP0059,BAT116929,2023-08-04,2025-07-24,409,216.04,300.11,50,Room Temperature,WH-D,In Stock,2023-12-04
INV002988,MED000230,SUP0038,BAT569162,2024-06-01,2027-01-17,469,214.26,269.23,78,Refrigerated (2–8°C),WH-E,In Stock,2024-08-04
INV000521,MED000231,SUP0053,BAT544114,2025-08-07,2027-06-28,328,358.36,431.77,113,Refrigerated (2–8°C),WH-B,In Stock,2025-10-09
INV000523,MED000231,SUP0007,BAT354854,2024-05-18,2026-02-07,351,186.55,241.44,53,Refrigerated (2–8°C),WH-B,In Stock,2024-06-05
INV000737,MED000231,SUP0019,BAT229660,2025-07-05,2026-08-29,889,112.49,138.77,97,Frozen (-20°C),WH-C,In Stock,2025-09-10
INV001312,MED000231,SUP0061,BAT586993,2025-11-17,2028-04-05,137,486.61,584.0,179,Refrigerated (2–8°C),WH-D,Low Stock,2026-03-24
INV001796,MED000231,SUP0046,BAT547898,2023-10-19,2026-01-06,657,110.33,138.67,88,Frozen (-20°C),WH-E,In Stock,2024-03-23
INV002059,MED000231,SUP0053,BAT584487,2024-11-28,2026-08-20,531,209.3,267.85,186,Frozen (-20°C),WH-E,In Stock,2025-04-09
INV003487,MED000231,SUP0001,BAT108077,2025-07-19,2028-06-03,563,29.79,39.2,149,Refrigerated (2–8°C),WH-D,In Stock,2025-11-22
INV000984,MED000232,SUP0074,BAT548217,2025-02-10,2026-06-05,330,113.21,144.57,57,Refrigerated (2–8°C),WH-D,In Stock,2025-03-20
INV002303,MED000232,SUP0037,BAT476221,2025-11-24,2028-01-13,389,111.88,148.06,178,Frozen (-20°C),WH-D,In Stock,2025-12-15
INV002719,MED000233,SUP0022,BAT605994,2023-11-16,2025-11-05,612,171.69,207.53,82,Refrigerated (2–8°C),WH-A,In Stock,2024-02-23
INV003521,MED000233,SUP0024,BAT685661,2024-06-07,2026-05-28,875,355.59,447.36,195,Refrigerated (2–8°C),WH-A,In Stock,2024-11-20
INV003612,MED000233,SUP0004,BAT771170,2024-04-27,2025-04-22,11,65.96,88.87,150,Frozen (-20°C),WH-E,Low Stock,2024-08-17
INV004166,MED000233,SUP0038,BAT144011,2026-01-12,2027-08-05,200,317.65,443.04,38,Room Temperature,WH-C,In Stock,2026-05-27
INV001539,MED000234,SUP0011,BAT801934,2026-02-16,2027-12-08,745,511.1,711.01,120,Refrigerated (2–8°C),WH-E,In Stock,2026-07-20
INV001774,MED000234,SUP0026,BAT125994,2023-08-25,2026-02-10,186,321.36,419.58,114,Refrigerated (2–8°C),WH-D,In Stock,2023-12-29
INV002638,MED000234,SUP0001,BAT948866,2025-04-15,2027-09-02,177,388.0,539.19,159,Refrigerated (2–8°C),WH-C,In Stock,2025-05-11
INV002694,MED000234,SUP0004,BAT476422,2024-04-26,2026-10-13,698,294.96,380.03,140,Refrigerated (2–8°C),WH-C,In Stock,2024-09-19
INV002706,MED000234,SUP0056,BAT353172,2025-01-21,2027-06-10,892,477.7,637.38,32,Frozen (-20°C),WH-C,In Stock,2025-05-09
INV001026,MED000235,SUP0026,BAT997940,2026-03-08,2027-06-01,990,250.7,341.98,143,Frozen (-20°C),WH-D,In Stock,2026-06-20
INV002691,MED000235,SUP0060,BAT734343,2024-04-05,2026-03-26,828,546.27,678.86,41,Room Temperature,WH-E,In Stock,2024-07-15
INV003982,MED000236,SUP0062,BAT823154,2024-08-23,2026-09-12,646,595.11,767.14,107,Refrigerated (2–8°C),WH-E,In Stock,2024-12-20
INV004053,MED000236,SUP0059,BAT230335,2026-02-26,2027-06-21,65,393.26,539.92,71,Refrigerated (2–8°C),WH-B,Low Stock,2026-06-05
INV000968,MED000238,SUP0001,BAT780154,2025-07-01,2028-02-16,995,198.11,275.23,119,Frozen (-20°C),WH-C,In Stock,2025-12-17
INV002524,MED000238,SUP0027,BAT241800,2024-02-06,2026-07-25,948,597.83,753.68,29,Refrigerated (2–8°C),WH-A,In Stock,2024-05-10
INV003863,MED000238,SUP0072,BAT639861,2024-05-25,2025-05-20,854,6.97,9.54,163,Frozen (-20°C),WH-E,In Stock,2024-08-10
INV004598,MED000238,SUP0007,BAT700041,2025-10-26,2026-10-21,764,557.22,760.94,135,Refrigerated (2–8°C),WH-A,In Stock,2025-11-17
INV000214,MED000239,SUP0027,BAT851742,2026-04-17,2027-06-11,456,274.79,357.96,39,Refrigerated (2–8°C),WH-E,In Stock,2026-07-20
INV002592,MED000239,SUP0067,BAT405457,2023-11-04,2025-12-23,208,391.59,511.39,83,Room Temperature,WH-C,In Stock,2023-11-25
INV001469,MED000240,SUP0042,BAT867405,2025-08-23,2028-01-10,535,492.52,612.6,193,Refrigerated (2–8°C),WH-D,In Stock,2025-12-17
INV003960,MED000240,SUP0052,BAT119099,2024-04-26,2026-04-16,792,292.47,376.77,109,Room Temperature,WH-D,In Stock,2024-10-13
INV004273,MED000240,SUP0004,BAT758873,2025-08-26,2028-04-12,751,478.92,644.98,79,Frozen (-20°C),WH-D,In Stock,2025-12-30
INV002544,MED000241,SUP0047,BAT613146,2023-10-12,2026-04-29,536,22.38,31.0,86,Room Temperature,WH-A,In Stock,2024-02-22
INV003444,MED000241,SUP0020,BAT445916,2025-08-04,2028-01-21,351,558.43,756.84,32,Refrigerated (2–8°C),WH-D,In Stock,2025-10-14
INV003953,MED000242,SUP0072,BAT231341,2024-09-25,2026-11-14,174,40.32,48.8,51,Refrigerated (2–8°C),WH-C,In Stock,2025-02-11
INV001893,MED000243,SUP0001,BAT390910,2025-07-03,2026-10-26,899,259.9,338.21,79,Frozen (-20°C),WH-C,In Stock,2025-07-26
INV002322,MED000244,SUP0046,BAT851671,2026-01-31,2028-04-20,530,169.48,227.52,119,Refrigerated (2–8°C),WH-B,In Stock,2026-04-19
INV000070,MED000245,SUP0069,BAT899213,2024-08-03,2026-01-25,756,169.52,223.41,148,Frozen (-20°C),WH-E,In Stock,2024-10-12
INV000687,MED000245,SUP0019,BAT513989,2025-10-18,2028-08-03,104,43.5,60.68,68,Refrigerated (2–8°C),WH-B,In Stock,2026-04-02
INV001716,MED000246,SUP0066,BAT964371,2023-12-20,2025-03-14,613,103.06,127.78,148,Frozen (-20°C),WH-C,In Stock,2024-05-06
INV003615,MED000246,SUP0016,BAT972959,2025-11-05,2027-01-29,684,344.67,455.73,184,Refrigerated (2–8°C),WH-B,In Stock,2026-02-08
INV000960,MED000247,SUP0006,BAT715054,2024-08-14,2026-02-05,947,49.55,64.88,50,Refrigerated (2–8°C),WH-C,In Stock,2024-12-21
INV004271,MED000247,SUP0025,BAT482500,2024-06-20,2026-06-10,129,348.24,463.06,112,Room Temperature,WH-A,In Stock,2024-09-07
INV000018,MED000248,SUP0032,BAT335612,2023-11-29,2025-09-19,602,141.92,176.55,166,Room Temperature,WH-A,In Stock,2023-12-19
INV002742,MED000248,SUP0062,BAT788770,2024-10-26,2027-08-12,998,425.28,525.67,27,Room Temperature,WH-B,In Stock,2025-01-24
INV003514,MED000248,SUP0071,BAT237067,2024-03-08,2026-05-27,268,272.32,380.18,155,Refrigerated (2–8°C),WH-D,In Stock,2024-07-28
INV004475,MED000248,SUP0041,BAT779428,2025-06-14,2027-09-02,616,468.31,624.93,95,Refrigerated (2–8°C),WH-A,In Stock,2025-10-10
INV000087,MED000249,SUP0004,BAT760626,2024-11-22,2027-09-08,318,13.14,16.84,166,Room Temperature,WH-A,In Stock,2025-01-16
INV002565,MED000249,SUP0030,BAT714852,2024-06-06,2026-09-24,309,469.24,640.17,161,Room Temperature,WH-B,In Stock,2024-07-02
INV004261,MED000250,SUP0075,BAT580841,2025-10-21,2028-01-09,166,187.84,239.52,117,Refrigerated (2–8°C),WH-E,In Stock,2025-11-19
INV003312,MED000251,SUP0011,BAT546724,2024-01-03,2025-05-27,118,31.35,42.35,111,Frozen (-20°C),WH-E,In Stock,2024-03-03
INV001556,MED000252,SUP0071,BAT864810,2025-03-31,2028-01-15,917,395.43,503.32,146,Refrigerated (2–8°C),WH-B,In Stock,2025-06-07
INV004198,MED000252,SUP0054,BAT393768,2024-09-14,2026-05-07,310,425.88,582.81,194,Room Temperature,WH-C,In Stock,2024-11-12
INV002577,MED000253,SUP0070,BAT473015,2024-06-03,2025-07-28,387,312.51,392.79,187,Frozen (-20°C),WH-C,In Stock,2024-07-23
INV002862,MED000253,SUP0043,BAT774705,2024-12-18,2027-02-06,879,461.07,609.96,83,Refrigerated (2–8°C),WH-B,In Stock,2025-04-28
INV000946,MED000254,SUP0063,BAT107246,2024-06-03,2027-05-19,231,240.24,302.67,145,Refrigerated (2–8°C),WH-B,In Stock,2024-08-21
INV003550,MED000254,SUP0041,BAT300685,2024-05-22,2027-04-07,573,20.13,24.54,192,Room Temperature,WH-A,In Stock,2024-07-05
INV000080,MED000255,SUP0060,BAT822131,2025-04-03,2028-01-18,965,302.78,393.24,94,Room Temperature,WH-E,In Stock,2025-07-30
INV000667,MED000255,SUP0037,BAT537420,2024-07-22,2026-10-10,250,76.02,95.44,32,Room Temperature,WH-E,In Stock,2025-01-18
INV001635,MED000255,SUP0072,BAT655000,2023-07-31,2025-03-22,750,577.48,767.33,91,Frozen (-20°C),WH-D,In Stock,2024-01-22
INV001779,MED000255,SUP0033,BAT139165,2023-08-30,2026-07-15,599,328.61,456.21,85,Room Temperature,WH-E,In Stock,2023-11-20
INV001813,MED000255,SUP0018,BAT857471,2024-07-24,2025-08-18,369,419.71,535.68,88,Frozen (-20°C),WH-A,In Stock,2024-12-08
INV002652,MED000256,SUP0057,BAT214672,2025-09-21,2027-07-13,564,117.14,142.21,174,Room Temperature,WH-E,In Stock,2026-02-06
INV003343,MED000256,SUP0051,BAT487530,2025-09-03,2027-01-26,763,493.8,621.73,150,Room Temperature,WH-A,In Stock,2026-01-23
INV002237,MED000257,SUP0056,BAT853429,2025-11-26,2028-01-15,661,495.32,639.32,109,Room Temperature,WH-E,In Stock,2026-03-22
INV002956,MED000258,SUP0047,BAT374411,2024-05-30,2025-06-24,422,142.4,187.84,178,Room Temperature,WH-C,In Stock,2024-08-09
INV000168,MED000259,SUP0009,BAT347459,2025-08-09,2027-06-30,972,24.27,29.87,170,Refrigerated (2–8°C),WH-C,In Stock,2025-11-30
INV000823,MED000259,SUP0066,BAT368735,2025-07-17,2027-08-06,742,269.55,336.57,183,Room Temperature,WH-A,In Stock,2025-12-02
INV001147,MED000259,SUP0005,BAT974364,2025-12-20,2026-12-15,74,311.36,406.59,58,Refrigerated (2–8°C),WH-D,In Stock,2026-02-15
INV001908,MED000259,SUP0001,BAT566529,2024-03-11,2025-05-05,862,139.26,188.05,66,Room Temperature,WH-B,In Stock,2024-06-22
INV002945,MED000259,SUP0031,BAT337863,2024-05-21,2026-11-07,861,499.65,657.07,25,Room Temperature,WH-D,In Stock,2024-09-28
INV004932,MED000259,SUP0008,BAT103127,2025-11-14,2026-12-09,380,204.19,277.87,75,Room Temperature,WH-C,In Stock,2025-12-28
INV002581,MED000260,SUP0062,BAT891638,2024-12-30,2026-03-25,674,125.01,167.09,166,Refrigerated (2–8°C),WH-C,In Stock,2025-05-19
INV004200,MED000260,SUP0030,BAT983906,2023-11-25,2026-07-12,916,80.15,97.35,100,Room Temperature,WH-D,In Stock,2024-03-27
INV004380,MED000260,SUP0054,BAT870653,2026-07-02,2028-10-19,23,595.81,724.54,98,Refrigerated (2–8°C),WH-D,Low Stock,2026-07-20
INV002010,MED000261,SUP0070,BAT410383,2026-02-13,2027-04-09,828,59.07,79.36,29,Room Temperature,WH-B,In Stock,2026-07-20
INV002625,MED000261,SUP0012,BAT707603,2023-12-23,2026-12-07,249,423.54,547.1,184,Refrigerated (2–8°C),WH-C,In Stock,2024-03-13
INV000824,MED000262,SUP0040,BAT712916,2025-12-29,2028-04-17,318,531.71,720.52,174,Room Temperature,WH-D,In Stock,2026-04-14
INV001955,MED000262,SUP0048,BAT745262,2025-07-11,2028-03-27,931,93.27,114.74,85,Frozen (-20°C),WH-D,In Stock,2025-09-18
INV003342,MED000262,SUP0035,BAT947158,2025-10-17,2028-03-05,939,598.76,799.36,186,Refrigerated (2–8°C),WH-A,In Stock,2026-04-02
INV003369,MED000262,SUP0063,BAT402478,2023-10-21,2025-04-13,120,104.59,130.3,66,Frozen (-20°C),WH-C,In Stock,2023-12-29
INV003890,MED000262,SUP0041,BAT385340,2026-04-30,2029-04-14,916,413.42,542.7,37,Frozen (-20°C),WH-A,In Stock,2026-07-20
INV000423,MED000263,SUP0031,BAT204904,2025-02-23,2027-09-11,921,194.08,250.39,74,Frozen (-20°C),WH-C,In Stock,2025-03-27
INV003702,MED000263,SUP0042,BAT352268,2024-01-24,2025-09-15,240,387.71,489.59,38,Frozen (-20°C),WH-E,In Stock,2024-02-11
INV003073,MED000264,SUP0055,BAT281317,2024-09-18,2027-07-05,13,253.91,355.27,78,Room Temperature,WH-B,Low Stock,2024-10-15
INV003477,MED000264,SUP0027,BAT314386,2024-02-02,2025-01-27,41,371.28,451.28,154,Refrigerated (2–8°C),WH-A,Low Stock,2024-05-29
INV000145,MED000265,SUP0011,BAT424620,2025-08-30,2028-04-16,832,403.72,551.4,57,Frozen (-20°C),WH-E,In Stock,2025-12-07
INV000784,MED000265,SUP0066,BAT654844,2024-03-18,2027-01-02,466,24.4,30.05,146,Frozen (-20°C),WH-C,In Stock,2024-05-26
INV001171,MED000265,SUP0070,BAT120887,2023-09-02,2025-08-22,799,547.78,741.35,110,Frozen (-20°C),WH-A,In Stock,2023-10-10
INV001992,MED000265,SUP0008,BAT824851,2024-07-09,2025-10-02,779,289.96,365.43,36,Frozen (-20°C),WH-C,In Stock,2024-11-23
INV003695,MED000265,SUP0034,BAT545192,2025-04-08,2027-11-24,431,357.19,456.73,68,Frozen (-20°C),WH-E,In Stock,2025-08-21
INV001569,MED000266,SUP0034,BAT277233,2025-03-10,2027-11-25,425,544.04,675.05,66,Room Temperature,WH-C,In Stock,2025-05-29
INV001755,MED000266,SUP0024,BAT143884,2024-03-24,2026-10-10,457,435.18,579.81,59,Frozen (-20°C),WH-D,In Stock,2024-04-16
INV001655,MED000267,SUP0067,BAT662146,2025-11-01,2028-09-16,849,380.13,515.31,118,Refrigerated (2–8°C),WH-B,In Stock,2025-11-26
INV002016,MED000267,SUP0011,BAT190127,2023-10-25,2025-01-17,468,29.97,40.14,156,Frozen (-20°C),WH-E,In Stock,2024-03-23
INV004927,MED000267,SUP0074,BAT185985,2026-03-17,2028-10-02,610,506.26,708.04,122,Frozen (-20°C),WH-A,In Stock,2026-04-28
INV002508,MED000268,SUP0049,BAT161793,2026-03-12,2028-12-26,793,566.08,710.3,26,Frozen (-20°C),WH-D,In Stock,2026-05-08
INV004769,MED000268,SUP0026,BAT801025,2025-09-08,2027-12-27,44,439.48,597.19,92,Refrigerated (2–8°C),WH-E,Low Stock,2025-12-25
INV000744,MED000269,SUP0046,BAT797848,2024-02-02,2025-12-23,204,270.04,345.01,150,Refrigerated (2–8°C),WH-E,In Stock,2024-06-27
INV002696,MED000269,SUP0049,BAT878464,2026-06-21,2028-01-12,506,369.69,509.22,167,Frozen (-20°C),WH-C,In Stock,2026-07-20
INV003315,MED000269,SUP0070,BAT536190,2025-10-19,2026-10-14,834,311.8,393.84,82,Room Temperature,WH-A,In Stock,2025-11-28
INV003782,MED000269,SUP0031,BAT732092,2023-12-26,2026-05-14,426,275.11,339.27,194,Room Temperature,WH-D,In Stock,2024-05-30
INV004330,MED000269,SUP0012,BAT733457,2024-06-11,2025-11-03,777,183.14,251.42,84,Refrigerated (2–8°C),WH-B,In Stock,2024-11-14
INV001876,MED000270,SUP0033,BAT392582,2026-03-14,2029-02-26,423,575.81,782.3,47,Frozen (-20°C),WH-B,In Stock,2026-04-27
INV002980,MED000270,SUP0002,BAT916949,2023-07-22,2025-09-09,962,191.03,240.28,43,Room Temperature,WH-C,In Stock,2023-11-25
INV000652,MED000271,SUP0040,BAT280079,2025-01-03,2026-07-27,380,463.0,559.98,98,Refrigerated (2–8°C),WH-C,In Stock,2025-05-21
INV000976,MED000271,SUP0032,BAT907526,2024-01-08,2025-08-30,961,361.78,491.47,185,Room Temperature,WH-A,In Stock,2024-02-28
INV001922,MED000271,SUP0010,BAT817002,2023-09-05,2026-04-22,612,252.35,347.41,47,Frozen (-20°C),WH-A,In Stock,2023-10-31
INV001592,MED000272,SUP0006,BAT342069,2024-12-13,2027-10-29,748,412.02,505.38,43,Room Temperature,WH-C,In Stock,2025-01-08
INV001687,MED000272,SUP0060,BAT619829,2025-06-26,2027-06-16,194,271.26,373.87,80,Frozen (-20°C),WH-C,In Stock,2025-08-11
INV002250,MED000272,SUP0024,BAT514736,2026-01-20,2027-03-16,102,226.56,304.61,148,Room Temperature,WH-D,Low Stock,2026-04-03
INV002413,MED000272,SUP0001,BAT203763,2025-11-24,2027-09-15,922,440.81,589.31,106,Refrigerated (2–8°C),WH-C,In Stock,2026-03-10
INV000218,MED000273,SUP0045,BAT224395,2024-07-20,2026-12-07,541,438.08,545.21,57,Room Temperature,WH-A,In Stock,2024-11-12
INV000429,MED000275,SUP0060,BAT625465,2026-05-31,2027-07-25,372,11.3,14.1,153,Frozen (-20°C),WH-B,In Stock,2026-07-20
INV000875,MED000275,SUP0036,BAT432963,2023-10-10,2026-01-27,663,451.58,562.58,98,Frozen (-20°C),WH-C,In Stock,2024-02-08
INV004764,MED000275,SUP0064,BAT834877,2023-11-10,2025-03-04,102,157.58,217.55,143,Room Temperature,WH-B,Low Stock,2024-01-16
INV004098,MED000276,SUP0025,BAT739702,2024-11-11,2026-06-04,793,205.06,254.36,129,Room Temperature,WH-C,In Stock,2024-12-10
INV004711,MED000276,SUP0059,BAT597891,2023-12-18,2025-04-11,501,549.14,701.27,51,Frozen (-20°C),WH-C,In Stock,2024-04-24
INV002325,MED000277,SUP0007,BAT369035,2024-08-04,2027-02-20,396,103.64,132.88,72,Frozen (-20°C),WH-B,In Stock,2024-12-31
INV003957,MED000277,SUP0029,BAT512885,2025-09-03,2028-07-19,785,511.46,695.07,99,Refrigerated (2–8°C),WH-A,In Stock,2025-10-02
INV004157,MED000277,SUP0069,BAT161154,2024-03-21,2026-10-07,512,502.75,677.47,160,Frozen (-20°C),WH-C,In Stock,2024-05-31
INV004171,MED000277,SUP0074,BAT575543,2024-07-12,2027-06-27,262,71.72,94.57,34,Frozen (-20°C),WH-B,In Stock,2024-10-18
INV000278,MED000278,SUP0053,BAT162165,2025-02-07,2027-09-25,718,153.56,206.12,58,Room Temperature,WH-D,In Stock,2025-03-26
INV001916,MED000278,SUP0020,BAT162033,2024-12-18,2026-02-11,285,592.5,788.6,149,Frozen (-20°C),WH-B,In Stock,2025-03-14
INV002490,MED000278,SUP0018,BAT391373,2023-10-05,2024-10-29,237,82.64,110.16,175,Room Temperature,WH-C,In Stock,2024-01-09
INV002650,MED000278,SUP0042,BAT457982,2026-03-23,2028-06-10,155,197.02,260.19,136,Refrigerated (2–8°C),WH-D,In Stock,2026-07-20
INV004737,MED000278,SUP0045,BAT221728,2023-10-10,2025-09-29,925,188.42,236.25,60,Refrigerated (2–8°C),WH-A,In Stock,2024-02-16
INV003882,MED000279,SUP0001,BAT801435,2024-05-02,2025-04-27,948,428.61,561.53,187,Frozen (-20°C),WH-A,In Stock,2024-07-13
INV000271,MED000280,SUP0025,BAT954815,2025-09-14,2028-02-01,668,248.43,322.55,151,Frozen (-20°C),WH-D,In Stock,2026-02-05
INV000328,MED000280,SUP0021,BAT867926,2025-12-31,2028-08-17,664,108.65,151.43,106,Frozen (-20°C),WH-E,In Stock,2026-05-19
INV000634,MED000280,SUP0059,BAT854787,2024-08-21,2027-04-08,998,125.32,153.57,94,Frozen (-20°C),WH-E,In Stock,2024-12-05
INV003803,MED000280,SUP0033,BAT511310,2023-08-18,2026-04-04,228,105.9,142.02,150,Frozen (-20°C),WH-D,In Stock,2024-01-01
INV000235,MED000282,SUP0030,BAT171269,2024-05-25,2025-05-20,517,227.05,300.52,141,Frozen (-20°C),WH-E,In Stock,2024-08-03
INV000513,MED000284,SUP0034,BAT484914,2024-12-13,2026-07-06,830,59.68,76.39,101,Room Temperature,WH-A,In Stock,2025-03-03
INV003049,MED000284,SUP0017,BAT175310,2026-07-11,2028-11-27,899,17.49,21.73,60,Room Temperature,WH-E,In Stock,2026-07-20
INV000587,MED000285,SUP0025,BAT682401,2025-09-15,2027-08-06,157,598.49,798.39,98,Room Temperature,WH-A,In Stock,2026-01-14
INV002469,MED000286,SUP0041,BAT882872,2025-10-05,2027-04-28,178,84.98,116.41,33,Room Temperature,WH-B,In Stock,2025-12-30
INV003664,MED000286,SUP0007,BAT974176,2024-10-14,2027-07-01,480,578.52,784.05,78,Room Temperature,WH-B,In Stock,2024-12-08
INV004697,MED000287,SUP0051,BAT653928,2024-11-15,2027-10-01,535,19.39,26.06,148,Frozen (-20°C),WH-B,In Stock,2025-02-15
INV002641,MED000288,SUP0018,BAT807137,2025-12-15,2028-04-03,357,185.34,239.42,171,Frozen (-20°C),WH-C,In Stock,2026-01-16
INV004523,MED000288,SUP0028,BAT277400,2023-07-25,2024-10-17,1000,67.57,88.14,114,Frozen (-20°C),WH-A,In Stock,2023-11-13
INV004667,MED000288,SUP0028,BAT237052,2025-03-27,2027-03-17,287,73.83,94.22,146,Refrigerated (2–8°C),WH-A,In Stock,2025-06-14
INV004811,MED000288,SUP0053,BAT764715,2023-12-05,2025-08-26,305,418.82,578.45,40,Room Temperature,WH-D,In Stock,2024-02-14
INV004959,MED000288,SUP0018,BAT200692,2026-04-07,2027-09-29,564,89.22,120.93,103,Refrigerated (2–8°C),WH-B,In Stock,2026-05-24
INV001188,MED000290,SUP0038,BAT648668,2024-09-11,2027-03-30,531,154.49,199.69,179,Refrigerated (2–8°C),WH-B,In Stock,2024-12-30
INV001637,MED000290,SUP0052,BAT749146,2025-03-16,2028-01-30,534,388.89,518.54,171,Refrigerated (2–8°C),WH-D,In Stock,2025-05-13
INV002408,MED000290,SUP0017,BAT314989,2026-01-28,2028-05-17,559,292.43,370.21,191,Frozen (-20°C),WH-C,In Stock,2026-07-20
INV002812,MED000290,SUP0053,BAT743694,2025-01-17,2026-11-08,56,187.54,228.12,131,Frozen (-20°C),WH-A,Low Stock,2025-03-12
INV003205,MED000290,SUP0039,BAT159436,2024-08-10,2027-06-26,699,107.52,149.18,86,Room Temperature,WH-C,In Stock,2024-11-25
INV002008,MED000291,SUP0062,BAT739287,2025-07-01,2028-06-15,255,108.27,143.82,39,Room Temperature,WH-A,In Stock,2025-10-04
INV001886,MED000292,SUP0043,BAT944566,2025-03-16,2027-12-31,698,37.12,49.76,124,Room Temperature,WH-A,In Stock,2025-07-22
INV002899,MED000292,SUP0075,BAT510265,2026-02-26,2027-02-21,283,75.13,95.15,69,Room Temperature,WH-A,In Stock,2026-07-09
INV003134,MED000292,SUP0066,BAT624417,2026-02-04,2027-05-30,313,242.34,293.78,64,Frozen (-20°C),WH-B,In Stock,2026-07-08
INV004548,MED000292,SUP0009,BAT709930,2024-03-28,2027-02-11,336,507.54,698.49,28,Frozen (-20°C),WH-D,In Stock,2024-04-16
INV000935,MED000293,SUP0049,BAT695130,2025-01-18,2026-02-12,997,425.96,532.37,119,Frozen (-20°C),WH-D,In Stock,2025-07-15
INV002540,MED000293,SUP0071,BAT255276,2024-07-25,2025-12-17,158,12.84,16.12,97,Refrigerated (2–8°C),WH-B,In Stock,2024-12-29
INV003014,MED000293,SUP0039,BAT861560,2026-04-11,2028-04-30,565,467.35,587.88,196,Room Temperature,WH-B,In Stock,2026-07-20
INV001195,MED000294,SUP0022,BAT598560,2023-07-21,2025-05-11,917,86.5,117.77,38,Refrigerated (2–8°C),WH-D,In Stock,2023-08-24
INV003202,MED000294,SUP0008,BAT575142,2026-07-09,2029-02-23,167,239.64,302.59,44,Room Temperature,WH-E,In Stock,2026-07-20
INV003337,MED000294,SUP0003,BAT404460,2025-07-25,2027-09-13,929,111.59,152.83,135,Frozen (-20°C),WH-E,In Stock,2025-11-30
INV004222,MED000294,SUP0044,BAT152863,2025-05-25,2027-11-11,679,139.6,191.81,109,Frozen (-20°C),WH-A,In Stock,2025-07-13
INV005000,MED000294,SUP0072,BAT589457,2024-12-21,2027-07-09,891,547.96,719.63,110,Frozen (-20°C),WH-D,In Stock,2025-06-06
INV000610,MED000295,SUP0070,BAT906048,2025-12-20,2027-06-13,658,548.0,736.01,52,Room Temperature,WH-A,In Stock,2026-06-10
INV001536,MED000295,SUP0019,BAT899128,2024-08-26,2025-10-20,393,239.67,289.61,95,Refrigerated (2–8°C),WH-A,In Stock,2025-02-14
INV002997,MED000295,SUP0034,BAT797079,2023-11-15,2025-03-09,978,205.52,247.6,99,Room Temperature,WH-C,In Stock,2024-03-04
INV003990,MED000295,SUP0045,BAT427167,2024-12-06,2026-01-30,655,346.86,438.33,84,Refrigerated (2–8°C),WH-D,In Stock,2025-04-01
INV001471,MED000296,SUP0010,BAT828694,2025-04-08,2026-10-30,310,327.47,399.29,78,Room Temperature,WH-A,In Stock,2025-08-04
INV002893,MED000296,SUP0048,BAT102709,2026-04-05,2028-04-24,705,383.72,474.7,41,Room Temperature,WH-D,In Stock,2026-07-20
INV001864,MED000297,SUP0036,BAT196366,2025-10-22,2027-02-14,272,101.82,134.47,70,Refrigerated (2–8°C),WH-C,In Stock,2026-02-25
INV001261,MED000299,SUP0034,BAT894758,2024-03-05,2027-01-19,375,395.64,486.0,130,Room Temperature,WH-D,In Stock,2024-05-02
INV004101,MED000300,SUP0061,BAT299591,2026-02-27,2028-03-18,48,559.52,722.41,175,Frozen (-20°C),WH-E,Low Stock,2026-05-16
INV003409,MED000301,SUP0007,BAT843138,2025-02-20,2026-04-16,898,17.58,23.31,47,Refrigerated (2–8°C),WH-A,In Stock,2025-03-20
INV001828,MED000302,SUP0015,BAT272620,2023-11-07,2025-04-30,257,442.57,609.37,83,Refrigerated (2–8°C),WH-B,In Stock,2024-04-05
INV002894,MED000302,SUP0006,BAT395634,2026-06-27,2028-10-14,574,395.78,483.09,37,Refrigerated (2–8°C),WH-E,In Stock,2026-07-20
INV004245,MED000302,SUP0047,BAT927683,2025-05-08,2026-06-02,967,501.51,659.54,109,Frozen (-20°C),WH-A,In Stock,2025-09-08
INV003958,MED000304,SUP0001,BAT685450,2024-02-22,2026-07-11,197,312.47,388.13,136,Frozen (-20°C),WH-B,In Stock,2024-03-08
INV001365,MED000305,SUP0057,BAT131815,2023-10-08,2026-02-24,826,561.34,685.71,104,Frozen (-20°C),WH-B,In Stock,2023-11-22
INV003145,MED000305,SUP0045,BAT797432,2025-03-03,2027-08-20,167,458.75,608.0,200,Frozen (-20°C),WH-E,Low Stock,2025-07-17
INV000190,MED000306,SUP0066,BAT246570,2025-05-22,2027-12-08,166,594.42,801.2,125,Refrigerated (2–8°C),WH-E,In Stock,2025-08-26
INV001519,MED000306,SUP0038,BAT248514,2025-12-29,2027-08-21,234,190.4,248.3,129,Room Temperature,WH-A,In Stock,2026-03-01
INV002374,MED000306,SUP0016,BAT617287,2026-04-29,2027-05-24,716,231.03,288.08,129,Refrigerated (2–8°C),WH-A,In Stock,2026-07-20
INV002675,MED000306,SUP0071,BAT555219,2025-09-06,2027-01-29,113,316.53,411.23,38,Frozen (-20°C),WH-B,In Stock,2025-12-18
INV003674,MED000306,SUP0038,BAT897245,2026-05-08,2028-01-28,280,295.97,376.57,68,Room Temperature,WH-A,In Stock,2026-06-09
INV000517,MED000307,SUP0042,BAT626806,2024-10-15,2026-02-07,689,582.77,787.07,125,Frozen (-20°C),WH-E,In Stock,2024-11-11
INV001973,MED000307,SUP0040,BAT176851,2024-09-06,2027-02-23,769,544.03,720.33,135,Refrigerated (2–8°C),WH-E,In Stock,2024-11-22
INV003962,MED000307,SUP0034,BAT974750,2023-12-05,2025-06-27,249,234.36,293.78,149,Frozen (-20°C),WH-E,In Stock,2024-03-15
INV001759,MED000308,SUP0037,BAT493820,2024-04-09,2025-04-04,198,596.77,757.89,118,Refrigerated (2–8°C),WH-A,In Stock,2024-09-22
INV000489,MED000309,SUP0002,BAT617555,2024-10-07,2026-07-29,319,598.79,774.08,152,Room Temperature,WH-C,In Stock,2025-02-06
INV003916,MED000309,SUP0032,BAT415257,2025-07-26,2026-11-18,787,273.98,347.35,107,Refrigerated (2–8°C),WH-C,In Stock,2025-10-20
INV004768,MED000309,SUP0013,BAT477473,2024-01-17,2025-09-08,979,568.53,779.39,83,Room Temperature,WH-D,In Stock,2024-07-13
INV000138,MED000310,SUP0057,BAT171603,2026-03-07,2028-04-25,310,356.89,453.39,95,Room Temperature,WH-C,In Stock,2026-07-20
INV002566,MED000310,SUP0006,BAT538290,2024-02-01,2026-10-18,49,347.99,462.34,52,Room Temperature,WH-C,Low Stock,2024-07-14
INV004148,MED000310,SUP0051,BAT297286,2024-09-13,2026-06-05,708,114.68,151.8,194,Refrigerated (2–8°C),WH-E,In Stock,2024-10-06
INV003345,MED000311,SUP0044,BAT968015,2025-09-27,2026-10-22,533,448.35,584.87,107,Frozen (-20°C),WH-C,In Stock,2025-10-12
INV001823,MED000312,SUP0038,BAT289838,2026-01-31,2028-02-20,710,287.0,367.43,193,Refrigerated (2–8°C),WH-E,In Stock,2026-06-17
INV002624,MED000312,SUP0021,BAT964152,2025-02-16,2026-06-11,698,121.78,157.31,118,Room Temperature,WH-B,In Stock,2025-06-08
INV003221,MED000312,SUP0029,BAT178896,2025-08-31,2028-08-15,120,20.53,25.44,125,Refrigerated (2–8°C),WH-E,Low Stock,2025-11-07
INV000952,MED000313,SUP0066,BAT295937,2024-12-12,2026-08-04,884,596.58,745.41,92,Refrigerated (2–8°C),WH-B,In Stock,2025-01-25
INV001522,MED000313,SUP0069,BAT295881,2024-12-05,2025-11-30,875,460.98,600.5,68,Room Temperature,WH-E,In Stock,2025-03-13
INV003293,MED000313,SUP0014,BAT441053,2025-07-11,2027-12-28,247,267.85,332.45,198,Frozen (-20°C),WH-D,In Stock,2025-11-05
INV000177,MED000314,SUP0039,BAT272655,2024-06-16,2026-04-07,354,537.48,735.91,157,Refrigerated (2–8°C),WH-B,In Stock,2024-08-27
INV003940,MED000314,SUP0028,BAT911793,2026-06-29,2028-12-15,354,446.81,611.87,93,Room Temperature,WH-D,In Stock,2026-07-20
INV004454,MED000314,SUP0033,BAT915460,2024-10-06,2026-11-25,636,591.79,797.83,128,Frozen (-20°C),WH-D,In Stock,2025-01-18
INV000179,MED000316,SUP0022,BAT790731,2025-06-11,2027-11-28,845,53.33,74.11,32,Frozen (-20°C),WH-C,In Stock,2025-07-06
INV001615,MED000316,SUP0009,BAT974113,2024-06-10,2026-08-29,7,227.85,297.71,68,Frozen (-20°C),WH-D,Low Stock,2024-09-29
INV001658,MED000316,SUP0059,BAT176209,2025-05-07,2028-03-22,102,461.72,577.52,69,Refrigerated (2–8°C),WH-C,In Stock,2025-07-15
INV003546,MED000316,SUP0001,BAT226569,2024-06-17,2027-04-03,110,184.67,223.19,140,Room Temperature,WH-E,Low Stock,2024-07-09
INV003981,MED000316,SUP0059,BAT316145,2025-01-18,2026-09-10,728,347.56,468.57,149,Room Temperature,WH-C,In Stock,2025-07-02
INV000883,MED000317,SUP0025,BAT104383,2023-08-16,2025-12-03,503,555.79,771.47,128,Frozen (-20°C),WH-C,In Stock,2023-12-04
INV002607,MED000317,SUP0060,BAT928699,2024-02-16,2026-02-05,539,389.27,483.02,168,Frozen (-20°C),WH-A,In Stock,2024-08-04
INV003424,MED000317,SUP0055,BAT749397,2023-11-08,2025-01-31,162,500.88,666.07,77,Room Temperature,WH-E,In Stock,2024-02-23
INV003994,MED000317,SUP0008,BAT955152,2025-12-21,2027-12-11,445,582.23,732.04,128,Room Temperature,WH-C,In Stock,2026-04-27
INV004490,MED000317,SUP0022,BAT260633,2023-08-14,2025-12-31,803,464.11,634.08,96,Frozen (-20°C),WH-C,In Stock,2023-10-20
INV000025,MED000318,SUP0025,BAT411120,2024-10-08,2025-11-02,753,41.27,52.11,163,Room Temperature,WH-E,In Stock,2025-03-20
INV004797,MED000318,SUP0033,BAT950366,2025-08-16,2027-08-06,691,315.83,431.05,31,Frozen (-20°C),WH-B,In Stock,2025-12-22
INV004938,MED000318,SUP0010,BAT972888,2025-05-31,2028-02-15,870,320.73,430.81,121,Refrigerated (2–8°C),WH-B,In Stock,2025-10-22
INV000128,MED000319,SUP0021,BAT891083,2023-10-30,2026-07-16,278,398.85,517.36,138,Refrigerated (2–8°C),WH-D,In Stock,2023-12-04
INV004363,MED000319,SUP0027,BAT352367,2024-10-17,2027-08-03,537,456.55,557.32,186,Frozen (-20°C),WH-D,In Stock,2025-03-13
INV001413,MED000320,SUP0075,BAT756541,2026-02-18,2028-10-05,804,67.97,83.22,195,Frozen (-20°C),WH-B,In Stock,2026-05-28
INV002309,MED000320,SUP0053,BAT761453,2025-03-23,2026-04-17,900,126.13,164.3,37,Frozen (-20°C),WH-A,In Stock,2025-07-30
INV004510,MED000320,SUP0025,BAT669606,2023-08-26,2024-10-19,678,573.22,708.11,139,Frozen (-20°C),WH-E,In Stock,2023-11-04
INV000636,MED000322,SUP0022,BAT706204,2024-11-02,2025-12-27,877,296.08,414.26,158,Frozen (-20°C),WH-D,In Stock,2025-03-02
INV000301,MED000323,SUP0033,BAT910894,2024-02-16,2026-08-04,233,6.53,8.96,155,Room Temperature,WH-B,In Stock,2024-03-31
INV000013,MED000324,SUP0059,BAT103402,2025-01-10,2027-04-30,519,522.96,658.77,52,Frozen (-20°C),WH-E,In Stock,2025-03-11
INV000100,MED000324,SUP0010,BAT563187,2025-06-27,2027-12-14,654,415.74,536.87,133,Refrigerated (2–8°C),WH-B,In Stock,2025-09-26
INV002150,MED000324,SUP0016,BAT334882,2026-07-05,2028-07-24,280,116.56,156.53,135,Room Temperature,WH-B,In Stock,2026-07-20
INV001098,MED000325,SUP0046,BAT624957,2026-05-16,2027-11-07,924,237.42,287.88,159,Frozen (-20°C),WH-B,In Stock,2026-07-20
INV002949,MED000325,SUP0050,BAT236614,2025-06-28,2028-01-14,529,146.45,177.79,164,Refrigerated (2–8°C),WH-E,In Stock,2025-08-02
INV003392,MED000325,SUP0035,BAT480708,2026-03-07,2027-05-31,372,549.43,708.1,117,Room Temperature,WH-B,In Stock,2026-07-20
INV000854,MED000326,SUP0074,BAT425387,2024-09-08,2026-12-27,282,9.43,11.59,76,Room Temperature,WH-D,In Stock,2025-01-18
INV001379,MED000326,SUP0063,BAT169730,2024-07-30,2026-12-17,171,573.41,770.09,90,Frozen (-20°C),WH-D,In Stock,2024-11-05
INV003736,MED000326,SUP0046,BAT864177,2023-08-23,2025-12-10,343,112.56,152.79,173,Refrigerated (2–8°C),WH-B,In Stock,2023-11-29
INV004383,MED000326,SUP0058,BAT337011,2023-10-08,2025-08-28,489,263.65,318.07,129,Refrigerated (2–8°C),WH-A,In Stock,2024-03-28
INV002127,MED000327,SUP0035,BAT489264,2024-11-23,2027-04-12,77,374.72,503.22,40,Refrigerated (2–8°C),WH-A,In Stock,2025-05-21
INV002933,MED000327,SUP0067,BAT621208,2024-09-08,2027-06-25,257,484.31,636.13,65,Refrigerated (2–8°C),WH-B,In Stock,2024-10-12
INV002236,MED000328,SUP0074,BAT223598,2025-09-21,2027-04-14,667,182.59,247.31,37,Refrigerated (2–8°C),WH-A,In Stock,2026-01-03
INV003544,MED000328,SUP0074,BAT711211,2025-01-24,2027-05-14,297,174.13,235.11,53,Room Temperature,WH-E,In Stock,2025-03-08
INV000993,MED000329,SUP0002,BAT515645,2025-12-04,2028-08-20,567,551.89,717.66,91,Frozen (-20°C),WH-B,In Stock,2026-04-14
INV004280,MED000329,SUP0061,BAT869372,2026-03-09,2027-07-02,640,287.51,377.89,61,Frozen (-20°C),WH-E,In Stock,2026-07-20
INV000335,MED000330,SUP0010,BAT673619,2024-01-27,2025-11-17,628,424.18,545.61,148,Frozen (-20°C),WH-B,In Stock,2024-07-12
INV000421,MED000330,SUP0024,BAT331512,2024-12-19,2026-06-12,185,480.8,658.91,196,Frozen (-20°C),WH-D,Low Stock,2025-02-01
INV000451,MED000330,SUP0050,BAT766764,2023-07-31,2024-09-23,482,264.05,320.24,178,Room Temperature,WH-C,In Stock,2023-09-21
INV001230,MED000330,SUP0041,BAT234993,2026-05-24,2028-05-13,11,394.02,525.64,149,Refrigerated (2–8°C),WH-A,Low Stock,2026-07-20
INV001683,MED000330,SUP0073,BAT833248,2023-12-04,2026-11-18,23,562.26,750.58,126,Refrigerated (2–8°C),WH-A,Low Stock,2024-02-24
INV001870,MED000330,SUP0034,BAT851909,2026-02-01,2027-08-25,139,48.13,66.82,132,Frozen (-20°C),WH-C,In Stock,2026-03-11
INV002211,MED000330,SUP0030,BAT870023,2025-09-13,2026-09-08,302,263.9,355.64,99,Refrigerated (2–8°C),WH-C,In Stock,2025-11-06
INV000654,MED000331,SUP0031,BAT222596,2023-10-13,2025-08-03,129,159.94,197.83,137,Frozen (-20°C),WH-A,Low Stock,2024-03-23
INV002525,MED000331,SUP0067,BAT682636,2024-01-17,2025-10-08,122,505.03,652.44,58,Frozen (-20°C),WH-C,In Stock,2024-02-24
INV003373,MED000332,SUP0071,BAT993910,2024-06-01,2025-08-25,806,388.79,476.43,200,Frozen (-20°C),WH-B,In Stock,2024-08-01
INV003637,MED000332,SUP0005,BAT599990,2025-03-09,2027-11-24,346,217.12,294.99,175,Frozen (-20°C),WH-B,In Stock,2025-09-02
INV001544,MED000333,SUP0062,BAT795082,2023-12-03,2026-11-17,948,264.2,360.11,39,Room Temperature,WH-D,In Stock,2024-03-07
INV000334,MED000334,SUP0058,BAT177289,2023-09-27,2025-06-18,326,571.24,693.97,91,Room Temperature,WH-D,In Stock,2023-10-17
INV001023,MED000334,SUP0070,BAT557049,2025-09-09,2027-06-01,649,422.75,586.6,97,Room Temperature,WH-A,In Stock,2026-01-13
INV001869,MED000334,SUP0072,BAT740707,2025-05-22,2028-04-06,5,57.93,75.54,39,Frozen (-20°C),WH-B,Low Stock,2025-08-16
INV001301,MED000335,SUP0055,BAT384245,2024-11-09,2026-05-03,27,527.19,732.2,60,Room Temperature,WH-D,Low Stock,2025-02-22
INV002181,MED000336,SUP0046,BAT369251,2024-07-07,2025-07-02,675,481.61,639.85,95,Room Temperature,WH-A,In Stock,2024-11-01
INV003884,MED000336,SUP0003,BAT309024,2026-01-14,2027-08-07,792,304.46,425.45,89,Refrigerated (2–8°C),WH-C,In Stock,2026-04-14
INV004350,MED000336,SUP0045,BAT430022,2024-10-21,2026-03-15,379,577.42,734.56,60,Refrigerated (2–8°C),WH-C,In Stock,2024-11-08
INV001016,MED000337,SUP0026,BAT466242,2025-11-25,2028-02-13,548,579.53,746.06,66,Frozen (-20°C),WH-E,In Stock,2026-04-10
INV001189,MED000337,SUP0068,BAT849817,2026-03-17,2027-03-12,426,94.46,114.62,70,Room Temperature,WH-C,In Stock,2026-06-21
INV000024,MED000338,SUP0049,BAT102260,2025-09-27,2027-05-20,292,419.47,564.65,133,Frozen (-20°C),WH-D,In Stock,2026-02-05
INV001491,MED000338,SUP0032,BAT757395,2025-11-13,2028-06-30,960,497.65,637.63,82,Refrigerated (2–8°C),WH-A,In Stock,2026-02-28
INV000938,MED000339,SUP0074,BAT160200,2024-01-10,2026-11-25,567,485.97,584.2,151,Refrigerated (2–8°C),WH-E,In Stock,2024-04-07
INV003800,MED000339,SUP0072,BAT950767,2025-11-18,2028-03-07,654,72.13,89.05,59,Frozen (-20°C),WH-D,In Stock,2026-01-30
INV000435,MED000340,SUP0030,BAT180832,2026-06-08,2029-01-23,216,116.21,147.87,63,Frozen (-20°C),WH-A,In Stock,2026-07-20
INV002917,MED000341,SUP0050,BAT816306,2024-09-23,2026-06-15,345,566.25,756.54,93,Room Temperature,WH-E,In Stock,2025-02-14
INV000963,MED000342,SUP0036,BAT830549,2024-04-10,2025-12-31,978,41.17,57.41,169,Room Temperature,WH-D,In Stock,2024-05-06
INV001929,MED000343,SUP0059,BAT298991,2024-04-11,2025-09-03,137,529.83,648.24,136,Refrigerated (2–8°C),WH-B,In Stock,2024-08-02
INV003316,MED000343,SUP0044,BAT923556,2026-04-02,2027-09-24,11,594.95,819.16,52,Room Temperature,WH-B,Low Stock,2026-07-20
INV004535,MED000343,SUP0023,BAT480638,2024-07-02,2026-04-23,929,398.14,484.16,76,Refrigerated (2–8°C),WH-A,In Stock,2024-10-07
INV000863,MED000345,SUP0010,BAT804005,2023-08-12,2026-04-28,157,218.06,271.12,137,Room Temperature,WH-E,In Stock,2023-11-04
INV001915,MED000345,SUP0062,BAT270407,2023-07-23,2024-08-16,564,370.95,484.95,79,Frozen (-20°C),WH-B,In Stock,2023-09-21
INV002356,MED000345,SUP0006,BAT812506,2024-03-17,2026-10-03,94,504.26,688.05,163,Frozen (-20°C),WH-C,Low Stock,2024-09-05
INV002745,MED000345,SUP0038,BAT897734,2025-01-25,2026-05-20,161,150.57,205.88,96,Refrigerated (2–8°C),WH-A,In Stock,2025-02-16
INV001517,MED000346,SUP0029,BAT995113,2026-06-14,2028-12-30,829,508.31,709.52,75,Refrigerated (2–8°C),WH-A,In Stock,2026-07-20
INV004981,MED000346,SUP0063,BAT851669,2026-01-08,2028-08-25,302,280.87,370.08,139,Refrigerated (2–8°C),WH-E,In Stock,2026-03-20
INV004212,MED000347,SUP0073,BAT122278,2025-05-21,2028-04-05,33,213.31,295.29,178,Room Temperature,WH-E,Low Stock,2025-09-03
INV004861,MED000347,SUP0049,BAT120266,2024-07-23,2026-11-10,871,216.64,274.31,130,Room Temperature,WH-A,In Stock,2024-10-23
INV003401,MED000348,SUP0001,BAT686319,2025-01-29,2027-10-16,625,192.32,239.51,126,Frozen (-20°C),WH-C,In Stock,2025-06-27
INV004819,MED000348,SUP0025,BAT821119,2023-12-14,2026-10-29,939,107.93,130.18,170,Frozen (-20°C),WH-E,In Stock,2024-03-13
INV001403,MED000350,SUP0003,BAT714649,2025-08-01,2027-09-20,585,271.16,326.47,71,Refrigerated (2–8°C),WH-E,In Stock,2026-01-12
INV002075,MED000350,SUP0013,BAT989300,2024-11-06,2027-03-26,320,296.01,360.06,26,Room Temperature,WH-C,In Stock,2025-01-17
INV002852,MED000350,SUP0011,BAT474778,2025-05-08,2028-03-23,570,517.23,690.35,87,Refrigerated (2–8°C),WH-C,In Stock,2025-07-17
INV004433,MED000350,SUP0072,BAT590381,2024-06-28,2027-04-14,293,506.31,646.54,197,Room Temperature,WH-B,In Stock,2024-11-17
INV001990,MED000351,SUP0019,BAT335435,2023-10-26,2026-04-13,512,81.34,109.37,132,Frozen (-20°C),WH-B,In Stock,2024-02-02
INV001508,MED000352,SUP0050,BAT313008,2023-08-25,2025-01-16,584,587.31,736.45,182,Refrigerated (2–8°C),WH-A,In Stock,2023-10-02
INV001692,MED000352,SUP0074,BAT672653,2025-06-16,2028-05-01,803,365.86,456.14,200,Refrigerated (2–8°C),WH-B,In Stock,2025-11-03
INV003794,MED000352,SUP0034,BAT440034,2024-08-26,2025-10-20,741,59.62,74.54,153,Refrigerated (2–8°C),WH-B,In Stock,2024-09-16
INV004310,MED000352,SUP0053,BAT264086,2023-12-25,2026-05-13,873,552.01,680.0,65,Frozen (-20°C),WH-C,In Stock,2024-06-14
INV003123,MED000354,SUP0005,BAT158528,2024-09-17,2027-03-06,258,368.9,476.4,104,Frozen (-20°C),WH-D,In Stock,2024-11-24
INV003632,MED000355,SUP0058,BAT860360,2024-08-19,2027-07-05,504,410.23,563.1,98,Room Temperature,WH-D,In Stock,2024-09-30
INV004045,MED000355,SUP0030,BAT763284,2025-05-31,2028-01-16,89,172.07,213.84,183,Refrigerated (2–8°C),WH-E,Low Stock,2025-06-28
INV004639,MED000355,SUP0066,BAT730839,2024-03-11,2025-12-01,847,589.34,747.24,110,Frozen (-20°C),WH-C,In Stock,2024-05-18
INV000397,MED000356,SUP0017,BAT208584,2025-09-21,2028-06-07,620,304.95,389.4,107,Frozen (-20°C),WH-B,In Stock,2026-03-08
INV002807,MED000356,SUP0009,BAT640027,2025-04-24,2026-08-17,926,180.64,252.54,74,Refrigerated (2–8°C),WH-D,In Stock,2025-09-06
INV002822,MED000356,SUP0024,BAT374881,2023-08-16,2025-09-04,867,532.41,666.95,101,Refrigerated (2–8°C),WH-E,In Stock,2023-11-30
INV002901,MED000357,SUP0015,BAT544012,2023-09-10,2026-01-27,466,476.64,621.0,118,Room Temperature,WH-E,In Stock,2024-02-02
INV003862,MED000357,SUP0057,BAT419402,2025-09-08,2027-03-02,130,436.15,592.03,199,Refrigerated (2–8°C),WH-A,Low Stock,2025-12-15
INV002860,MED000358,SUP0019,BAT861186,2023-07-26,2026-01-11,786,515.86,624.58,181,Refrigerated (2–8°C),WH-B,In Stock,2023-10-17
INV004387,MED000358,SUP0023,BAT700366,2023-11-10,2025-12-29,138,285.95,358.66,132,Refrigerated (2–8°C),WH-A,In Stock,2024-01-05
INV000457,MED000359,SUP0053,BAT630829,2024-02-24,2026-07-13,515,207.28,253.59,100,Frozen (-20°C),WH-C,In Stock,2024-03-28
INV002460,MED000359,SUP0039,BAT194864,2025-08-28,2028-07-13,70,211.44,284.97,165,Frozen (-20°C),WH-B,Low Stock,2025-12-16
INV001629,MED000360,SUP0037,BAT625772,2023-10-15,2025-08-05,480,306.75,396.77,35,Room Temperature,WH-E,In Stock,2024-02-04
INV002228,MED000360,SUP0014,BAT976133,2025-12-07,2028-05-25,212,514.6,635.96,174,Room Temperature,WH-B,In Stock,2025-12-24
INV003146,MED000360,SUP0005,BAT185887,2023-08-14,2026-04-30,634,221.86,293.94,145,Frozen (-20°C),WH-D,In Stock,2023-10-12
INV000710,MED000361,SUP0006,BAT857568,2026-04-11,2027-04-06,880,191.77,241.55,46,Room Temperature,WH-D,In Stock,2026-05-10
INV001709,MED000361,SUP0044,BAT993891,2025-08-26,2027-04-18,186,238.94,315.09,159,Room Temperature,WH-B,In Stock,2025-11-13
INV002564,MED000361,SUP0052,BAT501027,2024-09-22,2026-12-11,405,591.79,807.13,81,Room Temperature,WH-B,In Stock,2024-10-08
INV003177,MED000361,SUP0044,BAT246286,2023-12-23,2025-05-16,721,231.83,305.27,163,Refrigerated (2–8°C),WH-E,In Stock,2024-05-19
INV000137,MED000363,SUP0064,BAT586490,2026-01-25,2028-10-11,658,591.99,748.66,187,Frozen (-20°C),WH-C,In Stock,2026-07-03
INV004455,MED000363,SUP0058,BAT365956,2026-05-14,2027-10-06,12,344.08,443.19,34,Refrigerated (2–8°C),WH-C,Low Stock,2026-07-20
INV002269,MED000364,SUP0018,BAT268109,2025-03-22,2027-05-11,88,137.2,188.02,176,Frozen (-20°C),WH-A,Low Stock,2025-04-29
INV003543,MED000364,SUP0039,BAT721437,2024-07-20,2025-12-12,833,518.36,688.71,174,Room Temperature,WH-C,In Stock,2024-08-25
INV004215,MED000364,SUP0063,BAT637709,2023-09-12,2025-12-30,753,37.09,48.23,192,Room Temperature,WH-A,In Stock,2024-02-10
INV001346,MED000365,SUP0051,BAT748513,2023-12-23,2025-06-15,92,549.24,731.94,178,Refrigerated (2–8°C),WH-B,Low Stock,2024-01-30
INV001872,MED000365,SUP0060,BAT946475,2024-02-29,2026-11-15,322,259.31,349.94,72,Room Temperature,WH-C,In Stock,2024-04-06
INV002874,MED000365,SUP0068,BAT427785,2025-04-23,2028-01-08,407,70.36,95.66,64,Frozen (-20°C),WH-B,In Stock,2025-06-02
INV003756,MED000367,SUP0027,BAT275878,2024-03-08,2026-02-26,25,517.37,710.91,120,Room Temperature,WH-B,Low Stock,2024-03-26
INV003934,MED000367,SUP0019,BAT649623,2025-02-01,2026-12-23,313,177.61,213.23,43,Frozen (-20°C),WH-C,In Stock,2025-05-08
INV004763,MED000367,SUP0060,BAT383106,2024-09-18,2026-07-10,932,360.17,469.25,97,Refrigerated (2–8°C),WH-B,In Stock,2024-10-29
INV000304,MED000368,SUP0029,BAT943409,2026-06-11,2027-07-06,70,520.29,704.84,144,Refrigerated (2–8°C),WH-C,Low Stock,2026-07-20
INV000841,MED000368,SUP0057,BAT345147,2025-01-14,2027-09-01,367,180.24,234.38,46,Frozen (-20°C),WH-A,In Stock,2025-02-17
INV001985,MED000368,SUP0048,BAT466754,2024-03-02,2025-07-25,164,251.05,311.62,143,Refrigerated (2–8°C),WH-B,In Stock,2024-07-30
INV000217,MED000369,SUP0018,BAT903028,2025-11-27,2027-10-18,459,228.51,305.41,121,Frozen (-20°C),WH-E,In Stock,2026-03-19
INV000627,MED000369,SUP0064,BAT741780,2024-01-17,2026-09-03,356,7.72,9.63,132,Room Temperature,WH-E,In Stock,2024-04-18
INV002014,MED000369,SUP0020,BAT432039,2023-10-11,2026-03-29,394,456.16,573.1,125,Refrigerated (2–8°C),WH-E,In Stock,2024-01-21
INV003648,MED000369,SUP0032,BAT725170,2025-05-13,2027-10-30,790,83.19,103.32,34,Refrigerated (2–8°C),WH-E,In Stock,2025-09-10
INV004552,MED000369,SUP0053,BAT337587,2024-06-21,2027-04-07,223,578.16,803.38,67,Refrigerated (2–8°C),WH-A,In Stock,2024-11-04
INV002079,MED000371,SUP0075,BAT801070,2025-04-06,2026-08-29,143,65.33,79.91,105,Frozen (-20°C),WH-C,In Stock,2025-07-18
INV002886,MED000371,SUP0048,BAT819785,2025-04-30,2026-12-21,946,70.08,85.46,44,Frozen (-20°C),WH-E,In Stock,2025-07-27
INV003972,MED000371,SUP0030,BAT530105,2024-12-08,2026-08-30,121,161.9,222.09,33,Refrigerated (2–8°C),WH-E,In Stock,2025-01-09
INV001942,MED000372,SUP0050,BAT228492,2025-02-25,2026-03-22,666,352.2,440.1,164,Room Temperature,WH-D,In Stock,2025-05-18
INV002087,MED000372,SUP0016,BAT566794,2025-04-07,2027-04-27,851,131.56,166.49,194,Room Temperature,WH-D,In Stock,2025-07-14
INV002513,MED000372,SUP0053,BAT836641,2025-09-12,2028-06-28,580,57.62,73.87,142,Frozen (-20°C),WH-A,In Stock,2025-12-10
INV002882,MED000372,SUP0054,BAT348810,2026-03-11,2028-08-27,724,89.19,116.06,42,Frozen (-20°C),WH-D,In Stock,2026-06-01
INV004228,MED000372,SUP0030,BAT997688,2024-07-03,2025-07-28,495,316.61,400.31,88,Frozen (-20°C),WH-D,In Stock,2024-12-07
INV000724,MED000373,SUP0051,BAT495648,2024-10-22,2025-10-17,945,390.03,516.92,167,Room Temperature,WH-D,In Stock,2024-11-11
INV000892,MED000373,SUP0065,BAT215593,2026-01-28,2028-07-16,190,40.09,49.57,76,Room Temperature,WH-C,In Stock,2026-04-07
INV001798,MED000373,SUP0038,BAT771087,2023-10-21,2026-05-08,718,173.41,229.24,188,Refrigerated (2–8°C),WH-E,In Stock,2024-02-20
INV002020,MED000373,SUP0021,BAT122506,2025-07-28,2027-04-19,147,228.53,291.46,53,Refrigerated (2–8°C),WH-C,In Stock,2025-09-19
INV003786,MED000373,SUP0028,BAT304428,2025-08-05,2027-09-24,290,163.47,208.03,95,Frozen (-20°C),WH-A,In Stock,2025-08-28
INV001209,MED000374,SUP0012,BAT294677,2025-05-01,2027-10-18,988,461.2,626.19,30,Room Temperature,WH-C,In Stock,2025-10-23
INV001888,MED000374,SUP0057,BAT428987,2025-07-21,2026-08-15,161,456.93,612.25,131,Room Temperature,WH-A,In Stock,2025-08-07
INV003552,MED000375,SUP0070,BAT362883,2023-08-15,2026-06-30,151,239.75,332.9,89,Refrigerated (2–8°C),WH-A,In Stock,2023-10-01
INV004302,MED000375,SUP0037,BAT205205,2025-04-29,2027-07-18,76,310.71,381.6,195,Refrigerated (2–8°C),WH-A,Low Stock,2025-07-09
INV002264,MED000376,SUP0046,BAT864764,2025-10-28,2027-03-22,457,333.72,413.06,69,Refrigerated (2–8°C),WH-B,In Stock,2026-01-27
INV000468,MED000377,SUP0064,BAT544536,2024-09-24,2026-10-14,373,171.38,211.82,127,Room Temperature,WH-E,In Stock,2025-01-12
INV001901,MED000377,SUP0037,BAT210905,2026-02-15,2028-07-04,188,41.38,51.2,174,Frozen (-20°C),WH-B,In Stock,2026-05-06
INV001126,MED000378,SUP0056,BAT658358,2023-11-05,2026-07-22,32,458.98,636.81,163,Frozen (-20°C),WH-C,Low Stock,2024-02-06
INV002744,MED000379,SUP0031,BAT554955,2025-04-21,2027-01-11,96,64.43,87.51,164,Refrigerated (2–8°C),WH-C,Low Stock,2025-05-09
INV004990,MED000379,SUP0017,BAT153779,2025-02-03,2026-03-30,428,543.19,695.92,99,Refrigerated (2–8°C),WH-B,In Stock,2025-02-18
INV001587,MED000380,SUP0073,BAT834734,2024-02-18,2026-10-05,481,438.61,537.44,80,Frozen (-20°C),WH-E,In Stock,2024-03-08
INV001940,MED000380,SUP0052,BAT724893,2024-05-08,2026-02-27,589,241.26,330.25,122,Room Temperature,WH-A,In Stock,2024-08-26
INV002110,MED000381,SUP0046,BAT463559,2024-03-13,2025-06-06,297,238.77,318.94,88,Room Temperature,WH-B,In Stock,2024-07-03
INV004231,MED000381,SUP0018,BAT494038,2023-11-08,2026-02-25,632,129.44,157.08,177,Room Temperature,WH-E,In Stock,2023-11-24
INV003182,MED000382,SUP0061,BAT251021,2026-07-08,2028-08-26,29,93.98,122.28,87,Refrigerated (2–8°C),WH-D,Low Stock,2026-07-20
INV001640,MED000383,SUP0052,BAT926968,2024-11-01,2027-09-17,348,411.49,517.97,164,Frozen (-20°C),WH-A,In Stock,2025-02-18
INV001805,MED000383,SUP0032,BAT145918,2024-12-23,2026-10-14,523,243.36,329.98,49,Frozen (-20°C),WH-A,In Stock,2025-05-29
INV003358,MED000383,SUP0066,BAT594641,2024-06-10,2025-06-05,451,286.32,365.33,126,Refrigerated (2–8°C),WH-A,In Stock,2024-08-31
INV001217,MED000384,SUP0046,BAT421153,2024-06-18,2026-08-07,190,266.21,352.28,30,Frozen (-20°C),WH-E,In Stock,2024-11-19
INV002649,MED000384,SUP0071,BAT771952,2023-07-22,2025-09-09,594,148.89,188.14,174,Frozen (-20°C),WH-A,In Stock,2023-10-19
INV000351,MED000385,SUP0057,BAT321659,2025-10-31,2028-09-15,777,520.98,710.72,157,Frozen (-20°C),WH-B,In Stock,2026-03-19
INV000974,MED000385,SUP0009,BAT250494,2023-12-15,2026-01-03,465,582.38,710.53,190,Frozen (-20°C),WH-B,In Stock,2024-03-01
INV000361,MED000386,SUP0020,BAT642421,2024-11-24,2025-12-19,413,195.15,239.64,194,Room Temperature,WH-D,In Stock,2025-05-11
INV000648,MED000386,SUP0059,BAT191549,2024-01-01,2025-12-21,295,70.07,87.95,44,Frozen (-20°C),WH-B,In Stock,2024-03-01
INV001373,MED000386,SUP0046,BAT663886,2023-11-05,2026-07-22,756,316.77,391.42,155,Refrigerated (2–8°C),WH-A,In Stock,2024-03-10
INV003215,MED000386,SUP0015,BAT964552,2024-02-26,2026-11-12,889,26.48,32.59,176,Frozen (-20°C),WH-B,In Stock,2024-08-06
INV003491,MED000386,SUP0019,BAT213532,2026-07-06,2028-01-27,151,110.1,147.17,94,Refrigerated (2–8°C),WH-E,In Stock,2026-07-20
INV004558,MED000386,SUP0045,BAT806703,2026-04-02,2029-01-16,824,451.02,554.11,136,Room Temperature,WH-A,In Stock,2026-05-17
INV000485,MED000387,SUP0053,BAT687783,2026-01-01,2027-12-22,167,236.89,302.19,190,Refrigerated (2–8°C),WH-A,Low Stock,2026-03-20
INV001909,MED000388,SUP0056,BAT834447,2024-06-29,2025-09-22,814,436.71,538.98,180,Refrigerated (2–8°C),WH-E,In Stock,2024-12-26
INV002304,MED000389,SUP0001,BAT485733,2024-12-31,2027-07-19,166,143.04,197.75,94,Frozen (-20°C),WH-C,In Stock,2025-05-30
INV002982,MED000389,SUP0028,BAT826380,2025-12-02,2026-11-27,43,27.58,33.34,176,Refrigerated (2–8°C),WH-D,Low Stock,2026-04-25
INV004219,MED000389,SUP0036,BAT929588,2024-07-12,2026-09-30,193,124.92,166.16,61,Room Temperature,WH-D,In Stock,2024-11-30
INV004368,MED000389,SUP0006,BAT691648,2026-02-17,2027-02-12,623,327.49,412.28,173,Refrigerated (2–8°C),WH-A,In Stock,2026-03-27
INV002064,MED000390,SUP0006,BAT445904,2026-04-04,2027-12-25,564,373.22,502.87,85,Refrigerated (2–8°C),WH-A,In Stock,2026-07-20
INV000727,MED000391,SUP0035,BAT401950,2026-04-28,2028-04-17,441,362.05,506.52,77,Refrigerated (2–8°C),WH-B,In Stock,2026-06-15
INV000755,MED000391,SUP0012,BAT415535,2026-02-24,2027-06-19,432,74.29,102.56,30,Frozen (-20°C),WH-D,In Stock,2026-07-10
INV003561,MED000391,SUP0049,BAT779586,2024-08-16,2027-05-03,170,331.82,426.49,142,Room Temperature,WH-D,In Stock,2025-02-07
INV004553,MED000391,SUP0011,BAT698710,2023-10-11,2025-08-01,415,411.53,574.14,107,Refrigerated (2–8°C),WH-A,In Stock,2024-02-07
INV004948,MED000391,SUP0017,BAT227042,2025-06-02,2026-09-25,261,300.27,386.23,52,Room Temperature,WH-A,In Stock,2025-11-14
INV001498,MED000392,SUP0045,BAT421228,2024-08-16,2026-06-07,692,170.72,225.27,130,Frozen (-20°C),WH-B,In Stock,2025-01-10
INV002427,MED000392,SUP0040,BAT261024,2023-10-12,2025-05-04,577,400.67,518.56,137,Frozen (-20°C),WH-D,In Stock,2023-11-20
INV002951,MED000392,SUP0040,BAT307149,2025-06-21,2027-03-13,918,313.74,386.83,143,Refrigerated (2–8°C),WH-C,In Stock,2025-12-12
INV000043,MED000393,SUP0054,BAT797229,2025-09-04,2028-05-21,630,184.07,241.06,170,Room Temperature,WH-C,In Stock,2025-11-02
INV000503,MED000393,SUP0013,BAT133362,2025-09-23,2028-06-09,538,422.28,528.35,184,Refrigerated (2–8°C),WH-B,In Stock,2026-02-10
INV000812,MED000393,SUP0003,BAT826648,2026-07-16,2029-01-31,697,530.45,636.75,168,Refrigerated (2–8°C),WH-A,In Stock,2026-07-20
INV002299,MED000393,SUP0075,BAT709594,2024-07-18,2027-07-03,859,52.65,73.66,182,Frozen (-20°C),WH-B,In Stock,2024-12-10
INV000238,MED000394,SUP0068,BAT364679,2025-07-15,2027-03-07,80,575.78,743.79,120,Room Temperature,WH-B,Low Stock,2025-11-08
INV002261,MED000394,SUP0070,BAT280141,2025-05-07,2028-02-21,727,85.31,115.83,147,Room Temperature,WH-E,In Stock,2025-09-10
INV002907,MED000394,SUP0005,BAT462177,2025-11-08,2028-02-26,929,536.48,676.34,39,Room Temperature,WH-C,In Stock,2026-03-18
INV003216,MED000394,SUP0042,BAT511623,2024-09-16,2025-12-10,982,143.94,185.14,63,Frozen (-20°C),WH-D,In Stock,2025-01-22
INV001993,MED000395,SUP0037,BAT760914,2025-11-12,2027-10-03,483,83.49,113.17,174,Room Temperature,WH-B,In Stock,2026-02-21
INV004432,MED000396,SUP0013,BAT743895,2023-07-26,2025-05-16,908,501.64,640.4,151,Frozen (-20°C),WH-B,In Stock,2023-10-04
INV000557,MED000397,SUP0001,BAT223949,2023-09-08,2025-10-27,815,443.79,550.95,55,Frozen (-20°C),WH-D,In Stock,2024-03-01
INV001034,MED000397,SUP0069,BAT981282,2024-12-04,2027-10-20,788,397.26,498.56,91,Room Temperature,WH-A,In Stock,2025-03-25
INV003382,MED000397,SUP0051,BAT452797,2026-05-02,2027-09-24,409,259.46,336.9,143,Refrigerated (2–8°C),WH-C,In Stock,2026-07-20
INV003495,MED000397,SUP0060,BAT834587,2023-11-06,2024-10-31,839,540.33,661.31,163,Refrigerated (2–8°C),WH-B,In Stock,2024-04-16
INV003641,MED000397,SUP0033,BAT830761,2026-06-23,2028-06-12,682,582.89,807.47,122,Refrigerated (2–8°C),WH-B,In Stock,2026-07-20
INV001574,MED000398,SUP0062,BAT894101,2025-07-09,2026-07-04,873,476.64,613.19,124,Frozen (-20°C),WH-D,In Stock,2025-10-19
INV003460,MED000398,SUP0022,BAT898622,2026-04-29,2028-11-14,416,268.19,363.93,86,Refrigerated (2–8°C),WH-E,In Stock,2026-07-20
INV004793,MED000398,SUP0065,BAT263787,2023-11-29,2025-07-21,170,100.19,123.96,177,Room Temperature,WH-E,Low Stock,2024-04-02
INV000047,MED000399,SUP0050,BAT618392,2025-10-16,2027-05-09,671,536.13,735.62,26,Room Temperature,WH-D,In Stock,2025-12-07
INV002315,MED000399,SUP0034,BAT394241,2025-01-22,2026-07-16,822,231.98,308.58,177,Frozen (-20°C),WH-C,In Stock,2025-04-30
INV003927,MED000399,SUP0019,BAT917323,2025-08-09,2026-09-03,427,511.01,654.89,69,Frozen (-20°C),WH-C,In Stock,2026-01-05
INV004712,MED000399,SUP0001,BAT973531,2024-02-02,2026-10-19,288,295.03,407.73,94,Refrigerated (2–8°C),WH-A,In Stock,2024-06-11
INV002084,MED000400,SUP0016,BAT655589,2024-10-08,2026-10-28,894,414.59,517.38,42,Frozen (-20°C),WH-E,In Stock,2024-11-13
INV002103,MED000400,SUP0017,BAT806042,2025-10-06,2026-10-01,124,148.47,195.52,172,Room Temperature,WH-B,Low Stock,2025-11-21
INV000810,MED000402,SUP0051,BAT216335,2025-02-08,2027-07-28,505,333.31,443.96,68,Frozen (-20°C),WH-E,In Stock,2025-07-01
INV001314,MED000402,SUP0017,BAT329964,2026-06-09,2027-10-02,230,53.9,65.7,193,Refrigerated (2–8°C),WH-C,In Stock,2026-07-20
INV001619,MED000402,SUP0052,BAT409890,2025-08-28,2028-08-12,476,525.46,642.67,48,Frozen (-20°C),WH-B,In Stock,2026-01-27
INV002656,MED000402,SUP0003,BAT229489,2024-02-14,2026-12-30,348,12.85,17.07,187,Refrigerated (2–8°C),WH-A,In Stock,2024-04-07
INV002777,MED000402,SUP0029,BAT488794,2026-01-06,2028-09-22,90,429.87,579.7,147,Room Temperature,WH-D,Low Stock,2026-05-08
INV002805,MED000402,SUP0069,BAT168189,2024-12-30,2026-12-20,265,423.63,591.56,57,Room Temperature,WH-C,In Stock,2025-03-03
INV003136,MED000402,SUP0064,BAT178152,2026-06-11,2028-06-30,342,438.54,561.14,124,Frozen (-20°C),WH-A,In Stock,2026-07-04
INV004332,MED000402,SUP0055,BAT969010,2026-02-24,2027-10-17,916,408.33,498.35,159,Frozen (-20°C),WH-A,In Stock,2026-03-24
INV004926,MED000402,SUP0024,BAT207328,2024-02-26,2025-05-21,272,202.76,268.91,172,Frozen (-20°C),WH-E,In Stock,2024-06-08
INV003650,MED000403,SUP0002,BAT958837,2026-07-01,2028-11-17,813,518.92,714.66,136,Refrigerated (2–8°C),WH-A,In Stock,2026-07-20
INV003897,MED000403,SUP0046,BAT730365,2025-03-26,2028-02-09,591,103.8,136.55,100,Room Temperature,WH-B,In Stock,2025-04-13
INV004773,MED000403,SUP0035,BAT154005,2026-05-23,2028-08-10,770,254.2,345.44,120,Frozen (-20°C),WH-B,In Stock,2026-06-16
INV002669,MED000404,SUP0036,BAT280580,2024-08-25,2027-02-11,713,270.87,374.6,144,Refrigerated (2–8°C),WH-B,In Stock,2024-09-20
INV002323,MED000405,SUP0017,BAT342033,2025-12-13,2027-01-07,412,364.57,483.05,143,Frozen (-20°C),WH-D,In Stock,2026-04-04
INV003446,MED000405,SUP0009,BAT396775,2025-08-12,2026-11-05,206,66.42,91.74,95,Frozen (-20°C),WH-A,In Stock,2026-02-03
INV004233,MED000405,SUP0057,BAT768938,2025-02-09,2027-09-27,909,328.52,400.51,84,Room Temperature,WH-D,In Stock,2025-06-16
INV004911,MED000405,SUP0015,BAT319710,2024-02-05,2026-01-25,320,334.35,414.14,87,Refrigerated (2–8°C),WH-B,In Stock,2024-05-06
INV001042,MED000406,SUP0036,BAT511907,2024-02-16,2026-08-04,319,477.49,664.07,67,Refrigerated (2–8°C),WH-D,In Stock,2024-07-30
INV003610,MED000406,SUP0020,BAT471300,2025-09-08,2028-05-25,303,583.64,793.04,32,Frozen (-20°C),WH-C,In Stock,2026-01-21
INV000725,MED000407,SUP0034,BAT835325,2024-06-30,2025-07-25,632,362.23,445.49,134,Refrigerated (2–8°C),WH-B,In Stock,2024-10-25
INV002453,MED000407,SUP0052,BAT661778,2026-01-15,2027-04-10,642,492.39,667.33,125,Frozen (-20°C),WH-A,In Stock,2026-04-23
INV000632,MED000408,SUP0042,BAT341238,2024-03-02,2025-12-22,100,443.96,609.99,85,Refrigerated (2–8°C),WH-B,In Stock,2024-05-14
INV001414,MED000409,SUP0011,BAT294589,2024-01-24,2026-11-09,3,476.0,593.39,135,Room Temperature,WH-A,Low Stock,2024-03-02
INV004493,MED000409,SUP0067,BAT855437,2024-05-27,2026-12-13,72,91.69,120.7,122,Frozen (-20°C),WH-D,Low Stock,2024-07-17
INV001732,MED000410,SUP0019,BAT982027,2023-08-04,2026-03-21,639,40.1,54.04,48,Room Temperature,WH-E,In Stock,2023-11-05
INV002330,MED000410,SUP0068,BAT882275,2024-08-12,2027-07-28,86,594.67,761.47,64,Room Temperature,WH-A,In Stock,2025-01-27
INV002679,MED000410,SUP0032,BAT563745,2024-12-14,2026-12-04,863,508.28,677.82,60,Refrigerated (2–8°C),WH-C,In Stock,2025-01-22
INV003276,MED000410,SUP0062,BAT896976,2023-09-09,2024-10-03,860,242.67,336.06,78,Refrigerated (2–8°C),WH-E,In Stock,2023-12-24
INV001095,MED000411,SUP0061,BAT603805,2025-03-05,2026-11-25,982,298.31,397.81,175,Refrigerated (2–8°C),WH-D,In Stock,2025-04-14
INV002170,MED000411,SUP0017,BAT695379,2025-12-11,2027-02-04,91,22.47,31.03,57,Frozen (-20°C),WH-C,In Stock,2026-03-25
INV003385,MED000411,SUP0002,BAT812587,2026-04-19,2028-04-08,372,24.73,30.05,32,Room Temperature,WH-E,In Stock,2026-06-02
INV002412,MED000413,SUP0051,BAT943039,2024-03-21,2025-04-15,60,528.63,678.46,171,Refrigerated (2–8°C),WH-D,Low Stock,2024-08-22
INV002418,MED000413,SUP0068,BAT526283,2026-07-19,2028-08-07,524,502.72,685.77,84,Room Temperature,WH-A,In Stock,2026-07-20
INV000692,MED000414,SUP0038,BAT794255,2026-05-05,2028-07-23,267,209.45,287.35,163,Frozen (-20°C),WH-A,In Stock,2026-07-20
INV001685,MED000415,SUP0045,BAT520806,2024-02-28,2026-04-18,949,281.23,349.0,45,Room Temperature,WH-A,In Stock,2024-07-31
INV003489,MED000415,SUP0024,BAT352631,2025-08-06,2027-01-28,822,457.34,632.87,83,Room Temperature,WH-C,In Stock,2026-01-15
INV002121,MED000416,SUP0040,BAT318381,2026-05-17,2029-05-01,922,306.82,380.8,41,Refrigerated (2–8°C),WH-D,In Stock,2026-07-20
INV001106,MED000417,SUP0005,BAT949355,2024-05-03,2025-04-28,792,343.14,471.1,129,Refrigerated (2–8°C),WH-B,In Stock,2024-08-18
INV001123,MED000417,SUP0018,BAT982298,2026-06-21,2028-01-12,759,130.41,166.2,166,Room Temperature,WH-A,In Stock,2026-07-20
INV001741,MED000417,SUP0041,BAT682949,2025-04-11,2026-12-02,125,436.25,563.9,150,Frozen (-20°C),WH-D,Low Stock,2025-08-10
INV002597,MED000417,SUP0027,BAT889303,2024-09-28,2026-10-18,691,231.71,321.94,172,Frozen (-20°C),WH-B,In Stock,2025-02-05
INV001728,MED000418,SUP0055,BAT682532,2024-07-28,2027-04-14,290,174.2,227.15,102,Frozen (-20°C),WH-D,In Stock,2024-09-06
INV003613,MED000418,SUP0007,BAT922145,2023-09-26,2025-08-16,180,586.77,740.42,44,Room Temperature,WH-D,In Stock,2023-11-12
INV002136,MED000419,SUP0070,BAT499166,2023-10-13,2026-08-28,483,394.78,512.87,44,Room Temperature,WH-A,In Stock,2024-03-06
INV002295,MED000419,SUP0039,BAT812756,2024-07-01,2027-04-17,710,521.73,678.64,183,Refrigerated (2–8°C),WH-D,In Stock,2024-11-24
INV001506,MED000420,SUP0006,BAT792371,2023-11-20,2024-11-14,345,433.15,544.4,184,Room Temperature,WH-B,In Stock,2024-01-02
INV001644,MED000420,SUP0028,BAT319086,2025-07-17,2027-01-08,263,192.47,258.25,175,Refrigerated (2–8°C),WH-B,In Stock,2025-12-13
INV000308,MED000421,SUP0068,BAT349736,2025-11-26,2028-02-14,995,428.43,522.09,61,Room Temperature,WH-E,In Stock,2025-12-26
INV000376,MED000421,SUP0002,BAT415743,2025-11-28,2028-08-14,678,165.64,218.83,158,Room Temperature,WH-D,In Stock,2026-01-07
INV004754,MED000421,SUP0040,BAT913222,2026-03-29,2028-03-18,546,131.28,170.81,174,Room Temperature,WH-D,In Stock,2026-07-20
INV002298,MED000422,SUP0024,BAT979688,2023-11-23,2026-11-07,411,348.84,485.74,66,Room Temperature,WH-D,In Stock,2023-12-25
INV003394,MED000422,SUP0024,BAT865625,2025-11-14,2026-11-09,434,207.5,270.1,155,Frozen (-20°C),WH-E,In Stock,2026-04-28
INV003833,MED000422,SUP0047,BAT811684,2023-12-11,2025-09-01,322,449.29,541.71,111,Room Temperature,WH-B,In Stock,2024-05-07
INV000626,MED000423,SUP0019,BAT770905,2025-01-25,2027-05-15,421,563.16,744.56,86,Room Temperature,WH-E,In Stock,2025-06-04
INV000971,MED000423,SUP0057,BAT331356,2025-05-15,2027-01-05,595,485.6,655.84,186,Room Temperature,WH-D,In Stock,2025-07-21
INV001594,MED000423,SUP0058,BAT251397,2024-05-17,2027-04-02,804,521.94,660.27,56,Refrigerated (2–8°C),WH-D,In Stock,2024-11-13
INV002888,MED000423,SUP0071,BAT965630,2024-02-11,2026-11-27,221,503.31,676.68,138,Frozen (-20°C),WH-C,In Stock,2024-07-26
INV004516,MED000424,SUP0029,BAT789466,2024-04-03,2025-03-29,405,125.79,172.71,138,Frozen (-20°C),WH-B,In Stock,2024-09-16
INV000838,MED000425,SUP0029,BAT312861,2026-01-31,2027-08-24,223,257.89,328.92,103,Room Temperature,WH-C,In Stock,2026-05-27
INV001214,MED000425,SUP0044,BAT833640,2026-05-17,2028-10-03,92,465.18,582.24,156,Refrigerated (2–8°C),WH-C,Low Stock,2026-07-20
INV001815,MED000425,SUP0054,BAT429659,2024-12-11,2026-12-31,128,311.23,389.65,50,Refrigerated (2–8°C),WH-E,In Stock,2025-06-09
INV002580,MED000425,SUP0019,BAT372266,2026-01-01,2027-11-22,674,303.81,387.67,185,Frozen (-20°C),WH-B,In Stock,2026-06-18
INV004180,MED000425,SUP0010,BAT506573,2025-02-05,2026-05-31,408,142.51,181.82,83,Refrigerated (2–8°C),WH-A,In Stock,2025-05-29
INV003279,MED000426,SUP0014,BAT137061,2024-11-09,2026-06-02,844,9.11,12.19,38,Refrigerated (2–8°C),WH-B,In Stock,2025-03-24
INV003711,MED000426,SUP0033,BAT970849,2024-10-18,2027-06-05,583,264.82,342.81,37,Frozen (-20°C),WH-E,In Stock,2025-01-04
INV004766,MED000426,SUP0036,BAT812741,2025-11-17,2026-11-12,665,582.45,723.18,121,Frozen (-20°C),WH-C,In Stock,2026-01-17
INV004820,MED000426,SUP0003,BAT847573,2025-11-15,2027-08-07,909,55.93,67.94,92,Refrigerated (2–8°C),WH-A,In Stock,2025-12-14
INV004826,MED000426,SUP0048,BAT746276,2024-08-18,2026-04-10,36,67.5,92.57,125,Refrigerated (2–8°C),WH-A,Low Stock,2024-09-30
INV003168,MED000428,SUP0033,BAT495184,2024-12-12,2027-04-01,27,96.15,120.74,53,Frozen (-20°C),WH-C,Low Stock,2025-05-30
INV001731,MED000429,SUP0009,BAT651370,2024-10-10,2026-03-04,827,443.54,549.14,52,Room Temperature,WH-B,In Stock,2025-03-13
INV003405,MED000429,SUP0008,BAT941934,2025-02-02,2026-03-29,1,134.96,183.84,123,Frozen (-20°C),WH-C,Low Stock,2025-05-18
INV003818,MED000429,SUP0051,BAT620461,2024-12-23,2027-09-09,973,371.85,456.8,169,Room Temperature,WH-E,In Stock,2025-06-05
INV004154,MED000429,SUP0024,BAT133290,2024-08-15,2025-10-09,126,525.21,681.06,77,Frozen (-20°C),WH-A,In Stock,2024-12-09
INV000630,MED000430,SUP0056,BAT363592,2025-06-04,2027-12-21,44,445.55,617.07,51,Room Temperature,WH-B,Low Stock,2025-10-13
INV002423,MED000430,SUP0047,BAT508148,2025-01-24,2027-05-14,305,549.05,709.82,106,Refrigerated (2–8°C),WH-D,In Stock,2025-02-11
INV002994,MED000430,SUP0019,BAT117047,2023-09-25,2025-01-17,541,259.97,351.4,113,Room Temperature,WH-B,In Stock,2024-01-07
INV001037,MED000431,SUP0054,BAT493482,2025-04-23,2027-12-09,827,111.98,134.6,66,Room Temperature,WH-E,In Stock,2025-08-31
INV001262,MED000431,SUP0034,BAT201843,2025-05-26,2028-01-11,469,452.74,611.83,150,Refrigerated (2–8°C),WH-C,In Stock,2025-06-28
INV003611,MED000431,SUP0049,BAT244779,2025-04-26,2026-06-20,210,48.46,61.41,56,Room Temperature,WH-A,In Stock,2025-06-19
INV004972,MED000431,SUP0071,BAT189876,2025-04-04,2026-10-26,114,537.52,747.15,129,Refrigerated (2–8°C),WH-D,Low Stock,2025-06-12
INV004976,MED000431,SUP0052,BAT286381,2025-03-31,2027-01-20,550,428.2,577.28,98,Room Temperature,WH-D,In Stock,2025-08-23
INV000032,MED000432,SUP0044,BAT313487,2025-01-11,2027-05-01,257,59.92,76.98,38,Refrigerated (2–8°C),WH-A,In Stock,2025-05-31
INV000478,MED000432,SUP0022,BAT516332,2024-02-16,2025-05-11,959,331.32,399.33,146,Refrigerated (2–8°C),WH-E,In Stock,2024-03-18
INV001554,MED000432,SUP0031,BAT583694,2024-05-20,2027-03-06,37,39.96,54.95,45,Room Temperature,WH-A,Low Stock,2024-07-13
INV003929,MED000432,SUP0003,BAT704629,2024-07-03,2026-05-24,449,314.8,427.59,70,Frozen (-20°C),WH-C,In Stock,2024-12-04
INV003989,MED000432,SUP0066,BAT674365,2024-02-12,2026-05-02,472,85.62,117.55,126,Refrigerated (2–8°C),WH-A,In Stock,2024-06-10
INV004476,MED000432,SUP0070,BAT899863,2025-08-01,2027-06-22,160,284.98,342.77,77,Room Temperature,WH-E,In Stock,2025-10-18
INV004666,MED000432,SUP0005,BAT676548,2025-09-01,2026-08-27,151,515.11,642.36,167,Refrigerated (2–8°C),WH-D,Low Stock,2025-11-30
INV001249,MED000433,SUP0015,BAT698469,2025-03-04,2026-07-27,785,332.29,422.14,127,Room Temperature,WH-D,In Stock,2025-04-28
INV001964,MED000433,SUP0048,BAT787959,2023-10-29,2025-10-18,853,475.26,615.82,187,Room Temperature,WH-A,In Stock,2024-01-14
INV002373,MED000433,SUP0037,BAT979721,2025-02-19,2028-02-04,407,98.36,121.33,128,Frozen (-20°C),WH-C,In Stock,2025-05-29
INV002776,MED000433,SUP0034,BAT522540,2026-05-27,2029-05-11,386,143.41,187.5,87,Frozen (-20°C),WH-B,In Stock,2026-07-20
INV003457,MED000433,SUP0068,BAT411588,2025-02-20,2027-04-11,101,464.89,598.06,130,Room Temperature,WH-C,Low Stock,2025-07-18
INV004968,MED000434,SUP0045,BAT116166,2026-01-23,2028-11-08,805,372.79,475.7,99,Room Temperature,WH-D,In Stock,2026-05-29
INV001575,MED000435,SUP0022,BAT299380,2026-04-06,2029-03-21,765,585.8,790.2,42,Frozen (-20°C),WH-D,In Stock,2026-07-20
INV004072,MED000435,SUP0017,BAT510092,2026-05-29,2028-11-14,482,255.31,314.37,92,Room Temperature,WH-D,In Stock,2026-07-20
INV004748,MED000435,SUP0026,BAT605814,2023-10-11,2025-10-30,931,391.01,535.9,110,Frozen (-20°C),WH-A,In Stock,2024-03-28
INV000009,MED000436,SUP0064,BAT514850,2026-02-14,2027-06-09,142,448.27,586.25,88,Frozen (-20°C),WH-E,In Stock,2026-05-07
INV000124,MED000436,SUP0020,BAT788637,2026-04-03,2027-10-25,358,223.7,302.56,167,Frozen (-20°C),WH-B,In Stock,2026-05-15
INV001012,MED000436,SUP0061,BAT219879,2025-02-10,2027-04-01,558,569.38,699.83,64,Room Temperature,WH-C,In Stock,2025-03-06
INV002066,MED000436,SUP0006,BAT812672,2025-06-26,2028-05-11,778,244.96,322.96,198,Frozen (-20°C),WH-C,In Stock,2025-10-18
INV003355,MED000437,SUP0039,BAT626666,2026-06-25,2028-11-11,200,495.26,609.08,151,Refrigerated (2–8°C),WH-C,In Stock,2026-07-20
INV004240,MED000437,SUP0030,BAT195012,2024-02-10,2026-07-29,735,419.69,587.47,135,Frozen (-20°C),WH-C,In Stock,2024-03-13
INV004853,MED000437,SUP0055,BAT619781,2025-03-08,2027-07-26,452,530.08,686.13,117,Refrigerated (2–8°C),WH-B,In Stock,2025-07-10
INV003298,MED000438,SUP0009,BAT546782,2025-09-29,2026-09-24,594,24.86,29.88,56,Frozen (-20°C),WH-E,In Stock,2025-11-07
INV001546,MED000439,SUP0052,BAT550998,2024-11-13,2026-08-05,625,204.99,270.5,67,Frozen (-20°C),WH-D,In Stock,2025-01-29
INV003532,MED000439,SUP0020,BAT899707,2024-12-04,2026-10-25,994,130.03,164.01,107,Frozen (-20°C),WH-A,In Stock,2025-04-12
INV004592,MED000439,SUP0063,BAT367870,2024-01-21,2026-09-07,447,535.7,701.65,181,Room Temperature,WH-E,In Stock,2024-03-16
INV001319,MED000440,SUP0059,BAT751493,2025-01-09,2027-05-29,120,395.0,514.64,96,Refrigerated (2–8°C),WH-C,In Stock,2025-05-16
INV002046,MED000440,SUP0062,BAT527304,2024-01-07,2026-04-26,650,530.55,738.89,54,Refrigerated (2–8°C),WH-B,In Stock,2024-04-17
INV002140,MED000440,SUP0035,BAT892019,2024-01-05,2025-04-29,597,186.53,254.55,94,Refrigerated (2–8°C),WH-B,In Stock,2024-01-24
INV001275,MED000441,SUP0063,BAT414531,2023-08-09,2026-01-25,881,433.39,558.44,53,Frozen (-20°C),WH-B,In Stock,2023-12-12
INV001356,MED000441,SUP0058,BAT424875,2025-04-04,2027-01-24,583,568.03,698.02,155,Frozen (-20°C),WH-E,In Stock,2025-06-17
INV000472,MED000442,SUP0033,BAT599687,2024-02-03,2026-03-24,266,219.38,287.72,117,Refrigerated (2–8°C),WH-C,In Stock,2024-05-13
INV001618,MED000442,SUP0058,BAT545525,2024-07-07,2027-01-23,285,159.84,198.65,105,Frozen (-20°C),WH-A,In Stock,2024-11-12
INV003423,MED000442,SUP0004,BAT309613,2024-08-05,2027-03-23,472,533.04,686.1,185,Frozen (-20°C),WH-C,In Stock,2024-08-28
INV004622,MED000442,SUP0023,BAT437965,2025-10-04,2027-11-23,952,416.51,525.18,147,Frozen (-20°C),WH-D,In Stock,2026-03-24
INV000864,MED000443,SUP0057,BAT830587,2023-10-26,2026-06-12,656,431.26,594.88,194,Refrigerated (2–8°C),WH-C,In Stock,2024-03-22
INV001340,MED000443,SUP0073,BAT289517,2023-09-08,2026-04-25,101,552.8,752.02,99,Frozen (-20°C),WH-D,In Stock,2023-12-16
INV002941,MED000443,SUP0051,BAT660892,2023-08-11,2025-08-30,814,519.34,658.06,47,Frozen (-20°C),WH-B,In Stock,2023-09-07
INV001478,MED000444,SUP0053,BAT199566,2023-08-11,2026-04-27,607,469.6,651.39,197,Refrigerated (2–8°C),WH-A,In Stock,2023-09-27
INV002214,MED000444,SUP0013,BAT610316,2025-05-02,2027-01-22,542,466.91,643.28,29,Refrigerated (2–8°C),WH-A,In Stock,2025-07-14
INV002621,MED000444,SUP0007,BAT465742,2026-04-06,2029-01-20,480,455.65,622.8,49,Frozen (-20°C),WH-D,In Stock,2026-07-20
INV003519,MED000444,SUP0006,BAT436526,2025-10-03,2028-01-21,527,227.48,283.69,147,Refrigerated (2–8°C),WH-B,In Stock,2025-11-20
INV001453,MED000445,SUP0066,BAT124969,2025-04-15,2026-04-10,849,516.91,641.63,71,Frozen (-20°C),WH-D,In Stock,2025-06-24
INV003352,MED000445,SUP0063,BAT752957,2026-06-13,2027-08-07,111,14.22,17.19,192,Frozen (-20°C),WH-E,Low Stock,2026-07-20
INV004674,MED000445,SUP0006,BAT664183,2023-07-30,2025-04-20,859,120.19,165.31,79,Room Temperature,WH-C,In Stock,2023-11-02
INV003007,MED000446,SUP0075,BAT233263,2026-04-15,2028-08-02,300,294.12,389.07,95,Frozen (-20°C),WH-E,In Stock,2026-07-20
INV004566,MED000446,SUP0056,BAT975035,2024-09-05,2025-10-30,577,415.28,541.22,74,Room Temperature,WH-D,In Stock,2024-11-26
INV004795,MED000446,SUP0044,BAT730600,2023-09-16,2025-09-05,496,21.31,28.05,199,Frozen (-20°C),WH-C,In Stock,2023-11-07
INV002294,MED000447,SUP0065,BAT896841,2025-05-25,2028-02-09,827,235.39,317.84,36,Frozen (-20°C),WH-D,In Stock,2025-11-09
INV002727,MED000447,SUP0063,BAT631750,2023-12-13,2025-02-05,859,317.71,425.08,79,Frozen (-20°C),WH-E,In Stock,2024-05-22
INV003720,MED000447,SUP0006,BAT114957,2023-10-18,2026-04-05,921,401.03,498.22,40,Room Temperature,WH-C,In Stock,2023-11-13
INV003371,MED000448,SUP0051,BAT682563,2026-02-23,2027-11-15,482,157.22,203.1,152,Room Temperature,WH-D,In Stock,2026-07-05
INV004843,MED000448,SUP0075,BAT724455,2025-06-29,2026-07-24,400,387.45,503.16,128,Room Temperature,WH-C,In Stock,2025-10-22
INV000048,MED000449,SUP0023,BAT943170,2026-06-15,2028-08-03,570,550.89,674.44,88,Room Temperature,WH-D,In Stock,2026-07-12
INV001600,MED000449,SUP0071,BAT634456,2024-05-12,2025-08-05,738,315.61,422.28,119,Refrigerated (2–8°C),WH-E,In Stock,2024-08-03
INV001742,MED000449,SUP0021,BAT947502,2025-10-03,2027-06-25,964,344.77,431.72,30,Refrigerated (2–8°C),WH-E,In Stock,2025-12-20
INV001902,MED000449,SUP0029,BAT422662,2025-05-28,2026-08-21,15,344.93,458.28,33,Refrigerated (2–8°C),WH-A,Low Stock,2025-06-29
INV001919,MED000449,SUP0017,BAT236927,2026-01-04,2028-03-24,870,418.79,511.19,57,Refrigerated (2–8°C),WH-B,In Stock,2026-04-20
INV002500,MED000449,SUP0032,BAT523960,2025-08-18,2027-01-10,899,467.59,649.85,138,Refrigerated (2–8°C),WH-D,In Stock,2025-11-14
INV004774,MED000449,SUP0043,BAT483761,2025-07-22,2027-07-12,521,356.09,431.82,119,Room Temperature,WH-E,In Stock,2025-10-06
INV000008,MED000450,SUP0042,BAT983794,2023-11-12,2025-06-04,824,243.69,295.65,105,Frozen (-20°C),WH-C,In Stock,2023-12-05
INV001068,MED000451,SUP0035,BAT619225,2024-09-14,2026-02-06,355,176.36,232.67,188,Frozen (-20°C),WH-A,In Stock,2024-11-20
INV001967,MED000451,SUP0050,BAT282992,2025-10-19,2028-07-05,520,400.06,498.41,98,Frozen (-20°C),WH-D,In Stock,2025-11-17
INV003362,MED000451,SUP0001,BAT766443,2024-03-26,2025-03-21,83,553.58,703.65,96,Frozen (-20°C),WH-E,Low Stock,2024-07-18
INV001507,MED000452,SUP0074,BAT888242,2025-01-17,2027-06-06,860,95.26,124.86,85,Refrigerated (2–8°C),WH-B,In Stock,2025-05-02
INV001933,MED000452,SUP0026,BAT686893,2025-06-13,2027-01-04,737,568.6,793.1,97,Room Temperature,WH-C,In Stock,2025-08-01
INV002629,MED000452,SUP0041,BAT403061,2026-05-25,2028-09-11,366,537.19,709.1,150,Room Temperature,WH-C,In Stock,2026-07-20
INV004447,MED000452,SUP0060,BAT330401,2023-08-15,2025-06-05,794,103.12,136.04,100,Refrigerated (2–8°C),WH-E,In Stock,2023-10-21
INV004933,MED000452,SUP0023,BAT932975,2025-06-24,2027-07-14,949,407.91,570.87,103,Frozen (-20°C),WH-E,In Stock,2025-08-22
INV000223,MED000453,SUP0053,BAT415098,2025-02-03,2026-02-28,971,528.43,730.46,176,Frozen (-20°C),WH-D,In Stock,2025-07-10
INV000135,MED000454,SUP0043,BAT916964,2024-06-29,2025-08-23,648,320.71,397.29,54,Refrigerated (2–8°C),WH-C,In Stock,2024-11-21
INV001226,MED000455,SUP0023,BAT905142,2024-11-13,2026-10-04,348,494.83,654.22,153,Refrigerated (2–8°C),WH-A,In Stock,2025-02-28
INV002549,MED000455,SUP0057,BAT362753,2024-11-22,2027-10-08,610,13.18,17.96,172,Frozen (-20°C),WH-C,In Stock,2025-03-20
INV004305,MED000455,SUP0046,BAT433290,2023-09-20,2024-11-13,214,129.37,156.88,119,Room Temperature,WH-A,In Stock,2024-03-02
INV004359,MED000455,SUP0056,BAT508285,2025-02-28,2026-08-22,304,580.91,737.75,78,Frozen (-20°C),WH-B,In Stock,2025-07-03
INV001960,MED000456,SUP0072,BAT810694,2024-07-29,2027-05-15,986,401.4,549.26,151,Refrigerated (2–8°C),WH-C,In Stock,2024-09-04
INV002703,MED000456,SUP0054,BAT981953,2023-08-08,2025-02-28,578,402.2,489.55,198,Frozen (-20°C),WH-D,In Stock,2024-01-07
INV002895,MED000456,SUP0006,BAT337175,2024-06-16,2026-06-06,670,478.53,598.8,109,Refrigerated (2–8°C),WH-D,In Stock,2024-09-15
INV004891,MED000457,SUP0049,BAT601930,2025-07-31,2027-07-21,465,458.18,581.07,119,Refrigerated (2–8°C),WH-A,In Stock,2025-09-29
INV000906,MED000458,SUP0034,BAT221309,2025-03-07,2026-05-01,91,445.65,618.31,112,Frozen (-20°C),WH-A,Low Stock,2025-04-19
INV001435,MED000458,SUP0001,BAT443109,2025-07-19,2028-02-04,575,471.29,655.72,62,Refrigerated (2–8°C),WH-C,In Stock,2025-12-04
INV001995,MED000458,SUP0073,BAT157260,2023-09-15,2025-01-07,109,468.38,581.17,59,Refrigerated (2–8°C),WH-C,In Stock,2023-12-30
INV002809,MED000458,SUP0005,BAT299029,2023-11-18,2025-08-09,10,267.37,325.55,140,Frozen (-20°C),WH-A,Low Stock,2024-02-16
INV002989,MED000458,SUP0004,BAT659380,2024-10-17,2025-11-11,618,571.62,745.44,138,Frozen (-20°C),WH-E,In Stock,2025-02-11
INV004576,MED000458,SUP0008,BAT914842,2024-06-02,2025-10-25,661,62.36,80.14,157,Refrigerated (2–8°C),WH-B,In Stock,2024-10-09
INV003213,MED000459,SUP0006,BAT196748,2025-03-05,2027-08-22,573,101.84,132.91,33,Frozen (-20°C),WH-A,In Stock,2025-06-06
INV004252,MED000459,SUP0033,BAT758160,2023-12-28,2025-09-18,357,325.61,415.97,186,Refrigerated (2–8°C),WH-A,In Stock,2024-01-20
INV000303,MED000460,SUP0042,BAT360322,2025-11-19,2028-10-04,277,345.06,422.31,44,Frozen (-20°C),WH-A,In Stock,2026-02-23
INV001269,MED000460,SUP0020,BAT391835,2024-03-21,2026-11-06,365,278.3,384.76,152,Room Temperature,WH-E,In Stock,2024-05-25
INV001349,MED000460,SUP0029,BAT357269,2024-10-25,2026-12-14,831,91.5,115.23,80,Room Temperature,WH-E,In Stock,2025-04-23
INV003604,MED000460,SUP0004,BAT586099,2024-12-02,2026-03-27,860,397.35,538.22,121,Frozen (-20°C),WH-E,In Stock,2025-03-05
INV000046,MED000461,SUP0026,BAT254511,2023-09-09,2024-10-03,486,510.59,620.15,181,Refrigerated (2–8°C),WH-E,In Stock,2023-11-25
INV000079,MED000461,SUP0020,BAT378535,2024-05-07,2025-07-01,169,359.05,490.05,103,Refrigerated (2–8°C),WH-D,In Stock,2024-06-06
INV001243,MED000461,SUP0003,BAT843449,2025-05-15,2026-12-06,626,438.26,579.32,98,Refrigerated (2–8°C),WH-E,In Stock,2025-06-15
INV002732,MED000461,SUP0044,BAT828597,2025-11-29,2027-06-22,939,331.15,452.41,175,Room Temperature,WH-D,In Stock,2026-05-16
INV004547,MED000461,SUP0007,BAT338023,2026-07-04,2028-03-25,107,384.22,496.71,135,Refrigerated (2–8°C),WH-E,Low Stock,2026-07-20
INV004897,MED000461,SUP0004,BAT237839,2026-03-01,2028-12-15,562,189.89,261.02,106,Room Temperature,WH-C,In Stock,2026-05-16
INV001105,MED000462,SUP0026,BAT878204,2024-06-16,2026-07-06,828,56.18,67.69,74,Frozen (-20°C),WH-A,In Stock,2024-11-13
INV001957,MED000462,SUP0017,BAT337646,2025-12-03,2027-12-23,519,583.34,754.79,114,Room Temperature,WH-A,In Stock,2026-01-09
INV001058,MED000463,SUP0012,BAT376626,2025-03-18,2028-01-02,361,502.15,626.92,167,Frozen (-20°C),WH-B,In Stock,2025-04-23
INV001944,MED000463,SUP0014,BAT813733,2023-08-27,2024-08-21,661,439.87,571.45,200,Frozen (-20°C),WH-C,In Stock,2024-01-25
INV002244,MED000463,SUP0052,BAT709112,2026-05-18,2028-10-04,291,376.15,508.18,78,Room Temperature,WH-B,In Stock,2026-07-20
INV000147,MED000464,SUP0018,BAT262471,2023-12-26,2025-09-16,519,501.9,690.98,163,Room Temperature,WH-C,In Stock,2024-02-04
INV000286,MED000464,SUP0067,BAT813013,2026-01-17,2027-01-12,712,491.18,686.49,112,Refrigerated (2–8°C),WH-B,In Stock,2026-02-03
INV001054,MED000464,SUP0022,BAT192292,2024-08-15,2027-07-01,835,593.79,823.48,162,Room Temperature,WH-C,In Stock,2024-12-02
INV002516,MED000464,SUP0030,BAT385396,2025-01-27,2026-07-21,939,254.46,329.88,195,Room Temperature,WH-C,In Stock,2025-06-12
INV003859,MED000464,SUP0050,BAT104646,2025-11-27,2027-03-22,197,250.87,318.52,28,Refrigerated (2–8°C),WH-B,In Stock,2026-01-25
INV001361,MED000465,SUP0045,BAT778664,2024-01-04,2025-10-25,769,316.7,381.33,49,Frozen (-20°C),WH-A,In Stock,2024-05-13
INV001956,MED000465,SUP0025,BAT647579,2024-07-11,2025-07-06,372,416.26,568.47,146,Room Temperature,WH-C,In Stock,2024-10-07
INV002570,MED000465,SUP0001,BAT399530,2025-06-24,2028-05-09,139,54.29,69.33,84,Frozen (-20°C),WH-D,In Stock,2025-09-02
INV001873,MED000466,SUP0057,BAT155826,2024-04-24,2025-10-16,33,47.17,60.66,143,Refrigerated (2–8°C),WH-A,Low Stock,2024-05-20
INV000193,MED000467,SUP0007,BAT711868,2026-03-30,2027-08-22,644,465.89,594.49,183,Frozen (-20°C),WH-B,In Stock,2026-07-20
INV000845,MED000467,SUP0030,BAT858472,2024-09-22,2026-12-11,528,472.65,638.8,175,Frozen (-20°C),WH-D,In Stock,2024-12-05
INV003294,MED000467,SUP0033,BAT744965,2025-06-09,2027-12-26,7,336.02,426.6,76,Frozen (-20°C),WH-C,Low Stock,2025-09-05
INV000019,MED000469,SUP0009,BAT132938,2025-05-27,2026-07-21,243,403.04,500.92,96,Room Temperature,WH-E,In Stock,2025-10-20
INV001282,MED000469,SUP0034,BAT594908,2025-04-02,2027-02-21,313,437.39,597.41,110,Refrigerated (2–8°C),WH-D,In Stock,2025-05-24
INV002483,MED000469,SUP0056,BAT604764,2026-07-20,2028-08-08,646,567.45,682.62,51,Frozen (-20°C),WH-A,In Stock,2026-07-20
INV002942,MED000470,SUP0018,BAT520831,2026-04-10,2027-06-04,759,321.26,417.65,194,Room Temperature,WH-E,In Stock,2026-07-02
INV003403,MED000471,SUP0069,BAT326400,2024-08-30,2027-07-16,380,350.31,433.44,128,Frozen (-20°C),WH-A,In Stock,2025-01-28
INV003806,MED000471,SUP0004,BAT456530,2025-04-24,2027-07-13,588,397.75,525.1,145,Frozen (-20°C),WH-B,In Stock,2025-09-08
INV003949,MED000472,SUP0065,BAT395399,2025-03-17,2026-04-11,493,238.83,298.87,189,Frozen (-20°C),WH-E,In Stock,2025-05-30
INV003963,MED000472,SUP0029,BAT111978,2024-09-21,2027-04-09,246,223.18,300.87,178,Refrigerated (2–8°C),WH-A,In Stock,2025-01-05
INV004787,MED000472,SUP0021,BAT733514,2025-05-11,2027-05-01,651,598.47,740.16,149,Refrigerated (2–8°C),WH-E,In Stock,2025-06-24
INV003636,MED000474,SUP0065,BAT183314,2024-03-28,2025-03-23,6,425.87,579.58,59,Frozen (-20°C),WH-E,Low Stock,2024-07-10
INV004579,MED000474,SUP0007,BAT957313,2025-09-24,2027-12-13,30,409.11,513.8,41,Refrigerated (2–8°C),WH-A,Low Stock,2026-02-27
INV000972,MED000475,SUP0056,BAT486547,2024-05-19,2026-08-07,507,278.34,379.41,71,Room Temperature,WH-B,In Stock,2024-06-26
INV002902,MED000475,SUP0026,BAT485935,2024-11-04,2027-10-20,847,119.31,163.2,101,Frozen (-20°C),WH-A,In Stock,2025-03-27
INV003243,MED000475,SUP0069,BAT485509,2023-11-11,2026-04-29,857,380.43,458.15,198,Frozen (-20°C),WH-B,In Stock,2024-02-17
INV004232,MED000475,SUP0010,BAT570956,2025-03-29,2026-11-19,557,473.11,643.82,168,Frozen (-20°C),WH-A,In Stock,2025-09-13
INV000099,MED000476,SUP0060,BAT768891,2024-12-22,2027-02-10,682,539.85,698.05,27,Refrigerated (2–8°C),WH-E,In Stock,2025-03-12
INV001118,MED000476,SUP0012,BAT717210,2023-08-10,2025-03-02,765,342.99,479.56,162,Room Temperature,WH-B,In Stock,2023-12-08
INV004472,MED000476,SUP0028,BAT375101,2024-04-20,2025-08-13,941,419.93,543.68,149,Frozen (-20°C),WH-C,In Stock,2024-08-26
INV001134,MED000477,SUP0015,BAT786398,2023-10-07,2025-02-28,881,350.03,422.97,137,Frozen (-20°C),WH-B,In Stock,2024-02-28
INV003127,MED000478,SUP0060,BAT566062,2025-02-12,2026-07-07,798,192.76,255.23,38,Refrigerated (2–8°C),WH-D,In Stock,2025-06-23
INV004502,MED000478,SUP0066,BAT411467,2024-11-24,2025-12-19,480,581.3,735.86,170,Refrigerated (2–8°C),WH-E,In Stock,2025-05-09
INV000900,MED000479,SUP0063,BAT519603,2024-01-03,2025-11-23,961,592.19,812.14,146,Room Temperature,WH-D,In Stock,2024-05-06
INV002183,MED000479,SUP0040,BAT336293,2025-06-10,2028-02-25,807,302.76,415.63,98,Room Temperature,WH-A,In Stock,2025-11-22
INV003995,MED000480,SUP0023,BAT391206,2024-06-06,2027-01-22,708,586.81,736.74,130,Refrigerated (2–8°C),WH-B,In Stock,2024-07-20
INV004892,MED000480,SUP0040,BAT712521,2026-05-30,2029-05-14,252,272.12,360.3,179,Refrigerated (2–8°C),WH-B,In Stock,2026-07-20
INV000379,MED000481,SUP0001,BAT113368,2024-01-19,2025-04-13,685,93.74,114.18,151,Frozen (-20°C),WH-A,In Stock,2024-06-28
INV003584,MED000481,SUP0044,BAT484184,2025-06-03,2028-04-18,584,84.23,113.22,102,Room Temperature,WH-B,In Stock,2025-10-12
INV001124,MED000482,SUP0057,BAT781478,2026-02-04,2027-04-30,510,165.83,218.51,33,Refrigerated (2–8°C),WH-A,In Stock,2026-02-24
INV001788,MED000482,SUP0048,BAT817588,2026-06-05,2028-12-21,906,271.91,334.26,174,Room Temperature,WH-A,In Stock,2026-07-20
INV002435,MED000483,SUP0018,BAT582521,2024-05-11,2025-12-02,121,376.68,523.27,140,Room Temperature,WH-B,Low Stock,2024-09-24
INV000494,MED000484,SUP0056,BAT440277,2023-08-20,2025-01-11,598,240.51,300.31,55,Room Temperature,WH-E,In Stock,2023-11-13
INV001740,MED000484,SUP0071,BAT677407,2024-05-10,2025-12-01,332,221.4,308.37,192,Frozen (-20°C),WH-E,In Stock,2024-07-06
INV003572,MED000486,SUP0034,BAT240832,2025-11-26,2028-09-11,863,473.17,611.91,153,Room Temperature,WH-B,In Stock,2026-04-14
INV000967,MED000488,SUP0038,BAT140989,2024-05-19,2026-01-09,276,387.24,483.97,38,Room Temperature,WH-E,In Stock,2024-07-07
INV004716,MED000488,SUP0071,BAT503527,2025-05-06,2027-05-26,423,592.59,776.82,36,Refrigerated (2–8°C),WH-E,In Stock,2025-07-05
INV000617,MED000489,SUP0063,BAT507652,2023-11-27,2026-04-15,315,322.69,441.07,152,Refrigerated (2–8°C),WH-A,In Stock,2024-05-24
INV001588,MED000489,SUP0053,BAT105543,2026-06-26,2028-02-16,813,298.13,371.94,73,Refrigerated (2–8°C),WH-B,In Stock,2026-07-20
INV003672,MED000489,SUP0065,BAT836660,2026-02-13,2028-03-04,895,544.39,750.39,45,Frozen (-20°C),WH-D,In Stock,2026-04-16
INV004645,MED000489,SUP0001,BAT343306,2024-03-20,2026-01-09,279,189.08,263.42,121,Frozen (-20°C),WH-C,In Stock,2024-08-18
INV001004,MED000490,SUP0027,BAT740037,2023-12-21,2025-04-14,642,62.96,75.74,152,Refrigerated (2–8°C),WH-E,In Stock,2024-05-29
INV000997,MED000491,SUP0037,BAT270666,2024-02-24,2025-04-19,611,455.13,574.29,27,Frozen (-20°C),WH-B,In Stock,2024-05-03
INV001445,MED000491,SUP0008,BAT776078,2023-09-08,2024-10-02,863,289.82,350.23,82,Room Temperature,WH-B,In Stock,2024-03-05
INV002153,MED000491,SUP0015,BAT741924,2023-07-30,2024-07-24,533,462.03,606.93,171,Room Temperature,WH-A,In Stock,2023-12-24
INV002876,MED000492,SUP0048,BAT806537,2025-07-19,2028-05-04,608,32.06,38.84,129,Room Temperature,WH-B,In Stock,2025-12-15
INV002665,MED000493,SUP0020,BAT130721,2026-02-18,2028-05-08,537,7.72,10.05,145,Frozen (-20°C),WH-C,In Stock,2026-06-06
INV003074,MED000493,SUP0042,BAT140146,2024-05-30,2027-04-15,236,424.71,525.83,25,Refrigerated (2–8°C),WH-B,In Stock,2024-10-27
INV004259,MED000493,SUP0014,BAT454626,2023-09-03,2025-10-22,794,157.75,209.24,152,Frozen (-20°C),WH-C,In Stock,2023-10-06
INV000160,MED000494,SUP0014,BAT908977,2025-05-31,2026-09-23,360,206.44,274.27,164,Frozen (-20°C),WH-D,In Stock,2025-06-26
INV003172,MED000495,SUP0032,BAT155425,2024-09-29,2026-11-18,827,430.71,595.11,191,Room Temperature,WH-E,In Stock,2024-11-28
INV003274,MED000495,SUP0002,BAT741505,2023-09-26,2025-11-14,794,440.8,548.98,35,Room Temperature,WH-D,In Stock,2023-12-16
INV004217,MED000495,SUP0011,BAT294381,2025-05-25,2027-05-15,510,211.0,288.0,60,Frozen (-20°C),WH-B,In Stock,2025-10-11
INV003554,MED000496,SUP0069,BAT544503,2026-01-09,2027-02-03,485,22.63,30.65,123,Frozen (-20°C),WH-B,In Stock,2026-05-18
INV004625,MED000496,SUP0002,BAT307495,2024-05-07,2027-03-23,132,412.48,545.71,102,Refrigerated (2–8°C),WH-C,In Stock,2024-09-03
INV000886,MED000497,SUP0062,BAT136183,2025-07-30,2028-03-16,714,388.97,487.09,195,Refrigerated (2–8°C),WH-B,In Stock,2025-08-21
INV000989,MED000497,SUP0027,BAT968034,2024-10-22,2025-11-16,120,229.59,276.72,61,Refrigerated (2–8°C),WH-C,In Stock,2024-12-11
INV001989,MED000497,SUP0034,BAT389184,2026-01-29,2027-10-21,588,526.86,660.03,94,Frozen (-20°C),WH-E,In Stock,2026-04-11
INV000620,MED000498,SUP0017,BAT115063,2024-07-07,2027-02-22,926,493.34,601.61,103,Frozen (-20°C),WH-B,In Stock,2024-08-03
INV001336,MED000498,SUP0075,BAT619020,2024-10-16,2027-04-04,681,66.86,90.67,93,Frozen (-20°C),WH-D,In Stock,2025-02-19
INV001834,MED000498,SUP0038,BAT776399,2024-06-25,2026-09-13,31,521.23,683.34,74,Refrigerated (2–8°C),WH-B,Low Stock,2024-08-22
INV000624,MED000499,SUP0075,BAT142675,2024-04-19,2025-07-13,627,467.71,562.71,121,Refrigerated (2–8°C),WH-A,In Stock,2024-10-12
INV004339,MED000499,SUP0049,BAT638372,2026-04-15,2027-10-07,828,373.2,461.11,40,Refrigerated (2–8°C),WH-C,In Stock,2026-06-05
INV001515,MED000500,SUP0009,BAT574214,2023-09-03,2025-08-23,353,231.68,300.77,117,Frozen (-20°C),WH-D,In Stock,2024-02-11
INV002666,MED000500,SUP0021,BAT910695,2025-11-03,2028-10-18,574,395.85,526.39,80,Refrigerated (2–8°C),WH-B,In Stock,2026-04-23
INV001179,MED000501,SUP0049,BAT118048,2026-05-03,2029-03-18,974,458.81,616.14,120,Refrigerated (2–8°C),WH-B,In Stock,2026-07-20
INV002043,MED000501,SUP0068,BAT346355,2023-07-24,2025-06-13,705,555.32,759.95,66,Frozen (-20°C),WH-B,In Stock,2023-12-27
INV000879,MED000502,SUP0055,BAT285006,2024-12-11,2026-09-02,590,580.8,720.35,139,Refrigerated (2–8°C),WH-A,In Stock,2025-03-09
INV000917,MED000502,SUP0005,BAT224573,2024-11-25,2026-11-15,309,572.96,762.36,177,Refrigerated (2–8°C),WH-A,In Stock,2025-04-14
INV001733,MED000502,SUP0054,BAT375136,2026-04-18,2027-09-10,734,280.6,338.08,166,Room Temperature,WH-D,In Stock,2026-06-24
INV003608,MED000502,SUP0018,BAT359481,2024-01-08,2025-08-30,705,490.28,597.84,122,Room Temperature,WH-B,In Stock,2024-04-23
INV004121,MED000502,SUP0015,BAT525792,2025-09-04,2026-08-30,687,259.73,347.03,55,Room Temperature,WH-A,In Stock,2026-01-30
INV002704,MED000503,SUP0049,BAT729389,2023-08-15,2025-10-03,606,390.57,502.15,103,Room Temperature,WH-A,In Stock,2024-01-07
INV002835,MED000503,SUP0048,BAT319853,2023-10-14,2025-11-02,526,259.12,348.65,112,Frozen (-20°C),WH-D,In Stock,2024-03-07
INV003826,MED000503,SUP0026,BAT968506,2024-11-05,2025-11-30,834,178.67,217.51,120,Frozen (-20°C),WH-C,In Stock,2025-03-29
INV002505,MED000505,SUP0074,BAT127403,2025-11-12,2027-02-05,748,92.53,121.5,162,Frozen (-20°C),WH-B,In Stock,2026-03-07
INV004142,MED000505,SUP0051,BAT441062,2024-06-22,2026-03-14,836,403.72,484.66,146,Refrigerated (2–8°C),WH-C,In Stock,2024-08-20
INV002329,MED000506,SUP0033,BAT650703,2024-07-08,2025-08-02,970,537.65,732.61,89,Room Temperature,WH-C,In Stock,2024-12-03
INV003662,MED000506,SUP0057,BAT673132,2023-08-19,2025-04-10,2,28.37,37.61,99,Room Temperature,WH-D,Low Stock,2023-12-24
INV004040,MED000506,SUP0048,BAT795611,2026-05-16,2028-12-01,457,38.31,48.91,146,Frozen (-20°C),WH-B,In Stock,2026-07-20
INV000835,MED000507,SUP0007,BAT760035,2025-02-13,2026-06-08,991,532.07,660.75,174,Room Temperature,WH-D,In Stock,2025-07-08
INV002051,MED000507,SUP0010,BAT751343,2024-04-06,2026-05-26,455,74.48,103.05,129,Frozen (-20°C),WH-A,In Stock,2024-09-23
INV003549,MED000507,SUP0050,BAT579264,2025-05-20,2027-12-06,935,190.74,239.31,131,Frozen (-20°C),WH-E,In Stock,2025-06-30
INV004550,MED000507,SUP0066,BAT576680,2025-12-25,2028-03-14,565,186.59,228.25,189,Frozen (-20°C),WH-C,In Stock,2026-03-03
INV004813,MED000507,SUP0004,BAT749169,2025-08-06,2027-02-27,765,102.3,130.2,72,Frozen (-20°C),WH-D,In Stock,2025-09-09
INV000698,MED000508,SUP0031,BAT779564,2025-04-20,2027-10-07,932,522.02,638.38,41,Room Temperature,WH-A,In Stock,2025-05-26
INV001924,MED000508,SUP0070,BAT961067,2025-02-05,2026-04-01,396,101.51,133.33,125,Room Temperature,WH-A,In Stock,2025-07-28
INV003404,MED000508,SUP0053,BAT730021,2025-09-05,2027-05-28,43,487.8,588.21,95,Room Temperature,WH-D,Low Stock,2026-02-01
INV002363,MED000509,SUP0042,BAT837277,2025-08-28,2026-08-23,237,87.03,111.13,28,Frozen (-20°C),WH-E,In Stock,2025-12-14
INV003117,MED000509,SUP0001,BAT369137,2025-08-18,2027-07-09,830,350.48,424.15,112,Refrigerated (2–8°C),WH-B,In Stock,2025-11-23
INV001236,MED000510,SUP0023,BAT188129,2026-07-20,2027-10-13,744,381.59,490.81,62,Refrigerated (2–8°C),WH-C,In Stock,2026-07-20
INV001799,MED000510,SUP0034,BAT741522,2025-12-16,2026-12-11,463,190.87,231.52,155,Room Temperature,WH-B,In Stock,2026-03-09
INV003783,MED000510,SUP0043,BAT336713,2024-11-12,2026-08-04,961,380.31,460.67,124,Room Temperature,WH-D,In Stock,2024-11-27
INV002965,MED000511,SUP0042,BAT433550,2025-01-03,2027-09-20,731,109.74,137.14,97,Refrigerated (2–8°C),WH-E,In Stock,2025-01-31
INV001130,MED000512,SUP0070,BAT410194,2025-06-11,2027-11-28,39,168.19,210.87,182,Refrigerated (2–8°C),WH-E,Low Stock,2025-10-05
INV002319,MED000512,SUP0049,BAT780552,2026-01-25,2027-01-20,940,149.16,188.49,100,Frozen (-20°C),WH-C,In Stock,2026-03-14
INV003004,MED000512,SUP0005,BAT235936,2024-10-22,2026-07-14,381,447.42,577.32,122,Room Temperature,WH-B,In Stock,2024-11-15
INV003226,MED000512,SUP0024,BAT326704,2025-03-22,2026-09-13,818,205.9,269.09,128,Refrigerated (2–8°C),WH-C,In Stock,2025-04-13
INV003827,MED000512,SUP0054,BAT784396,2025-12-17,2027-01-11,693,380.12,525.94,29,Room Temperature,WH-B,In Stock,2026-02-16
INV004805,MED000512,SUP0047,BAT777717,2025-09-07,2027-07-29,569,463.81,609.57,188,Frozen (-20°C),WH-B,In Stock,2025-10-02
INV000843,MED000513,SUP0039,BAT881410,2025-02-02,2026-07-27,141,547.87,658.38,164,Refrigerated (2–8°C),WH-C,Low Stock,2025-07-21
INV002752,MED000513,SUP0012,BAT975313,2023-12-01,2026-07-18,801,367.25,441.89,74,Frozen (-20°C),WH-B,In Stock,2024-05-02
INV003157,MED000513,SUP0053,BAT810334,2025-12-05,2028-03-24,567,597.3,755.17,196,Room Temperature,WH-B,In Stock,2026-05-25
INV003207,MED000514,SUP0012,BAT284578,2024-01-18,2026-06-06,370,103.04,133.5,193,Refrigerated (2–8°C),WH-E,In Stock,2024-02-11
INV003675,MED000514,SUP0014,BAT861049,2026-05-16,2028-09-02,177,128.31,160.6,132,Frozen (-20°C),WH-B,In Stock,2026-07-20
INV004055,MED000514,SUP0017,BAT506850,2025-06-05,2027-10-23,330,128.06,155.45,37,Refrigerated (2–8°C),WH-E,In Stock,2025-10-21
INV003309,MED000515,SUP0068,BAT525407,2025-05-26,2026-10-18,191,413.19,527.96,51,Room Temperature,WH-E,In Stock,2025-07-08
INV004263,MED000515,SUP0040,BAT188077,2024-10-29,2026-03-23,916,520.75,714.07,42,Room Temperature,WH-D,In Stock,2025-03-23
INV004585,MED000515,SUP0029,BAT535377,2025-10-26,2028-08-11,691,288.0,393.66,88,Refrigerated (2–8°C),WH-D,In Stock,2026-01-11
INV004659,MED000515,SUP0062,BAT618972,2024-08-13,2027-03-01,42,182.23,247.63,63,Refrigerated (2–8°C),WH-A,Low Stock,2024-10-09
INV004838,MED000515,SUP0007,BAT627766,2024-10-19,2027-06-06,85,118.64,160.45,81,Refrigerated (2–8°C),WH-D,In Stock,2025-02-02
INV001497,MED000516,SUP0035,BAT384427,2025-03-03,2027-09-19,233,556.46,703.83,105,Room Temperature,WH-E,In Stock,2025-07-27
INV002154,MED000517,SUP0016,BAT525925,2023-07-26,2024-07-20,977,233.77,315.73,48,Frozen (-20°C),WH-B,In Stock,2024-01-05
INV004658,MED000517,SUP0052,BAT931677,2023-10-25,2025-12-13,213,17.42,22.29,173,Refrigerated (2–8°C),WH-E,In Stock,2024-01-21
INV004780,MED000517,SUP0031,BAT119024,2023-11-23,2025-11-12,706,346.62,476.08,41,Refrigerated (2–8°C),WH-E,In Stock,2024-02-07
INV003791,MED000519,SUP0057,BAT863824,2024-09-11,2026-07-03,667,372.9,513.27,184,Refrigerated (2–8°C),WH-E,In Stock,2024-11-19
INV001378,MED000520,SUP0002,BAT756971,2025-10-07,2026-11-01,131,415.25,504.16,194,Room Temperature,WH-A,Low Stock,2026-02-13
INV000887,MED000521,SUP0032,BAT731399,2024-06-15,2025-06-10,789,388.42,537.33,48,Refrigerated (2–8°C),WH-E,In Stock,2024-07-29
INV004262,MED000521,SUP0038,BAT391570,2025-09-05,2028-02-22,289,457.84,608.34,118,Frozen (-20°C),WH-B,In Stock,2026-01-05
INV000839,MED000522,SUP0071,BAT188876,2024-04-21,2027-04-06,302,313.7,390.88,138,Room Temperature,WH-D,In Stock,2024-05-27
INV002870,MED000522,SUP0064,BAT801959,2026-04-17,2029-03-02,997,79.07,100.41,99,Refrigerated (2–8°C),WH-E,In Stock,2026-07-03
INV003087,MED000522,SUP0046,BAT941316,2026-07-17,2028-11-03,723,285.18,389.94,176,Refrigerated (2–8°C),WH-A,In Stock,2026-07-20
INV002058,MED000523,SUP0072,BAT469039,2025-02-22,2027-02-12,77,120.16,158.81,155,Frozen (-20°C),WH-C,Low Stock,2025-05-18
INV003472,MED000523,SUP0056,BAT472382,2024-08-19,2026-04-11,181,41.56,51.13,35,Frozen (-20°C),WH-E,In Stock,2024-11-06
INV004468,MED000523,SUP0062,BAT608063,2025-05-11,2028-02-25,180,599.09,722.92,97,Room Temperature,WH-B,In Stock,2025-09-26
INV001930,MED000524,SUP0028,BAT924002,2025-11-08,2028-07-25,941,564.8,740.43,112,Refrigerated (2–8°C),WH-C,In Stock,2025-12-28
INV002129,MED000524,SUP0074,BAT526638,2024-09-12,2026-02-04,382,595.15,814.4,45,Room Temperature,WH-B,In Stock,2024-11-11
INV000970,MED000525,SUP0003,BAT663492,2024-02-23,2027-01-08,968,158.12,209.55,192,Frozen (-20°C),WH-E,In Stock,2024-06-14
INV003727,MED000525,SUP0018,BAT192563,2023-08-07,2026-01-23,188,199.01,267.96,57,Refrigerated (2–8°C),WH-C,In Stock,2023-10-01
INV004285,MED000525,SUP0018,BAT391707,2026-04-21,2027-07-15,294,597.01,786.43,169,Refrigerated (2–8°C),WH-B,In Stock,2026-07-20
INV004771,MED000526,SUP0005,BAT435079,2025-07-27,2027-02-17,782,537.45,748.26,128,Room Temperature,WH-E,In Stock,2025-08-22
INV002841,MED000527,SUP0043,BAT334901,2025-01-20,2027-08-08,364,47.81,60.8,106,Frozen (-20°C),WH-D,In Stock,2025-05-19
INV003954,MED000527,SUP0061,BAT700192,2024-11-06,2027-04-25,708,285.64,370.44,43,Refrigerated (2–8°C),WH-A,In Stock,2024-12-18
INV000233,MED000528,SUP0063,BAT858705,2026-04-20,2028-06-08,750,105.71,142.08,115,Refrigerated (2–8°C),WH-B,In Stock,2026-06-17
INV002402,MED000528,SUP0065,BAT548003,2023-09-29,2026-03-17,910,489.25,588.49,105,Refrigerated (2–8°C),WH-E,In Stock,2024-03-20
INV002755,MED000528,SUP0027,BAT595598,2025-08-18,2026-11-11,390,542.01,677.99,136,Room Temperature,WH-E,In Stock,2026-01-14
INV004731,MED000528,SUP0006,BAT982552,2023-10-19,2026-04-06,430,333.81,452.64,72,Refrigerated (2–8°C),WH-C,In Stock,2023-12-17
INV000345,MED000529,SUP0041,BAT862422,2023-12-05,2025-01-28,569,333.47,457.3,126,Frozen (-20°C),WH-D,In Stock,2024-03-28
INV001233,MED000529,SUP0026,BAT639907,2026-02-06,2028-02-26,475,28.71,39.44,97,Refrigerated (2–8°C),WH-C,In Stock,2026-03-05
INV003244,MED000530,SUP0004,BAT918825,2024-01-11,2026-01-30,33,72.53,89.78,164,Frozen (-20°C),WH-C,Low Stock,2024-04-27
INV000778,MED000532,SUP0065,BAT471692,2024-03-30,2025-04-24,459,345.6,415.08,101,Refrigerated (2–8°C),WH-B,In Stock,2024-05-15
INV001890,MED000532,SUP0057,BAT764499,2025-06-15,2026-07-10,289,573.74,744.98,36,Refrigerated (2–8°C),WH-B,In Stock,2025-10-20
INV002216,MED000532,SUP0051,BAT818537,2026-07-06,2028-06-25,914,115.63,150.69,140,Refrigerated (2–8°C),WH-A,In Stock,2026-07-20
INV002221,MED000532,SUP0001,BAT463701,2023-09-11,2026-05-28,966,464.34,601.25,179,Frozen (-20°C),WH-D,In Stock,2024-02-07
INV001129,MED000533,SUP0021,BAT499812,2026-03-04,2029-01-17,135,172.02,229.91,28,Refrigerated (2–8°C),WH-A,In Stock,2026-05-18
INV002991,MED000533,SUP0050,BAT604161,2025-01-10,2027-06-29,966,230.46,300.29,136,Refrigerated (2–8°C),WH-D,In Stock,2025-02-03
INV002764,MED000534,SUP0058,BAT207614,2025-06-09,2027-05-30,849,254.2,342.05,116,Room Temperature,WH-C,In Stock,2025-10-24
INV004128,MED000534,SUP0035,BAT778327,2025-10-31,2027-10-21,687,25.95,31.35,180,Room Temperature,WH-C,In Stock,2026-01-17
INV004775,MED000534,SUP0027,BAT742278,2026-01-04,2027-09-26,809,350.01,422.98,124,Refrigerated (2–8°C),WH-C,In Stock,2026-06-03
INV004500,MED000535,SUP0035,BAT319592,2026-04-15,2027-08-08,860,108.4,148.7,75,Frozen (-20°C),WH-D,In Stock,2026-05-28
INV004139,MED000536,SUP0037,BAT461760,2026-05-10,2029-03-25,146,542.24,695.59,178,Frozen (-20°C),WH-C,Low Stock,2026-07-20
INV002091,MED000537,SUP0044,BAT155216,2023-09-18,2026-07-04,114,321.7,421.69,37,Refrigerated (2–8°C),WH-B,In Stock,2023-10-12
INV002716,MED000537,SUP0062,BAT128535,2024-12-14,2026-12-04,386,586.29,748.99,162,Frozen (-20°C),WH-D,In Stock,2025-03-19
INV003015,MED000537,SUP0011,BAT394548,2024-01-27,2025-07-20,528,70.96,97.33,51,Frozen (-20°C),WH-A,In Stock,2024-02-28
INV004292,MED000539,SUP0056,BAT474580,2025-07-04,2026-09-27,669,21.36,26.44,62,Room Temperature,WH-E,In Stock,2025-08-09
INV002859,MED000540,SUP0027,BAT769669,2025-04-07,2026-10-29,549,396.06,483.34,145,Refrigerated (2–8°C),WH-E,In Stock,2025-08-10
INV003445,MED000540,SUP0003,BAT493849,2025-03-28,2026-06-21,933,297.04,396.82,64,Refrigerated (2–8°C),WH-C,In Stock,2025-05-21
INV002383,MED000541,SUP0072,BAT582351,2025-10-08,2028-02-25,383,283.88,384.49,200,Room Temperature,WH-D,In Stock,2025-10-24
INV003370,MED000541,SUP0072,BAT142946,2026-01-05,2026-12-31,461,413.03,576.64,77,Frozen (-20°C),WH-E,In Stock,2026-04-04
INV004036,MED000541,SUP0017,BAT477574,2026-04-24,2028-07-12,788,276.31,345.51,71,Refrigerated (2–8°C),WH-C,In Stock,2026-07-20
INV004092,MED000541,SUP0050,BAT167654,2025-12-28,2027-07-21,327,206.67,258.38,71,Refrigerated (2–8°C),WH-D,In Stock,2026-06-05
INV004303,MED000541,SUP0010,BAT838580,2023-08-06,2025-09-24,580,85.12,115.35,42,Refrigerated (2–8°C),WH-B,In Stock,2023-09-16
INV004474,MED000541,SUP0026,BAT827842,2025-02-09,2026-10-02,806,59.38,77.46,71,Room Temperature,WH-A,In Stock,2025-07-11
INV002912,MED000542,SUP0075,BAT929680,2025-11-27,2028-10-12,341,538.2,674.26,152,Refrigerated (2–8°C),WH-A,In Stock,2026-04-06
INV004138,MED000543,SUP0033,BAT569549,2024-01-16,2026-02-04,37,161.18,196.79,92,Room Temperature,WH-D,Low Stock,2024-04-25
INV004834,MED000543,SUP0025,BAT412321,2025-05-28,2026-06-22,414,160.06,197.63,134,Room Temperature,WH-E,In Stock,2025-07-20
INV000337,MED000544,SUP0037,BAT411847,2024-11-18,2026-02-11,402,332.05,431.06,171,Room Temperature,WH-C,In Stock,2024-12-15
INV003757,MED000544,SUP0010,BAT672925,2024-11-10,2026-03-05,191,233.71,297.32,140,Frozen (-20°C),WH-A,In Stock,2025-02-22
INV003184,MED000545,SUP0045,BAT952771,2025-08-13,2027-11-01,350,108.22,150.51,133,Room Temperature,WH-D,In Stock,2025-10-29
INV004537,MED000545,SUP0005,BAT200888,2025-09-23,2027-04-16,628,213.84,280.1,34,Frozen (-20°C),WH-B,In Stock,2026-01-30
INV000612,MED000546,SUP0020,BAT834061,2025-05-26,2027-05-16,3,426.03,576.93,156,Refrigerated (2–8°C),WH-D,Low Stock,2025-11-04
INV001067,MED000546,SUP0031,BAT169045,2026-07-14,2027-10-07,231,421.21,539.53,183,Refrigerated (2–8°C),WH-A,In Stock,2026-07-20
INV002262,MED000546,SUP0051,BAT605681,2024-04-02,2026-12-18,797,220.64,305.54,68,Frozen (-20°C),WH-C,In Stock,2024-09-13
INV003466,MED000546,SUP0050,BAT687396,2026-04-20,2027-08-13,924,139.8,173.57,38,Refrigerated (2–8°C),WH-E,In Stock,2026-06-21
INV003908,MED000546,SUP0061,BAT794566,2024-07-13,2026-07-03,349,43.17,59.78,144,Refrigerated (2–8°C),WH-E,In Stock,2024-10-18
INV000037,MED000547,SUP0021,BAT925622,2024-02-27,2026-02-16,879,137.35,187.25,145,Refrigerated (2–8°C),WH-C,In Stock,2024-03-22
INV000402,MED000547,SUP0021,BAT400538,2024-12-15,2026-04-09,707,126.38,165.33,100,Refrigerated (2–8°C),WH-D,In Stock,2025-01-14
INV000536,MED000547,SUP0073,BAT742108,2024-11-04,2027-05-23,236,20.52,24.95,200,Refrigerated (2–8°C),WH-B,In Stock,2025-01-17
INV001947,MED000547,SUP0064,BAT150970,2024-03-07,2026-05-26,658,522.47,724.54,66,Frozen (-20°C),WH-A,In Stock,2024-05-10
INV002163,MED000547,SUP0003,BAT949465,2024-05-01,2027-02-15,932,414.79,510.37,48,Room Temperature,WH-B,In Stock,2024-10-01
INV002291,MED000547,SUP0055,BAT720903,2026-05-28,2027-12-19,27,292.41,376.63,126,Room Temperature,WH-A,Low Stock,2026-07-20
INV004030,MED000548,SUP0059,BAT334052,2025-08-06,2028-04-22,284,596.42,815.78,49,Refrigerated (2–8°C),WH-B,In Stock,2025-10-14
INV001168,MED000549,SUP0065,BAT325555,2025-11-04,2026-11-29,790,160.66,203.0,107,Refrigerated (2–8°C),WH-D,In Stock,2026-04-11
INV002463,MED000549,SUP0015,BAT545324,2023-11-28,2026-01-16,344,569.24,785.27,28,Room Temperature,WH-E,In Stock,2023-12-13
INV003745,MED000549,SUP0061,BAT541270,2023-12-07,2025-03-31,852,298.91,388.21,77,Room Temperature,WH-E,In Stock,2024-06-04
INV003778,MED000549,SUP0068,BAT691426,2026-03-18,2027-10-09,725,301.82,421.25,153,Room Temperature,WH-E,In Stock,2026-07-03
INV004521,MED000549,SUP0051,BAT480342,2023-08-01,2024-07-26,591,462.28,638.32,90,Refrigerated (2–8°C),WH-C,In Stock,2023-10-12
INV004735,MED000550,SUP0055,BAT957683,2023-08-17,2024-08-11,347,339.46,416.02,192,Room Temperature,WH-D,In Stock,2023-09-27
INV003147,MED000551,SUP0059,BAT807200,2025-06-03,2028-01-19,888,256.25,337.99,178,Frozen (-20°C),WH-D,In Stock,2025-08-15
INV000798,MED000552,SUP0008,BAT433799,2026-02-26,2028-07-15,67,22.2,29.45,148,Room Temperature,WH-C,Low Stock,2026-06-25
INV001590,MED000552,SUP0032,BAT746326,2024-04-01,2027-01-16,261,365.13,438.26,190,Room Temperature,WH-D,In Stock,2024-08-01
INV002411,MED000552,SUP0073,BAT912692,2025-09-20,2027-03-14,247,514.51,705.71,25,Refrigerated (2–8°C),WH-B,In Stock,2026-02-20
INV004278,MED000552,SUP0046,BAT452984,2025-06-09,2028-03-25,399,248.95,310.79,197,Refrigerated (2–8°C),WH-C,In Stock,2025-10-23
INV001794,MED000554,SUP0022,BAT729042,2025-12-04,2028-04-22,154,437.09,558.78,143,Frozen (-20°C),WH-D,In Stock,2026-04-27
INV002023,MED000555,SUP0060,BAT121820,2024-06-25,2025-06-20,628,229.63,298.86,199,Refrigerated (2–8°C),WH-A,In Stock,2024-10-13
INV002063,MED000555,SUP0069,BAT974055,2024-12-19,2026-11-09,106,5.32,7.32,81,Frozen (-20°C),WH-E,In Stock,2025-05-16
INV003349,MED000555,SUP0034,BAT880319,2024-10-26,2027-09-11,811,545.72,724.79,95,Room Temperature,WH-C,In Stock,2024-12-07
INV004321,MED000555,SUP0038,BAT195848,2025-03-24,2026-11-14,639,460.62,621.72,91,Refrigerated (2–8°C),WH-A,In Stock,2025-05-13
INV000672,MED000556,SUP0047,BAT200488,2026-07-19,2029-01-04,843,12.67,16.52,61,Refrigerated (2–8°C),WH-D,In Stock,2026-07-20
INV004024,MED000556,SUP0036,BAT981222,2024-05-04,2027-01-19,485,320.59,420.91,156,Frozen (-20°C),WH-A,In Stock,2024-10-29
INV004646,MED000556,SUP0017,BAT673623,2023-08-23,2026-06-08,260,15.03,19.79,197,Room Temperature,WH-B,In Stock,2023-11-28
INV000965,MED000557,SUP0027,BAT293007,2023-07-28,2024-12-19,223,419.55,577.23,176,Frozen (-20°C),WH-D,In Stock,2024-01-05
INV003019,MED000557,SUP0041,BAT596816,2024-04-02,2027-03-18,468,398.53,515.89,108,Refrigerated (2–8°C),WH-A,In Stock,2024-05-26
INV002698,MED000558,SUP0002,BAT733955,2024-09-14,2026-05-07,701,409.25,515.46,142,Room Temperature,WH-E,In Stock,2025-01-11
INV004515,MED000558,SUP0049,BAT225322,2026-04-09,2027-10-31,899,401.0,546.17,117,Refrigerated (2–8°C),WH-A,In Stock,2026-05-03
INV000206,MED000559,SUP0025,BAT948102,2024-03-07,2025-12-27,748,390.73,525.03,142,Room Temperature,WH-C,In Stock,2024-05-02
INV002031,MED000559,SUP0074,BAT660393,2024-10-22,2027-08-08,65,54.81,75.1,189,Room Temperature,WH-B,Low Stock,2024-12-16
INV003178,MED000559,SUP0050,BAT717959,2026-07-02,2029-06-16,179,303.39,373.55,162,Frozen (-20°C),WH-E,In Stock,2026-07-20
INV003490,MED000559,SUP0068,BAT395568,2025-05-05,2026-06-29,338,491.53,677.96,146,Frozen (-20°C),WH-C,In Stock,2025-09-04
INV003808,MED000559,SUP0069,BAT208398,2025-04-29,2026-04-24,836,344.03,479.94,83,Refrigerated (2–8°C),WH-D,In Stock,2025-07-24
INV003991,MED000559,SUP0062,BAT232236,2025-06-07,2027-06-27,845,233.45,301.96,97,Frozen (-20°C),WH-B,In Stock,2025-07-05
INV000129,MED000560,SUP0028,BAT891615,2026-06-04,2027-08-28,440,173.53,231.78,53,Refrigerated (2–8°C),WH-E,In Stock,2026-07-20
INV001459,MED000560,SUP0035,BAT123654,2026-03-29,2027-05-23,220,241.54,308.08,41,Room Temperature,WH-D,In Stock,2026-05-22
INV003035,MED000560,SUP0065,BAT619370,2024-05-27,2025-11-18,842,508.25,648.13,114,Refrigerated (2–8°C),WH-B,In Stock,2024-11-01
INV003334,MED000560,SUP0055,BAT691316,2025-05-17,2027-01-07,579,22.75,29.14,115,Frozen (-20°C),WH-C,In Stock,2025-08-11
INV003790,MED000560,SUP0063,BAT772851,2024-07-10,2026-03-02,295,354.05,487.06,70,Refrigerated (2–8°C),WH-B,In Stock,2024-11-01
INV004146,MED000560,SUP0017,BAT758956,2025-07-31,2028-07-15,887,206.86,263.45,148,Frozen (-20°C),WH-E,In Stock,2025-09-20
INV000398,MED000561,SUP0051,BAT459513,2025-03-14,2027-05-03,141,363.5,500.64,130,Frozen (-20°C),WH-C,In Stock,2025-05-02
INV001208,MED000561,SUP0072,BAT467719,2024-03-18,2026-01-07,581,341.88,441.91,47,Room Temperature,WH-A,In Stock,2024-07-30
INV001562,MED000561,SUP0068,BAT509668,2026-07-07,2028-12-23,948,122.01,165.19,181,Frozen (-20°C),WH-A,In Stock,2026-07-20
INV000719,MED000562,SUP0011,BAT963185,2026-04-22,2028-07-10,948,431.84,593.93,110,Room Temperature,WH-B,In Stock,2026-07-20
INV002472,MED000562,SUP0038,BAT128208,2024-06-21,2025-12-13,795,42.29,53.32,114,Refrigerated (2–8°C),WH-C,In Stock,2024-09-06
INV003114,MED000562,SUP0061,BAT938017,2025-09-30,2026-12-24,110,340.41,471.62,166,Frozen (-20°C),WH-A,Low Stock,2025-11-24
INV000051,MED000563,SUP0057,BAT181247,2025-02-25,2026-09-18,343,536.35,652.26,106,Room Temperature,WH-B,In Stock,2025-05-20
INV000102,MED000563,SUP0002,BAT693419,2023-10-29,2026-05-16,852,466.57,581.36,98,Refrigerated (2–8°C),WH-B,In Stock,2024-03-19
INV004788,MED000563,SUP0053,BAT870968,2026-04-15,2028-04-04,57,453.4,625.53,162,Frozen (-20°C),WH-D,Low Stock,2026-07-12
INV004919,MED000563,SUP0018,BAT708765,2025-03-15,2026-07-08,624,455.03,554.19,60,Room Temperature,WH-C,In Stock,2025-09-03
INV001801,MED000564,SUP0070,BAT673268,2024-04-02,2025-03-28,990,576.29,781.3,171,Refrigerated (2–8°C),WH-E,In Stock,2024-08-23
INV003589,MED000564,SUP0047,BAT222588,2024-12-19,2026-10-10,757,248.88,324.03,153,Room Temperature,WH-D,In Stock,2025-03-31
INV004814,MED000565,SUP0057,BAT395410,2026-01-03,2028-05-22,63,265.8,352.24,136,Refrigerated (2–8°C),WH-C,Low Stock,2026-05-16
INV000251,MED000566,SUP0054,BAT414313,2026-04-07,2027-06-01,257,433.94,563.76,88,Frozen (-20°C),WH-B,In Stock,2026-07-20
INV000425,MED000567,SUP0047,BAT240829,2025-05-30,2027-08-18,456,465.99,604.57,116,Room Temperature,WH-B,In Stock,2025-10-10
INV001241,MED000567,SUP0065,BAT804055,2023-10-22,2026-05-09,931,408.53,512.52,71,Refrigerated (2–8°C),WH-B,In Stock,2024-02-16
INV004079,MED000568,SUP0047,BAT436549,2023-09-28,2025-11-16,918,151.01,204.11,158,Room Temperature,WH-E,In Stock,2023-11-20
INV001426,MED000569,SUP0030,BAT299172,2026-04-12,2028-10-28,443,568.66,700.57,136,Frozen (-20°C),WH-A,In Stock,2026-07-20
INV004093,MED000569,SUP0031,BAT559893,2024-06-08,2025-08-02,227,168.13,217.06,154,Refrigerated (2–8°C),WH-D,In Stock,2024-07-29
INV000057,MED000570,SUP0054,BAT364525,2024-01-04,2026-03-24,767,35.99,50.04,163,Room Temperature,WH-A,In Stock,2024-01-23
INV001062,MED000570,SUP0055,BAT272172,2025-04-10,2027-09-27,104,279.27,341.11,62,Room Temperature,WH-B,In Stock,2025-10-07
INV003568,MED000570,SUP0022,BAT270795,2025-08-18,2028-02-04,344,121.71,166.65,50,Room Temperature,WH-A,In Stock,2025-11-26
INV004519,MED000570,SUP0026,BAT332034,2024-02-13,2026-08-01,894,16.56,19.91,154,Frozen (-20°C),WH-C,In Stock,2024-05-19
INV003251,MED000571,SUP0066,BAT735478,2026-04-12,2029-01-26,703,512.08,619.93,199,Refrigerated (2–8°C),WH-A,In Stock,2026-05-20
INV003661,MED000571,SUP0074,BAT323096,2024-03-01,2026-03-21,364,403.65,526.48,198,Room Temperature,WH-C,In Stock,2024-05-23
INV004478,MED000571,SUP0031,BAT363313,2024-05-12,2025-08-05,582,479.62,621.83,114,Frozen (-20°C),WH-D,In Stock,2024-07-18
INV002089,MED000572,SUP0049,BAT620685,2024-01-16,2026-12-01,453,560.44,738.94,121,Refrigerated (2–8°C),WH-E,In Stock,2024-06-01
INV002390,MED000572,SUP0038,BAT245018,2024-09-28,2026-06-20,675,364.77,476.04,43,Frozen (-20°C),WH-A,In Stock,2025-02-16
INV004504,MED000572,SUP0060,BAT274201,2024-01-24,2026-11-09,107,99.9,127.6,56,Frozen (-20°C),WH-D,In Stock,2024-04-06
INV004851,MED000572,SUP0025,BAT965838,2026-04-27,2028-02-16,891,444.0,542.14,75,Refrigerated (2–8°C),WH-C,In Stock,2026-07-20
INV003323,MED000573,SUP0074,BAT470162,2024-06-19,2025-10-12,576,29.6,35.83,92,Room Temperature,WH-D,In Stock,2024-07-14
INV001457,MED000574,SUP0054,BAT785376,2023-09-04,2025-05-26,920,184.72,231.37,55,Room Temperature,WH-A,In Stock,2023-09-27
INV004136,MED000574,SUP0047,BAT138928,2023-11-20,2026-07-07,663,372.05,480.05,154,Refrigerated (2–8°C),WH-B,In Stock,2024-04-27
INV001449,MED000577,SUP0035,BAT683283,2025-08-25,2027-12-13,163,453.73,567.73,76,Room Temperature,WH-C,In Stock,2025-12-17
INV001855,MED000578,SUP0001,BAT947000,2026-01-21,2028-06-09,102,370.4,512.81,127,Frozen (-20°C),WH-C,Low Stock,2026-04-28
INV004815,MED000578,SUP0021,BAT630855,2025-11-14,2028-07-01,37,589.69,794.55,144,Refrigerated (2–8°C),WH-E,Low Stock,2026-01-27
INV001294,MED000579,SUP0074,BAT449964,2023-12-05,2026-10-20,578,584.67,792.88,48,Frozen (-20°C),WH-B,In Stock,2024-01-08
INV001389,MED000579,SUP0050,BAT571514,2024-11-18,2027-08-05,627,210.36,294.0,89,Refrigerated (2–8°C),WH-D,In Stock,2025-04-07
INV004144,MED000579,SUP0020,BAT441363,2025-07-13,2027-05-04,88,122.49,167.01,167,Refrigerated (2–8°C),WH-B,Low Stock,2025-11-03
INV000071,MED000580,SUP0013,BAT973074,2024-08-21,2026-05-13,369,184.85,248.0,70,Room Temperature,WH-C,In Stock,2024-11-02
INV001080,MED000580,SUP0016,BAT155777,2026-04-16,2028-01-06,440,397.85,477.47,115,Refrigerated (2–8°C),WH-B,In Stock,2026-05-02
INV002274,MED000580,SUP0012,BAT556416,2025-03-25,2026-07-18,732,236.51,296.87,50,Refrigerated (2–8°C),WH-A,In Stock,2025-05-30
INV004349,MED000580,SUP0024,BAT608260,2025-04-10,2026-04-05,163,102.94,130.23,155,Room Temperature,WH-D,In Stock,2025-07-31
INV001720,MED000581,SUP0012,BAT136901,2025-07-14,2026-12-06,392,319.88,447.68,182,Frozen (-20°C),WH-E,In Stock,2025-11-22
INV002759,MED000581,SUP0042,BAT319707,2025-05-11,2027-11-27,859,245.89,297.27,145,Refrigerated (2–8°C),WH-A,In Stock,2025-06-19
INV002324,MED000582,SUP0075,BAT177269,2024-04-10,2026-03-01,317,490.87,684.06,170,Frozen (-20°C),WH-B,In Stock,2024-09-20
INV003696,MED000582,SUP0018,BAT552580,2026-06-30,2028-05-20,496,277.26,356.78,176,Frozen (-20°C),WH-E,In Stock,2026-07-20
INV001758,MED000583,SUP0003,BAT928204,2025-10-06,2028-05-23,143,516.61,679.49,111,Refrigerated (2–8°C),WH-B,In Stock,2026-03-04
INV003822,MED000583,SUP0054,BAT173739,2025-04-20,2026-08-13,765,17.95,21.75,67,Refrigerated (2–8°C),WH-B,In Stock,2025-08-24
INV004946,MED000583,SUP0042,BAT273448,2025-05-02,2027-02-21,716,234.19,296.17,171,Refrigerated (2–8°C),WH-D,In Stock,2025-07-19
INV000152,MED000584,SUP0011,BAT900185,2024-06-13,2026-02-03,927,92.67,119.31,156,Room Temperature,WH-D,In Stock,2024-10-21
INV000291,MED000584,SUP0004,BAT989079,2025-03-29,2026-09-20,621,117.24,149.87,155,Frozen (-20°C),WH-A,In Stock,2025-08-23
INV001050,MED000584,SUP0003,BAT774933,2023-07-30,2025-09-17,134,27.02,35.31,128,Frozen (-20°C),WH-A,In Stock,2023-10-25
INV001380,MED000584,SUP0069,BAT400353,2025-02-23,2027-08-12,111,239.97,330.47,55,Room Temperature,WH-A,In Stock,2025-05-15
INV001768,MED000584,SUP0055,BAT984479,2024-07-08,2026-01-29,491,86.43,117.72,52,Refrigerated (2–8°C),WH-D,In Stock,2024-09-25
INV003729,MED000584,SUP0019,BAT550514,2025-04-09,2026-10-01,189,508.52,614.93,183,Room Temperature,WH-B,In Stock,2025-05-08
INV000171,MED000585,SUP0063,BAT309902,2024-03-28,2025-07-21,462,539.71,695.7,69,Room Temperature,WH-C,In Stock,2024-04-30
INV000795,MED000585,SUP0019,BAT291542,2024-12-25,2027-12-10,157,571.54,763.42,103,Room Temperature,WH-E,In Stock,2025-01-31
INV001153,MED000585,SUP0042,BAT502724,2025-05-03,2028-04-17,976,29.95,41.6,61,Frozen (-20°C),WH-B,In Stock,2025-07-02
INV003227,MED000585,SUP0070,BAT827176,2026-07-02,2028-11-18,638,106.8,138.16,191,Frozen (-20°C),WH-A,In Stock,2026-07-20
INV004169,MED000585,SUP0066,BAT965415,2025-05-19,2028-01-04,638,431.18,590.12,158,Frozen (-20°C),WH-B,In Stock,2025-09-25
INV003179,MED000587,SUP0058,BAT137752,2025-05-23,2026-09-15,248,403.56,552.05,45,Room Temperature,WH-E,In Stock,2025-06-18
INV003534,MED000587,SUP0021,BAT503018,2024-08-07,2026-04-29,930,173.88,243.05,107,Room Temperature,WH-B,In Stock,2024-11-15
INV004747,MED000587,SUP0037,BAT577229,2023-08-02,2025-04-23,705,226.27,286.41,104,Frozen (-20°C),WH-D,In Stock,2023-09-16
INV004980,MED000587,SUP0040,BAT664902,2025-10-11,2028-08-26,119,325.45,395.49,55,Room Temperature,WH-E,In Stock,2026-02-20
INV000044,MED000588,SUP0027,BAT550770,2025-05-10,2027-06-29,452,132.15,171.09,197,Frozen (-20°C),WH-B,In Stock,2025-09-15
INV004096,MED000588,SUP0045,BAT875357,2024-03-09,2026-04-28,388,332.56,417.99,107,Refrigerated (2–8°C),WH-E,In Stock,2024-05-21
INV003338,MED000590,SUP0059,BAT525969,2025-09-27,2028-04-14,899,484.82,600.72,178,Room Temperature,WH-D,In Stock,2025-11-02
INV003939,MED000590,SUP0041,BAT593500,2024-10-15,2026-02-07,440,38.31,47.33,114,Frozen (-20°C),WH-C,In Stock,2024-11-18
INV001264,MED000591,SUP0004,BAT331757,2025-08-18,2028-02-04,730,187.46,251.79,99,Frozen (-20°C),WH-C,In Stock,2025-12-03
INV004120,MED000591,SUP0015,BAT117213,2025-02-26,2026-04-22,60,442.41,613.74,144,Refrigerated (2–8°C),WH-E,Low Stock,2025-06-15
INV004751,MED000592,SUP0010,BAT745921,2026-02-17,2028-04-07,82,8.46,10.33,158,Frozen (-20°C),WH-D,Low Stock,2026-03-26
INV000131,MED000593,SUP0042,BAT225812,2023-08-05,2025-10-23,179,231.22,310.0,58,Frozen (-20°C),WH-E,In Stock,2023-12-08
INV000801,MED000593,SUP0022,BAT100569,2023-11-21,2026-02-08,612,504.5,643.76,89,Refrigerated (2–8°C),WH-B,In Stock,2024-02-13
INV001150,MED000593,SUP0062,BAT834122,2024-04-21,2027-03-07,741,550.22,763.33,175,Room Temperature,WH-B,In Stock,2024-06-21
INV003678,MED000593,SUP0035,BAT636300,2024-12-31,2027-12-16,429,554.58,719.07,141,Refrigerated (2–8°C),WH-C,In Stock,2025-04-14
INV004152,MED000593,SUP0035,BAT736587,2024-08-21,2025-10-15,427,211.21,290.83,150,Room Temperature,WH-D,In Stock,2024-10-26
INV000487,MED000594,SUP0015,BAT767830,2026-02-07,2028-08-25,278,297.74,376.38,184,Room Temperature,WH-A,In Stock,2026-06-17
INV002130,MED000594,SUP0002,BAT377888,2024-10-01,2026-02-23,102,322.47,427.07,52,Room Temperature,WH-B,In Stock,2025-01-31
INV001173,MED000595,SUP0021,BAT492041,2025-05-29,2027-06-18,566,564.31,681.24,88,Room Temperature,WH-E,In Stock,2025-08-07
INV002093,MED000595,SUP0037,BAT278468,2025-03-15,2027-03-05,753,467.0,588.19,156,Frozen (-20°C),WH-E,In Stock,2025-06-08
INV002290,MED000595,SUP0031,BAT480990,2025-11-10,2028-10-25,34,540.16,672.81,111,Room Temperature,WH-D,Low Stock,2026-03-14
INV000830,MED000596,SUP0057,BAT303846,2025-07-27,2026-08-21,203,174.04,216.47,75,Refrigerated (2–8°C),WH-B,In Stock,2025-08-18
INV001863,MED000596,SUP0012,BAT803556,2024-04-28,2026-07-17,394,115.0,139.72,179,Frozen (-20°C),WH-E,In Stock,2024-07-27
INV004197,MED000596,SUP0017,BAT919091,2025-10-14,2028-08-29,726,334.01,464.89,137,Refrigerated (2–8°C),WH-A,In Stock,2025-11-12
INV004529,MED000597,SUP0019,BAT857682,2026-03-07,2027-05-31,958,562.91,713.45,137,Room Temperature,WH-C,In Stock,2026-07-20
INV001120,MED000599,SUP0017,BAT735566,2025-10-12,2027-12-31,672,50.44,69.99,44,Room Temperature,WH-D,In Stock,2025-11-27
INV002479,MED000599,SUP0075,BAT969750,2024-08-29,2025-12-22,95,160.13,217.19,54,Refrigerated (2–8°C),WH-E,In Stock,2024-12-13
INV004071,MED000599,SUP0071,BAT291974,2026-03-26,2027-03-21,672,346.46,430.78,57,Frozen (-20°C),WH-A,In Stock,2026-04-22
INV001260,MED000600,SUP0051,BAT968543,2023-10-10,2025-08-30,733,379.41,488.68,155,Room Temperature,WH-A,In Stock,2024-02-04
INV002011,MED000600,SUP0007,BAT491433,2023-11-17,2026-01-05,938,398.03,521.14,91,Frozen (-20°C),WH-A,In Stock,2024-03-16
INV002432,MED000600,SUP0067,BAT319977,2024-02-08,2026-03-29,716,233.45,288.63,25,Frozen (-20°C),WH-B,In Stock,2024-04-12
INV003788,MED000601,SUP0073,BAT448598,2026-03-26,2028-11-10,170,380.91,497.58,45,Refrigerated (2–8°C),WH-B,In Stock,2026-06-22
INV004517,MED000601,SUP0001,BAT600966,2025-04-14,2026-06-08,862,206.09,273.35,76,Refrigerated (2–8°C),WH-D,In Stock,2025-10-09
INV000364,MED000602,SUP0013,BAT593649,2024-04-08,2027-02-22,742,458.94,567.53,168,Frozen (-20°C),WH-C,In Stock,2024-06-28
INV000901,MED000602,SUP0025,BAT846525,2024-05-09,2026-08-27,803,23.89,31.05,154,Room Temperature,WH-C,In Stock,2024-10-17
INV002586,MED000602,SUP0055,BAT267502,2024-06-22,2026-02-12,294,499.12,601.11,119,Refrigerated (2–8°C),WH-B,In Stock,2024-12-01
INV003030,MED000602,SUP0012,BAT949507,2025-07-20,2027-05-11,433,171.19,213.38,139,Frozen (-20°C),WH-E,In Stock,2026-01-02
INV001857,MED000603,SUP0071,BAT247667,2025-09-01,2028-01-19,578,246.13,314.48,184,Refrigerated (2–8°C),WH-A,In Stock,2026-02-08
INV002527,MED000604,SUP0055,BAT296631,2023-12-14,2025-07-06,807,27.32,36.27,45,Refrigerated (2–8°C),WH-E,In Stock,2024-05-18
INV003366,MED000604,SUP0039,BAT728889,2026-05-02,2028-03-22,717,489.17,657.15,116,Frozen (-20°C),WH-A,In Stock,2026-07-20
INV000232,MED000605,SUP0020,BAT305721,2025-05-26,2026-12-17,583,302.08,402.04,87,Frozen (-20°C),WH-C,In Stock,2025-09-15
INV000419,MED000605,SUP0019,BAT412534,2025-08-23,2026-08-18,895,89.12,107.69,167,Frozen (-20°C),WH-E,In Stock,2026-01-26
INV001212,MED000605,SUP0034,BAT831442,2026-01-06,2027-08-29,501,349.32,443.56,115,Frozen (-20°C),WH-E,In Stock,2026-02-13
INV004182,MED000605,SUP0041,BAT587703,2024-12-14,2026-01-08,780,364.22,483.45,53,Refrigerated (2–8°C),WH-A,In Stock,2025-03-24
INV004409,MED000605,SUP0061,BAT576492,2024-04-11,2025-12-02,651,433.03,598.75,125,Refrigerated (2–8°C),WH-B,In Stock,2024-10-05
INV000362,MED000606,SUP0034,BAT538897,2025-10-26,2027-10-16,597,490.53,622.3,171,Frozen (-20°C),WH-B,In Stock,2025-11-19
INV000748,MED000606,SUP0073,BAT150046,2023-12-24,2025-01-17,110,257.82,314.26,155,Frozen (-20°C),WH-E,Low Stock,2024-05-18
INV001531,MED000606,SUP0048,BAT155699,2025-07-07,2027-08-26,908,523.91,636.88,192,Refrigerated (2–8°C),WH-C,In Stock,2025-10-28
INV002998,MED000606,SUP0005,BAT631922,2023-10-03,2026-06-19,600,506.54,665.39,165,Refrigerated (2–8°C),WH-D,In Stock,2024-03-10
INV004255,MED000606,SUP0069,BAT949062,2026-01-08,2027-11-29,369,16.26,22.74,129,Frozen (-20°C),WH-E,In Stock,2026-03-07
INV002651,MED000607,SUP0004,BAT675715,2024-08-08,2026-12-26,982,19.66,23.71,161,Room Temperature,WH-C,In Stock,2024-11-25
INV003937,MED000607,SUP0054,BAT719852,2023-08-26,2026-04-12,452,369.43,468.1,92,Frozen (-20°C),WH-E,In Stock,2023-10-06
INV000874,MED000608,SUP0026,BAT259038,2025-08-28,2027-02-19,38,554.43,731.63,85,Refrigerated (2–8°C),WH-C,Low Stock,2026-02-23
INV000979,MED000608,SUP0014,BAT636391,2025-11-17,2027-03-12,934,19.28,24.78,82,Room Temperature,WH-C,In Stock,2025-12-02
INV001187,MED000608,SUP0016,BAT556633,2025-03-14,2028-01-28,535,370.98,472.75,107,Frozen (-20°C),WH-B,In Stock,2025-06-06
INV004627,MED000609,SUP0035,BAT941860,2024-12-10,2026-08-02,665,175.92,215.75,111,Frozen (-20°C),WH-D,In Stock,2025-05-18
INV001638,MED000610,SUP0021,BAT121715,2024-11-29,2026-12-19,377,261.38,319.1,160,Refrigerated (2–8°C),WH-A,In Stock,2025-01-16
INV002937,MED000610,SUP0047,BAT384783,2023-12-04,2025-11-23,542,373.61,497.54,152,Frozen (-20°C),WH-A,In Stock,2024-02-27
INV003102,MED000610,SUP0058,BAT970679,2025-07-16,2028-01-02,705,23.44,31.88,125,Refrigerated (2–8°C),WH-B,In Stock,2025-08-27
INV004062,MED000610,SUP0060,BAT981996,2025-09-18,2027-05-11,767,579.26,703.45,198,Frozen (-20°C),WH-D,In Stock,2026-01-17
INV004378,MED000610,SUP0008,BAT435729,2026-03-22,2028-11-06,227,19.46,25.29,188,Frozen (-20°C),WH-A,In Stock,2026-06-22
INV004728,MED000610,SUP0009,BAT549415,2026-03-05,2028-08-21,642,98.31,118.8,193,Refrigerated (2–8°C),WH-E,In Stock,2026-06-11
INV002317,MED000611,SUP0021,BAT789574,2025-08-24,2027-02-15,610,353.41,490.45,29,Room Temperature,WH-B,In Stock,2025-12-21
INV000219,MED000612,SUP0060,BAT806215,2025-12-05,2028-04-23,843,152.27,193.27,83,Refrigerated (2–8°C),WH-B,In Stock,2026-03-27
INV001998,MED000612,SUP0025,BAT371974,2025-05-21,2027-05-11,226,48.12,66.74,46,Frozen (-20°C),WH-C,In Stock,2025-09-12
INV002861,MED000612,SUP0015,BAT462570,2024-09-24,2026-08-15,474,79.37,96.05,144,Room Temperature,WH-A,In Stock,2025-03-09
INV002896,MED000612,SUP0014,BAT717424,2024-01-07,2025-12-27,330,452.88,598.64,200,Room Temperature,WH-D,In Stock,2024-01-31
INV000943,MED000613,SUP0062,BAT407804,2025-01-13,2026-07-07,755,343.46,427.09,186,Refrigerated (2–8°C),WH-E,In Stock,2025-01-28
INV000848,MED000614,SUP0042,BAT715467,2023-09-06,2026-02-22,944,96.45,134.12,60,Refrigerated (2–8°C),WH-E,In Stock,2023-09-29
INV002255,MED000614,SUP0031,BAT798551,2023-10-30,2026-02-16,496,279.29,342.95,176,Refrigerated (2–8°C),WH-E,In Stock,2024-03-06
INV000239,MED000615,SUP0011,BAT785491,2023-09-23,2024-11-16,388,333.86,404.38,121,Room Temperature,WH-B,In Stock,2024-01-19
INV001395,MED000616,SUP0053,BAT153357,2024-09-01,2026-02-23,564,397.49,551.49,65,Refrigerated (2–8°C),WH-B,In Stock,2024-12-11
INV002148,MED000616,SUP0006,BAT152797,2025-10-24,2028-04-11,955,238.86,332.59,76,Frozen (-20°C),WH-B,In Stock,2026-03-23
INV002869,MED000616,SUP0003,BAT587602,2024-02-14,2025-10-06,826,598.27,771.12,176,Frozen (-20°C),WH-A,In Stock,2024-06-10
INV001091,MED000617,SUP0040,BAT854075,2023-08-03,2025-10-21,704,73.25,87.9,76,Frozen (-20°C),WH-A,In Stock,2024-01-24
INV002364,MED000617,SUP0003,BAT236042,2025-08-24,2027-11-12,928,8.53,11.78,139,Frozen (-20°C),WH-D,In Stock,2026-01-28
INV002179,MED000618,SUP0019,BAT231652,2024-11-13,2026-09-04,831,188.02,237.18,78,Refrigerated (2–8°C),WH-D,In Stock,2025-02-05
INV002022,MED000619,SUP0057,BAT974002,2023-08-27,2025-05-18,860,301.96,398.54,157,Refrigerated (2–8°C),WH-A,In Stock,2024-01-17
INV002379,MED000619,SUP0010,BAT319350,2024-12-04,2027-05-23,314,342.46,414.83,138,Refrigerated (2–8°C),WH-C,In Stock,2025-03-12
INV003235,MED000619,SUP0001,BAT637784,2024-02-17,2025-05-12,259,225.07,278.11,45,Room Temperature,WH-C,In Stock,2024-05-10
INV003040,MED000620,SUP0052,BAT318760,2026-07-20,2029-05-05,458,65.47,82.44,28,Frozen (-20°C),WH-C,In Stock,2026-07-20
INV001097,MED000621,SUP0005,BAT776445,2026-01-16,2027-02-10,985,283.4,381.06,60,Refrigerated (2–8°C),WH-A,In Stock,2026-05-01
INV001231,MED000621,SUP0055,BAT371213,2024-03-14,2026-09-30,514,469.7,630.53,120,Frozen (-20°C),WH-C,In Stock,2024-07-22
INV003009,MED000621,SUP0020,BAT115532,2024-05-12,2025-10-04,710,93.76,122.58,167,Refrigerated (2–8°C),WH-B,In Stock,2024-08-01
INV003031,MED000621,SUP0073,BAT865891,2025-10-31,2028-08-16,383,141.14,197.19,66,Refrigerated (2–8°C),WH-A,In Stock,2026-02-10
INV000535,MED000622,SUP0057,BAT881828,2025-01-31,2026-05-26,109,114.92,155.43,58,Frozen (-20°C),WH-E,In Stock,2025-04-04
INV004945,MED000624,SUP0014,BAT858890,2024-04-22,2027-01-07,681,306.27,373.87,89,Frozen (-20°C),WH-E,In Stock,2024-06-25
INV000786,MED000625,SUP0048,BAT417991,2025-03-14,2027-06-02,810,89.57,118.05,61,Room Temperature,WH-C,In Stock,2025-04-05
INV003247,MED000625,SUP0024,BAT722767,2025-07-17,2027-03-09,627,259.51,328.5,124,Room Temperature,WH-A,In Stock,2025-10-12
INV003876,MED000625,SUP0072,BAT997425,2025-01-10,2027-06-29,194,512.21,698.08,196,Frozen (-20°C),WH-C,Low Stock,2025-04-10
INV000038,MED000626,SUP0030,BAT333752,2023-09-07,2026-05-24,408,170.77,207.29,109,Refrigerated (2–8°C),WH-C,In Stock,2023-11-10
INV000937,MED000626,SUP0012,BAT420509,2025-10-30,2028-10-14,865,382.63,465.03,48,Room Temperature,WH-A,In Stock,2026-02-02
INV002131,MED000626,SUP0049,BAT651383,2025-12-20,2027-03-15,220,287.56,353.66,37,Refrigerated (2–8°C),WH-D,In Stock,2026-04-11
INV001843,MED000627,SUP0041,BAT604617,2024-04-18,2026-07-07,280,410.21,513.07,140,Room Temperature,WH-A,In Stock,2024-05-29
INV003462,MED000627,SUP0033,BAT502676,2024-10-07,2027-03-26,720,153.35,208.87,110,Refrigerated (2–8°C),WH-D,In Stock,2025-03-28
INV003891,MED000627,SUP0002,BAT990677,2024-01-22,2027-01-06,395,500.03,660.88,56,Refrigerated (2–8°C),WH-A,In Stock,2024-04-21
INV001688,MED000629,SUP0034,BAT721338,2023-10-29,2026-09-13,885,197.2,242.2,173,Refrigerated (2–8°C),WH-C,In Stock,2023-12-26
INV001222,MED000630,SUP0011,BAT293560,2024-11-15,2026-05-09,92,96.71,126.79,87,Refrigerated (2–8°C),WH-A,In Stock,2025-03-21
INV001988,MED000630,SUP0033,BAT923724,2023-12-17,2025-09-07,124,343.78,454.03,126,Room Temperature,WH-E,Low Stock,2024-06-05
INV002074,MED000630,SUP0062,BAT507683,2025-04-02,2027-08-20,701,226.56,281.97,108,Refrigerated (2–8°C),WH-C,In Stock,2025-06-29
INV003272,MED000630,SUP0043,BAT901860,2024-04-17,2027-04-02,62,265.29,327.87,72,Frozen (-20°C),WH-B,Low Stock,2024-06-09
INV000559,MED000631,SUP0039,BAT631302,2025-05-14,2028-04-28,116,203.3,260.06,200,Frozen (-20°C),WH-E,Low Stock,2025-05-30
INV001283,MED000631,SUP0055,BAT690648,2025-10-03,2028-09-17,5,37.91,48.59,128,Frozen (-20°C),WH-B,Low Stock,2026-02-01
INV004989,MED000631,SUP0020,BAT896183,2025-01-23,2026-07-17,315,305.65,375.05,64,Room Temperature,WH-A,In Stock,2025-05-30
INV000230,MED000632,SUP0034,BAT477114,2026-06-05,2028-08-23,100,458.17,579.15,145,Room Temperature,WH-C,Low Stock,2026-07-20
INV000325,MED000633,SUP0023,BAT614259,2023-10-06,2024-11-29,238,135.19,176.46,179,Room Temperature,WH-C,In Stock,2023-11-04
INV000825,MED000633,SUP0044,BAT405202,2025-08-14,2026-08-09,600,408.59,494.99,193,Frozen (-20°C),WH-E,In Stock,2026-01-08
INV001221,MED000634,SUP0019,BAT940422,2025-06-28,2027-08-17,169,5.5,6.76,142,Room Temperature,WH-C,In Stock,2025-10-22
INV004505,MED000634,SUP0050,BAT107728,2024-10-07,2025-11-01,702,68.6,83.31,79,Frozen (-20°C),WH-A,In Stock,2024-11-24
INV002000,MED000635,SUP0059,BAT406975,2024-07-30,2026-03-22,212,69.13,87.12,192,Frozen (-20°C),WH-D,In Stock,2024-11-26
INV003017,MED000635,SUP0040,BAT572316,2023-10-07,2026-01-24,424,345.65,433.78,25,Room Temperature,WH-D,In Stock,2024-01-22
INV004317,MED000635,SUP0052,BAT373614,2023-11-14,2025-11-03,897,399.44,534.63,92,Refrigerated (2–8°C),WH-A,In Stock,2024-04-28
INV000297,MED000636,SUP0056,BAT865416,2024-11-20,2025-12-15,88,74.01,97.88,136,Room Temperature,WH-C,Low Stock,2025-02-05
INV002605,MED000636,SUP0059,BAT435249,2025-07-11,2027-10-29,201,376.56,452.78,35,Refrigerated (2–8°C),WH-E,In Stock,2025-08-07
INV002701,MED000636,SUP0021,BAT256130,2023-07-26,2024-10-18,548,330.41,420.39,193,Room Temperature,WH-B,In Stock,2023-10-09
INV002683,MED000637,SUP0043,BAT134064,2025-05-26,2028-04-10,841,326.21,451.32,176,Room Temperature,WH-D,In Stock,2025-11-14
INV002842,MED000637,SUP0015,BAT741075,2025-10-23,2027-12-12,613,146.36,196.78,134,Room Temperature,WH-E,In Stock,2026-03-22
INV002452,MED000638,SUP0009,BAT423557,2026-04-05,2027-04-30,770,562.04,784.36,64,Refrigerated (2–8°C),WH-A,In Stock,2026-05-16
INV003731,MED000638,SUP0025,BAT735553,2024-05-28,2025-10-20,653,24.6,33.04,119,Frozen (-20°C),WH-C,In Stock,2024-11-14
INV001906,MED000639,SUP0022,BAT514440,2023-10-24,2025-05-16,429,483.44,597.45,196,Room Temperature,WH-B,In Stock,2024-01-08
INV003932,MED000639,SUP0007,BAT640610,2025-02-21,2027-11-08,288,53.04,64.61,171,Room Temperature,WH-C,In Stock,2025-07-13
INV001111,MED000640,SUP0052,BAT748696,2023-11-14,2026-04-02,596,562.47,785.76,145,Frozen (-20°C),WH-A,In Stock,2023-12-27
INV003016,MED000640,SUP0002,BAT458409,2024-01-12,2026-10-28,160,383.53,494.37,105,Frozen (-20°C),WH-A,In Stock,2024-03-26
INV003187,MED000640,SUP0021,BAT926969,2024-12-23,2026-01-17,339,205.96,284.56,112,Frozen (-20°C),WH-E,In Stock,2025-02-15
INV004560,MED000640,SUP0016,BAT394199,2025-05-13,2027-04-03,891,273.98,380.13,103,Room Temperature,WH-A,In Stock,2025-09-11
INV004859,MED000640,SUP0035,BAT728331,2023-10-27,2025-06-18,802,176.91,236.05,176,Refrigerated (2–8°C),WH-A,In Stock,2024-01-07
INV000231,MED000641,SUP0053,BAT147936,2024-10-16,2027-09-01,16,334.22,440.1,91,Frozen (-20°C),WH-D,Low Stock,2024-12-07
INV001184,MED000642,SUP0031,BAT437471,2026-02-19,2028-12-05,526,515.9,721.51,167,Room Temperature,WH-A,In Stock,2026-07-07
INV003028,MED000642,SUP0074,BAT424998,2024-08-28,2026-02-19,454,66.44,92.11,160,Room Temperature,WH-D,In Stock,2024-09-21
INV003254,MED000642,SUP0045,BAT911459,2024-05-22,2026-10-09,655,292.62,390.62,79,Refrigerated (2–8°C),WH-C,In Stock,2024-07-27
INV000042,MED000643,SUP0016,BAT854717,2025-03-27,2027-07-15,682,199.08,266.66,129,Frozen (-20°C),WH-B,In Stock,2025-06-29
INV003898,MED000643,SUP0073,BAT570266,2023-10-03,2026-08-18,778,151.91,198.77,60,Refrigerated (2–8°C),WH-D,In Stock,2023-12-15
INV004002,MED000643,SUP0056,BAT126167,2023-09-30,2025-09-19,191,400.98,486.22,110,Room Temperature,WH-D,In Stock,2024-03-28
INV004612,MED000643,SUP0043,BAT917327,2026-01-30,2028-07-18,828,22.91,30.26,58,Refrigerated (2–8°C),WH-C,In Stock,2026-03-16
INV000312,MED000644,SUP0053,BAT226601,2025-07-23,2028-07-07,462,280.69,384.68,103,Room Temperature,WH-B,In Stock,2025-09-29
INV001514,MED000644,SUP0046,BAT524780,2025-02-01,2026-08-25,920,230.77,317.43,84,Room Temperature,WH-E,In Stock,2025-05-01
INV003002,MED000644,SUP0035,BAT533389,2025-09-21,2027-01-14,634,417.45,530.93,152,Frozen (-20°C),WH-E,In Stock,2026-02-14
INV003677,MED000644,SUP0073,BAT923635,2023-09-07,2024-09-01,715,130.91,182.48,56,Frozen (-20°C),WH-A,In Stock,2024-01-18
INV004961,MED000644,SUP0014,BAT785528,2024-12-01,2027-10-17,149,190.86,241.84,33,Refrigerated (2–8°C),WH-E,In Stock,2025-02-21
INV000999,MED000645,SUP0012,BAT423595,2023-08-07,2025-06-27,981,302.63,382.19,126,Refrigerated (2–8°C),WH-C,In Stock,2023-11-02
INV001357,MED000645,SUP0001,BAT739206,2023-11-06,2026-08-22,601,465.9,565.7,55,Room Temperature,WH-E,In Stock,2024-02-20
INV002587,MED000645,SUP0001,BAT533351,2024-04-11,2026-09-28,334,322.63,408.69,123,Room Temperature,WH-B,In Stock,2024-08-11
INV003110,MED000646,SUP0026,BAT266327,2026-02-14,2027-09-07,711,428.01,582.85,196,Refrigerated (2–8°C),WH-E,In Stock,2026-05-20
INV000162,MED000647,SUP0040,BAT640418,2025-10-13,2028-03-01,259,453.21,561.17,34,Refrigerated (2–8°C),WH-A,In Stock,2026-02-26
INV000029,MED000648,SUP0010,BAT109767,2026-02-13,2028-08-31,102,324.89,422.74,43,Room Temperature,WH-C,In Stock,2026-07-20
INV003107,MED000648,SUP0004,BAT773100,2023-07-26,2025-10-13,547,235.8,290.35,80,Room Temperature,WH-B,In Stock,2023-12-18
INV003524,MED000648,SUP0042,BAT605786,2026-04-29,2029-03-14,799,51.93,65.44,169,Room Temperature,WH-B,In Stock,2026-07-20
INV003594,MED000648,SUP0033,BAT132607,2025-11-07,2027-05-31,321,538.36,646.94,132,Room Temperature,WH-D,In Stock,2026-04-03
INV004496,MED000648,SUP0005,BAT819931,2025-09-13,2028-03-31,75,132.48,163.43,60,Frozen (-20°C),WH-E,In Stock,2025-12-13
INV003475,MED000649,SUP0071,BAT435024,2023-10-30,2026-03-18,640,593.39,820.35,92,Room Temperature,WH-E,In Stock,2023-12-06
INV002526,MED000650,SUP0018,BAT608117,2023-12-21,2026-12-05,218,288.48,375.61,136,Refrigerated (2–8°C),WH-D,In Stock,2024-06-08
INV001029,MED000651,SUP0043,BAT278688,2025-12-17,2027-07-10,996,119.63,158.97,125,Room Temperature,WH-E,In Stock,2026-05-23
INV004830,MED000651,SUP0030,BAT952037,2024-11-12,2026-12-02,101,13.89,19.25,197,Frozen (-20°C),WH-E,Low Stock,2024-12-06
INV000311,MED000652,SUP0058,BAT385166,2024-11-10,2026-01-04,139,69.84,85.28,174,Refrigerated (2–8°C),WH-D,Low Stock,2025-01-15
INV000834,MED000652,SUP0055,BAT767044,2024-12-02,2025-12-27,601,513.39,646.27,73,Room Temperature,WH-C,In Stock,2025-05-23
INV001946,MED000652,SUP0021,BAT319273,2025-08-01,2028-04-17,756,262.6,362.69,70,Refrigerated (2–8°C),WH-C,In Stock,2025-10-26
INV002543,MED000653,SUP0057,BAT252692,2024-06-22,2027-06-07,543,83.09,113.43,176,Refrigerated (2–8°C),WH-C,In Stock,2024-12-18
INV003799,MED000653,SUP0001,BAT245535,2024-08-15,2025-10-09,45,546.32,738.79,25,Room Temperature,WH-D,In Stock,2024-12-14
INV000183,MED000654,SUP0031,BAT589131,2024-03-27,2025-11-17,253,62.6,78.75,61,Refrigerated (2–8°C),WH-E,In Stock,2024-08-04
INV002350,MED000654,SUP0040,BAT222924,2025-02-05,2026-01-31,618,94.02,114.36,164,Frozen (-20°C),WH-A,In Stock,2025-04-24
INV002619,MED000654,SUP0017,BAT826971,2026-03-31,2028-11-15,943,123.06,166.88,124,Room Temperature,WH-A,In Stock,2026-07-20
INV003307,MED000654,SUP0028,BAT627815,2023-10-12,2025-10-01,764,39.37,49.13,107,Frozen (-20°C),WH-E,In Stock,2023-12-06
INV001489,MED000655,SUP0032,BAT603724,2024-09-30,2026-03-24,489,132.4,163.45,147,Frozen (-20°C),WH-E,In Stock,2025-02-13
INV001889,MED000655,SUP0015,BAT453643,2024-10-02,2027-08-18,928,580.13,772.12,113,Frozen (-20°C),WH-E,In Stock,2024-12-02
INV002616,MED000656,SUP0017,BAT643014,2025-08-18,2027-05-10,109,7.63,9.99,86,Room Temperature,WH-A,In Stock,2025-12-20
INV003152,MED000656,SUP0044,BAT620517,2024-01-18,2026-03-08,613,32.62,41.51,193,Refrigerated (2–8°C),WH-E,In Stock,2024-04-19
INV001464,MED000657,SUP0045,BAT526772,2024-07-11,2026-12-28,381,590.19,798.8,144,Room Temperature,WH-D,In Stock,2024-11-05
INV002975,MED000657,SUP0030,BAT635499,2023-10-01,2025-12-19,77,59.22,74.02,175,Frozen (-20°C),WH-C,Low Stock,2024-02-25
INV004277,MED000657,SUP0059,BAT951697,2025-05-14,2026-09-06,398,133.8,167.47,186,Refrigerated (2–8°C),WH-E,In Stock,2025-08-31
INV001310,MED000658,SUP0004,BAT921316,2023-09-11,2025-07-02,910,25.36,34.85,145,Refrigerated (2–8°C),WH-A,In Stock,2023-10-03
INV002348,MED000658,SUP0058,BAT373229,2025-01-26,2027-11-12,401,222.62,293.96,196,Room Temperature,WH-D,In Stock,2025-07-18
INV003055,MED000658,SUP0022,BAT295559,2025-04-22,2026-09-14,424,158.59,212.0,90,Refrigerated (2–8°C),WH-B,In Stock,2025-10-11
INV000321,MED000659,SUP0050,BAT383572,2024-07-23,2025-07-18,611,22.44,30.57,81,Refrigerated (2–8°C),WH-A,In Stock,2024-10-27
INV000877,MED000659,SUP0024,BAT563849,2023-08-02,2024-09-25,71,36.0,50.34,74,Room Temperature,WH-B,Low Stock,2023-12-20
INV001183,MED000659,SUP0073,BAT727814,2025-10-30,2026-10-25,706,454.25,617.3,78,Frozen (-20°C),WH-D,In Stock,2026-01-21
INV001352,MED000659,SUP0032,BAT934202,2024-04-09,2025-07-03,725,323.54,395.03,146,Frozen (-20°C),WH-B,In Stock,2024-08-31
INV003813,MED000659,SUP0052,BAT491644,2024-11-24,2026-09-15,820,386.34,499.97,95,Refrigerated (2–8°C),WH-E,In Stock,2025-01-18
INV001285,MED000660,SUP0055,BAT929339,2025-09-11,2027-07-03,573,479.5,634.62,76,Refrigerated (2–8°C),WH-C,In Stock,2026-02-15
INV001256,MED000661,SUP0017,BAT407213,2023-11-30,2024-11-24,591,278.22,371.91,143,Refrigerated (2–8°C),WH-B,In Stock,2024-02-05
INV002884,MED000661,SUP0021,BAT944212,2025-09-01,2026-10-26,599,474.88,621.77,150,Room Temperature,WH-C,In Stock,2025-10-13
INV003777,MED000661,SUP0025,BAT863917,2024-05-20,2025-06-14,939,383.49,509.61,115,Room Temperature,WH-E,In Stock,2024-11-09
INV004417,MED000661,SUP0058,BAT666101,2025-01-22,2026-11-13,21,129.52,173.32,145,Room Temperature,WH-B,Low Stock,2025-07-14
INV004935,MED000661,SUP0046,BAT201993,2025-10-26,2028-04-13,166,23.8,30.15,97,Frozen (-20°C),WH-D,In Stock,2026-01-02
INV000282,MED000662,SUP0037,BAT454161,2024-04-13,2026-09-30,807,537.02,726.29,112,Room Temperature,WH-A,In Stock,2024-08-30
INV001345,MED000662,SUP0003,BAT216895,2024-08-12,2027-01-29,930,421.64,553.23,154,Frozen (-20°C),WH-E,In Stock,2024-11-14
INV003493,MED000662,SUP0040,BAT670816,2026-05-19,2027-06-13,100,366.04,453.18,37,Refrigerated (2–8°C),WH-C,In Stock,2026-07-20
INV001102,MED000663,SUP0030,BAT909231,2024-11-16,2026-02-09,745,454.71,583.85,123,Room Temperature,WH-A,In Stock,2025-01-14
INV002072,MED000663,SUP0045,BAT740975,2025-12-30,2028-03-19,322,462.03,571.46,133,Room Temperature,WH-A,In Stock,2026-02-18
INV003200,MED000664,SUP0031,BAT821765,2025-09-20,2027-01-13,727,54.37,66.49,186,Frozen (-20°C),WH-C,In Stock,2026-02-26
INV002963,MED000665,SUP0002,BAT144780,2024-09-08,2026-01-01,576,346.92,465.09,29,Frozen (-20°C),WH-A,In Stock,2025-02-24
INV000467,MED000667,SUP0047,BAT742544,2025-01-02,2026-05-27,269,165.3,230.05,85,Refrigerated (2–8°C),WH-C,In Stock,2025-06-06
INV004044,MED000667,SUP0038,BAT918170,2025-05-22,2027-11-08,721,73.29,96.16,41,Frozen (-20°C),WH-D,In Stock,2025-07-10
INV002055,MED000668,SUP0029,BAT731603,2025-01-29,2027-10-16,643,10.37,13.37,187,Refrigerated (2–8°C),WH-B,In Stock,2025-06-04
INV002207,MED000668,SUP0003,BAT960026,2024-03-19,2027-03-04,933,255.26,345.56,152,Room Temperature,WH-D,In Stock,2024-06-12
INV003904,MED000668,SUP0016,BAT333268,2024-10-20,2026-01-13,832,308.07,373.16,145,Refrigerated (2–8°C),WH-D,In Stock,2024-11-23
INV004479,MED000668,SUP0056,BAT273833,2023-08-03,2025-10-21,907,227.4,273.44,82,Frozen (-20°C),WH-C,In Stock,2023-10-07
INV004750,MED000668,SUP0073,BAT392981,2024-06-19,2025-11-11,537,400.78,500.67,51,Frozen (-20°C),WH-B,In Stock,2024-11-28
INV004988,MED000669,SUP0014,BAT622261,2026-03-07,2027-11-27,544,261.49,321.95,115,Frozen (-20°C),WH-D,In Stock,2026-07-20
INV001196,MED000670,SUP0039,BAT624681,2024-03-17,2025-10-08,402,465.48,624.32,121,Refrigerated (2–8°C),WH-C,In Stock,2024-08-22
INV001718,MED000670,SUP0042,BAT312123,2024-02-25,2025-08-18,374,532.23,725.7,183,Refrigerated (2–8°C),WH-E,In Stock,2024-04-24
INV003694,MED000670,SUP0050,BAT148140,2024-03-28,2026-10-14,767,595.95,807.5,174,Frozen (-20°C),WH-D,In Stock,2024-09-16
INV002106,MED000672,SUP0008,BAT242217,2025-03-25,2026-09-16,211,46.46,58.94,127,Frozen (-20°C),WH-E,In Stock,2025-08-05
INV004463,MED000673,SUP0013,BAT734229,2024-10-19,2027-05-07,929,299.24,392.88,64,Room Temperature,WH-A,In Stock,2025-01-07
INV002192,MED000674,SUP0047,BAT109883,2024-03-23,2025-05-17,981,207.73,263.31,137,Room Temperature,WH-A,In Stock,2024-05-29
INV003348,MED000675,SUP0030,BAT402152,2024-05-21,2025-12-12,129,8.94,10.88,56,Room Temperature,WH-E,In Stock,2024-07-13
INV003864,MED000675,SUP0065,BAT798557,2025-11-12,2027-03-07,575,123.92,164.8,110,Frozen (-20°C),WH-A,In Stock,2025-12-14
INV003956,MED000675,SUP0063,BAT890953,2024-09-19,2026-12-08,799,361.33,462.85,96,Room Temperature,WH-D,In Stock,2024-12-18
INV004866,MED000675,SUP0057,BAT455939,2024-10-19,2027-10-04,617,268.46,362.62,103,Room Temperature,WH-E,In Stock,2025-03-02
INV001970,MED000676,SUP0055,BAT384813,2023-08-24,2026-02-09,590,357.49,444.11,121,Refrigerated (2–8°C),WH-D,In Stock,2023-10-01
INV002757,MED000676,SUP0044,BAT121835,2026-01-27,2027-09-19,348,348.68,442.64,30,Frozen (-20°C),WH-E,In Stock,2026-04-04
INV000407,MED000677,SUP0060,BAT844163,2024-06-02,2025-06-27,950,360.14,487.89,107,Frozen (-20°C),WH-E,In Stock,2024-07-26
INV002006,MED000677,SUP0052,BAT701480,2024-02-26,2025-08-19,898,141.68,176.23,27,Refrigerated (2–8°C),WH-D,In Stock,2024-05-03
INV002414,MED000677,SUP0064,BAT797837,2026-06-25,2028-06-14,335,533.64,677.94,116,Room Temperature,WH-C,In Stock,2026-07-20
INV004974,MED000677,SUP0009,BAT930269,2024-03-02,2025-05-26,505,542.06,664.39,164,Frozen (-20°C),WH-A,In Stock,2024-06-19
INV003814,MED000678,SUP0005,BAT962932,2026-01-21,2028-12-06,943,556.29,753.6,199,Refrigerated (2–8°C),WH-D,In Stock,2026-05-22
INV000331,MED000679,SUP0010,BAT349556,2025-06-30,2027-04-21,651,493.89,658.85,47,Frozen (-20°C),WH-C,In Stock,2025-08-26
INV003592,MED000679,SUP0025,BAT696354,2024-02-23,2027-02-07,652,146.86,187.73,108,Room Temperature,WH-A,In Stock,2024-07-25
INV004896,MED000679,SUP0019,BAT644700,2026-01-29,2027-03-25,787,143.84,191.35,157,Frozen (-20°C),WH-C,In Stock,2026-05-14
INV000392,MED000680,SUP0072,BAT904694,2026-03-15,2028-12-29,733,72.84,98.47,140,Room Temperature,WH-A,In Stock,2026-07-01
INV001359,MED000680,SUP0012,BAT198735,2025-10-24,2028-04-11,824,231.87,300.24,129,Refrigerated (2–8°C),WH-B,In Stock,2026-02-15
INV001643,MED000680,SUP0018,BAT588303,2023-11-24,2026-08-10,38,413.66,501.15,99,Refrigerated (2–8°C),WH-B,Low Stock,2024-03-05
INV004450,MED000680,SUP0074,BAT161450,2025-01-22,2026-04-17,471,504.71,670.23,193,Frozen (-20°C),WH-D,In Stock,2025-03-08
INV004753,MED000680,SUP0020,BAT559789,2024-02-09,2025-10-01,700,346.2,434.23,131,Refrigerated (2–8°C),WH-E,In Stock,2024-04-21
INV001070,MED000681,SUP0059,BAT248723,2023-08-16,2026-05-02,438,17.39,24.26,110,Room Temperature,WH-B,In Stock,2023-12-30
INV001726,MED000681,SUP0004,BAT242737,2023-08-02,2024-08-26,159,226.64,282.37,103,Frozen (-20°C),WH-B,In Stock,2023-08-27
INV002173,MED000682,SUP0031,BAT107176,2025-08-08,2027-10-27,209,297.63,366.02,104,Room Temperature,WH-C,In Stock,2026-01-30
INV003402,MED000682,SUP0004,BAT348537,2026-01-09,2027-11-30,567,464.85,602.64,33,Room Temperature,WH-C,In Stock,2026-04-05
INV003724,MED000682,SUP0016,BAT588153,2025-04-21,2027-07-10,321,491.49,640.38,42,Room Temperature,WH-D,In Stock,2025-06-27
INV003952,MED000682,SUP0008,BAT890572,2025-01-28,2027-10-15,875,398.17,504.45,151,Room Temperature,WH-C,In Stock,2025-06-22
INV002076,MED000683,SUP0045,BAT328758,2024-02-14,2025-07-08,57,445.91,570.26,25,Frozen (-20°C),WH-B,In Stock,2024-07-30
INV002494,MED000683,SUP0017,BAT327098,2025-04-04,2026-08-27,409,464.65,585.27,101,Refrigerated (2–8°C),WH-D,In Stock,2025-08-25
INV000757,MED000684,SUP0002,BAT207650,2025-12-21,2028-01-10,754,359.52,471.28,173,Refrigerated (2–8°C),WH-A,In Stock,2026-05-11
INV001343,MED000684,SUP0046,BAT746345,2024-10-29,2026-08-20,103,385.47,486.69,48,Refrigerated (2–8°C),WH-B,In Stock,2025-01-30
INV004064,MED000684,SUP0051,BAT831943,2025-03-22,2026-11-12,594,351.93,426.79,34,Frozen (-20°C),WH-C,In Stock,2025-06-02
INV004683,MED000684,SUP0020,BAT538535,2026-04-07,2027-09-29,117,12.43,16.82,43,Refrigerated (2–8°C),WH-E,In Stock,2026-07-20
INV004907,MED000684,SUP0059,BAT662851,2025-08-17,2028-06-02,196,597.97,789.04,105,Room Temperature,WH-A,In Stock,2025-10-15
INV000958,MED000685,SUP0039,BAT216946,2024-02-04,2026-10-21,699,463.43,568.19,166,Refrigerated (2–8°C),WH-C,In Stock,2024-02-22
INV001534,MED000685,SUP0059,BAT463778,2025-05-19,2027-02-08,52,353.44,486.58,157,Refrigerated (2–8°C),WH-D,Low Stock,2025-09-05
INV002316,MED000685,SUP0067,BAT813521,2026-04-08,2027-04-03,182,442.79,557.49,27,Frozen (-20°C),WH-B,In Stock,2026-05-13
INV002948,MED000685,SUP0059,BAT417408,2024-03-03,2025-11-23,306,487.37,665.43,168,Frozen (-20°C),WH-D,In Stock,2024-05-03
INV000603,MED000687,SUP0035,BAT380061,2024-02-07,2025-09-29,400,465.02,627.69,143,Frozen (-20°C),WH-E,In Stock,2024-07-20
INV002613,MED000687,SUP0072,BAT145418,2023-12-04,2026-08-20,552,557.77,717.04,93,Refrigerated (2–8°C),WH-E,In Stock,2024-03-12
INV003171,MED000687,SUP0033,BAT643644,2023-09-20,2025-07-11,104,25.9,34.74,121,Refrigerated (2–8°C),WH-C,Low Stock,2023-12-03
INV004246,MED000687,SUP0029,BAT503271,2026-01-09,2028-07-27,122,19.42,25.05,58,Room Temperature,WH-A,In Stock,2026-07-05
INV001385,MED000688,SUP0057,BAT126539,2026-01-08,2027-03-04,616,176.24,217.17,160,Frozen (-20°C),WH-C,In Stock,2026-03-26
INV001883,MED000688,SUP0046,BAT183950,2025-08-04,2027-07-25,210,113.75,155.26,169,Frozen (-20°C),WH-A,In Stock,2025-09-28
INV003523,MED000688,SUP0002,BAT931747,2024-12-02,2027-05-21,702,227.25,307.15,137,Frozen (-20°C),WH-A,In Stock,2025-02-25
INV000191,MED000689,SUP0065,BAT968524,2026-05-29,2028-10-15,725,183.38,249.97,169,Refrigerated (2–8°C),WH-C,In Stock,2026-07-20
INV000701,MED000689,SUP0064,BAT627191,2025-06-15,2026-11-07,306,581.81,721.65,118,Frozen (-20°C),WH-A,In Stock,2025-12-04
INV004075,MED000689,SUP0072,BAT729181,2024-06-05,2025-09-28,709,220.11,269.84,119,Frozen (-20°C),WH-C,In Stock,2024-08-15
INV002864,MED000690,SUP0052,BAT366927,2024-02-18,2025-09-10,276,580.01,769.54,190,Refrigerated (2–8°C),WH-A,In Stock,2024-05-30
INV001051,MED000691,SUP0003,BAT172827,2026-03-09,2027-06-02,740,168.43,227.5,102,Refrigerated (2–8°C),WH-A,In Stock,2026-07-08
INV004241,MED000691,SUP0029,BAT126803,2024-12-03,2027-02-21,743,505.41,632.33,54,Room Temperature,WH-B,In Stock,2025-02-08
INV004913,MED000691,SUP0039,BAT832019,2025-10-24,2027-12-13,787,46.06,60.61,177,Frozen (-20°C),WH-E,In Stock,2026-01-30
INV004518,MED000692,SUP0031,BAT347989,2023-10-31,2025-05-23,230,588.28,818.41,194,Refrigerated (2–8°C),WH-D,In Stock,2024-02-21
INV004676,MED000692,SUP0034,BAT568368,2025-07-01,2026-12-23,444,474.99,578.48,99,Refrigerated (2–8°C),WH-B,In Stock,2025-12-20
INV003798,MED000693,SUP0002,BAT545372,2023-12-26,2026-12-10,448,213.25,256.28,46,Room Temperature,WH-B,In Stock,2024-03-18
INV001832,MED000694,SUP0019,BAT306369,2023-12-25,2025-03-19,967,96.73,129.87,74,Refrigerated (2–8°C),WH-C,In Stock,2024-02-13
INV002936,MED000694,SUP0011,BAT257352,2023-09-02,2024-12-25,748,452.53,550.48,192,Refrigerated (2–8°C),WH-C,In Stock,2023-10-27
INV003653,MED000694,SUP0074,BAT889637,2024-02-04,2025-10-26,44,373.07,515.49,100,Room Temperature,WH-B,Low Stock,2024-05-14
INV000790,MED000695,SUP0070,BAT148045,2026-01-13,2028-11-28,661,520.24,697.87,47,Frozen (-20°C),WH-C,In Stock,2026-04-09
INV002362,MED000695,SUP0032,BAT704586,2025-01-28,2027-02-17,823,598.69,734.27,124,Refrigerated (2–8°C),WH-B,In Stock,2025-06-16
INV000831,MED000696,SUP0071,BAT357912,2024-07-20,2026-01-11,180,546.84,658.5,92,Frozen (-20°C),WH-B,In Stock,2024-08-09
INV002797,MED000696,SUP0022,BAT373835,2026-02-07,2027-10-30,847,6.58,8.33,57,Refrigerated (2–8°C),WH-C,In Stock,2026-05-10
INV003238,MED000696,SUP0035,BAT497498,2025-07-08,2027-02-28,759,302.96,378.51,126,Frozen (-20°C),WH-C,In Stock,2025-09-05
INV003485,MED000696,SUP0066,BAT123247,2025-11-24,2028-11-08,256,198.89,252.13,141,Refrigerated (2–8°C),WH-D,In Stock,2026-01-15
INV003766,MED000696,SUP0066,BAT343576,2025-05-10,2027-03-01,86,542.15,698.49,152,Refrigerated (2–8°C),WH-E,Low Stock,2025-05-26
INV003819,MED000696,SUP0035,BAT139895,2026-01-02,2026-12-28,573,456.97,579.67,92,Frozen (-20°C),WH-A,In Stock,2026-02-01
INV004396,MED000696,SUP0040,BAT855246,2024-12-11,2026-01-05,98,531.63,730.38,146,Refrigerated (2–8°C),WH-B,Low Stock,2025-01-08
INV004958,MED000696,SUP0044,BAT195499,2025-04-19,2027-10-06,735,104.64,134.45,119,Room Temperature,WH-C,In Stock,2025-08-03
INV000182,MED000697,SUP0019,BAT427766,2025-05-04,2028-03-19,998,82.81,105.51,127,Frozen (-20°C),WH-A,In Stock,2025-08-15
INV002871,MED000697,SUP0006,BAT643373,2024-10-06,2026-12-25,381,27.06,34.97,128,Room Temperature,WH-E,In Stock,2025-01-01
INV004398,MED000697,SUP0071,BAT698329,2026-05-23,2028-07-11,57,465.37,576.9,152,Room Temperature,WH-D,Low Stock,2026-07-20
INV000846,MED000698,SUP0011,BAT428282,2024-08-08,2026-08-28,214,272.73,357.74,137,Refrigerated (2–8°C),WH-B,In Stock,2024-12-07
INV003262,MED000698,SUP0032,BAT280965,2025-06-04,2026-08-28,88,437.61,573.7,191,Room Temperature,WH-E,Low Stock,2025-07-29
INV003821,MED000698,SUP0009,BAT841517,2024-09-06,2027-05-24,891,228.19,285.13,148,Room Temperature,WH-E,In Stock,2025-02-23
INV004027,MED000698,SUP0030,BAT366670,2024-03-28,2026-08-15,627,423.71,593.15,180,Refrigerated (2–8°C),WH-D,In Stock,2024-06-03
INV004746,MED000698,SUP0032,BAT350262,2025-02-25,2027-04-16,521,86.06,107.84,114,Frozen (-20°C),WH-E,In Stock,2025-08-18
INV004801,MED000698,SUP0032,BAT899481,2023-09-25,2026-03-13,762,207.47,268.97,93,Frozen (-20°C),WH-C,In Stock,2024-03-21
INV002407,MED000699,SUP0051,BAT849870,2026-02-19,2029-01-04,712,43.21,56.29,150,Frozen (-20°C),WH-E,In Stock,2026-07-13
INV003103,MED000699,SUP0075,BAT783943,2026-06-10,2027-12-02,528,573.11,760.73,109,Frozen (-20°C),WH-A,In Stock,2026-07-20
INV000393,MED000700,SUP0046,BAT970196,2025-03-09,2027-07-27,382,32.24,39.75,52,Room Temperature,WH-D,In Stock,2025-08-04
INV004155,MED000700,SUP0032,BAT417096,2023-10-13,2025-04-05,696,136.86,169.7,161,Frozen (-20°C),WH-C,In Stock,2024-03-17
INV004443,MED000701,SUP0059,BAT496875,2025-04-03,2027-05-23,429,508.37,695.21,189,Refrigerated (2–8°C),WH-C,In Stock,2025-07-21
INV000876,MED000702,SUP0032,BAT315815,2023-11-08,2026-07-25,820,419.29,521.8,200,Refrigerated (2–8°C),WH-E,In Stock,2024-01-25
INV004119,MED000702,SUP0063,BAT628325,2025-03-09,2028-02-22,803,379.42,458.83,145,Room Temperature,WH-B,In Stock,2025-06-24
INV004608,MED000702,SUP0052,BAT506178,2026-04-09,2027-08-02,58,386.18,536.11,122,Refrigerated (2–8°C),WH-D,Low Stock,2026-06-26
INV004955,MED000702,SUP0048,BAT107768,2025-01-24,2026-06-18,656,264.42,329.54,42,Room Temperature,WH-C,In Stock,2025-06-22
INV004993,MED000702,SUP0050,BAT855679,2024-08-23,2026-01-15,383,256.37,325.46,25,Refrigerated (2–8°C),WH-E,In Stock,2024-09-22
INV000476,MED000704,SUP0030,BAT428709,2025-04-29,2027-12-15,727,365.2,467.12,93,Refrigerated (2–8°C),WH-C,In Stock,2025-07-27
INV002307,MED000704,SUP0068,BAT708067,2023-11-04,2025-01-27,666,530.08,697.68,89,Frozen (-20°C),WH-B,In Stock,2024-02-24
INV002672,MED000704,SUP0003,BAT789893,2024-08-02,2026-12-20,319,209.33,288.24,78,Room Temperature,WH-D,In Stock,2024-09-10
INV004122,MED000704,SUP0047,BAT760274,2025-09-11,2027-10-01,236,174.3,233.72,190,Refrigerated (2–8°C),WH-C,In Stock,2025-10-18
INV001404,MED000705,SUP0044,BAT189139,2025-08-16,2026-10-10,138,183.56,234.72,184,Room Temperature,WH-A,Low Stock,2025-10-15
INV002709,MED000705,SUP0044,BAT508404,2024-03-12,2026-09-28,464,301.62,376.2,134,Refrigerated (2–8°C),WH-A,In Stock,2024-05-13
INV004508,MED000705,SUP0017,BAT575558,2024-06-27,2026-06-17,566,66.24,87.1,170,Room Temperature,WH-A,In Stock,2024-08-03
INV004743,MED000705,SUP0058,BAT477403,2025-07-21,2027-06-11,339,251.1,317.58,155,Refrigerated (2–8°C),WH-E,In Stock,2025-09-09
INV001921,MED000706,SUP0030,BAT968406,2026-01-07,2028-02-26,364,542.34,661.22,126,Frozen (-20°C),WH-B,In Stock,2026-05-19
INV003663,MED000706,SUP0009,BAT940749,2026-05-28,2028-07-16,403,111.17,143.01,173,Frozen (-20°C),WH-E,In Stock,2026-07-20
INV000934,MED000707,SUP0069,BAT678469,2025-10-22,2028-01-10,130,10.65,13.87,91,Room Temperature,WH-B,In Stock,2026-04-06
INV001557,MED000707,SUP0009,BAT151288,2023-09-23,2025-05-15,191,280.78,391.21,152,Frozen (-20°C),WH-C,In Stock,2024-01-15
INV001839,MED000708,SUP0023,BAT392399,2024-12-22,2026-08-14,267,259.36,354.07,92,Room Temperature,WH-E,In Stock,2025-04-08
INV004333,MED000708,SUP0075,BAT947677,2025-01-19,2026-10-11,643,356.58,488.33,125,Frozen (-20°C),WH-A,In Stock,2025-06-02
INV003160,MED000709,SUP0064,BAT794888,2024-04-20,2025-04-15,871,181.42,247.68,109,Frozen (-20°C),WH-E,In Stock,2024-07-29
INV000650,MED000711,SUP0054,BAT565420,2023-09-02,2025-05-24,64,523.72,652.8,30,Frozen (-20°C),WH-C,In Stock,2023-11-04
INV000856,MED000711,SUP0039,BAT510087,2024-07-13,2026-08-02,183,441.28,569.94,183,Frozen (-20°C),WH-B,Low Stock,2024-09-29
INV004878,MED000711,SUP0035,BAT890177,2024-01-15,2026-05-04,204,338.24,413.2,152,Frozen (-20°C),WH-D,In Stock,2024-03-23
INV001339,MED000712,SUP0057,BAT993631,2026-02-18,2028-08-06,38,488.83,648.0,127,Refrigerated (2–8°C),WH-A,Low Stock,2026-07-16
INV002611,MED000713,SUP0055,BAT443040,2026-01-06,2028-10-22,558,151.91,211.21,119,Room Temperature,WH-E,In Stock,2026-02-28
INV002095,MED000714,SUP0067,BAT232559,2026-06-16,2029-05-01,862,35.55,43.68,176,Refrigerated (2–8°C),WH-E,In Stock,2026-07-20
INV002242,MED000714,SUP0025,BAT359277,2024-09-15,2026-02-07,980,150.58,182.72,67,Room Temperature,WH-C,In Stock,2024-10-01
INV004725,MED000714,SUP0059,BAT986290,2024-05-20,2026-09-07,268,394.6,524.63,127,Frozen (-20°C),WH-A,In Stock,2024-07-30
INV004761,MED000714,SUP0075,BAT421964,2024-02-29,2025-07-23,783,200.03,268.71,91,Room Temperature,WH-B,In Stock,2024-05-14
INV000933,MED000715,SUP0074,BAT395694,2025-01-26,2027-08-14,918,106.59,148.09,37,Refrigerated (2–8°C),WH-B,In Stock,2025-03-07
INV001987,MED000715,SUP0037,BAT534055,2025-12-27,2027-07-20,995,453.46,623.48,109,Refrigerated (2–8°C),WH-B,In Stock,2026-03-28
INV004912,MED000715,SUP0042,BAT108511,2024-10-19,2026-09-09,248,490.13,596.84,69,Room Temperature,WH-B,In Stock,2025-01-04
INV002049,MED000716,SUP0024,BAT583484,2023-11-27,2026-03-16,333,246.61,340.11,30,Refrigerated (2–8°C),WH-D,In Stock,2024-04-12
INV000522,MED000717,SUP0057,BAT753453,2024-05-14,2026-07-03,946,123.81,157.83,84,Frozen (-20°C),WH-A,In Stock,2024-06-09
INV000945,MED000717,SUP0024,BAT521598,2025-07-16,2026-07-11,441,122.54,160.02,150,Room Temperature,WH-D,In Stock,2025-08-25
INV002515,MED000717,SUP0074,BAT128877,2024-03-09,2026-02-27,581,166.9,219.81,179,Room Temperature,WH-B,In Stock,2024-05-26
INV001081,MED000718,SUP0037,BAT923408,2026-05-14,2029-01-28,158,429.35,527.47,47,Frozen (-20°C),WH-B,In Stock,2026-07-20
INV001191,MED000718,SUP0072,BAT337009,2025-06-26,2028-02-11,950,168.38,229.7,74,Refrigerated (2–8°C),WH-E,In Stock,2025-07-14
INV001384,MED000718,SUP0060,BAT310396,2023-11-13,2025-11-02,156,305.83,380.77,99,Frozen (-20°C),WH-B,In Stock,2024-03-04
INV004415,MED000718,SUP0015,BAT782262,2024-05-17,2027-05-02,293,551.88,692.64,77,Frozen (-20°C),WH-D,In Stock,2024-07-28
INV003297,MED000719,SUP0050,BAT788717,2026-02-19,2027-08-13,174,174.62,227.18,77,Refrigerated (2–8°C),WH-E,In Stock,2026-04-22
INV004078,MED000719,SUP0053,BAT414909,2026-04-08,2027-08-31,538,189.33,255.12,195,Refrigerated (2–8°C),WH-D,In Stock,2026-07-20
INV000290,MED000720,SUP0055,BAT429780,2024-05-02,2025-11-23,660,152.66,201.54,46,Frozen (-20°C),WH-E,In Stock,2024-07-26
INV000662,MED000720,SUP0040,BAT567220,2024-01-16,2025-07-09,759,483.19,607.72,131,Frozen (-20°C),WH-D,In Stock,2024-05-23
INV001814,MED000720,SUP0015,BAT173802,2026-03-18,2027-05-12,699,140.11,184.83,40,Frozen (-20°C),WH-D,In Stock,2026-07-19
INV002993,MED000720,SUP0047,BAT960909,2025-10-21,2027-04-14,254,304.75,421.54,47,Frozen (-20°C),WH-D,In Stock,2026-01-21
INV004689,MED000720,SUP0013,BAT751149,2025-09-06,2028-07-22,755,88.8,107.59,81,Refrigerated (2–8°C),WH-D,In Stock,2026-03-01
INV004824,MED000720,SUP0016,BAT378748,2024-04-15,2026-06-04,52,97.87,124.15,200,Room Temperature,WH-E,Low Stock,2024-08-29
INV001099,MED000721,SUP0073,BAT455772,2026-02-16,2028-12-02,285,185.24,236.88,193,Frozen (-20°C),WH-D,In Stock,2026-04-07
INV004337,MED000721,SUP0014,BAT433488,2024-03-29,2026-03-19,920,453.2,583.32,121,Refrigerated (2–8°C),WH-B,In Stock,2024-08-03
INV001045,MED000722,SUP0051,BAT131394,2024-03-11,2025-08-03,439,217.86,264.6,72,Frozen (-20°C),WH-C,In Stock,2024-06-16
INV002052,MED000722,SUP0054,BAT707707,2026-07-17,2029-03-03,554,213.22,277.08,101,Frozen (-20°C),WH-A,In Stock,2026-07-20
INV000158,MED000723,SUP0031,BAT698384,2025-11-20,2027-04-14,536,45.27,59.09,117,Frozen (-20°C),WH-E,In Stock,2025-12-26
INV000807,MED000723,SUP0049,BAT967661,2025-07-23,2027-07-13,859,79.23,100.95,27,Room Temperature,WH-D,In Stock,2025-09-21
INV001710,MED000723,SUP0038,BAT294708,2024-12-07,2027-07-25,699,444.92,609.25,161,Refrigerated (2–8°C),WH-B,In Stock,2025-01-25
INV002086,MED000723,SUP0023,BAT603231,2026-03-20,2027-09-11,292,263.7,333.1,167,Room Temperature,WH-C,In Stock,2026-04-06
INV004258,MED000723,SUP0023,BAT814357,2025-08-22,2026-09-16,691,224.04,283.63,55,Room Temperature,WH-C,In Stock,2026-01-26
INV000455,MED000724,SUP0051,BAT525146,2024-09-03,2026-12-22,754,551.91,722.96,42,Frozen (-20°C),WH-E,In Stock,2024-09-21
INV001427,MED000724,SUP0014,BAT170156,2025-05-13,2028-02-27,622,89.18,116.27,99,Refrigerated (2–8°C),WH-B,In Stock,2025-09-27
INV000318,MED000725,SUP0028,BAT296242,2025-02-03,2026-09-26,904,25.62,33.92,63,Room Temperature,WH-C,In Stock,2025-06-12
INV001064,MED000726,SUP0056,BAT322367,2024-05-24,2026-05-14,441,203.58,262.27,155,Refrigerated (2–8°C),WH-A,In Stock,2024-10-14
INV001148,MED000726,SUP0017,BAT521860,2024-11-26,2027-09-12,121,538.97,743.6,111,Frozen (-20°C),WH-E,In Stock,2025-02-24
INV004320,MED000726,SUP0063,BAT144080,2024-07-03,2026-06-23,755,231.94,322.74,165,Room Temperature,WH-C,In Stock,2024-11-20
INV004844,MED000726,SUP0003,BAT651683,2023-09-13,2026-04-30,347,408.87,495.01,37,Room Temperature,WH-A,In Stock,2023-10-07
INV000474,MED000728,SUP0042,BAT805893,2026-05-31,2028-08-18,910,231.74,291.37,45,Frozen (-20°C),WH-B,In Stock,2026-07-20
INV004275,MED000728,SUP0058,BAT986959,2026-03-05,2027-03-30,992,597.63,806.78,118,Frozen (-20°C),WH-A,In Stock,2026-04-23
INV000574,MED000729,SUP0040,BAT448475,2024-08-29,2027-06-15,80,342.83,417.77,144,Frozen (-20°C),WH-D,Low Stock,2025-01-27
INV000916,MED000729,SUP0061,BAT288358,2023-11-05,2025-01-28,665,358.07,499.13,111,Frozen (-20°C),WH-D,In Stock,2024-03-30
INV003690,MED000729,SUP0020,BAT697177,2025-10-02,2026-12-26,76,119.75,158.28,95,Refrigerated (2–8°C),WH-C,Low Stock,2026-01-12
INV003959,MED000729,SUP0017,BAT928917,2026-07-17,2029-04-02,640,7.82,9.72,97,Room Temperature,WH-C,In Stock,2026-07-20
INV000689,MED000730,SUP0061,BAT799061,2025-10-26,2028-01-14,285,461.96,564.33,62,Refrigerated (2–8°C),WH-D,In Stock,2026-03-20
INV001903,MED000730,SUP0032,BAT105891,2025-11-14,2028-03-03,248,95.12,131.32,28,Room Temperature,WH-D,In Stock,2026-02-01
INV002082,MED000731,SUP0019,BAT412017,2026-01-03,2028-04-22,114,75.85,99.83,143,Frozen (-20°C),WH-E,Low Stock,2026-04-03
INV003513,MED000731,SUP0014,BAT545032,2026-03-03,2029-01-16,900,252.56,326.96,159,Refrigerated (2–8°C),WH-E,In Stock,2026-05-25
INV004367,MED000731,SUP0027,BAT609116,2024-08-20,2026-12-08,863,465.9,650.03,167,Room Temperature,WH-B,In Stock,2024-09-18
INV000670,MED000732,SUP0021,BAT155457,2025-01-29,2026-12-20,651,33.99,42.77,116,Frozen (-20°C),WH-A,In Stock,2025-05-31
INV000764,MED000732,SUP0021,BAT283201,2026-05-17,2027-06-11,345,72.81,90.67,135,Frozen (-20°C),WH-B,In Stock,2026-06-17
INV003428,MED000732,SUP0028,BAT197955,2025-05-19,2026-05-14,299,124.28,165.65,57,Frozen (-20°C),WH-B,In Stock,2025-06-08
INV003830,MED000732,SUP0045,BAT413309,2025-05-28,2027-12-14,213,540.21,702.73,89,Frozen (-20°C),WH-C,In Stock,2025-06-26
INV004129,MED000732,SUP0028,BAT720440,2023-08-27,2025-04-18,888,480.42,616.58,164,Frozen (-20°C),WH-B,In Stock,2024-01-29
INV002219,MED000734,SUP0017,BAT328472,2026-07-08,2028-07-27,855,366.39,469.45,146,Frozen (-20°C),WH-A,In Stock,2026-07-20
INV002471,MED000734,SUP0003,BAT198343,2026-03-18,2028-05-06,73,94.08,118.62,108,Refrigerated (2–8°C),WH-A,Low Stock,2026-07-20
INV004914,MED000734,SUP0074,BAT900025,2026-01-25,2028-04-14,238,423.21,548.49,49,Refrigerated (2–8°C),WH-D,In Stock,2026-02-19
INV000927,MED000736,SUP0036,BAT234733,2025-12-01,2027-01-25,261,232.16,320.55,91,Refrigerated (2–8°C),WH-D,In Stock,2026-05-05
INV003005,MED000737,SUP0011,BAT791321,2025-08-14,2027-12-02,754,496.51,605.97,36,Frozen (-20°C),WH-B,In Stock,2026-01-20
INV004159,MED000737,SUP0063,BAT358023,2025-01-03,2026-02-27,593,17.79,22.69,46,Refrigerated (2–8°C),WH-A,In Stock,2025-04-09
INV000381,MED000738,SUP0041,BAT546688,2024-03-14,2025-06-07,9,399.7,493.27,60,Refrigerated (2–8°C),WH-D,Low Stock,2024-04-09
INV003282,MED000738,SUP0063,BAT674016,2023-08-15,2025-04-06,224,65.11,84.95,137,Frozen (-20°C),WH-C,In Stock,2023-12-26
INV003743,MED000738,SUP0011,BAT645407,2025-12-11,2028-06-28,427,141.58,178.38,47,Room Temperature,WH-E,In Stock,2026-03-18
INV004276,MED000738,SUP0048,BAT395802,2024-12-26,2027-07-14,36,499.28,661.14,188,Frozen (-20°C),WH-E,Low Stock,2025-03-23
INV004744,MED000738,SUP0004,BAT859921,2025-12-09,2028-11-23,273,288.79,356.24,153,Refrigerated (2–8°C),WH-C,In Stock,2026-04-01
INV000770,MED000739,SUP0032,BAT258975,2026-07-09,2028-07-28,141,250.98,321.72,134,Refrigerated (2–8°C),WH-E,In Stock,2026-07-20
INV003041,MED000739,SUP0063,BAT105140,2024-11-04,2027-05-23,256,83.73,112.12,194,Room Temperature,WH-E,In Stock,2025-01-18
INV002668,MED000740,SUP0005,BAT724826,2024-07-13,2026-11-30,410,103.29,140.94,143,Room Temperature,WH-D,In Stock,2024-10-04
INV001927,MED000741,SUP0008,BAT417924,2025-02-27,2028-02-12,307,26.53,36.96,192,Refrigerated (2–8°C),WH-B,In Stock,2025-05-18
INV003132,MED000741,SUP0060,BAT328085,2026-02-02,2028-06-21,711,284.22,372.18,89,Frozen (-20°C),WH-C,In Stock,2026-06-16
INV003593,MED000741,SUP0036,BAT967422,2025-04-07,2027-10-24,785,352.2,454.2,85,Frozen (-20°C),WH-E,In Stock,2025-06-09
INV004329,MED000743,SUP0059,BAT558018,2024-02-16,2026-06-05,438,291.92,352.97,148,Refrigerated (2–8°C),WH-D,In Stock,2024-08-09
INV004514,MED000743,SUP0004,BAT217477,2025-10-21,2028-08-06,431,198.65,241.09,58,Refrigerated (2–8°C),WH-E,In Stock,2025-12-22
INV004707,MED000743,SUP0017,BAT400875,2024-03-20,2026-03-10,679,528.58,719.6,73,Refrigerated (2–8°C),WH-A,In Stock,2024-04-07
INV000931,MED000744,SUP0043,BAT915866,2025-01-30,2026-05-25,280,63.28,88.33,27,Room Temperature,WH-D,In Stock,2025-04-12
INV002081,MED000744,SUP0040,BAT728397,2024-01-26,2025-09-17,465,165.2,205.85,103,Refrigerated (2–8°C),WH-B,In Stock,2024-06-03
INV002161,MED000744,SUP0027,BAT439677,2024-11-21,2026-07-14,420,270.65,345.08,32,Frozen (-20°C),WH-E,In Stock,2025-03-21
INV001393,MED000745,SUP0044,BAT441847,2025-10-14,2027-02-06,210,134.09,166.03,87,Room Temperature,WH-E,In Stock,2026-03-13
INV001394,MED000745,SUP0060,BAT674835,2025-11-03,2027-09-24,314,238.73,308.93,79,Frozen (-20°C),WH-D,In Stock,2026-05-01
INV002660,MED000745,SUP0031,BAT592383,2025-03-02,2026-02-25,506,485.02,656.0,48,Refrigerated (2–8°C),WH-D,In Stock,2025-06-08
INV004530,MED000745,SUP0075,BAT486088,2025-07-17,2026-07-12,984,34.6,45.87,38,Room Temperature,WH-D,In Stock,2025-12-22
INV004770,MED000745,SUP0022,BAT507329,2023-11-03,2026-06-20,841,203.61,271.01,87,Room Temperature,WH-B,In Stock,2023-12-24
INV003665,MED000746,SUP0050,BAT607266,2024-08-02,2025-09-26,873,7.89,10.34,88,Refrigerated (2–8°C),WH-D,In Stock,2024-09-25
INV004461,MED000747,SUP0014,BAT637560,2023-12-20,2026-10-05,390,482.98,582.12,173,Refrigerated (2–8°C),WH-E,In Stock,2024-03-05
INV002632,MED000748,SUP0019,BAT916505,2026-06-16,2027-10-09,402,203.18,278.69,162,Frozen (-20°C),WH-B,In Stock,2026-07-20
INV003038,MED000749,SUP0047,BAT686379,2024-02-13,2026-05-03,844,280.19,343.25,106,Frozen (-20°C),WH-A,In Stock,2024-04-26
INV003130,MED000749,SUP0065,BAT707744,2025-05-14,2026-09-06,502,12.82,16.84,129,Frozen (-20°C),WH-A,In Stock,2025-08-06
INV002458,MED000750,SUP0058,BAT840733,2024-06-13,2026-12-30,678,143.95,187.4,137,Frozen (-20°C),WH-B,In Stock,2024-08-04
INV001762,MED000751,SUP0050,BAT421855,2024-04-12,2025-10-04,265,533.42,723.16,44,Room Temperature,WH-B,In Stock,2024-05-03
INV003368,MED000751,SUP0074,BAT719460,2024-05-30,2026-08-18,261,276.52,385.89,80,Room Temperature,WH-E,In Stock,2024-11-16
INV002109,MED000752,SUP0038,BAT572239,2024-12-06,2026-01-30,881,493.14,615.38,123,Refrigerated (2–8°C),WH-E,In Stock,2025-03-16
INV002866,MED000752,SUP0048,BAT466496,2023-08-26,2026-08-10,804,294.16,388.16,113,Refrigerated (2–8°C),WH-C,In Stock,2024-02-06
INV000150,MED000754,SUP0074,BAT561999,2026-02-20,2029-02-04,796,304.23,390.55,122,Room Temperature,WH-B,In Stock,2026-05-18
INV000306,MED000755,SUP0064,BAT910143,2024-08-24,2027-07-10,778,94.59,131.15,87,Room Temperature,WH-B,In Stock,2025-01-25
INV001767,MED000755,SUP0055,BAT925061,2025-04-12,2027-10-29,379,356.12,482.78,138,Refrigerated (2–8°C),WH-C,In Stock,2025-05-13
INV001830,MED000755,SUP0034,BAT639026,2024-07-13,2026-04-04,126,336.71,454.64,196,Frozen (-20°C),WH-C,Low Stock,2024-08-29
INV004952,MED000756,SUP0050,BAT782139,2026-02-26,2027-09-19,226,437.55,594.96,165,Room Temperature,WH-D,In Stock,2026-04-29
INV001288,MED000757,SUP0057,BAT398042,2024-03-04,2026-05-23,901,198.1,268.44,43,Refrigerated (2–8°C),WH-B,In Stock,2024-04-22
INV001632,MED000757,SUP0007,BAT483999,2025-04-16,2026-09-08,384,333.76,403.14,35,Refrigerated (2–8°C),WH-A,In Stock,2025-09-25
INV003284,MED000757,SUP0046,BAT422083,2025-03-31,2028-02-14,98,296.23,396.75,119,Room Temperature,WH-D,Low Stock,2025-05-21
INV003979,MED000757,SUP0053,BAT147328,2024-05-21,2025-12-12,52,190.85,258.62,133,Refrigerated (2–8°C),WH-E,Low Stock,2024-07-06
INV001853,MED000758,SUP0036,BAT445426,2025-09-04,2027-10-24,339,542.25,655.7,30,Refrigerated (2–8°C),WH-D,In Stock,2025-10-08
INV002499,MED000758,SUP0032,BAT770649,2026-06-01,2027-06-26,938,252.81,308.69,131,Refrigerated (2–8°C),WH-C,In Stock,2026-07-20
INV000449,MED000759,SUP0072,BAT681866,2026-04-06,2027-11-27,591,465.65,595.86,113,Room Temperature,WH-A,In Stock,2026-07-08
INV004758,MED000759,SUP0041,BAT830765,2026-04-19,2028-01-09,143,597.01,779.88,185,Refrigerated (2–8°C),WH-C,Low Stock,2026-05-19
INV000464,MED000761,SUP0041,BAT616256,2025-02-02,2027-04-23,782,171.76,213.74,155,Frozen (-20°C),WH-B,In Stock,2025-04-04
INV002553,MED000761,SUP0057,BAT145331,2024-01-06,2025-12-26,147,251.55,348.47,138,Refrigerated (2–8°C),WH-E,In Stock,2024-04-11
INV003832,MED000761,SUP0027,BAT346456,2023-10-29,2026-03-17,749,119.32,149.14,59,Frozen (-20°C),WH-A,In Stock,2024-04-19
INV000169,MED000762,SUP0057,BAT900152,2023-12-25,2026-06-12,542,241.83,321.61,118,Room Temperature,WH-A,In Stock,2024-02-13
INV001046,MED000762,SUP0019,BAT917380,2025-04-24,2026-07-18,326,431.5,536.25,27,Frozen (-20°C),WH-C,In Stock,2025-05-11
INV002486,MED000763,SUP0034,BAT287910,2024-08-25,2025-08-20,34,114.89,139.11,38,Frozen (-20°C),WH-D,Low Stock,2024-12-21
INV002785,MED000764,SUP0051,BAT474413,2026-05-22,2027-09-14,762,434.8,551.62,99,Frozen (-20°C),WH-C,In Stock,2026-07-20
INV002992,MED000764,SUP0009,BAT688446,2025-06-11,2028-05-26,914,54.98,69.32,50,Refrigerated (2–8°C),WH-A,In Stock,2025-10-29
INV003753,MED000764,SUP0010,BAT427801,2025-02-23,2028-01-09,311,373.19,456.3,136,Frozen (-20°C),WH-A,In Stock,2025-07-14
INV000669,MED000765,SUP0066,BAT868561,2023-08-25,2025-04-16,595,91.95,118.82,39,Frozen (-20°C),WH-B,In Stock,2023-10-20
INV000800,MED000765,SUP0070,BAT276358,2024-12-04,2027-04-23,984,273.79,328.6,167,Refrigerated (2–8°C),WH-E,In Stock,2025-04-06
INV004460,MED000766,SUP0073,BAT528147,2024-11-14,2027-02-02,87,75.31,100.22,82,Frozen (-20°C),WH-A,In Stock,2025-04-15
INV001200,MED000767,SUP0023,BAT883945,2023-08-11,2025-02-01,369,120.96,159.33,159,Refrigerated (2–8°C),WH-A,In Stock,2023-12-17
INV001325,MED000767,SUP0021,BAT205002,2024-06-24,2027-02-09,879,139.62,193.53,183,Frozen (-20°C),WH-B,In Stock,2024-12-18
INV003498,MED000767,SUP0049,BAT654891,2024-02-28,2026-04-18,619,228.11,289.91,138,Room Temperature,WH-D,In Stock,2024-06-18
INV001501,MED000768,SUP0032,BAT510654,2026-04-07,2029-01-21,954,278.15,352.77,170,Refrigerated (2–8°C),WH-E,In Stock,2026-06-30
INV002715,MED000768,SUP0024,BAT409876,2026-06-02,2027-12-24,615,594.26,800.72,126,Room Temperature,WH-D,In Stock,2026-07-15
INV002793,MED000768,SUP0003,BAT652341,2023-12-06,2025-07-28,718,416.53,500.14,84,Room Temperature,WH-E,In Stock,2024-02-01
INV003432,MED000768,SUP0011,BAT661810,2024-06-06,2026-08-25,880,116.74,152.12,198,Room Temperature,WH-D,In Stock,2024-07-28
INV002803,MED000769,SUP0043,BAT478542,2026-06-17,2027-09-10,471,455.95,563.35,113,Frozen (-20°C),WH-B,In Stock,2026-07-20
INV000797,MED000770,SUP0016,BAT154398,2024-09-07,2026-03-31,600,298.32,402.87,85,Refrigerated (2–8°C),WH-A,In Stock,2025-02-21
INV001528,MED000770,SUP0039,BAT491772,2023-09-07,2025-06-28,203,133.26,180.57,29,Room Temperature,WH-D,In Stock,2024-01-24
INV002141,MED000770,SUP0003,BAT318359,2024-07-29,2026-08-18,640,192.9,240.15,115,Room Temperature,WH-D,In Stock,2025-01-24
INV003842,MED000770,SUP0064,BAT664495,2025-08-07,2027-05-29,505,473.54,615.8,27,Refrigerated (2–8°C),WH-D,In Stock,2025-10-26
INV000127,MED000771,SUP0054,BAT575682,2025-06-18,2026-11-10,319,467.22,613.7,108,Room Temperature,WH-A,In Stock,2025-10-05
INV000225,MED000771,SUP0024,BAT891062,2026-03-16,2027-10-07,307,484.44,669.96,61,Frozen (-20°C),WH-D,In Stock,2026-05-27
INV000434,MED000771,SUP0029,BAT641455,2025-10-29,2027-09-19,498,532.87,640.15,148,Room Temperature,WH-D,In Stock,2026-02-09
INV004991,MED000771,SUP0044,BAT263981,2023-11-24,2026-08-10,741,310.56,398.72,96,Frozen (-20°C),WH-D,In Stock,2024-01-05
INV000196,MED000772,SUP0041,BAT281594,2026-02-16,2028-07-05,559,407.14,559.22,115,Frozen (-20°C),WH-C,In Stock,2026-05-29
INV000525,MED000772,SUP0075,BAT795759,2026-07-03,2027-07-28,174,173.99,236.25,40,Frozen (-20°C),WH-C,In Stock,2026-07-20
INV001100,MED000772,SUP0061,BAT735271,2024-07-24,2027-01-10,794,317.63,389.38,193,Refrigerated (2–8°C),WH-E,In Stock,2024-12-15
INV001178,MED000772,SUP0038,BAT550399,2024-01-27,2025-08-19,574,292.59,404.22,96,Frozen (-20°C),WH-E,In Stock,2024-05-25
INV003834,MED000772,SUP0033,BAT118207,2025-12-22,2027-04-16,14,266.81,358.45,123,Refrigerated (2–8°C),WH-A,Low Stock,2026-04-24
INV004600,MED000772,SUP0060,BAT836499,2024-01-24,2026-05-13,300,141.94,189.93,79,Refrigerated (2–8°C),WH-E,In Stock,2024-02-29
INV002720,MED000773,SUP0019,BAT707135,2024-01-29,2025-03-24,462,81.33,100.15,68,Refrigerated (2–8°C),WH-A,In Stock,2024-07-01
INV002491,MED000774,SUP0018,BAT786833,2023-09-15,2024-12-08,775,510.95,624.78,36,Room Temperature,WH-C,In Stock,2024-03-05
INV003256,MED000775,SUP0036,BAT768166,2026-02-09,2028-11-25,98,208.28,273.28,46,Frozen (-20°C),WH-A,In Stock,2026-06-24
INV004870,MED000775,SUP0055,BAT432757,2026-05-21,2028-12-06,514,100.24,126.51,198,Frozen (-20°C),WH-C,In Stock,2026-07-20
INV000897,MED000776,SUP0008,BAT473323,2025-05-27,2026-08-20,467,436.51,601.33,127,Room Temperature,WH-A,In Stock,2025-06-11
INV002396,MED000776,SUP0005,BAT451333,2025-04-22,2026-09-14,515,85.49,107.51,102,Frozen (-20°C),WH-A,In Stock,2025-10-13
INV003396,MED000776,SUP0062,BAT970269,2025-03-12,2026-09-03,875,167.91,231.17,130,Room Temperature,WH-B,In Stock,2025-05-15
INV000832,MED000777,SUP0015,BAT454820,2024-09-23,2026-06-15,245,486.65,648.31,119,Frozen (-20°C),WH-E,In Stock,2025-02-01
INV001211,MED000777,SUP0037,BAT286650,2025-02-11,2026-06-06,323,139.45,172.59,130,Room Temperature,WH-B,In Stock,2025-07-20
INV003223,MED000777,SUP0027,BAT163362,2025-12-06,2027-11-26,23,210.5,278.18,28,Refrigerated (2–8°C),WH-E,Low Stock,2026-04-18
INV000601,MED000778,SUP0050,BAT597643,2025-01-08,2026-05-03,891,12.06,16.71,136,Refrigerated (2–8°C),WH-D,In Stock,2025-06-07
INV002987,MED000779,SUP0062,BAT284651,2026-06-28,2027-07-23,490,430.15,529.65,64,Room Temperature,WH-E,In Stock,2026-07-16
INV004628,MED000779,SUP0022,BAT150747,2023-09-23,2024-11-16,884,371.37,512.25,160,Frozen (-20°C),WH-B,In Stock,2023-11-22
INV003667,MED000780,SUP0003,BAT107242,2023-07-22,2025-05-12,830,131.65,175.18,162,Room Temperature,WH-B,In Stock,2023-12-09
INV004483,MED000780,SUP0003,BAT649009,2023-11-21,2025-10-11,551,496.72,609.56,59,Room Temperature,WH-B,In Stock,2024-03-05
INV000860,MED000781,SUP0044,BAT882193,2025-10-15,2027-04-08,38,154.11,206.79,27,Room Temperature,WH-C,In Stock,2026-02-08
INV001424,MED000782,SUP0020,BAT518820,2025-08-07,2026-08-02,810,543.69,668.85,194,Room Temperature,WH-B,In Stock,2025-12-11
INV001456,MED000782,SUP0073,BAT267234,2024-02-05,2025-03-01,220,118.52,152.25,190,Refrigerated (2–8°C),WH-A,In Stock,2024-05-24
INV003008,MED000782,SUP0025,BAT536505,2024-01-06,2025-10-27,485,368.84,503.77,125,Refrigerated (2–8°C),WH-C,In Stock,2024-02-25
INV003363,MED000783,SUP0040,BAT469651,2026-02-19,2027-11-11,953,132.05,174.18,77,Frozen (-20°C),WH-D,In Stock,2026-05-14
INV000691,MED000784,SUP0042,BAT260155,2025-04-01,2027-10-18,98,398.34,519.43,44,Refrigerated (2–8°C),WH-D,In Stock,2025-09-22
INV003397,MED000784,SUP0026,BAT257685,2026-04-19,2028-04-08,673,531.59,719.26,133,Refrigerated (2–8°C),WH-E,In Stock,2026-07-20
INV000052,MED000785,SUP0020,BAT840734,2024-10-01,2025-11-25,417,327.85,420.68,109,Room Temperature,WH-D,In Stock,2025-01-30
INV003353,MED000785,SUP0020,BAT425826,2024-06-18,2026-07-08,474,464.55,627.59,157,Refrigerated (2–8°C),WH-B,In Stock,2024-09-29
INV003881,MED000785,SUP0014,BAT689216,2025-05-21,2028-02-05,419,424.76,551.57,33,Room Temperature,WH-D,In Stock,2025-08-02
INV001850,MED000786,SUP0012,BAT402790,2023-11-24,2026-10-09,919,177.17,223.92,166,Room Temperature,WH-A,In Stock,2024-02-07
INV003452,MED000786,SUP0006,BAT916249,2024-11-28,2026-01-22,36,347.57,484.06,159,Frozen (-20°C),WH-E,Low Stock,2025-03-30
INV000884,MED000787,SUP0063,BAT422763,2023-12-13,2026-01-01,943,233.97,307.23,56,Room Temperature,WH-D,In Stock,2024-01-06
INV000920,MED000787,SUP0062,BAT775908,2025-12-25,2027-09-16,128,198.51,266.55,50,Frozen (-20°C),WH-B,In Stock,2026-06-04
INV002249,MED000787,SUP0024,BAT724214,2025-01-20,2027-09-07,579,541.5,686.83,77,Room Temperature,WH-E,In Stock,2025-02-27
INV000101,MED000788,SUP0062,BAT211834,2024-11-17,2026-11-07,367,181.04,242.57,172,Room Temperature,WH-D,In Stock,2025-04-27
INV003372,MED000789,SUP0053,BAT899350,2025-07-13,2027-07-03,3,580.35,740.25,197,Frozen (-20°C),WH-B,Low Stock,2025-07-31
INV004931,MED000789,SUP0038,BAT320423,2025-03-25,2027-02-13,864,394.86,544.5,75,Refrigerated (2–8°C),WH-B,In Stock,2025-09-17
INV001729,MED000791,SUP0063,BAT251070,2026-05-09,2029-02-22,433,539.83,732.96,139,Frozen (-20°C),WH-C,In Stock,2026-07-19
INV003928,MED000791,SUP0038,BAT755472,2024-09-23,2026-06-15,395,412.71,538.49,37,Frozen (-20°C),WH-B,In Stock,2025-01-28
INV001938,MED000792,SUP0065,BAT500878,2023-11-28,2025-12-17,927,80.25,99.14,96,Refrigerated (2–8°C),WH-C,In Stock,2024-02-04
INV002465,MED000792,SUP0008,BAT839490,2024-12-24,2027-05-13,710,487.46,613.01,149,Frozen (-20°C),WH-B,In Stock,2025-03-01
INV004540,MED000792,SUP0036,BAT855868,2025-11-04,2028-01-23,265,335.23,426.12,143,Room Temperature,WH-C,In Stock,2026-02-23
INV001415,MED000793,SUP0042,BAT755833,2026-07-09,2027-12-31,837,426.4,553.92,75,Frozen (-20°C),WH-B,In Stock,2026-07-20
INV004377,MED000793,SUP0008,BAT291677,2024-02-10,2025-08-03,686,414.21,532.04,154,Refrigerated (2–8°C),WH-D,In Stock,2024-03-13
INV000340,MED000794,SUP0024,BAT489043,2025-09-09,2027-07-31,456,161.66,209.03,36,Room Temperature,WH-C,In Stock,2025-11-10
INV002446,MED000794,SUP0071,BAT736166,2024-11-05,2026-05-29,927,399.34,547.06,155,Frozen (-20°C),WH-C,In Stock,2025-01-29
INV003931,MED000794,SUP0006,BAT208137,2026-03-07,2027-07-30,990,310.92,373.99,63,Room Temperature,WH-D,In Stock,2026-06-30
INV004371,MED000794,SUP0002,BAT114440,2025-09-02,2028-08-17,874,410.15,535.13,154,Room Temperature,WH-D,In Stock,2025-12-28
INV001896,MED000795,SUP0010,BAT134873,2023-11-19,2025-12-08,583,12.76,15.36,172,Frozen (-20°C),WH-D,In Stock,2024-04-06
INV002206,MED000795,SUP0038,BAT523918,2024-12-03,2026-06-26,883,143.44,187.9,109,Room Temperature,WH-A,In Stock,2025-05-24
INV004382,MED000795,SUP0018,BAT383220,2026-03-31,2028-10-16,282,151.52,207.13,89,Refrigerated (2–8°C),WH-E,In Stock,2026-07-20
INV000110,MED000796,SUP0059,BAT489033,2025-11-25,2028-05-13,906,394.68,539.42,131,Frozen (-20°C),WH-D,In Stock,2026-01-18
INV000269,MED000796,SUP0054,BAT725397,2024-04-28,2026-10-15,433,294.57,385.14,72,Frozen (-20°C),WH-B,In Stock,2024-08-19
INV001409,MED000796,SUP0005,BAT829062,2025-01-24,2027-11-10,343,482.87,661.88,118,Refrigerated (2–8°C),WH-D,In Stock,2025-05-15
INV002530,MED000796,SUP0009,BAT526267,2024-12-20,2026-11-10,171,109.42,145.66,107,Frozen (-20°C),WH-C,In Stock,2025-03-31
INV003039,MED000796,SUP0018,BAT455468,2023-09-09,2025-08-29,570,116.85,160.71,181,Refrigerated (2–8°C),WH-D,In Stock,2024-02-21
INV004287,MED000796,SUP0010,BAT465620,2025-12-11,2028-06-28,542,290.81,378.61,40,Room Temperature,WH-A,In Stock,2026-04-26
INV004825,MED000796,SUP0015,BAT209804,2025-06-05,2026-08-29,81,108.63,146.11,136,Room Temperature,WH-C,Low Stock,2025-07-20
INV004916,MED000796,SUP0025,BAT923763,2025-10-09,2027-12-28,522,413.44,577.43,156,Room Temperature,WH-D,In Stock,2026-03-30
INV004994,MED000796,SUP0015,BAT805719,2025-06-07,2027-10-25,259,403.32,494.2,94,Refrigerated (2–8°C),WH-C,In Stock,2025-11-02
INV001017,MED000797,SUP0002,BAT688155,2024-08-30,2025-10-24,631,197.62,276.13,62,Frozen (-20°C),WH-C,In Stock,2025-02-09
INV002462,MED000797,SUP0023,BAT862477,2024-03-27,2026-02-15,586,329.14,437.78,116,Frozen (-20°C),WH-D,In Stock,2024-09-19
INV003856,MED000797,SUP0074,BAT971134,2024-07-30,2025-12-22,833,440.41,565.66,169,Room Temperature,WH-B,In Stock,2024-11-10
INV004090,MED000797,SUP0056,BAT482561,2024-09-12,2027-03-31,661,318.66,415.79,160,Refrigerated (2–8°C),WH-E,In Stock,2025-01-17
INV000053,MED000798,SUP0075,BAT829308,2023-08-30,2026-08-14,389,8.51,10.81,147,Refrigerated (2–8°C),WH-D,In Stock,2024-02-08
INV001376,MED000799,SUP0030,BAT489843,2025-10-21,2026-11-15,145,151.47,202.02,178,Refrigerated (2–8°C),WH-E,Low Stock,2025-12-14
INV003807,MED000799,SUP0057,BAT555657,2023-08-22,2025-11-09,737,64.32,81.93,185,Room Temperature,WH-E,In Stock,2023-11-24
INV004059,MED000799,SUP0055,BAT624761,2024-12-03,2027-10-19,223,212.22,263.04,64,Frozen (-20°C),WH-C,In Stock,2024-12-30
INV001110,MED000800,SUP0046,BAT171253,2024-06-08,2026-02-28,547,148.63,193.75,172,Frozen (-20°C),WH-E,In Stock,2024-07-12
INV004390,MED000800,SUP0018,BAT262671,2025-07-23,2028-03-09,433,303.09,389.24,191,Frozen (-20°C),WH-D,In Stock,2025-10-10
INV000913,MED000801,SUP0010,BAT653485,2025-02-19,2026-11-11,717,239.29,293.41,165,Frozen (-20°C),WH-A,In Stock,2025-04-24
INV003078,MED000801,SUP0034,BAT708472,2026-02-25,2027-02-20,702,176.0,238.97,164,Refrigerated (2–8°C),WH-E,In Stock,2026-03-19
INV003654,MED000801,SUP0053,BAT752240,2025-03-08,2027-11-23,131,110.9,142.6,139,Refrigerated (2–8°C),WH-A,Low Stock,2025-07-01
INV000330,MED000802,SUP0073,BAT133955,2024-07-27,2027-02-12,943,136.43,179.15,181,Refrigerated (2–8°C),WH-B,In Stock,2024-10-31
INV003064,MED000802,SUP0059,BAT112425,2024-10-10,2027-07-27,435,576.97,737.71,62,Frozen (-20°C),WH-D,In Stock,2025-03-09
INV004244,MED000802,SUP0024,BAT968352,2025-01-24,2027-03-15,130,261.8,328.3,101,Refrigerated (2–8°C),WH-B,In Stock,2025-04-25
INV000576,MED000803,SUP0024,BAT833599,2025-05-27,2027-03-18,499,43.89,53.66,32,Refrigerated (2–8°C),WH-D,In Stock,2025-10-05
INV000995,MED000804,SUP0024,BAT962458,2023-12-26,2026-10-11,488,393.36,503.9,105,Refrigerated (2–8°C),WH-B,In Stock,2024-05-08
INV002824,MED000804,SUP0034,BAT314158,2023-10-01,2024-12-24,337,505.39,650.07,185,Room Temperature,WH-B,In Stock,2024-01-23
INV002916,MED000804,SUP0040,BAT479644,2025-03-05,2027-11-20,428,279.49,363.99,112,Refrigerated (2–8°C),WH-B,In Stock,2025-06-17
INV001904,MED000805,SUP0057,BAT330628,2024-04-24,2026-11-10,288,204.03,284.63,198,Refrigerated (2–8°C),WH-C,In Stock,2024-05-10
INV002865,MED000806,SUP0069,BAT444770,2025-08-25,2027-10-14,634,191.87,239.37,195,Room Temperature,WH-E,In Stock,2025-11-02
INV004065,MED000806,SUP0052,BAT328287,2023-08-23,2024-09-16,205,91.33,126.5,124,Room Temperature,WH-C,In Stock,2023-12-16
INV003398,MED000807,SUP0034,BAT871072,2025-06-05,2027-09-23,671,234.08,293.03,124,Frozen (-20°C),WH-C,In Stock,2025-10-11
INV000420,MED000808,SUP0069,BAT674122,2024-01-11,2025-10-02,766,130.98,180.9,113,Frozen (-20°C),WH-B,In Stock,2024-03-19
INV000540,MED000808,SUP0074,BAT722650,2026-06-30,2029-02-14,533,273.71,373.72,52,Room Temperature,WH-B,In Stock,2026-07-20
INV000639,MED000808,SUP0062,BAT949049,2024-02-06,2026-03-27,246,337.3,405.6,46,Frozen (-20°C),WH-D,In Stock,2024-06-26
INV000343,MED000809,SUP0005,BAT626491,2026-06-13,2028-11-29,150,569.81,734.95,55,Room Temperature,WH-B,In Stock,2026-07-20
INV001418,MED000809,SUP0038,BAT730775,2025-11-11,2028-02-29,292,258.78,353.21,80,Frozen (-20°C),WH-B,In Stock,2026-05-08
INV004135,MED000809,SUP0023,BAT907693,2024-06-16,2027-06-01,363,476.11,632.17,152,Refrigerated (2–8°C),WH-D,In Stock,2024-11-27
INV004164,MED000809,SUP0018,BAT843541,2026-06-27,2027-08-21,577,289.18,367.48,181,Refrigerated (2–8°C),WH-E,In Stock,2026-07-20
INV000520,MED000810,SUP0074,BAT305625,2026-06-28,2028-01-19,73,467.18,590.83,93,Frozen (-20°C),WH-A,Low Stock,2026-07-20
INV002595,MED000810,SUP0026,BAT526766,2024-10-12,2027-06-29,869,258.67,310.63,158,Room Temperature,WH-B,In Stock,2024-12-01
INV002736,MED000810,SUP0030,BAT699206,2025-01-05,2026-11-26,100,435.38,570.77,78,Refrigerated (2–8°C),WH-B,In Stock,2025-03-27
INV003042,MED000810,SUP0051,BAT883667,2024-05-25,2026-04-15,129,501.08,666.28,179,Refrigerated (2–8°C),WH-A,Low Stock,2024-08-30
INV003930,MED000810,SUP0060,BAT796652,2024-09-30,2026-09-20,79,125.4,150.89,126,Frozen (-20°C),WH-C,Low Stock,2024-12-07
INV004224,MED000810,SUP0038,BAT804020,2024-07-28,2026-10-16,471,212.2,260.96,174,Frozen (-20°C),WH-A,In Stock,2024-10-04
INV004434,MED000810,SUP0066,BAT809177,2026-03-21,2028-01-10,90,449.38,570.53,44,Frozen (-20°C),WH-C,In Stock,2026-05-24
INV001441,MED000811,SUP0023,BAT442475,2023-09-29,2026-05-16,331,455.11,549.72,169,Frozen (-20°C),WH-A,In Stock,2023-12-25
INV003725,MED000811,SUP0073,BAT807389,2025-09-19,2027-08-10,369,247.99,336.72,173,Room Temperature,WH-A,In Stock,2026-02-25
INV004165,MED000811,SUP0054,BAT492344,2023-10-30,2026-03-18,428,60.3,77.08,166,Frozen (-20°C),WH-B,In Stock,2024-01-07
INV000285,MED000812,SUP0040,BAT861253,2024-11-11,2026-12-01,720,5.65,7.32,49,Room Temperature,WH-E,In Stock,2024-12-19
INV000354,MED000813,SUP0016,BAT814263,2023-09-21,2025-04-13,500,270.43,376.47,177,Refrigerated (2–8°C),WH-E,In Stock,2024-01-09
INV001318,MED000813,SUP0042,BAT112281,2026-03-31,2028-06-18,192,522.37,728.27,185,Refrigerated (2–8°C),WH-D,In Stock,2026-07-12
INV004186,MED000813,SUP0054,BAT442395,2025-12-04,2026-11-29,301,104.73,129.72,173,Refrigerated (2–8°C),WH-D,In Stock,2026-01-31
INV004399,MED000813,SUP0048,BAT960837,2025-10-16,2028-04-03,46,40.18,52.49,139,Frozen (-20°C),WH-D,Low Stock,2025-11-27
INV001566,MED000814,SUP0001,BAT550898,2023-10-26,2024-12-19,548,564.25,678.94,164,Frozen (-20°C),WH-C,In Stock,2024-01-19
INV001323,MED000815,SUP0066,BAT304344,2024-05-06,2027-01-21,794,123.21,166.2,29,Frozen (-20°C),WH-E,In Stock,2024-07-16
INV001753,MED000815,SUP0007,BAT764053,2024-05-25,2027-04-10,118,98.66,135.49,78,Frozen (-20°C),WH-D,In Stock,2024-07-17
INV002047,MED000815,SUP0059,BAT209843,2024-12-09,2026-12-29,312,5.49,6.67,52,Room Temperature,WH-E,In Stock,2025-05-14
INV002854,MED000815,SUP0062,BAT772501,2026-06-03,2028-01-24,766,6.5,8.53,126,Room Temperature,WH-D,In Stock,2026-07-20
INV004020,MED000815,SUP0035,BAT468794,2023-10-09,2026-01-26,147,527.12,652.58,169,Room Temperature,WH-B,Low Stock,2024-01-30
INV001690,MED000816,SUP0061,BAT660130,2024-02-27,2025-06-21,758,402.03,496.13,152,Room Temperature,WH-A,In Stock,2024-07-09
INV002510,MED000816,SUP0026,BAT720917,2025-03-21,2028-03-05,406,197.37,247.82,72,Room Temperature,WH-E,In Stock,2025-07-27
INV004767,MED000816,SUP0036,BAT177423,2025-10-24,2028-06-10,606,400.06,519.7,165,Room Temperature,WH-C,In Stock,2025-12-23
INV002062,MED000817,SUP0018,BAT580961,2023-10-09,2025-09-28,296,363.09,440.15,166,Frozen (-20°C),WH-B,In Stock,2024-02-03
INV002442,MED000817,SUP0011,BAT258269,2024-11-19,2027-05-08,697,112.34,155.83,52,Frozen (-20°C),WH-E,In Stock,2025-03-16
INV000519,MED000818,SUP0034,BAT189211,2025-10-14,2028-02-01,792,458.41,594.18,58,Room Temperature,WH-D,In Stock,2026-02-17
INV001010,MED000818,SUP0010,BAT333886,2025-09-23,2027-11-12,357,283.75,370.87,144,Refrigerated (2–8°C),WH-A,In Stock,2025-10-31
INV001083,MED000818,SUP0013,BAT373951,2025-03-30,2027-10-16,177,264.31,363.48,169,Frozen (-20°C),WH-B,In Stock,2025-07-02
INV001530,MED000818,SUP0060,BAT847519,2026-02-27,2028-01-18,474,252.4,305.47,58,Room Temperature,WH-A,In Stock,2026-05-05
INV002352,MED000818,SUP0036,BAT758864,2023-09-02,2026-05-19,546,12.41,15.86,163,Room Temperature,WH-E,In Stock,2024-01-08
INV004893,MED000818,SUP0039,BAT758904,2024-07-02,2025-11-24,876,160.89,194.15,173,Refrigerated (2–8°C),WH-C,In Stock,2024-07-29
INV002972,MED000819,SUP0007,BAT231610,2024-12-11,2026-04-05,98,295.05,359.36,32,Refrigerated (2–8°C),WH-C,In Stock,2025-03-19
INV001252,MED000820,SUP0037,BAT103499,2026-07-15,2028-05-05,671,411.59,502.0,69,Frozen (-20°C),WH-D,In Stock,2026-07-20
INV001802,MED000820,SUP0069,BAT830530,2026-05-13,2027-12-04,42,86.79,108.64,136,Refrigerated (2–8°C),WH-B,Low Stock,2026-07-20
INV002738,MED000820,SUP0067,BAT793609,2025-06-11,2028-05-26,47,354.35,474.53,191,Refrigerated (2–8°C),WH-C,Low Stock,2025-12-02
INV002848,MED000820,SUP0063,BAT209394,2025-06-28,2027-04-19,279,529.05,671.37,131,Frozen (-20°C),WH-B,In Stock,2025-09-17
INV000187,MED000821,SUP0007,BAT697983,2024-08-22,2026-07-13,295,234.88,303.01,43,Frozen (-20°C),WH-C,In Stock,2025-01-25
INV002410,MED000821,SUP0040,BAT590249,2025-01-26,2027-01-16,771,198.12,254.72,198,Refrigerated (2–8°C),WH-E,In Stock,2025-02-16
INV003689,MED000821,SUP0046,BAT363813,2026-05-13,2028-09-29,351,301.4,384.08,158,Frozen (-20°C),WH-C,In Stock,2026-07-20
INV000954,MED000822,SUP0005,BAT387164,2024-08-17,2025-12-10,18,123.79,169.95,182,Refrigerated (2–8°C),WH-D,Low Stock,2024-12-19
INV004702,MED000822,SUP0067,BAT937053,2025-05-29,2028-05-13,422,110.9,143.65,176,Room Temperature,WH-D,In Stock,2025-07-12
INV003482,MED000823,SUP0071,BAT716220,2026-02-08,2027-10-31,822,494.75,604.61,76,Refrigerated (2–8°C),WH-B,In Stock,2026-05-20
INV001392,MED000824,SUP0017,BAT980945,2025-07-12,2027-01-03,431,279.05,360.1,131,Refrigerated (2–8°C),WH-D,In Stock,2025-11-07
INV003571,MED000824,SUP0046,BAT869795,2023-08-10,2025-05-31,257,297.29,386.28,41,Room Temperature,WH-B,In Stock,2023-09-01
INV003548,MED000826,SUP0047,BAT754564,2025-03-20,2027-08-07,707,92.39,114.32,163,Frozen (-20°C),WH-A,In Stock,2025-04-22
INV003463,MED000827,SUP0040,BAT785343,2024-05-11,2025-11-02,285,565.22,749.1,27,Frozen (-20°C),WH-A,In Stock,2024-10-30
INV004100,MED000827,SUP0001,BAT650866,2026-04-19,2028-09-05,782,198.5,256.89,186,Frozen (-20°C),WH-E,In Stock,2026-07-20
INV000613,MED000828,SUP0009,BAT666366,2024-10-25,2025-10-20,977,77.12,100.8,148,Refrigerated (2–8°C),WH-C,In Stock,2025-02-15
INV001734,MED000828,SUP0067,BAT840469,2024-01-15,2026-10-01,181,540.41,700.38,71,Refrigerated (2–8°C),WH-C,In Stock,2024-05-25
INV001093,MED000829,SUP0062,BAT292984,2024-11-13,2027-04-02,841,410.39,563.0,181,Frozen (-20°C),WH-A,In Stock,2025-02-02
INV004105,MED000829,SUP0046,BAT254891,2026-01-24,2028-05-13,353,234.56,282.21,99,Frozen (-20°C),WH-C,In Stock,2026-03-20
INV000921,MED000831,SUP0003,BAT512925,2026-07-10,2028-09-27,531,325.69,444.16,174,Frozen (-20°C),WH-A,In Stock,2026-07-20
INV002939,MED000831,SUP0074,BAT569045,2024-12-19,2026-08-11,845,141.74,190.54,38,Room Temperature,WH-D,In Stock,2025-02-15
INV003027,MED000831,SUP0014,BAT126584,2023-11-07,2025-12-26,4,269.49,374.57,43,Room Temperature,WH-D,Low Stock,2024-03-20
INV001887,MED000832,SUP0048,BAT345165,2025-04-26,2026-12-17,698,598.94,825.69,70,Frozen (-20°C),WH-B,In Stock,2025-06-01
INV003905,MED000832,SUP0058,BAT617255,2023-12-14,2026-06-01,721,337.42,445.85,195,Room Temperature,WH-B,In Stock,2024-02-01
INV004524,MED000832,SUP0003,BAT984027,2024-03-06,2026-05-25,33,581.58,711.85,141,Frozen (-20°C),WH-E,Low Stock,2024-06-18
INV001633,MED000833,SUP0027,BAT352067,2025-11-07,2028-05-25,571,372.76,505.95,142,Room Temperature,WH-E,In Stock,2026-04-28
INV002623,MED000833,SUP0038,BAT142668,2025-09-01,2027-12-20,199,468.49,563.69,98,Frozen (-20°C),WH-C,In Stock,2025-11-15
INV004385,MED000833,SUP0050,BAT245662,2024-03-16,2026-10-02,714,309.04,390.42,149,Refrigerated (2–8°C),WH-C,In Stock,2024-09-04
INV004389,MED000834,SUP0069,BAT651146,2024-10-10,2026-05-03,138,501.42,668.53,76,Frozen (-20°C),WH-E,In Stock,2025-03-31
INV004401,MED000834,SUP0035,BAT284700,2024-05-18,2026-07-07,929,150.89,206.18,90,Frozen (-20°C),WH-C,In Stock,2024-09-17
INV001662,MED000835,SUP0006,BAT322256,2024-11-10,2027-06-28,629,36.77,49.03,56,Refrigerated (2–8°C),WH-A,In Stock,2025-02-28
INV002539,MED000835,SUP0022,BAT301509,2026-05-13,2029-03-28,124,522.76,696.27,114,Room Temperature,WH-B,In Stock,2026-06-25
INV004042,MED000835,SUP0011,BAT993569,2025-11-26,2028-09-11,485,570.4,731.42,176,Refrigerated (2–8°C),WH-D,In Stock,2026-05-25
INV004584,MED000835,SUP0072,BAT696651,2023-10-29,2025-11-17,791,178.61,239.27,146,Frozen (-20°C),WH-E,In Stock,2024-02-13
INV002658,MED000836,SUP0027,BAT960712,2024-03-20,2026-11-05,16,105.05,126.94,123,Refrigerated (2–8°C),WH-B,Low Stock,2024-08-25
INV000446,MED000837,SUP0033,BAT298202,2023-08-01,2026-05-17,591,75.11,90.24,158,Frozen (-20°C),WH-B,In Stock,2023-08-17
INV002169,MED000837,SUP0004,BAT156394,2024-01-11,2025-05-05,248,90.28,109.9,158,Room Temperature,WH-B,In Stock,2024-06-17
INV003855,MED000837,SUP0026,BAT189416,2025-12-07,2027-06-30,355,299.32,362.23,66,Frozen (-20°C),WH-B,In Stock,2026-01-05
INV002142,MED000838,SUP0011,BAT783195,2026-02-28,2028-09-15,737,19.34,26.96,167,Room Temperature,WH-C,In Stock,2026-05-30
INV002538,MED000838,SUP0070,BAT728626,2023-11-18,2026-08-04,995,294.09,384.45,50,Room Temperature,WH-D,In Stock,2024-02-10
INV003601,MED000838,SUP0062,BAT185793,2026-06-23,2028-07-12,973,93.62,120.46,94,Refrigerated (2–8°C),WH-C,In Stock,2026-07-20
INV004153,MED000838,SUP0065,BAT373294,2023-07-30,2026-04-15,235,391.24,539.72,128,Frozen (-20°C),WH-E,In Stock,2023-11-06
INV002114,MED000839,SUP0034,BAT144935,2025-08-23,2026-11-16,193,338.33,406.08,196,Refrigerated (2–8°C),WH-B,Low Stock,2025-09-16
INV000502,MED000840,SUP0042,BAT215830,2024-02-03,2026-05-23,44,111.29,134.24,58,Room Temperature,WH-D,Low Stock,2024-03-06
INV001170,MED000840,SUP0029,BAT700315,2024-06-26,2026-11-13,798,70.64,98.45,185,Frozen (-20°C),WH-C,In Stock,2024-09-01
INV001754,MED000840,SUP0060,BAT889221,2024-05-01,2025-05-26,620,58.1,71.03,197,Refrigerated (2–8°C),WH-A,In Stock,2024-06-14
INV001868,MED000840,SUP0036,BAT155407,2026-02-15,2027-07-10,847,170.68,234.33,59,Room Temperature,WH-E,In Stock,2026-04-25
INV002112,MED000840,SUP0001,BAT459782,2024-12-12,2026-09-03,533,229.74,287.4,46,Room Temperature,WH-D,In Stock,2025-02-10
INV003413,MED000840,SUP0005,BAT294751,2026-03-04,2027-02-27,881,284.87,366.5,160,Refrigerated (2–8°C),WH-A,In Stock,2026-06-30
INV001022,MED000841,SUP0046,BAT469320,2025-12-09,2028-03-28,116,278.0,354.35,70,Frozen (-20°C),WH-E,In Stock,2026-03-19
INV004684,MED000841,SUP0068,BAT776099,2025-12-24,2027-08-16,755,65.01,84.16,103,Room Temperature,WH-C,In Stock,2026-04-25
INV000123,MED000842,SUP0046,BAT797660,2025-12-03,2028-10-18,991,362.24,460.16,98,Frozen (-20°C),WH-E,In Stock,2025-12-31
INV000149,MED000842,SUP0047,BAT809217,2024-11-18,2027-01-07,291,144.23,179.98,139,Refrigerated (2–8°C),WH-B,In Stock,2025-05-08
INV000175,MED000842,SUP0053,BAT963333,2023-12-19,2025-04-12,657,272.73,364.37,43,Refrigerated (2–8°C),WH-B,In Stock,2024-03-24
INV000870,MED000842,SUP0039,BAT904829,2026-05-09,2027-08-02,810,107.02,148.95,170,Frozen (-20°C),WH-C,In Stock,2026-07-20
INV000605,MED000843,SUP0013,BAT650779,2024-02-18,2026-11-04,359,436.52,545.82,81,Room Temperature,WH-A,In Stock,2024-06-26
INV000992,MED000843,SUP0044,BAT565540,2023-08-17,2025-05-08,159,529.29,638.55,40,Room Temperature,WH-E,In Stock,2023-09-29
INV002223,MED000843,SUP0058,BAT160579,2026-03-17,2028-07-04,902,302.39,383.37,143,Refrigerated (2–8°C),WH-B,In Stock,2026-07-20
INV004783,MED000843,SUP0016,BAT382663,2023-07-25,2026-05-10,651,558.29,703.22,98,Room Temperature,WH-C,In Stock,2023-09-11
INV000084,MED000844,SUP0064,BAT402218,2025-10-18,2028-10-02,37,57.4,71.78,141,Room Temperature,WH-D,Low Stock,2026-03-22
INV000651,MED000844,SUP0075,BAT459443,2025-05-19,2027-08-07,681,505.94,652.18,160,Refrigerated (2–8°C),WH-E,In Stock,2025-11-01
INV000673,MED000844,SUP0044,BAT270948,2024-02-15,2025-08-08,515,499.79,679.23,81,Frozen (-20°C),WH-E,In Stock,2024-04-09
INV002514,MED000844,SUP0071,BAT335086,2024-10-10,2026-08-01,614,24.55,34.15,53,Room Temperature,WH-B,In Stock,2024-12-20
INV003091,MED000844,SUP0019,BAT563629,2024-12-14,2026-10-05,89,5.33,7.0,124,Refrigerated (2–8°C),WH-E,Low Stock,2025-01-24
INV000483,MED000845,SUP0034,BAT263281,2025-04-02,2026-03-28,535,209.61,271.2,59,Room Temperature,WH-D,In Stock,2025-04-17
INV001607,MED000845,SUP0069,BAT874494,2023-12-16,2025-03-10,451,136.34,169.46,59,Refrigerated (2–8°C),WH-A,In Stock,2024-05-19
INV000309,MED000846,SUP0048,BAT580728,2024-01-10,2026-06-28,517,384.14,491.27,59,Frozen (-20°C),WH-E,In Stock,2024-02-18
INV000544,MED000847,SUP0042,BAT572788,2023-09-10,2025-02-01,604,530.12,645.71,76,Refrigerated (2–8°C),WH-B,In Stock,2024-01-19
INV000899,MED000847,SUP0025,BAT103281,2025-05-10,2026-05-05,368,581.91,783.93,36,Frozen (-20°C),WH-D,In Stock,2025-11-03
INV002345,MED000847,SUP0042,BAT179918,2023-12-14,2026-03-03,34,512.73,715.26,167,Room Temperature,WH-D,Low Stock,2024-06-07
INV003616,MED000847,SUP0011,BAT659875,2025-02-03,2026-11-25,214,459.1,642.44,137,Refrigerated (2–8°C),WH-E,In Stock,2025-05-09
INV003921,MED000847,SUP0068,BAT200645,2024-08-11,2025-11-04,158,435.72,605.77,70,Room Temperature,WH-B,In Stock,2025-01-29
INV004022,MED000847,SUP0013,BAT328138,2025-08-04,2028-07-19,501,195.75,250.44,89,Frozen (-20°C),WH-A,In Stock,2025-11-19
INV000558,MED000848,SUP0006,BAT450006,2025-07-06,2027-11-23,217,386.17,516.7,27,Refrigerated (2–8°C),WH-A,In Stock,2025-12-31
INV001358,MED000848,SUP0021,BAT868140,2024-08-22,2026-03-15,792,502.26,605.67,70,Refrigerated (2–8°C),WH-A,In Stock,2025-02-06
INV003173,MED000848,SUP0021,BAT398077,2025-03-22,2027-05-11,428,517.64,703.97,73,Room Temperature,WH-B,In Stock,2025-07-05
INV003484,MED000848,SUP0055,BAT531209,2025-07-09,2027-06-29,179,124.74,151.84,81,Refrigerated (2–8°C),WH-C,In Stock,2025-08-04
INV002578,MED000849,SUP0029,BAT622170,2024-01-08,2025-03-03,866,365.73,452.96,63,Room Temperature,WH-A,In Stock,2024-04-05
INV003631,MED000849,SUP0034,BAT452450,2025-04-08,2027-10-25,728,215.65,278.47,184,Frozen (-20°C),WH-A,In Stock,2025-07-22
INV003867,MED000849,SUP0042,BAT709760,2026-06-10,2028-01-31,10,124.63,166.6,74,Frozen (-20°C),WH-A,Low Stock,2026-07-20
INV004243,MED000849,SUP0013,BAT950133,2024-04-26,2025-05-21,293,312.83,378.22,119,Room Temperature,WH-A,In Stock,2024-05-14
INV003249,MED000850,SUP0009,BAT779855,2026-01-21,2027-07-15,313,350.08,474.93,143,Frozen (-20°C),WH-C,In Stock,2026-04-15
INV003295,MED000850,SUP0047,BAT916521,2025-08-12,2027-02-03,481,310.56,386.16,39,Room Temperature,WH-B,In Stock,2025-09-15
INV004026,MED000850,SUP0019,BAT580755,2025-12-29,2028-10-14,142,251.52,313.69,86,Room Temperature,WH-D,In Stock,2026-02-23
INV004308,MED000850,SUP0004,BAT940863,2026-05-09,2027-11-30,189,424.86,569.33,51,Refrigerated (2–8°C),WH-B,In Stock,2026-05-25
INV001401,MED000851,SUP0016,BAT658162,2025-11-06,2027-03-31,565,284.39,397.2,185,Frozen (-20°C),WH-B,In Stock,2026-04-13
INV004111,MED000851,SUP0058,BAT290497,2023-11-30,2026-11-14,547,193.96,253.99,52,Frozen (-20°C),WH-D,In Stock,2024-01-16
INV000409,MED000852,SUP0070,BAT663123,2025-10-24,2026-12-18,226,399.68,506.08,79,Refrigerated (2–8°C),WH-B,In Stock,2026-02-05
INV002017,MED000852,SUP0007,BAT802136,2023-12-19,2026-02-06,883,178.35,215.31,149,Frozen (-20°C),WH-B,In Stock,2024-01-15
INV002468,MED000852,SUP0049,BAT574396,2026-02-16,2027-05-12,764,594.02,761.99,121,Room Temperature,WH-A,In Stock,2026-07-20
INV003167,MED000852,SUP0001,BAT824834,2025-05-23,2027-12-09,186,203.06,283.92,141,Frozen (-20°C),WH-E,In Stock,2025-09-26
INV004760,MED000852,SUP0067,BAT194862,2024-10-28,2025-11-22,530,273.36,339.5,86,Frozen (-20°C),WH-B,In Stock,2025-03-18
INV000384,MED000853,SUP0062,BAT941235,2026-01-03,2027-05-28,388,368.76,506.13,116,Frozen (-20°C),WH-B,In Stock,2026-06-23
INV001428,MED000853,SUP0063,BAT113597,2025-04-11,2027-11-27,346,189.81,251.25,186,Frozen (-20°C),WH-A,In Stock,2025-06-05
INV003175,MED000853,SUP0010,BAT434443,2025-03-23,2027-02-11,882,202.14,258.79,155,Room Temperature,WH-C,In Stock,2025-09-13
INV003740,MED000853,SUP0051,BAT210472,2023-10-23,2025-09-12,959,361.7,487.84,101,Room Temperature,WH-E,In Stock,2023-12-02
INV004845,MED000853,SUP0024,BAT478228,2023-10-27,2026-08-12,779,498.52,633.27,154,Refrigerated (2–8°C),WH-D,In Stock,2024-04-10
INV000404,MED000854,SUP0041,BAT678944,2023-11-08,2024-11-02,207,521.97,716.19,183,Refrigerated (2–8°C),WH-B,In Stock,2024-01-26
INV002747,MED000854,SUP0036,BAT108456,2025-02-23,2026-05-19,506,119.48,156.26,114,Frozen (-20°C),WH-A,In Stock,2025-05-28
INV003105,MED000854,SUP0071,BAT175542,2025-09-02,2027-11-21,316,594.63,794.09,80,Refrigerated (2–8°C),WH-B,In Stock,2026-01-29
INV001494,MED000855,SUP0009,BAT688971,2024-01-10,2026-10-26,791,28.77,36.12,189,Refrigerated (2–8°C),WH-D,In Stock,2024-03-02
INV002640,MED000855,SUP0055,BAT192820,2024-11-28,2027-11-13,403,322.6,428.59,68,Frozen (-20°C),WH-A,In Stock,2025-03-29
INV000204,MED000856,SUP0023,BAT138105,2025-10-11,2027-12-30,959,526.66,632.97,99,Frozen (-20°C),WH-E,In Stock,2025-12-12
INV001406,MED000856,SUP0022,BAT482956,2024-12-19,2026-06-12,286,543.05,654.21,158,Refrigerated (2–8°C),WH-B,In Stock,2025-05-14
INV003291,MED000856,SUP0061,BAT198168,2025-03-21,2027-09-07,694,259.99,319.39,161,Frozen (-20°C),WH-C,In Stock,2025-08-30
INV004847,MED000856,SUP0009,BAT511501,2023-10-27,2025-09-16,715,359.75,485.78,71,Frozen (-20°C),WH-E,In Stock,2023-11-14
INV000184,MED000857,SUP0032,BAT267457,2025-05-21,2027-11-07,194,301.47,392.8,65,Refrigerated (2–8°C),WH-C,In Stock,2025-08-24
INV000728,MED000857,SUP0024,BAT528368,2024-05-14,2025-05-09,999,145.11,187.22,92,Room Temperature,WH-C,In Stock,2024-08-11
INV000853,MED000857,SUP0062,BAT879241,2023-12-08,2025-11-27,133,189.31,258.14,77,Frozen (-20°C),WH-D,In Stock,2024-02-13
INV000986,MED000858,SUP0071,BAT621249,2026-07-18,2028-10-05,549,233.85,307.79,83,Refrigerated (2–8°C),WH-E,In Stock,2026-07-20
INV003961,MED000858,SUP0072,BAT403740,2023-11-03,2025-04-26,437,243.23,317.33,75,Refrigerated (2–8°C),WH-C,In Stock,2023-12-13
INV000003,MED000860,SUP0029,BAT571029,2025-02-09,2026-02-04,714,207.45,255.39,133,Refrigerated (2–8°C),WH-A,In Stock,2025-04-05
INV001603,MED000860,SUP0073,BAT457875,2023-07-23,2025-10-10,191,440.91,592.66,52,Refrigerated (2–8°C),WH-C,In Stock,2023-09-25
INV001925,MED000860,SUP0063,BAT114671,2026-05-12,2027-06-06,415,531.45,740.72,167,Refrigerated (2–8°C),WH-D,In Stock,2026-07-20
INV002270,MED000860,SUP0003,BAT654567,2024-05-10,2026-06-29,674,195.62,245.74,34,Room Temperature,WH-D,In Stock,2024-09-26
INV001244,MED000862,SUP0043,BAT667759,2025-09-24,2027-12-13,12,207.65,263.56,112,Refrigerated (2–8°C),WH-B,Low Stock,2026-02-28
INV001980,MED000862,SUP0072,BAT586819,2025-10-08,2027-06-30,557,458.7,595.98,195,Refrigerated (2–8°C),WH-E,In Stock,2026-01-10
INV003885,MED000862,SUP0062,BAT101007,2026-02-17,2028-10-04,593,419.43,532.47,186,Frozen (-20°C),WH-C,In Stock,2026-03-29
INV004715,MED000862,SUP0033,BAT437591,2024-04-05,2026-04-25,326,274.34,336.31,167,Room Temperature,WH-B,In Stock,2024-09-30
INV004930,MED000862,SUP0067,BAT114252,2024-02-25,2027-02-09,348,133.93,180.59,194,Room Temperature,WH-E,In Stock,2024-04-01
INV002671,MED000864,SUP0018,BAT451359,2025-07-09,2026-10-02,39,83.93,112.42,198,Room Temperature,WH-C,Low Stock,2025-10-22
INV003715,MED000864,SUP0024,BAT285886,2023-09-27,2026-07-13,876,434.38,549.51,192,Room Temperature,WH-A,In Stock,2024-01-20
INV004495,MED000864,SUP0025,BAT764773,2023-08-15,2025-07-05,612,392.55,522.13,110,Refrigerated (2–8°C),WH-B,In Stock,2023-12-04
INV000002,MED000865,SUP0005,BAT131244,2024-01-28,2025-07-21,517,20.79,25.77,179,Frozen (-20°C),WH-E,In Stock,2024-04-11
INV000486,MED000865,SUP0031,BAT641704,2025-01-27,2026-10-19,828,250.68,343.61,93,Room Temperature,WH-B,In Stock,2025-06-27
INV001624,MED000865,SUP0070,BAT184050,2025-05-10,2027-06-29,697,595.69,755.06,95,Room Temperature,WH-A,In Stock,2025-07-06
INV001854,MED000865,SUP0035,BAT196497,2023-12-19,2024-12-13,402,182.96,222.72,119,Room Temperature,WH-B,In Stock,2024-06-16
INV002230,MED000865,SUP0070,BAT126500,2023-12-14,2026-02-01,904,553.35,753.24,29,Room Temperature,WH-D,In Stock,2024-04-25
INV002276,MED000865,SUP0027,BAT928416,2024-12-16,2027-07-04,184,584.93,797.7,184,Refrigerated (2–8°C),WH-A,Low Stock,2025-03-15
INV002795,MED000865,SUP0023,BAT263122,2023-12-05,2025-07-27,363,133.69,162.79,42,Refrigerated (2–8°C),WH-D,In Stock,2024-01-03
INV004225,MED000865,SUP0010,BAT233860,2024-05-20,2025-07-14,328,65.68,90.48,51,Room Temperature,WH-B,In Stock,2024-08-04
INV002212,MED000866,SUP0060,BAT591324,2024-05-05,2025-05-30,66,65.54,84.69,138,Room Temperature,WH-E,Low Stock,2024-08-19
INV004046,MED000866,SUP0018,BAT520508,2024-08-26,2026-12-14,388,178.78,248.86,115,Frozen (-20°C),WH-D,In Stock,2025-02-06
INV002313,MED000867,SUP0015,BAT854169,2025-09-16,2026-12-10,819,246.66,302.53,145,Frozen (-20°C),WH-A,In Stock,2025-11-13
INV003652,MED000867,SUP0064,BAT781182,2025-07-05,2027-10-23,332,411.25,521.31,112,Room Temperature,WH-E,In Stock,2025-11-21
INV004791,MED000867,SUP0061,BAT980294,2024-06-20,2026-07-10,501,260.45,343.15,75,Refrigerated (2–8°C),WH-C,In Stock,2024-07-22
INV000358,MED000868,SUP0049,BAT992952,2025-07-04,2027-08-23,223,184.78,240.98,144,Frozen (-20°C),WH-D,In Stock,2025-09-21
INV000908,MED000868,SUP0041,BAT908746,2025-08-06,2028-04-22,532,362.96,451.68,194,Refrigerated (2–8°C),WH-A,In Stock,2025-09-22
INV000994,MED000868,SUP0021,BAT385031,2024-01-25,2026-05-14,973,447.17,572.41,57,Room Temperature,WH-B,In Stock,2024-05-15
INV001819,MED000868,SUP0047,BAT613832,2026-01-13,2027-11-04,913,344.87,467.82,32,Refrigerated (2–8°C),WH-C,In Stock,2026-06-14
INV003520,MED000868,SUP0022,BAT155850,2024-04-24,2026-11-10,794,573.88,717.76,165,Frozen (-20°C),WH-A,In Stock,2024-07-18
INV003844,MED000868,SUP0063,BAT250211,2025-06-23,2026-07-18,929,420.12,508.96,153,Frozen (-20°C),WH-C,In Stock,2025-08-09
INV000683,MED000869,SUP0028,BAT639231,2024-10-29,2026-11-18,779,78.55,95.99,105,Room Temperature,WH-D,In Stock,2024-12-11
INV000985,MED000869,SUP0062,BAT827104,2025-11-14,2028-06-01,341,482.27,641.8,60,Room Temperature,WH-D,In Stock,2026-05-10
INV003112,MED000869,SUP0043,BAT135001,2024-11-29,2027-09-15,321,210.08,271.07,119,Room Temperature,WH-B,In Stock,2025-03-15
INV003784,MED000869,SUP0025,BAT357785,2025-01-24,2028-01-09,119,416.24,510.58,92,Refrigerated (2–8°C),WH-D,In Stock,2025-02-23
INV003866,MED000869,SUP0050,BAT512346,2024-10-31,2026-10-21,311,109.24,132.7,147,Room Temperature,WH-B,In Stock,2025-04-21
INV000590,MED000870,SUP0001,BAT706012,2026-05-06,2029-03-21,729,165.2,228.85,153,Frozen (-20°C),WH-C,In Stock,2026-07-20
INV004203,MED000870,SUP0033,BAT440526,2024-08-09,2027-07-25,100,452.48,567.44,135,Refrigerated (2–8°C),WH-A,Low Stock,2024-10-22
INV001169,MED000871,SUP0052,BAT373363,2023-11-09,2025-07-01,745,207.21,282.57,81,Refrigerated (2–8°C),WH-D,In Stock,2024-03-27
INV001177,MED000871,SUP0066,BAT879598,2023-09-06,2025-05-28,469,64.31,89.64,76,Frozen (-20°C),WH-D,In Stock,2023-11-30
INV001185,MED000872,SUP0010,BAT493935,2024-04-06,2027-03-22,165,450.15,555.14,158,Refrigerated (2–8°C),WH-A,In Stock,2024-04-24
INV001228,MED000872,SUP0020,BAT398806,2025-04-18,2027-04-08,35,575.32,738.91,91,Room Temperature,WH-D,Low Stock,2025-09-03
INV001952,MED000872,SUP0004,BAT733565,2025-03-28,2026-10-19,708,462.7,575.38,56,Refrigerated (2–8°C),WH-E,In Stock,2025-09-05
INV003504,MED000872,SUP0019,BAT784251,2024-07-28,2026-09-16,594,492.17,631.03,194,Room Temperature,WH-D,In Stock,2024-09-09
INV004347,MED000872,SUP0034,BAT486220,2024-03-09,2025-08-31,702,195.78,259.63,37,Room Temperature,WH-A,In Stock,2024-03-25
INV001775,MED000873,SUP0055,BAT725119,2024-12-21,2027-03-11,209,338.95,429.37,55,Frozen (-20°C),WH-B,In Stock,2025-01-12
INV000264,MED000874,SUP0060,BAT343118,2025-10-27,2028-06-13,190,396.1,506.66,188,Frozen (-20°C),WH-E,In Stock,2025-12-28
INV000532,MED000874,SUP0040,BAT734775,2025-05-25,2027-07-14,134,393.22,517.56,77,Frozen (-20°C),WH-B,In Stock,2025-10-25
INV001298,MED000875,SUP0020,BAT371426,2024-10-19,2027-04-07,545,393.9,488.46,142,Frozen (-20°C),WH-C,In Stock,2025-01-25
INV003311,MED000875,SUP0001,BAT414210,2023-11-18,2025-05-11,412,267.57,345.68,91,Frozen (-20°C),WH-E,In Stock,2024-04-03
INV004088,MED000875,SUP0021,BAT724083,2023-12-23,2025-08-14,972,294.65,367.5,175,Refrigerated (2–8°C),WH-D,In Stock,2024-04-06
INV001623,MED000876,SUP0063,BAT991546,2024-09-13,2026-01-06,715,58.18,71.54,187,Refrigerated (2–8°C),WH-A,In Stock,2024-11-23
INV004422,MED000876,SUP0043,BAT575009,2024-05-29,2025-05-24,620,36.28,48.9,159,Room Temperature,WH-D,In Stock,2024-10-17
INV004966,MED000876,SUP0007,BAT876458,2025-04-07,2027-09-24,409,561.34,726.71,184,Frozen (-20°C),WH-E,In Stock,2025-08-19
INV000010,MED000878,SUP0075,BAT518801,2025-07-31,2027-02-21,521,59.09,71.46,151,Room Temperature,WH-B,In Stock,2025-09-19
INV002654,MED000878,SUP0006,BAT158806,2025-07-29,2028-07-13,4,114.26,143.28,179,Frozen (-20°C),WH-B,Low Stock,2025-08-24
INV003286,MED000878,SUP0067,BAT655031,2025-08-01,2028-02-17,269,318.07,417.06,58,Frozen (-20°C),WH-E,In Stock,2025-10-07
INV001030,MED000879,SUP0017,BAT767181,2025-09-27,2028-08-12,412,312.78,402.7,106,Room Temperature,WH-B,In Stock,2025-11-25
INV002552,MED000879,SUP0002,BAT495588,2023-12-04,2026-10-19,397,255.13,318.43,109,Refrigerated (2–8°C),WH-C,In Stock,2023-12-31
INV002883,MED000879,SUP0075,BAT208722,2024-01-18,2025-05-12,979,479.07,590.81,75,Refrigerated (2–8°C),WH-B,In Stock,2024-03-05
INV000133,MED000880,SUP0074,BAT524068,2025-11-22,2027-08-14,414,579.89,715.8,30,Frozen (-20°C),WH-D,In Stock,2026-01-05
INV001829,MED000881,SUP0045,BAT830264,2025-09-18,2028-09-02,49,334.69,466.81,143,Frozen (-20°C),WH-B,Low Stock,2026-02-16
INV004204,MED000881,SUP0005,BAT916975,2025-05-13,2027-12-29,105,416.16,517.14,49,Frozen (-20°C),WH-A,In Stock,2025-08-09
INV004668,MED000881,SUP0059,BAT775173,2024-11-17,2027-02-05,541,531.9,655.78,161,Refrigerated (2–8°C),WH-A,In Stock,2025-03-28
INV000253,MED000882,SUP0018,BAT415029,2025-05-07,2027-11-23,490,110.69,141.64,105,Refrigerated (2–8°C),WH-C,In Stock,2025-07-12
INV001154,MED000882,SUP0067,BAT391772,2025-04-24,2026-07-18,291,75.54,94.79,67,Refrigerated (2–8°C),WH-B,In Stock,2025-08-05
INV001606,MED000883,SUP0072,BAT117229,2023-12-24,2025-03-18,917,142.63,195.88,60,Room Temperature,WH-D,In Stock,2024-05-31
INV003233,MED000883,SUP0062,BAT846283,2025-01-15,2026-04-10,236,461.2,565.46,150,Refrigerated (2–8°C),WH-B,In Stock,2025-05-10
INV003299,MED000883,SUP0051,BAT854972,2023-09-05,2026-07-21,212,250.94,316.4,64,Refrigerated (2–8°C),WH-E,In Stock,2024-01-11
INV002258,MED000884,SUP0064,BAT764846,2025-09-10,2028-02-27,984,528.97,714.91,78,Frozen (-20°C),WH-E,In Stock,2025-11-14
INV002344,MED000884,SUP0004,BAT565495,2026-07-19,2028-08-07,793,192.55,233.59,82,Room Temperature,WH-D,In Stock,2026-07-20
INV003473,MED000884,SUP0057,BAT362206,2026-02-08,2028-11-24,886,86.69,108.35,119,Room Temperature,WH-E,In Stock,2026-03-20
INV000586,MED000885,SUP0051,BAT755584,2025-05-02,2028-02-16,415,263.94,327.88,122,Room Temperature,WH-D,In Stock,2025-08-22
INV001082,MED000885,SUP0075,BAT184638,2025-03-07,2026-09-28,484,152.99,204.35,115,Refrigerated (2–8°C),WH-D,In Stock,2025-03-30
INV003407,MED000885,SUP0027,BAT311907,2025-03-08,2027-02-26,287,259.09,346.75,190,Refrigerated (2–8°C),WH-D,In Stock,2025-07-20
INV004038,MED000885,SUP0005,BAT338314,2025-09-03,2027-02-25,235,497.13,667.3,174,Frozen (-20°C),WH-D,In Stock,2026-01-31
INV004543,MED000885,SUP0016,BAT108687,2024-05-11,2026-08-29,643,460.0,561.85,110,Room Temperature,WH-E,In Stock,2024-08-22
INV001094,MED000886,SUP0019,BAT767101,2023-09-03,2025-01-25,838,148.21,193.01,193,Frozen (-20°C),WH-E,In Stock,2023-10-24
INV001460,MED000886,SUP0060,BAT532458,2024-07-13,2025-07-08,918,395.68,550.74,36,Refrigerated (2–8°C),WH-C,In Stock,2024-12-22
INV002964,MED000886,SUP0039,BAT983348,2026-02-03,2028-02-23,885,190.5,234.15,190,Frozen (-20°C),WH-D,In Stock,2026-03-07
INV003211,MED000886,SUP0023,BAT584107,2025-12-12,2028-04-30,89,298.67,375.75,72,Room Temperature,WH-A,In Stock,2026-04-12
INV000733,MED000887,SUP0019,BAT373055,2024-03-16,2026-01-05,130,523.65,715.81,152,Frozen (-20°C),WH-C,Low Stock,2024-04-11
INV002725,MED000887,SUP0010,BAT616440,2024-09-25,2027-05-13,416,61.35,78.63,87,Room Temperature,WH-B,In Stock,2024-12-29
INV003176,MED000887,SUP0042,BAT843074,2025-03-19,2026-05-13,952,103.32,141.64,32,Frozen (-20°C),WH-E,In Stock,2025-08-14
INV000063,MED000888,SUP0047,BAT766459,2026-02-16,2028-12-02,445,441.61,615.2,70,Refrigerated (2–8°C),WH-E,In Stock,2026-04-11
INV002282,MED000889,SUP0035,BAT166290,2023-08-14,2024-08-08,347,303.01,384.05,83,Refrigerated (2–8°C),WH-D,In Stock,2024-01-28
INV003510,MED000889,SUP0004,BAT614700,2026-01-26,2027-07-20,325,220.4,295.13,177,Frozen (-20°C),WH-A,In Stock,2026-07-20
INV003669,MED000889,SUP0069,BAT379935,2026-01-14,2028-11-29,835,443.14,602.78,32,Refrigerated (2–8°C),WH-A,In Stock,2026-05-21
INV002473,MED000890,SUP0040,BAT246918,2025-08-30,2026-09-24,562,151.57,204.67,123,Refrigerated (2–8°C),WH-B,In Stock,2025-10-12
INV004860,MED000890,SUP0019,BAT231216,2024-06-30,2026-08-19,135,67.27,85.3,135,Frozen (-20°C),WH-A,Low Stock,2024-11-05
INV000482,MED000891,SUP0068,BAT770864,2026-07-18,2028-04-08,493,140.14,170.68,163,Refrigerated (2–8°C),WH-C,In Stock,2026-07-20
INV002334,MED000891,SUP0042,BAT973278,2025-09-13,2027-06-05,760,564.19,692.31,195,Room Temperature,WH-C,In Stock,2025-11-07
INV002756,MED000891,SUP0047,BAT951375,2025-03-01,2026-07-24,255,110.07,152.86,168,Room Temperature,WH-E,In Stock,2025-05-27
INV003459,MED000891,SUP0038,BAT604086,2025-02-09,2026-06-04,314,509.7,637.91,95,Frozen (-20°C),WH-E,In Stock,2025-06-09
INV003541,MED000891,SUP0051,BAT477127,2023-08-15,2024-12-07,348,481.07,583.76,177,Refrigerated (2–8°C),WH-C,In Stock,2024-01-09
INV002562,MED000892,SUP0051,BAT292750,2024-01-22,2026-03-12,101,180.82,222.66,149,Room Temperature,WH-B,Low Stock,2024-03-17
INV003978,MED000892,SUP0033,BAT367668,2024-02-01,2025-09-23,2,40.17,54.1,26,Room Temperature,WH-D,Low Stock,2024-05-04
INV004283,MED000892,SUP0040,BAT377036,2024-07-08,2027-02-23,985,121.94,155.12,98,Room Temperature,WH-D,In Stock,2024-12-23
INV002608,MED000893,SUP0012,BAT211886,2025-08-08,2027-11-26,434,586.77,717.36,157,Frozen (-20°C),WH-E,In Stock,2025-11-30
INV003290,MED000893,SUP0056,BAT872214,2026-06-28,2028-06-17,687,244.95,316.36,34,Refrigerated (2–8°C),WH-D,In Stock,2026-07-20
INV002224,MED000894,SUP0010,BAT715195,2023-09-15,2025-04-07,265,507.82,657.82,62,Refrigerated (2–8°C),WH-B,In Stock,2024-02-11
INV001911,MED000895,SUP0028,BAT661544,2025-08-19,2027-06-10,563,439.55,604.88,45,Frozen (-20°C),WH-D,In Stock,2026-01-21
INV002406,MED000895,SUP0021,BAT244148,2024-08-19,2027-02-05,720,563.73,710.32,102,Frozen (-20°C),WH-B,In Stock,2025-01-16
INV000244,MED000896,SUP0030,BAT979414,2023-12-23,2025-10-13,787,573.14,733.24,182,Refrigerated (2–8°C),WH-A,In Stock,2024-06-09
INV000794,MED000896,SUP0024,BAT535092,2023-09-08,2025-12-26,391,59.16,82.58,90,Frozen (-20°C),WH-B,In Stock,2023-12-13
INV004342,MED000896,SUP0050,BAT438284,2025-03-11,2027-06-29,983,511.73,691.37,86,Frozen (-20°C),WH-B,In Stock,2025-06-07
INV001879,MED000897,SUP0033,BAT649472,2024-11-27,2026-09-18,430,40.98,56.24,160,Frozen (-20°C),WH-D,In Stock,2025-01-19
INV002734,MED000897,SUP0035,BAT173127,2024-08-01,2026-05-23,901,379.46,519.33,42,Refrigerated (2–8°C),WH-D,In Stock,2025-01-05
INV004056,MED000897,SUP0012,BAT369233,2023-07-23,2025-10-10,76,537.79,712.87,186,Frozen (-20°C),WH-A,Low Stock,2023-12-07
INV000333,MED000898,SUP0054,BAT274418,2025-11-14,2028-02-02,359,228.33,311.84,164,Frozen (-20°C),WH-B,In Stock,2026-03-05
INV002003,MED000898,SUP0037,BAT167540,2026-02-28,2027-10-21,38,128.66,162.59,102,Room Temperature,WH-B,Low Stock,2026-05-02
INV002873,MED000898,SUP0005,BAT501832,2026-02-17,2028-08-05,276,24.9,32.58,172,Frozen (-20°C),WH-E,In Stock,2026-07-20
INV003320,MED000898,SUP0011,BAT626035,2025-12-23,2028-09-08,78,9.63,11.58,148,Refrigerated (2–8°C),WH-E,Low Stock,2026-05-13
INV004578,MED000899,SUP0022,BAT763055,2025-03-27,2027-07-15,101,55.87,71.87,198,Frozen (-20°C),WH-B,Low Stock,2025-07-26
INV000769,MED000900,SUP0054,BAT906584,2023-08-03,2025-02-23,349,305.49,371.8,98,Refrigerated (2–8°C),WH-D,In Stock,2023-12-17
INV004134,MED000900,SUP0030,BAT217128,2024-06-02,2026-04-23,431,80.7,103.34,52,Frozen (-20°C),WH-D,In Stock,2024-08-12
INV004325,MED000900,SUP0002,BAT146233,2025-12-15,2028-05-03,923,135.88,172.84,92,Refrigerated (2–8°C),WH-B,In Stock,2026-01-18
INV000714,MED000901,SUP0053,BAT366659,2023-11-12,2026-01-30,383,193.31,248.36,53,Frozen (-20°C),WH-B,In Stock,2024-04-11
INV004588,MED000901,SUP0038,BAT427213,2024-06-25,2025-12-17,907,27.33,33.51,121,Refrigerated (2–8°C),WH-C,In Stock,2024-12-15
INV001133,MED000903,SUP0024,BAT370539,2025-02-05,2026-09-28,130,380.05,467.23,83,Frozen (-20°C),WH-A,In Stock,2025-06-26
INV002481,MED000903,SUP0064,BAT782236,2025-12-28,2028-01-17,526,35.8,46.74,74,Refrigerated (2–8°C),WH-E,In Stock,2026-02-05
INV002684,MED000903,SUP0030,BAT809570,2024-02-10,2025-07-04,287,497.53,649.88,83,Frozen (-20°C),WH-E,In Stock,2024-04-20
INV003874,MED000903,SUP0053,BAT979907,2025-06-29,2026-10-22,923,575.49,771.52,67,Refrigerated (2–8°C),WH-A,In Stock,2025-11-21
INV003999,MED000903,SUP0002,BAT870780,2025-07-02,2028-03-18,509,221.68,308.44,27,Frozen (-20°C),WH-C,In Stock,2025-10-18
INV004752,MED000905,SUP0059,BAT408818,2024-08-20,2026-08-10,849,329.57,459.56,92,Frozen (-20°C),WH-E,In Stock,2024-09-17
INV002177,MED000906,SUP0066,BAT997852,2025-01-23,2027-08-11,484,498.77,664.6,144,Frozen (-20°C),WH-A,In Stock,2025-04-23
INV003638,MED000906,SUP0054,BAT614188,2026-04-02,2027-11-23,211,130.07,174.27,184,Room Temperature,WH-B,In Stock,2026-06-02
INV001681,MED000907,SUP0037,BAT509718,2024-06-17,2025-07-12,906,436.98,591.06,60,Refrigerated (2–8°C),WH-B,In Stock,2024-10-24
INV002620,MED000907,SUP0011,BAT253539,2023-12-17,2025-01-10,733,88.78,111.78,96,Refrigerated (2–8°C),WH-D,In Stock,2024-02-06
INV003767,MED000907,SUP0032,BAT860305,2024-04-27,2026-09-14,578,75.09,100.46,31,Room Temperature,WH-B,In Stock,2024-06-28
INV004850,MED000907,SUP0036,BAT690863,2024-01-28,2025-04-22,445,203.04,244.59,137,Frozen (-20°C),WH-A,In Stock,2024-06-13
INV004451,MED000908,SUP0056,BAT807508,2024-09-08,2025-12-02,589,250.38,302.07,97,Frozen (-20°C),WH-D,In Stock,2025-02-22
INV004695,MED000908,SUP0032,BAT398188,2026-04-13,2027-08-06,923,60.99,78.36,91,Refrigerated (2–8°C),WH-B,In Stock,2026-07-12
INV001136,MED000909,SUP0015,BAT635859,2023-12-26,2025-07-18,333,225.96,308.33,171,Refrigerated (2–8°C),WH-A,In Stock,2024-03-02
INV003438,MED000909,SUP0053,BAT724594,2025-07-29,2027-06-19,615,224.12,283.85,78,Frozen (-20°C),WH-A,In Stock,2025-11-11
INV003708,MED000909,SUP0046,BAT598928,2024-10-24,2026-08-15,317,556.42,699.76,167,Room Temperature,WH-B,In Stock,2025-01-29
INV003910,MED000909,SUP0039,BAT945951,2025-03-20,2027-12-05,544,589.94,746.05,62,Frozen (-20°C),WH-D,In Stock,2025-08-14
INV004187,MED000909,SUP0037,BAT185095,2025-03-28,2027-09-14,376,55.84,70.77,145,Room Temperature,WH-B,In Stock,2025-04-23
INV000793,MED000910,SUP0011,BAT946118,2026-07-17,2029-02-01,411,31.77,43.6,175,Room Temperature,WH-C,In Stock,2026-07-20
INV000865,MED000910,SUP0007,BAT727263,2023-07-30,2024-08-23,785,557.65,710.96,76,Room Temperature,WH-B,In Stock,2023-11-18
INV002247,MED000910,SUP0043,BAT887854,2025-10-02,2027-07-24,615,84.67,102.56,182,Room Temperature,WH-B,In Stock,2026-03-22
INV004555,MED000910,SUP0050,BAT950038,2024-01-12,2026-08-29,766,24.87,31.61,135,Frozen (-20°C),WH-A,In Stock,2024-07-07
INV004686,MED000910,SUP0049,BAT664520,2026-04-22,2029-02-05,830,409.91,538.83,81,Room Temperature,WH-D,In Stock,2026-07-20
INV000925,MED000912,SUP0018,BAT705103,2026-04-20,2029-02-03,535,365.67,476.15,115,Frozen (-20°C),WH-A,In Stock,2026-07-20
INV001143,MED000912,SUP0053,BAT479459,2023-12-31,2025-11-20,517,549.21,730.82,44,Frozen (-20°C),WH-B,In Stock,2024-06-06
INV002858,MED000912,SUP0056,BAT467531,2025-09-04,2028-08-19,596,291.44,370.81,34,Refrigerated (2–8°C),WH-E,In Stock,2025-12-09
INV004605,MED000912,SUP0034,BAT449851,2024-02-21,2025-06-15,123,528.5,725.8,169,Frozen (-20°C),WH-A,Low Stock,2024-06-14
INV000659,MED000914,SUP0046,BAT196973,2025-05-19,2026-06-13,656,352.14,438.21,74,Refrigerated (2–8°C),WH-B,In Stock,2025-11-05
INV000209,MED000915,SUP0035,BAT445637,2025-03-30,2027-09-16,11,393.94,527.31,91,Room Temperature,WH-A,Low Stock,2025-09-07
INV000332,MED000915,SUP0002,BAT378095,2024-09-22,2026-04-15,358,473.28,636.13,90,Room Temperature,WH-D,In Stock,2024-10-24
INV002700,MED000915,SUP0023,BAT175152,2023-10-28,2026-10-12,102,150.52,191.92,87,Room Temperature,WH-E,In Stock,2024-01-31
INV004083,MED000915,SUP0069,BAT950729,2025-12-11,2027-12-01,849,472.55,595.0,123,Refrigerated (2–8°C),WH-B,In Stock,2026-02-13
INV004270,MED000915,SUP0040,BAT562988,2025-12-28,2028-02-16,435,453.36,606.78,127,Room Temperature,WH-E,In Stock,2026-05-02
INV000390,MED000916,SUP0041,BAT224473,2026-05-04,2029-03-19,105,250.34,328.3,128,Room Temperature,WH-A,Low Stock,2026-05-23
INV001430,MED000916,SUP0048,BAT537256,2024-12-06,2026-05-30,704,546.54,754.5,84,Frozen (-20°C),WH-D,In Stock,2025-03-14
INV003412,MED000916,SUP0048,BAT382687,2026-03-15,2028-07-02,215,18.64,25.38,112,Refrigerated (2–8°C),WH-B,In Stock,2026-07-20
INV004920,MED000916,SUP0034,BAT322799,2025-06-18,2026-07-13,616,292.57,403.73,194,Room Temperature,WH-E,In Stock,2025-10-21
INV003441,MED000917,SUP0019,BAT992889,2025-03-02,2028-01-16,831,292.1,377.97,88,Room Temperature,WH-A,In Stock,2025-08-14
INV003660,MED000917,SUP0031,BAT784844,2026-01-27,2028-06-15,914,133.89,173.33,106,Room Temperature,WH-B,In Stock,2026-07-17
INV004362,MED000917,SUP0071,BAT707060,2026-03-27,2028-04-15,245,456.99,560.15,197,Room Temperature,WH-C,In Stock,2026-06-08
INV000068,MED000918,SUP0003,BAT197573,2025-03-14,2026-10-05,708,187.19,246.4,87,Refrigerated (2–8°C),WH-E,In Stock,2025-07-10
INV001981,MED000918,SUP0058,BAT424544,2024-01-19,2026-02-07,394,258.85,361.9,113,Refrigerated (2–8°C),WH-C,In Stock,2024-03-25
INV003738,MED000918,SUP0021,BAT611539,2024-12-03,2027-07-21,735,553.48,754.95,130,Frozen (-20°C),WH-B,In Stock,2025-03-05
INV003772,MED000918,SUP0004,BAT422862,2025-03-21,2027-08-08,962,327.73,436.38,88,Room Temperature,WH-E,In Stock,2025-04-25
INV004356,MED000918,SUP0029,BAT588078,2024-09-08,2025-10-03,958,406.26,501.99,63,Room Temperature,WH-E,In Stock,2025-02-15
INV004506,MED000918,SUP0003,BAT423401,2024-07-18,2027-05-04,889,298.89,377.48,60,Frozen (-20°C),WH-E,In Stock,2024-10-03
INV000155,MED000919,SUP0001,BAT183074,2023-08-28,2025-04-19,855,331.54,446.07,63,Frozen (-20°C),WH-D,In Stock,2023-11-06
INV002217,MED000919,SUP0054,BAT549430,2024-12-15,2026-04-09,456,535.96,716.38,192,Room Temperature,WH-D,In Stock,2025-01-01
INV002960,MED000919,SUP0040,BAT271530,2024-06-08,2026-11-25,652,501.27,698.05,87,Frozen (-20°C),WH-C,In Stock,2024-11-07
INV004272,MED000919,SUP0056,BAT707514,2026-05-02,2027-04-27,812,255.17,349.96,115,Refrigerated (2–8°C),WH-E,In Stock,2026-07-20
INV004596,MED000919,SUP0047,BAT482612,2025-05-05,2027-07-24,533,131.25,161.4,121,Room Temperature,WH-A,In Stock,2025-08-05
INV001144,MED000920,SUP0054,BAT340924,2024-04-02,2026-08-20,795,406.09,541.39,129,Frozen (-20°C),WH-C,In Stock,2024-06-18
INV001555,MED000920,SUP0017,BAT256580,2023-12-18,2025-09-08,704,349.67,469.86,106,Refrigerated (2–8°C),WH-D,In Stock,2024-03-27
INV004150,MED000920,SUP0058,BAT856024,2025-12-16,2028-02-04,444,204.77,266.47,182,Frozen (-20°C),WH-A,In Stock,2026-03-15
INV004620,MED000920,SUP0070,BAT276517,2023-09-22,2025-04-14,423,570.04,753.51,158,Room Temperature,WH-A,In Stock,2023-12-26
INV004633,MED000920,SUP0074,BAT878842,2024-08-28,2026-03-21,244,264.35,361.71,109,Refrigerated (2–8°C),WH-B,In Stock,2024-11-08
INV001213,MED000921,SUP0022,BAT138515,2025-09-17,2027-01-10,582,596.28,767.28,78,Frozen (-20°C),WH-C,In Stock,2026-02-16
INV001558,MED000921,SUP0018,BAT955408,2025-05-20,2028-04-04,674,575.05,776.49,105,Frozen (-20°C),WH-B,In Stock,2025-09-20
INV004459,MED000921,SUP0011,BAT540549,2025-05-18,2026-06-12,285,385.73,514.09,196,Room Temperature,WH-A,In Stock,2025-10-25
INV002762,MED000922,SUP0069,BAT740984,2024-12-30,2027-02-18,418,277.26,380.03,52,Frozen (-20°C),WH-A,In Stock,2025-01-18
INV003775,MED000922,SUP0055,BAT421308,2025-05-29,2026-07-23,890,456.24,551.15,144,Room Temperature,WH-B,In Stock,2025-10-14
INV004536,MED000922,SUP0054,BAT295533,2024-08-06,2026-12-24,929,211.12,292.45,172,Refrigerated (2–8°C),WH-C,In Stock,2024-08-28
INV000141,MED000923,SUP0014,BAT950360,2025-06-23,2028-04-08,516,107.67,134.54,190,Refrigerated (2–8°C),WH-D,In Stock,2025-07-29
INV003111,MED000923,SUP0020,BAT375232,2023-11-07,2025-04-30,991,151.17,195.98,57,Room Temperature,WH-C,In Stock,2023-12-27
INV000416,MED000924,SUP0052,BAT554059,2025-04-28,2026-04-23,689,323.23,429.34,55,Frozen (-20°C),WH-A,In Stock,2025-08-20
INV000859,MED000924,SUP0022,BAT365045,2024-09-17,2027-01-05,473,48.55,65.0,31,Frozen (-20°C),WH-D,In Stock,2024-10-13
INV001466,MED000924,SUP0070,BAT813385,2024-06-21,2025-07-16,518,91.31,115.81,185,Frozen (-20°C),WH-B,In Stock,2024-10-01
INV003496,MED000924,SUP0058,BAT134608,2024-05-16,2025-08-09,10,267.3,326.71,94,Room Temperature,WH-C,Low Stock,2024-09-26
INV004992,MED000925,SUP0030,BAT560451,2024-07-03,2026-05-24,56,146.98,181.1,171,Room Temperature,WH-E,Low Stock,2024-07-26
INV000565,MED000926,SUP0039,BAT326639,2026-06-30,2028-03-21,114,472.04,639.88,120,Room Temperature,WH-D,Low Stock,2026-07-20
INV003101,MED000926,SUP0052,BAT709778,2024-07-03,2027-05-19,138,385.95,534.64,123,Refrigerated (2–8°C),WH-B,In Stock,2024-11-04
INV003310,MED000926,SUP0009,BAT105357,2026-06-22,2028-11-08,214,521.33,669.35,109,Refrigerated (2–8°C),WH-D,In Stock,2026-07-18
INV003522,MED000926,SUP0030,BAT698302,2024-06-23,2025-10-16,592,54.21,72.04,81,Frozen (-20°C),WH-D,In Stock,2024-08-12
INV003765,MED000926,SUP0063,BAT151916,2023-08-04,2025-12-21,24,272.46,341.81,191,Refrigerated (2–8°C),WH-A,Low Stock,2023-10-16
INV004195,MED000926,SUP0028,BAT658112,2024-10-16,2025-12-10,646,57.27,70.58,191,Room Temperature,WH-C,In Stock,2025-03-13
INV004657,MED000926,SUP0043,BAT156051,2023-09-24,2026-06-10,35,208.13,290.61,149,Room Temperature,WH-A,Low Stock,2023-11-11
INV001073,MED000927,SUP0063,BAT870509,2025-07-08,2027-11-25,679,155.85,201.32,149,Refrigerated (2–8°C),WH-C,In Stock,2025-09-26
INV002419,MED000927,SUP0003,BAT357058,2025-11-03,2027-04-27,903,182.49,253.17,184,Room Temperature,WH-B,In Stock,2025-11-29
INV004457,MED000927,SUP0020,BAT862129,2024-01-16,2025-03-11,391,460.01,600.03,139,Room Temperature,WH-C,In Stock,2024-04-23
INV000583,MED000928,SUP0069,BAT405663,2025-09-26,2028-04-13,457,127.37,175.2,75,Refrigerated (2–8°C),WH-E,In Stock,2026-03-07
INV002593,MED000928,SUP0072,BAT813696,2024-05-10,2027-04-25,197,388.84,535.11,138,Frozen (-20°C),WH-A,In Stock,2024-07-26
INV003018,MED000929,SUP0013,BAT410286,2026-05-16,2028-07-04,217,17.96,21.93,42,Refrigerated (2–8°C),WH-D,In Stock,2026-07-20
INV003436,MED000929,SUP0050,BAT208332,2025-06-13,2026-06-08,524,172.63,232.69,166,Frozen (-20°C),WH-C,In Stock,2025-09-11
INV004309,MED000929,SUP0028,BAT347514,2026-04-01,2028-11-16,85,63.14,86.89,26,Refrigerated (2–8°C),WH-E,In Stock,2026-04-27
INV003935,MED000930,SUP0049,BAT259659,2024-06-18,2026-12-05,77,382.14,497.66,51,Frozen (-20°C),WH-D,In Stock,2024-10-01
INV000828,MED000931,SUP0006,BAT620021,2024-10-12,2025-10-07,228,282.59,351.15,83,Refrigerated (2–8°C),WH-C,In Stock,2025-04-08
INV001477,MED000932,SUP0049,BAT885438,2025-06-10,2027-01-01,480,197.11,258.32,33,Frozen (-20°C),WH-D,In Stock,2025-11-26
INV001563,MED000932,SUP0071,BAT404289,2026-02-09,2027-03-06,340,247.37,327.87,29,Room Temperature,WH-D,In Stock,2026-05-07
INV003020,MED000932,SUP0035,BAT128648,2024-10-18,2026-04-11,271,372.85,490.72,91,Frozen (-20°C),WH-D,In Stock,2025-02-25
INV003691,MED000932,SUP0067,BAT321376,2025-04-30,2026-06-24,980,528.42,655.21,171,Frozen (-20°C),WH-D,In Stock,2025-09-07
INV004573,MED000932,SUP0052,BAT113987,2024-06-01,2026-09-19,317,596.49,772.11,178,Refrigerated (2–8°C),WH-C,In Stock,2024-10-20
INV002225,MED000933,SUP0027,BAT289018,2023-11-20,2026-09-05,179,92.6,113.03,189,Room Temperature,WH-D,Low Stock,2024-01-19
INV000653,MED000934,SUP0022,BAT748680,2024-06-14,2027-03-31,292,584.06,798.92,71,Frozen (-20°C),WH-B,In Stock,2024-11-13
INV002535,MED000934,SUP0020,BAT508647,2025-10-25,2027-02-17,414,20.4,26.04,118,Room Temperature,WH-D,In Stock,2026-02-09
INV000089,MED000936,SUP0071,BAT251668,2025-09-13,2027-03-07,520,519.1,651.6,59,Refrigerated (2–8°C),WH-C,In Stock,2026-02-28
INV003805,MED000936,SUP0042,BAT791743,2026-03-10,2028-12-24,218,422.88,558.95,150,Room Temperature,WH-E,In Stock,2026-07-14
INV003197,MED000937,SUP0036,BAT978397,2024-08-28,2026-06-19,469,81.93,109.06,30,Refrigerated (2–8°C),WH-B,In Stock,2024-12-24
INV000252,MED000938,SUP0014,BAT242071,2025-04-04,2026-03-30,340,231.03,317.07,183,Refrigerated (2–8°C),WH-C,In Stock,2025-07-29
INV001907,MED000938,SUP0048,BAT470905,2026-06-21,2027-11-13,261,590.07,813.11,143,Frozen (-20°C),WH-E,In Stock,2026-07-20
INV003391,MED000939,SUP0024,BAT553350,2025-04-06,2026-10-28,58,307.81,393.19,118,Frozen (-20°C),WH-D,Low Stock,2025-06-04
INV003877,MED000939,SUP0062,BAT974151,2025-11-05,2027-10-26,739,551.54,720.98,85,Refrigerated (2–8°C),WH-C,In Stock,2025-12-09
INV004739,MED000939,SUP0050,BAT354611,2023-11-09,2026-07-26,217,266.48,355.45,110,Frozen (-20°C),WH-A,In Stock,2024-04-08
INV004789,MED000939,SUP0075,BAT480529,2024-10-04,2026-09-24,926,7.07,8.75,95,Frozen (-20°C),WH-D,In Stock,2024-11-05
INV004806,MED000939,SUP0001,BAT882531,2024-07-08,2026-04-29,693,224.54,305.45,199,Frozen (-20°C),WH-C,In Stock,2024-08-25
INV002318,MED000940,SUP0047,BAT360722,2023-08-08,2024-12-30,931,344.08,440.77,93,Frozen (-20°C),WH-A,In Stock,2024-01-11
INV002712,MED000940,SUP0013,BAT305098,2026-06-29,2028-09-16,842,103.69,127.33,36,Frozen (-20°C),WH-C,In Stock,2026-07-20
INV002083,MED000941,SUP0026,BAT372585,2025-03-04,2027-09-20,37,142.66,185.76,110,Room Temperature,WH-B,Low Stock,2025-05-10
INV003630,MED000942,SUP0072,BAT701051,2025-07-22,2026-11-14,437,472.88,614.68,48,Refrigerated (2–8°C),WH-E,In Stock,2025-10-07
INV001210,MED000943,SUP0011,BAT859459,2024-12-07,2026-08-29,965,449.71,606.04,73,Refrigerated (2–8°C),WH-A,In Stock,2025-06-04
INV002428,MED000943,SUP0047,BAT739277,2025-08-07,2026-10-31,68,540.12,727.85,156,Frozen (-20°C),WH-E,Low Stock,2025-11-09
INV001926,MED000944,SUP0006,BAT501777,2024-11-10,2027-08-27,952,55.05,71.7,64,Refrigerated (2–8°C),WH-C,In Stock,2025-03-05
INV000088,MED000946,SUP0016,BAT779172,2024-05-31,2026-08-19,521,252.22,327.0,94,Refrigerated (2–8°C),WH-B,In Stock,2024-08-28
INV000139,MED000946,SUP0058,BAT139434,2023-11-14,2025-10-04,78,519.23,711.89,190,Frozen (-20°C),WH-E,Low Stock,2024-02-10
INV002591,MED000946,SUP0071,BAT998661,2023-08-02,2025-04-23,995,435.21,562.61,151,Room Temperature,WH-C,In Stock,2023-11-13
INV003390,MED000946,SUP0030,BAT505908,2026-01-31,2027-06-25,598,239.67,289.76,197,Room Temperature,WH-B,In Stock,2026-02-24
INV003443,MED000946,SUP0034,BAT854584,2024-02-22,2026-03-13,135,408.26,517.75,75,Refrigerated (2–8°C),WH-D,In Stock,2024-06-25
INV003508,MED000946,SUP0060,BAT963272,2026-04-21,2028-07-09,86,404.26,522.64,96,Frozen (-20°C),WH-D,Low Stock,2026-05-18
INV001245,MED000947,SUP0064,BAT320869,2026-07-15,2029-04-30,689,157.14,189.58,124,Frozen (-20°C),WH-A,In Stock,2026-07-20
INV001258,MED000947,SUP0009,BAT107217,2023-09-25,2026-06-11,887,597.34,819.81,158,Room Temperature,WH-D,In Stock,2024-01-22
INV001639,MED000947,SUP0006,BAT961968,2025-09-27,2027-06-19,399,216.03,291.65,65,Refrigerated (2–8°C),WH-A,In Stock,2026-03-22
INV002097,MED000947,SUP0002,BAT444107,2026-07-08,2028-03-29,947,487.48,661.99,109,Room Temperature,WH-D,In Stock,2026-07-20
INV003104,MED000947,SUP0074,BAT550041,2025-08-04,2027-11-22,461,455.02,629.92,154,Refrigerated (2–8°C),WH-C,In Stock,2025-11-07
INV002096,MED000948,SUP0069,BAT738795,2023-12-19,2025-04-12,541,116.58,154.08,163,Refrigerated (2–8°C),WH-A,In Stock,2024-03-19
INV004557,MED000948,SUP0032,BAT660057,2023-10-21,2024-12-14,993,317.69,397.93,44,Refrigerated (2–8°C),WH-A,In Stock,2023-12-30
INV002820,MED000949,SUP0016,BAT251779,2025-07-06,2026-08-30,342,541.08,737.1,72,Refrigerated (2–8°C),WH-E,In Stock,2025-10-04
INV003603,MED000949,SUP0060,BAT916408,2023-08-18,2025-03-10,160,280.63,339.39,108,Refrigerated (2–8°C),WH-C,In Stock,2023-11-03
INV004642,MED000949,SUP0035,BAT748478,2024-01-17,2026-05-06,18,420.79,550.03,120,Room Temperature,WH-C,Low Stock,2024-04-22
INV000543,MED000950,SUP0058,BAT194834,2026-05-11,2027-08-04,797,563.02,754.01,174,Room Temperature,WH-D,In Stock,2026-07-11
INV000882,MED000950,SUP0040,BAT575637,2025-02-20,2027-02-10,620,47.8,58.67,148,Refrigerated (2–8°C),WH-B,In Stock,2025-07-28
INV001772,MED000950,SUP0011,BAT304981,2026-05-27,2027-06-21,463,151.67,196.02,51,Room Temperature,WH-C,In Stock,2026-07-20
INV002213,MED000950,SUP0016,BAT479221,2025-09-14,2027-05-07,544,452.82,586.96,189,Frozen (-20°C),WH-A,In Stock,2026-01-30
INV003609,MED000950,SUP0048,BAT723564,2024-01-02,2026-03-22,22,166.38,229.72,87,Refrigerated (2–8°C),WH-C,Low Stock,2024-01-31
INV001543,MED000951,SUP0020,BAT203386,2026-05-21,2028-04-10,760,254.48,322.23,127,Room Temperature,WH-B,In Stock,2026-07-20
INV002910,MED000952,SUP0056,BAT999372,2023-11-22,2024-11-16,286,189.55,263.16,82,Frozen (-20°C),WH-E,In Stock,2024-03-15
INV003252,MED000953,SUP0072,BAT208464,2024-04-02,2026-12-18,290,395.39,509.93,187,Room Temperature,WH-B,In Stock,2024-09-23
INV003651,MED000953,SUP0044,BAT112359,2024-07-01,2027-05-17,124,559.99,677.26,81,Frozen (-20°C),WH-E,In Stock,2024-09-25
INV004671,MED000953,SUP0055,BAT876154,2025-05-28,2027-10-15,379,455.03,586.98,141,Room Temperature,WH-B,In Stock,2025-11-20
INV000210,MED000954,SUP0040,BAT267475,2025-10-28,2028-07-14,945,415.72,551.97,104,Refrigerated (2–8°C),WH-C,In Stock,2026-03-20
INV002571,MED000954,SUP0069,BAT905704,2023-12-22,2025-09-12,385,267.45,336.34,99,Room Temperature,WH-D,In Stock,2024-03-30
INV004617,MED000956,SUP0036,BAT295305,2026-02-13,2027-03-10,141,183.59,232.92,117,Room Temperature,WH-D,In Stock,2026-06-23
INV000481,MED000957,SUP0070,BAT385647,2026-01-17,2027-05-12,181,360.56,478.18,176,Frozen (-20°C),WH-E,In Stock,2026-06-19
INV002783,MED000957,SUP0046,BAT184428,2025-04-12,2027-10-29,359,182.34,221.58,76,Refrigerated (2–8°C),WH-B,In Stock,2025-08-18
INV000747,MED000959,SUP0056,BAT183029,2026-03-25,2027-12-15,130,542.23,741.94,200,Frozen (-20°C),WH-D,Low Stock,2026-05-17
INV001327,MED000959,SUP0042,BAT242732,2025-03-26,2026-03-21,257,402.53,499.84,167,Frozen (-20°C),WH-E,In Stock,2025-04-29
INV002101,MED000959,SUP0074,BAT149276,2025-08-17,2027-06-08,573,555.14,731.14,133,Room Temperature,WH-C,In Stock,2025-10-08
INV003060,MED000959,SUP0022,BAT221875,2025-11-11,2027-04-05,404,133.74,165.58,30,Frozen (-20°C),WH-C,In Stock,2026-03-07
INV003626,MED000959,SUP0021,BAT477971,2024-12-20,2026-11-10,617,30.9,41.75,136,Room Temperature,WH-E,In Stock,2025-02-23
INV003899,MED000959,SUP0050,BAT993999,2025-12-18,2027-01-12,396,505.72,659.82,67,Refrigerated (2–8°C),WH-A,In Stock,2026-06-12
INV001086,MED000960,SUP0046,BAT548443,2026-03-02,2028-03-21,472,547.97,660.46,32,Refrigerated (2–8°C),WH-A,In Stock,2026-06-30
INV002007,MED000960,SUP0057,BAT171010,2024-03-28,2026-12-13,802,222.29,303.02,141,Refrigerated (2–8°C),WH-D,In Stock,2024-07-30
INV001416,MED000961,SUP0037,BAT867101,2023-11-23,2026-01-11,519,52.34,73.01,26,Refrigerated (2–8°C),WH-B,In Stock,2024-01-24
INV002478,MED000961,SUP0031,BAT344764,2023-12-03,2025-07-25,282,440.07,589.32,121,Refrigerated (2–8°C),WH-D,In Stock,2024-03-19
INV004209,MED000961,SUP0032,BAT553004,2026-03-25,2027-04-19,680,303.67,386.28,134,Refrigerated (2–8°C),WH-B,In Stock,2026-05-03
INV001923,MED000962,SUP0039,BAT496487,2023-10-12,2025-03-05,767,134.81,187.23,160,Room Temperature,WH-C,In Stock,2024-03-24
INV004781,MED000962,SUP0013,BAT874885,2024-12-06,2026-11-26,348,51.73,69.02,176,Room Temperature,WH-C,In Stock,2025-02-20
INV002609,MED000963,SUP0050,BAT559843,2025-07-19,2028-01-05,206,123.53,158.46,194,Refrigerated (2–8°C),WH-A,In Stock,2025-12-14
INV004196,MED000963,SUP0049,BAT475029,2025-12-01,2027-07-24,31,343.99,458.59,41,Frozen (-20°C),WH-C,Low Stock,2025-12-19
INV004413,MED000963,SUP0007,BAT903738,2024-07-23,2026-04-14,606,6.05,8.04,43,Refrigerated (2–8°C),WH-E,In Stock,2024-12-17
INV000366,MED000964,SUP0007,BAT765213,2023-12-13,2026-03-02,512,521.16,665.17,55,Refrigerated (2–8°C),WH-D,In Stock,2024-02-15
INV001138,MED000964,SUP0038,BAT752126,2023-09-22,2025-02-13,45,558.53,772.1,99,Room Temperature,WH-A,Low Stock,2024-01-09
INV002415,MED000964,SUP0056,BAT387936,2023-08-01,2024-07-26,395,270.61,352.93,159,Refrigerated (2–8°C),WH-E,In Stock,2023-08-29
INV000108,MED000966,SUP0004,BAT749641,2025-05-22,2027-12-08,663,383.07,495.25,41,Frozen (-20°C),WH-C,In Stock,2025-08-01
INV002769,MED000966,SUP0069,BAT716381,2024-06-28,2026-04-19,127,575.58,787.91,101,Refrigerated (2–8°C),WH-A,In Stock,2024-11-04
INV003828,MED000966,SUP0071,BAT666532,2023-10-27,2026-09-11,700,23.69,29.57,42,Refrigerated (2–8°C),WH-D,In Stock,2023-12-21
INV004941,MED000966,SUP0027,BAT888029,2024-01-06,2025-04-30,377,475.12,609.06,166,Frozen (-20°C),WH-C,In Stock,2024-02-03
INV001280,MED000967,SUP0014,BAT818008,2025-03-26,2027-10-12,584,96.99,119.42,197,Refrigerated (2–8°C),WH-B,In Stock,2025-06-02
INV004487,MED000968,SUP0002,BAT650516,2023-09-22,2026-07-08,254,114.67,159.05,154,Frozen (-20°C),WH-A,In Stock,2023-12-31
INV000348,MED000969,SUP0005,BAT280564,2025-02-04,2027-01-25,633,410.08,525.04,180,Refrigerated (2–8°C),WH-C,In Stock,2025-03-27
INV000896,MED000970,SUP0044,BAT733729,2025-12-16,2027-10-07,698,599.67,817.57,112,Refrigerated (2–8°C),WH-D,In Stock,2026-04-04
INV001203,MED000970,SUP0070,BAT946652,2024-02-18,2025-03-14,29,537.09,660.96,181,Frozen (-20°C),WH-B,Low Stock,2024-06-06
INV001545,MED000970,SUP0004,BAT449999,2025-08-17,2026-11-10,241,528.07,685.63,149,Refrigerated (2–8°C),WH-E,In Stock,2025-11-18
INV002277,MED000970,SUP0042,BAT456705,2024-02-10,2026-05-30,451,598.81,818.68,30,Refrigerated (2–8°C),WH-E,In Stock,2024-07-14
INV003739,MED000970,SUP0008,BAT863002,2025-01-24,2027-03-15,197,409.56,512.22,197,Refrigerated (2–8°C),WH-D,Low Stock,2025-03-25
INV000357,MED000971,SUP0017,BAT778818,2024-07-09,2027-01-25,229,366.96,509.56,89,Frozen (-20°C),WH-C,In Stock,2024-07-26
INV000953,MED000971,SUP0014,BAT835203,2026-05-14,2028-11-29,193,379.2,466.32,176,Room Temperature,WH-B,In Stock,2026-07-14
INV003530,MED000971,SUP0034,BAT752459,2024-08-19,2026-07-10,861,94.4,130.67,174,Room Temperature,WH-A,In Stock,2024-11-13
INV004352,MED000971,SUP0045,BAT114112,2025-07-30,2026-10-23,886,448.97,549.57,184,Frozen (-20°C),WH-C,In Stock,2025-10-06
INV004563,MED000971,SUP0065,BAT871542,2024-02-19,2026-02-08,923,10.82,14.13,135,Room Temperature,WH-C,In Stock,2024-06-08
INV001877,MED000972,SUP0026,BAT943866,2025-04-17,2027-09-04,218,26.14,33.11,43,Room Temperature,WH-C,In Stock,2025-05-23
INV001265,MED000974,SUP0057,BAT805983,2025-03-15,2026-07-08,150,178.94,228.48,180,Frozen (-20°C),WH-B,Low Stock,2025-05-01
INV001610,MED000975,SUP0036,BAT667358,2024-06-27,2027-03-14,948,491.15,610.63,150,Refrigerated (2–8°C),WH-C,In Stock,2024-07-13
INV002360,MED000975,SUP0062,BAT385880,2025-08-03,2028-05-19,303,437.21,608.47,147,Room Temperature,WH-E,In Stock,2025-10-28
INV004481,MED000975,SUP0070,BAT266971,2026-06-18,2028-06-07,374,315.33,425.6,113,Frozen (-20°C),WH-B,In Stock,2026-07-20
INV002782,MED000976,SUP0050,BAT588354,2025-11-26,2028-04-14,288,162.76,200.2,31,Refrigerated (2–8°C),WH-D,In Stock,2026-04-11
INV002952,MED000976,SUP0015,BAT453955,2025-10-29,2028-10-13,228,520.6,692.15,157,Room Temperature,WH-E,In Stock,2026-01-30
INV003644,MED000976,SUP0027,BAT982163,2024-11-09,2026-12-29,870,67.74,83.05,83,Refrigerated (2–8°C),WH-B,In Stock,2025-03-19
INV004985,MED000976,SUP0057,BAT773118,2023-11-11,2025-08-02,655,205.75,255.56,120,Room Temperature,WH-A,In Stock,2024-05-05
INV000026,MED000977,SUP0065,BAT994141,2026-07-12,2027-12-04,983,52.67,65.16,155,Frozen (-20°C),WH-A,In Stock,2026-07-20
INV001267,MED000977,SUP0022,BAT460934,2024-06-04,2026-11-21,321,227.75,312.72,158,Refrigerated (2–8°C),WH-B,In Stock,2024-10-25
INV004742,MED000977,SUP0045,BAT578871,2024-12-12,2026-06-05,568,451.79,626.25,192,Refrigerated (2–8°C),WH-D,In Stock,2025-04-16
INV001223,MED000978,SUP0021,BAT461456,2024-02-10,2026-04-30,703,420.77,581.74,125,Frozen (-20°C),WH-D,In Stock,2024-07-14
INV003947,MED000978,SUP0030,BAT847063,2024-04-24,2025-12-15,64,533.0,671.08,84,Room Temperature,WH-B,Low Stock,2024-10-09
INV004307,MED000978,SUP0008,BAT828137,2023-10-23,2026-09-07,680,168.76,208.94,143,Refrigerated (2–8°C),WH-C,In Stock,2023-11-23
INV004358,MED000978,SUP0027,BAT739362,2025-03-20,2027-10-06,140,191.2,267.24,190,Room Temperature,WH-E,Low Stock,2025-04-26
INV000287,MED000979,SUP0010,BAT340068,2025-09-12,2026-11-06,105,223.7,281.83,105,Refrigerated (2–8°C),WH-B,Low Stock,2025-10-23
INV003034,MED000979,SUP0059,BAT346790,2024-02-18,2026-04-08,984,522.09,706.22,170,Frozen (-20°C),WH-B,In Stock,2024-04-28
INV000723,MED000980,SUP0018,BAT373342,2024-07-10,2027-03-27,846,480.72,595.96,108,Refrigerated (2–8°C),WH-C,In Stock,2024-12-23
INV001695,MED000980,SUP0008,BAT522218,2026-05-02,2027-11-23,530,516.76,621.71,62,Room Temperature,WH-D,In Stock,2026-07-20
INV002626,MED000980,SUP0032,BAT541800,2023-10-31,2026-10-15,342,474.21,624.7,151,Room Temperature,WH-C,In Stock,2023-12-14
INV004288,MED000980,SUP0006,BAT122161,2026-06-27,2027-08-21,220,495.77,652.39,103,Room Temperature,WH-B,In Stock,2026-07-20
INV000073,MED000981,SUP0057,BAT457256,2024-08-01,2025-08-26,963,72.88,88.41,147,Refrigerated (2–8°C),WH-A,In Stock,2024-10-19
INV000118,MED000981,SUP0052,BAT546980,2024-02-27,2026-05-17,75,196.66,241.83,45,Room Temperature,WH-C,In Stock,2024-07-04
INV000978,MED000981,SUP0020,BAT355652,2023-11-12,2026-03-31,642,78.23,106.78,164,Room Temperature,WH-E,In Stock,2024-02-03
INV001898,MED000981,SUP0065,BAT380028,2024-04-02,2027-01-17,678,344.31,433.07,74,Frozen (-20°C),WH-C,In Stock,2024-06-11
INV001913,MED000981,SUP0069,BAT902777,2024-10-05,2025-11-29,384,565.85,736.57,180,Frozen (-20°C),WH-D,In Stock,2025-03-09
INV002615,MED000981,SUP0050,BAT550885,2024-10-17,2026-06-09,71,225.73,304.22,188,Room Temperature,WH-B,Low Stock,2025-01-21
INV003059,MED000981,SUP0007,BAT280072,2025-07-19,2028-01-05,704,14.41,19.4,63,Refrigerated (2–8°C),WH-B,In Stock,2025-08-28
INV001493,MED000982,SUP0066,BAT526279,2024-06-07,2025-12-29,533,300.79,365.46,98,Frozen (-20°C),WH-A,In Stock,2024-11-22
INV003481,MED000982,SUP0047,BAT229501,2024-10-15,2025-11-09,78,359.23,442.08,27,Room Temperature,WH-A,In Stock,2025-02-16
INV003728,MED000983,SUP0048,BAT979943,2024-08-29,2026-10-18,133,293.38,376.3,83,Refrigerated (2–8°C),WH-A,In Stock,2025-02-24
INV001132,MED000984,SUP0072,BAT328424,2025-11-03,2026-11-28,961,169.49,224.08,45,Refrigerated (2–8°C),WH-A,In Stock,2026-04-15
INV002157,MED000984,SUP0034,BAT507380,2024-12-03,2025-12-28,23,490.48,683.97,177,Frozen (-20°C),WH-C,Low Stock,2024-12-30
INV003414,MED000985,SUP0011,BAT767427,2024-03-22,2025-08-14,186,530.41,678.83,86,Room Temperature,WH-B,In Stock,2024-09-06
INV000788,MED000986,SUP0074,BAT424745,2026-02-01,2027-11-23,486,84.02,103.15,180,Frozen (-20°C),WH-D,In Stock,2026-05-23
INV001826,MED000986,SUP0064,BAT685975,2024-04-07,2025-09-29,177,359.34,498.89,172,Refrigerated (2–8°C),WH-A,In Stock,2024-05-12
INV002996,MED000986,SUP0014,BAT720654,2024-06-14,2026-07-04,380,330.77,441.47,97,Room Temperature,WH-A,In Stock,2024-07-26
INV004260,MED000986,SUP0062,BAT998374,2025-09-21,2027-03-15,640,416.01,573.49,35,Room Temperature,WH-B,In Stock,2025-10-31
INV004393,MED000986,SUP0030,BAT757348,2025-08-07,2026-08-02,408,36.11,43.89,33,Refrigerated (2–8°C),WH-D,In Stock,2026-02-03
INV000360,MED000987,SUP0009,BAT452618,2025-02-06,2027-09-24,882,160.38,215.27,95,Frozen (-20°C),WH-C,In Stock,2025-05-15
INV000387,MED000987,SUP0045,BAT795951,2025-09-16,2027-01-09,913,37.47,49.79,181,Room Temperature,WH-E,In Stock,2026-02-20
INV001763,MED000987,SUP0007,BAT542981,2024-03-29,2026-02-17,165,142.33,184.88,147,Room Temperature,WH-B,In Stock,2024-09-17
INV003163,MED000987,SUP0071,BAT364314,2026-03-18,2027-08-10,268,51.72,63.96,135,Refrigerated (2–8°C),WH-E,In Stock,2026-04-22
INV002340,MED000988,SUP0041,BAT991730,2025-10-26,2027-01-19,53,296.66,367.65,152,Room Temperature,WH-A,Low Stock,2025-11-13
INV000261,MED000989,SUP0014,BAT409783,2025-11-18,2027-01-12,851,212.26,269.28,61,Room Temperature,WH-E,In Stock,2026-01-01
INV000181,MED000990,SUP0032,BAT943776,2025-10-29,2027-07-21,74,99.06,127.11,40,Refrigerated (2–8°C),WH-B,In Stock,2026-03-09
INV000262,MED000990,SUP0045,BAT599292,2024-02-05,2026-03-26,326,183.66,250.15,42,Room Temperature,WH-A,In Stock,2024-06-14
INV000385,MED000990,SUP0063,BAT218423,2025-11-09,2027-12-29,64,394.71,474.63,91,Frozen (-20°C),WH-E,Low Stock,2025-12-05
INV001350,MED000990,SUP0057,BAT534661,2024-08-17,2026-09-06,868,350.63,464.74,157,Refrigerated (2–8°C),WH-C,In Stock,2024-10-18
INV002955,MED000990,SUP0030,BAT601095,2025-11-17,2027-03-12,900,246.28,329.75,67,Frozen (-20°C),WH-B,In Stock,2026-02-13
INV003410,MED000990,SUP0069,BAT215526,2025-05-22,2026-08-15,306,161.11,221.72,157,Refrigerated (2–8°C),WH-E,In Stock,2025-09-14
INV001371,MED000992,SUP0050,BAT420756,2026-05-05,2029-04-19,789,420.85,549.42,200,Room Temperature,WH-B,In Stock,2026-07-20
INV003301,MED000992,SUP0056,BAT933575,2023-11-17,2026-06-04,613,299.91,414.98,75,Refrigerated (2–8°C),WH-C,In Stock,2023-12-07
INV000598,MED000994,SUP0024,BAT938202,2026-07-05,2027-07-30,86,359.35,490.28,62,Refrigerated (2–8°C),WH-D,In Stock,2026-07-20
INV002836,MED000994,SUP0053,BAT770185,2026-04-30,2028-08-17,625,170.73,232.25,127,Room Temperature,WH-D,In Stock,2026-05-19
INV004086,MED000994,SUP0038,BAT316778,2026-05-07,2027-11-28,320,197.26,243.21,37,Frozen (-20°C),WH-C,In Stock,2026-07-20
INV004274,MED000994,SUP0006,BAT793710,2025-04-01,2026-11-22,488,550.44,769.99,148,Refrigerated (2–8°C),WH-A,In Stock,2025-08-08
INV004986,MED000994,SUP0026,BAT208926,2025-01-07,2026-04-02,482,577.12,760.38,69,Room Temperature,WH-B,In Stock,2025-03-01
INV000709,MED000995,SUP0072,BAT557318,2025-12-01,2028-07-18,206,167.26,201.69,65,Refrigerated (2–8°C),WH-E,In Stock,2025-12-25
INV002523,MED000995,SUP0013,BAT315386,2025-09-10,2026-10-05,331,63.83,85.56,148,Room Temperature,WH-D,In Stock,2025-10-15
INV000647,MED000996,SUP0065,BAT652266,2024-03-28,2026-06-16,694,540.17,697.03,161,Refrigerated (2–8°C),WH-A,In Stock,2024-08-26
INV001979,MED000996,SUP0049,BAT385514,2025-02-19,2027-08-08,467,290.56,389.99,97,Room Temperature,WH-B,In Stock,2025-08-16
INV002475,MED000996,SUP0057,BAT493875,2025-01-09,2026-03-05,622,20.66,28.62,36,Frozen (-20°C),WH-C,In Stock,2025-04-10
INV003141,MED000996,SUP0014,BAT484847,2024-07-04,2025-07-29,478,66.56,92.51,191,Refrigerated (2–8°C),WH-C,In Stock,2024-11-18
INV003980,MED000996,SUP0021,BAT712695,2025-11-08,2028-02-26,180,304.47,420.07,168,Frozen (-20°C),WH-C,In Stock,2026-01-03
INV004238,MED000996,SUP0046,BAT329828,2026-02-26,2027-04-22,436,64.69,89.07,100,Room Temperature,WH-B,In Stock,2026-06-16
INV000765,MED000997,SUP0034,BAT456855,2025-07-17,2028-07-01,788,164.16,201.96,167,Frozen (-20°C),WH-E,In Stock,2025-08-12
INV003556,MED000997,SUP0018,BAT178683,2023-10-10,2025-11-28,182,506.49,613.03,99,Room Temperature,WH-B,In Stock,2024-01-19
INV004572,MED000997,SUP0009,BAT527912,2023-11-03,2026-06-20,250,189.99,262.71,153,Refrigerated (2–8°C),WH-E,In Stock,2024-01-18
INV004708,MED000998,SUP0055,BAT834178,2025-07-12,2027-04-03,109,63.73,84.69,92,Frozen (-20°C),WH-A,In Stock,2025-11-08
INV000066,MED000999,SUP0028,BAT472060,2024-12-31,2026-10-22,901,422.2,529.97,177,Room Temperature,WH-E,In Stock,2025-03-27
INV000368,MED000999,SUP0043,BAT761685,2024-07-17,2026-05-08,59,273.97,340.24,26,Room Temperature,WH-E,In Stock,2025-01-10
INV000758,MED000999,SUP0052,BAT609713,2026-06-06,2028-11-22,957,543.52,746.54,198,Room Temperature,WH-A,In Stock,2026-07-20
INV004242,MED000999,SUP0064,BAT753020,2023-12-26,2026-02-13,792,293.96,389.85,80,Room Temperature,WH-A,In Stock,2024-01-12
INV004900,MED000999,SUP0022,BAT422271,2026-01-05,2028-02-24,114,270.03,348.67,114,Refrigerated (2–8°C),WH-E,Low Stock,2026-02-15
INV001007,MED001000,SUP0006,BAT481128,2025-02-27,2027-02-17,877,550.7,675.05,183,Refrigerated (2–8°C),WH-E,In Stock,2025-06-26
INV003704,MED001000,SUP0036,BAT487000,2023-08-19,2026-08-03,217,565.29,736.63,88,Frozen (-20°C),WH-E,In Stock,2024-02-03
INV004456,MED001000,SUP0043,BAT719089,2025-07-16,2026-07-11,831,511.96,696.46,74,Room Temperature,WH-D,In Stock,2025-08-29
INV000272,MED001001,SUP0022,BAT186686,2023-09-22,2026-09-06,299,168.54,220.37,33,Room Temperature,WH-D,In Stock,2023-12-02
INV000851,MED001001,SUP0004,BAT295760,2024-08-31,2025-10-25,290,143.66,191.34,77,Room Temperature,WH-D,In Stock,2024-12-22
INV001157,MED001001,SUP0004,BAT487491,2024-09-09,2026-06-01,436,314.93,430.26,138,Refrigerated (2–8°C),WH-A,In Stock,2025-02-17
INV002780,MED001001,SUP0064,BAT377837,2026-05-01,2029-04-15,627,412.06,548.05,94,Refrigerated (2–8°C),WH-E,In Stock,2026-07-20
INV002839,MED001001,SUP0036,BAT663556,2026-02-11,2027-10-04,990,43.3,57.47,200,Frozen (-20°C),WH-D,In Stock,2026-03-20
INV004208,MED001001,SUP0040,BAT978511,2026-05-06,2027-11-27,273,225.82,300.54,82,Frozen (-20°C),WH-E,In Stock,2026-07-20
INV004776,MED001001,SUP0027,BAT965720,2024-09-07,2026-12-26,471,584.29,814.44,184,Refrigerated (2–8°C),WH-D,In Stock,2024-09-22
INV000919,MED001002,SUP0066,BAT335861,2023-09-06,2026-02-22,586,167.87,226.47,147,Frozen (-20°C),WH-B,In Stock,2024-02-14
INV002080,MED001002,SUP0048,BAT744819,2024-01-09,2026-02-27,56,550.16,718.41,111,Frozen (-20°C),WH-A,Low Stock,2024-02-10
INV003217,MED001002,SUP0007,BAT414984,2023-12-09,2026-02-26,11,134.5,176.14,192,Frozen (-20°C),WH-A,Low Stock,2024-01-14
INV004858,MED001002,SUP0067,BAT660745,2025-07-14,2026-10-07,408,339.69,441.51,46,Refrigerated (2–8°C),WH-C,In Stock,2025-11-08
INV000279,MED001003,SUP0019,BAT705474,2025-01-21,2027-09-08,384,49.93,67.85,140,Room Temperature,WH-D,In Stock,2025-05-22
INV000529,MED001004,SUP0051,BAT880550,2024-06-06,2025-06-01,700,216.45,272.83,115,Frozen (-20°C),WH-C,In Stock,2024-09-17
INV000539,MED001004,SUP0042,BAT579770,2024-12-07,2026-12-27,794,366.72,500.52,35,Frozen (-20°C),WH-C,In Stock,2025-04-04
INV001165,MED001004,SUP0051,BAT726882,2025-07-21,2027-12-08,302,135.26,188.36,49,Refrigerated (2–8°C),WH-D,In Stock,2025-12-06
INV001596,MED001004,SUP0063,BAT387202,2026-01-01,2027-01-26,3,280.83,340.44,135,Room Temperature,WH-D,Low Stock,2026-03-21
INV002300,MED001005,SUP0016,BAT689144,2024-05-31,2026-06-20,988,464.71,579.34,77,Room Temperature,WH-D,In Stock,2024-09-05
INV003322,MED001005,SUP0013,BAT729316,2025-12-02,2027-01-26,985,135.9,185.17,176,Room Temperature,WH-B,In Stock,2026-01-25
INV003886,MED001005,SUP0037,BAT979748,2024-08-20,2027-02-06,500,25.21,31.57,147,Refrigerated (2–8°C),WH-B,In Stock,2024-12-17
INV001656,MED001009,SUP0051,BAT549492,2025-12-28,2028-11-12,531,74.33,91.11,49,Room Temperature,WH-A,In Stock,2026-01-23
INV002818,MED001009,SUP0017,BAT896984,2024-04-17,2026-09-04,466,423.56,521.65,37,Room Temperature,WH-A,In Stock,2024-10-09
INV004005,MED001009,SUP0055,BAT821124,2024-06-11,2025-09-04,960,253.04,308.16,93,Refrigerated (2–8°C),WH-D,In Stock,2024-08-15
INV004354,MED001009,SUP0034,BAT762647,2023-10-14,2025-06-05,69,259.55,342.8,109,Room Temperature,WH-B,Low Stock,2024-02-01
INV001782,MED001010,SUP0029,BAT779505,2023-12-01,2025-05-24,604,412.67,562.36,137,Refrigerated (2–8°C),WH-E,In Stock,2024-04-12
INV002966,MED001010,SUP0019,BAT859293,2023-11-23,2026-10-08,453,487.8,611.47,118,Frozen (-20°C),WH-B,In Stock,2024-03-27
INV002518,MED001011,SUP0028,BAT139528,2023-12-19,2025-08-10,93,243.27,339.38,51,Frozen (-20°C),WH-E,In Stock,2024-05-21
INV002657,MED001011,SUP0036,BAT279217,2023-09-06,2025-08-26,615,93.79,115.95,113,Room Temperature,WH-B,In Stock,2024-03-03
INV003442,MED001011,SUP0008,BAT845217,2025-02-23,2026-12-15,614,330.71,417.39,97,Frozen (-20°C),WH-D,In Stock,2025-06-11
INV000666,MED001012,SUP0072,BAT875795,2026-02-24,2027-09-17,810,96.64,121.77,25,Frozen (-20°C),WH-D,In Stock,2026-03-17
INV002019,MED001012,SUP0014,BAT281050,2024-07-14,2025-11-06,968,450.32,562.88,124,Frozen (-20°C),WH-D,In Stock,2024-12-02
INV000582,MED001013,SUP0008,BAT194930,2024-10-08,2026-01-31,924,486.85,657.94,187,Frozen (-20°C),WH-B,In Stock,2025-03-20
INV003913,MED001013,SUP0005,BAT780535,2025-08-13,2026-09-07,768,10.5,13.88,161,Room Temperature,WH-E,In Stock,2025-12-11
INV000186,MED001014,SUP0061,BAT399628,2023-08-06,2024-10-29,137,437.87,592.34,92,Refrigerated (2–8°C),WH-A,In Stock,2023-12-09
INV000964,MED001014,SUP0069,BAT638430,2023-12-21,2025-05-14,768,233.57,316.69,155,Refrigerated (2–8°C),WH-E,In Stock,2024-04-26
INV004477,MED001014,SUP0032,BAT223109,2026-02-22,2027-12-14,835,94.04,131.29,106,Room Temperature,WH-B,In Stock,2026-04-20
INV004894,MED001014,SUP0051,BAT475443,2026-05-18,2029-03-03,624,587.17,787.74,194,Room Temperature,WH-A,In Stock,2026-07-20
INV000093,MED001015,SUP0005,BAT232378,2026-05-14,2028-10-30,890,525.14,676.41,50,Frozen (-20°C),WH-D,In Stock,2026-07-20
INV000942,MED001015,SUP0049,BAT278765,2025-08-23,2026-11-16,935,153.61,200.89,198,Room Temperature,WH-C,In Stock,2025-12-02
INV004706,MED001015,SUP0069,BAT910575,2024-11-13,2026-05-07,621,326.69,433.66,98,Room Temperature,WH-C,In Stock,2025-02-25
INV003565,MED001016,SUP0062,BAT493170,2023-08-02,2026-06-17,564,341.97,455.41,101,Frozen (-20°C),WH-E,In Stock,2024-01-06
INV003824,MED001016,SUP0025,BAT570625,2024-05-10,2026-08-28,666,541.65,757.94,122,Room Temperature,WH-B,In Stock,2024-07-09
INV004501,MED001016,SUP0054,BAT322732,2024-10-21,2027-10-06,732,50.17,69.46,175,Room Temperature,WH-C,In Stock,2024-11-23
INV000649,MED001017,SUP0020,BAT314178,2026-06-21,2029-02-05,300,581.9,761.29,131,Room Temperature,WH-D,In Stock,2026-07-11
INV001552,MED001017,SUP0029,BAT822502,2025-02-21,2026-03-18,872,400.68,536.5,111,Refrigerated (2–8°C),WH-C,In Stock,2025-06-16
INV002098,MED001017,SUP0021,BAT648481,2025-09-29,2028-01-17,84,437.04,580.23,71,Room Temperature,WH-E,In Stock,2025-11-09
INV002107,MED001017,SUP0027,BAT497530,2025-10-21,2027-02-13,80,415.67,541.17,80,Frozen (-20°C),WH-D,Low Stock,2026-02-25
INV002341,MED001017,SUP0045,BAT165126,2024-10-25,2026-11-14,775,458.27,566.36,172,Room Temperature,WH-B,In Stock,2024-12-01
INV002165,MED001018,SUP0034,BAT822287,2025-05-16,2026-09-08,232,384.12,475.74,116,Refrigerated (2–8°C),WH-B,In Stock,2025-09-27
INV003084,MED001018,SUP0052,BAT282826,2025-06-16,2028-05-01,610,32.8,40.06,118,Room Temperature,WH-C,In Stock,2025-08-20
INV000185,MED001019,SUP0003,BAT194423,2025-10-03,2028-01-21,989,133.01,169.0,86,Room Temperature,WH-C,In Stock,2026-02-12
INV000690,MED001019,SUP0030,BAT758894,2024-04-21,2025-04-16,755,499.04,648.57,38,Room Temperature,WH-B,In Stock,2024-05-31
INV001636,MED001021,SUP0032,BAT640712,2024-08-21,2026-08-11,541,43.18,54.13,190,Room Temperature,WH-A,In Stock,2024-10-23
INV000319,MED001022,SUP0053,BAT677438,2026-03-28,2027-04-22,286,86.66,107.45,123,Frozen (-20°C),WH-B,In Stock,2026-05-04
INV000462,MED001022,SUP0026,BAT346269,2024-11-27,2026-07-20,234,501.79,686.08,76,Refrigerated (2–8°C),WH-B,In Stock,2025-02-02
INV003195,MED001022,SUP0012,BAT896086,2025-08-28,2026-12-21,229,216.73,283.9,88,Room Temperature,WH-C,In Stock,2026-01-29
INV004828,MED001023,SUP0010,BAT295971,2024-05-14,2025-05-09,148,441.53,578.03,107,Refrigerated (2–8°C),WH-C,In Stock,2024-09-18
INV001846,MED001024,SUP0004,BAT510933,2024-06-06,2026-11-23,176,520.83,721.26,157,Frozen (-20°C),WH-E,In Stock,2024-08-13
INV003185,MED001024,SUP0005,BAT158651,2024-12-23,2026-10-14,347,217.09,285.86,160,Room Temperature,WH-A,In Stock,2025-03-02
INV004160,MED001025,SUP0054,BAT987128,2024-07-30,2026-02-20,361,177.37,214.19,40,Room Temperature,WH-D,In Stock,2024-11-19
INV003476,MED001026,SUP0061,BAT543877,2025-11-08,2028-08-24,190,404.61,541.52,150,Room Temperature,WH-C,In Stock,2026-01-14
INV004917,MED001026,SUP0056,BAT346701,2025-11-25,2028-07-12,685,433.02,597.37,104,Frozen (-20°C),WH-A,In Stock,2026-02-24
INV000195,MED001028,SUP0061,BAT989587,2023-11-25,2026-09-10,531,338.73,474.09,78,Refrigerated (2–8°C),WH-E,In Stock,2024-01-14
INV003764,MED001028,SUP0041,BAT271774,2025-03-08,2027-03-28,457,143.45,186.39,40,Refrigerated (2–8°C),WH-D,In Stock,2025-07-26
INV000537,MED001029,SUP0061,BAT846606,2025-08-24,2027-01-16,503,86.82,107.54,146,Room Temperature,WH-D,In Stock,2025-12-16
INV001479,MED001029,SUP0024,BAT585679,2025-02-02,2027-11-19,397,393.95,476.58,162,Frozen (-20°C),WH-A,In Stock,2025-07-11
INV002099,MED001030,SUP0044,BAT888513,2025-12-26,2028-05-14,793,348.98,461.33,45,Refrigerated (2–8°C),WH-E,In Stock,2026-02-08
INV001527,MED001031,SUP0064,BAT232372,2023-10-03,2025-03-26,614,505.96,618.84,119,Refrigerated (2–8°C),WH-D,In Stock,2023-11-05
INV003154,MED001031,SUP0052,BAT397000,2023-10-21,2026-07-07,454,162.99,196.46,90,Frozen (-20°C),WH-E,In Stock,2024-02-04
INV000222,MED001032,SUP0038,BAT345536,2025-05-04,2027-10-21,791,491.94,613.64,197,Room Temperature,WH-E,In Stock,2025-10-19
INV000400,MED001032,SUP0070,BAT828038,2025-05-11,2028-02-25,779,339.56,447.05,115,Frozen (-20°C),WH-D,In Stock,2025-06-24
INV000966,MED001032,SUP0068,BAT371407,2025-04-02,2026-10-24,725,333.53,411.65,93,Room Temperature,WH-E,In Stock,2025-07-01
INV001031,MED001033,SUP0016,BAT762113,2025-09-30,2028-09-14,938,503.22,619.87,91,Refrigerated (2–8°C),WH-B,In Stock,2026-03-24
INV000704,MED001034,SUP0039,BAT553939,2025-04-22,2026-10-14,411,376.85,486.38,89,Frozen (-20°C),WH-B,In Stock,2025-08-21
INV001523,MED001034,SUP0008,BAT512935,2024-04-22,2025-09-14,480,508.69,635.04,64,Frozen (-20°C),WH-C,In Stock,2024-05-19
INV003925,MED001035,SUP0020,BAT552033,2026-03-19,2027-09-10,683,523.29,628.9,102,Refrigerated (2–8°C),WH-E,In Stock,2026-06-25
INV004741,MED001035,SUP0002,BAT959802,2025-01-11,2027-12-27,46,96.62,119.71,198,Refrigerated (2–8°C),WH-E,Low Stock,2025-03-01
INV004953,MED001035,SUP0040,BAT204271,2025-03-12,2026-10-03,288,535.1,660.87,125,Frozen (-20°C),WH-A,In Stock,2025-06-13
INV002208,MED001036,SUP0075,BAT925478,2025-12-06,2027-03-01,483,333.33,421.39,88,Room Temperature,WH-B,In Stock,2026-03-12
INV002441,MED001036,SUP0034,BAT677234,2026-06-03,2028-07-22,210,18.6,22.9,159,Room Temperature,WH-D,In Stock,2026-07-20
INV002800,MED001036,SUP0025,BAT109083,2024-05-05,2026-03-26,382,164.18,228.04,75,Refrigerated (2–8°C),WH-C,In Stock,2024-09-28
INV004015,MED001036,SUP0015,BAT256271,2025-06-30,2027-12-17,884,240.94,296.78,73,Refrigerated (2–8°C),WH-C,In Stock,2025-11-26
INV000566,MED001037,SUP0004,BAT937838,2026-04-04,2028-07-22,194,554.56,746.71,112,Frozen (-20°C),WH-C,In Stock,2026-05-28
INV000924,MED001037,SUP0039,BAT481219,2024-07-06,2026-07-26,254,32.47,45.11,101,Refrigerated (2–8°C),WH-E,In Stock,2024-07-21
INV003052,MED001038,SUP0025,BAT432256,2023-12-03,2025-12-22,444,13.9,17.36,95,Room Temperature,WH-E,In Stock,2024-04-14
INV003509,MED001038,SUP0017,BAT205441,2024-02-21,2026-08-09,437,395.34,532.54,190,Refrigerated (2–8°C),WH-C,In Stock,2024-05-31
INV004710,MED001038,SUP0031,BAT944109,2025-04-22,2027-08-10,288,590.03,791.82,168,Frozen (-20°C),WH-A,In Stock,2025-07-10
INV000140,MED001039,SUP0050,BAT585188,2023-10-13,2025-12-01,667,196.31,254.25,73,Room Temperature,WH-A,In Stock,2024-03-22
INV000389,MED001039,SUP0029,BAT677236,2025-09-03,2027-08-24,80,269.29,354.01,142,Room Temperature,WH-D,Low Stock,2025-11-17
INV003761,MED001039,SUP0051,BAT369053,2024-07-01,2026-07-21,239,106.53,128.71,29,Frozen (-20°C),WH-C,In Stock,2024-11-06
INV003838,MED001039,SUP0027,BAT576001,2026-02-21,2029-02-05,164,329.99,431.43,120,Frozen (-20°C),WH-E,In Stock,2026-04-05
INV001115,MED001040,SUP0029,BAT781927,2025-07-07,2027-07-27,310,17.76,21.51,83,Room Temperature,WH-E,In Stock,2025-11-21
INV002741,MED001041,SUP0009,BAT169774,2024-09-15,2026-03-09,481,560.91,723.89,74,Refrigerated (2–8°C),WH-B,In Stock,2025-03-08
INV002761,MED001042,SUP0059,BAT322577,2025-02-02,2026-10-25,660,401.84,523.71,127,Refrigerated (2–8°C),WH-D,In Stock,2025-07-23
INV004884,MED001042,SUP0021,BAT833428,2025-01-12,2027-08-30,426,329.68,400.57,102,Frozen (-20°C),WH-B,In Stock,2025-03-29
INV003578,MED001044,SUP0003,BAT355280,2025-11-22,2027-08-14,974,430.58,575.04,120,Room Temperature,WH-B,In Stock,2026-04-26
INV003271,MED001045,SUP0021,BAT626537,2024-02-16,2026-04-06,277,288.59,366.51,152,Room Temperature,WH-B,In Stock,2024-07-30
INV001689,MED001046,SUP0006,BAT957170,2024-01-30,2026-02-18,291,145.72,180.84,38,Refrigerated (2–8°C),WH-A,In Stock,2024-04-24
INV001572,MED001047,SUP0016,BAT604618,2025-02-09,2026-04-05,807,215.18,274.91,48,Room Temperature,WH-E,In Stock,2025-05-26
INV004522,MED001047,SUP0038,BAT507382,2025-02-28,2027-10-16,60,303.69,410.76,50,Frozen (-20°C),WH-A,In Stock,2025-04-25
INV000296,MED001048,SUP0027,BAT947312,2024-06-03,2026-10-21,400,382.41,522.72,175,Frozen (-20°C),WH-A,In Stock,2024-09-09
INV000661,MED001048,SUP0008,BAT799155,2025-07-29,2027-07-19,733,224.93,286.69,134,Refrigerated (2–8°C),WH-C,In Stock,2025-09-19
INV003198,MED001048,SUP0059,BAT174320,2025-05-03,2027-04-23,622,397.73,506.56,135,Frozen (-20°C),WH-E,In Stock,2025-08-19
INV001220,MED001049,SUP0022,BAT415183,2026-06-28,2027-12-20,769,82.29,104.23,60,Room Temperature,WH-A,In Stock,2026-07-20
INV000840,MED001050,SUP0044,BAT546800,2026-01-29,2028-03-19,418,483.68,611.08,119,Refrigerated (2–8°C),WH-A,In Stock,2026-06-03
INV001865,MED001050,SUP0010,BAT571103,2023-11-07,2026-08-23,738,163.51,200.53,118,Frozen (-20°C),WH-C,In Stock,2024-01-28
INV002420,MED001050,SUP0053,BAT163714,2024-07-10,2025-08-04,748,326.63,440.03,37,Room Temperature,WH-A,In Stock,2024-10-18
INV002754,MED001050,SUP0025,BAT383282,2025-11-06,2027-04-30,825,406.35,531.41,101,Room Temperature,WH-B,In Stock,2026-01-11
INV003135,MED001050,SUP0019,BAT520535,2023-12-13,2026-09-28,774,158.01,203.44,121,Room Temperature,WH-C,In Stock,2024-06-09
INV003419,MED001050,SUP0026,BAT944660,2023-08-11,2025-03-03,529,280.15,360.43,114,Refrigerated (2–8°C),WH-C,In Stock,2023-10-30
INV001791,MED001051,SUP0030,BAT698828,2026-01-07,2028-04-26,448,325.76,394.93,27,Room Temperature,WH-C,In Stock,2026-04-27
INV004924,MED001051,SUP0005,BAT349020,2023-10-07,2025-06-28,6,410.88,550.33,108,Refrigerated (2–8°C),WH-E,Low Stock,2023-10-29
INV004937,MED001051,SUP0075,BAT177168,2025-10-09,2028-09-23,509,413.9,548.37,137,Frozen (-20°C),WH-C,In Stock,2026-02-03
INV002164,MED001052,SUP0058,BAT725437,2025-03-03,2026-02-26,984,88.74,115.91,125,Frozen (-20°C),WH-A,In Stock,2025-04-25
INV004423,MED001052,SUP0031,BAT562347,2026-06-14,2028-09-01,679,102.03,142.24,109,Room Temperature,WH-E,In Stock,2026-07-20
INV000671,MED001053,SUP0025,BAT903673,2024-07-30,2027-07-15,613,328.51,451.53,67,Frozen (-20°C),WH-C,In Stock,2024-09-07
INV002372,MED001053,SUP0012,BAT230396,2023-08-23,2026-04-09,123,359.17,455.99,165,Refrigerated (2–8°C),WH-E,Low Stock,2024-01-28
INV000412,MED001054,SUP0066,BAT567200,2026-04-12,2027-05-07,919,119.54,155.73,191,Room Temperature,WH-B,In Stock,2026-07-11
INV001277,MED001054,SUP0037,BAT776624,2025-03-25,2026-11-15,254,168.8,221.51,112,Refrigerated (2–8°C),WH-D,In Stock,2025-08-23
INV002030,MED001054,SUP0004,BAT777702,2025-06-15,2026-09-08,209,137.71,180.08,52,Room Temperature,WH-A,In Stock,2025-08-18
INV003721,MED001054,SUP0055,BAT776739,2026-03-21,2028-05-09,290,224.96,288.54,128,Refrigerated (2–8°C),WH-B,In Stock,2026-06-28
INV002328,MED001055,SUP0060,BAT844610,2026-04-30,2028-06-18,191,550.24,708.03,120,Refrigerated (2–8°C),WH-A,In Stock,2026-07-20
INV002825,MED001055,SUP0072,BAT616043,2026-07-12,2028-10-29,453,211.82,283.72,122,Frozen (-20°C),WH-E,In Stock,2026-07-20
INV003275,MED001055,SUP0044,BAT253760,2024-05-20,2026-01-10,409,224.02,274.43,147,Frozen (-20°C),WH-E,In Stock,2024-10-01
INV000280,MED001056,SUP0036,BAT828449,2025-08-14,2027-10-03,335,6.47,8.77,173,Frozen (-20°C),WH-A,In Stock,2025-12-31
INV003080,MED001057,SUP0001,BAT714831,2024-04-11,2026-01-01,121,8.61,11.74,116,Frozen (-20°C),WH-E,In Stock,2024-05-20
INV002333,MED001058,SUP0074,BAT619785,2025-05-09,2026-09-01,863,284.7,343.53,164,Frozen (-20°C),WH-E,In Stock,2025-11-02
INV002451,MED001058,SUP0036,BAT845441,2025-02-13,2026-10-06,318,589.2,770.37,119,Room Temperature,WH-A,In Stock,2025-03-11
INV004833,MED001058,SUP0067,BAT569200,2025-04-07,2028-02-21,343,518.82,649.24,176,Room Temperature,WH-C,In Stock,2025-05-11
INV002480,MED001059,SUP0060,BAT718288,2025-04-29,2026-10-21,137,177.26,233.39,27,Refrigerated (2–8°C),WH-B,In Stock,2025-05-30
INV004837,MED001059,SUP0030,BAT795438,2025-09-17,2027-11-06,519,11.89,14.28,42,Frozen (-20°C),WH-B,In Stock,2026-01-27
INV000822,MED001060,SUP0043,BAT716366,2024-08-18,2025-11-11,12,429.41,566.21,177,Room Temperature,WH-E,Low Stock,2024-09-28
INV002767,MED001060,SUP0042,BAT119552,2025-02-09,2026-12-01,661,470.02,602.43,110,Frozen (-20°C),WH-E,In Stock,2025-02-28
INV003551,MED001060,SUP0041,BAT244068,2024-10-08,2026-01-01,412,461.66,635.91,161,Room Temperature,WH-C,In Stock,2025-01-22
INV000432,MED001061,SUP0047,BAT506945,2026-03-08,2028-04-26,40,197.82,265.23,191,Frozen (-20°C),WH-C,Low Stock,2026-04-03
INV002310,MED001061,SUP0009,BAT576327,2024-06-11,2026-06-01,541,362.38,464.91,67,Room Temperature,WH-C,In Stock,2024-08-03
INV001954,MED001062,SUP0051,BAT284560,2023-09-13,2026-03-31,190,437.12,599.37,172,Room Temperature,WH-C,In Stock,2024-03-11
INV003165,MED001062,SUP0059,BAT718324,2026-06-29,2028-08-17,338,170.87,222.57,100,Refrigerated (2–8°C),WH-C,In Stock,2026-07-20
INV004211,MED001062,SUP0042,BAT751562,2025-10-12,2028-02-29,713,164.86,198.42,139,Frozen (-20°C),WH-C,In Stock,2026-03-22
INV000541,MED001063,SUP0069,BAT514828,2023-10-09,2026-02-25,528,577.74,715.22,186,Refrigerated (2–8°C),WH-D,In Stock,2024-01-31
INV001066,MED001063,SUP0056,BAT214488,2023-10-31,2026-06-17,981,135.65,164.22,53,Room Temperature,WH-E,In Stock,2024-01-17
INV002721,MED001063,SUP0025,BAT121414,2024-01-16,2026-06-04,457,464.74,645.62,174,Frozen (-20°C),WH-A,In Stock,2024-02-29
INV002288,MED001064,SUP0048,BAT956137,2026-06-14,2029-04-29,584,563.34,692.81,33,Refrigerated (2–8°C),WH-B,In Stock,2026-07-20
INV004218,MED001064,SUP0045,BAT893424,2025-12-15,2027-03-10,179,421.09,585.99,142,Refrigerated (2–8°C),WH-A,In Stock,2026-04-17
INV004942,MED001064,SUP0046,BAT315222,2023-11-24,2026-01-12,532,568.68,691.25,142,Room Temperature,WH-C,In Stock,2024-02-11
INV001092,MED001065,SUP0013,BAT359214,2024-09-11,2025-12-05,25,269.07,325.88,154,Room Temperature,WH-C,Low Stock,2025-01-25
INV001316,MED001065,SUP0067,BAT705203,2025-01-17,2028-01-02,335,227.99,280.21,133,Frozen (-20°C),WH-A,In Stock,2025-03-06
INV001468,MED001065,SUP0014,BAT703418,2023-07-29,2025-03-20,680,445.13,595.05,67,Refrigerated (2–8°C),WH-D,In Stock,2023-12-31
INV000776,MED001066,SUP0070,BAT397719,2024-09-30,2025-11-24,565,315.19,425.95,104,Room Temperature,WH-A,In Stock,2025-02-22
INV001500,MED001066,SUP0023,BAT222904,2025-03-08,2027-10-24,210,475.02,648.91,178,Room Temperature,WH-D,In Stock,2025-05-25
INV000493,MED001067,SUP0016,BAT365617,2026-04-01,2028-11-16,203,533.07,731.76,117,Room Temperature,WH-A,In Stock,2026-07-01
INV001331,MED001067,SUP0040,BAT649706,2024-02-16,2027-01-31,612,143.15,184.33,145,Room Temperature,WH-E,In Stock,2024-08-09
INV001578,MED001067,SUP0072,BAT903340,2024-03-15,2026-09-01,484,334.38,438.15,151,Refrigerated (2–8°C),WH-A,In Stock,2024-05-03
INV004533,MED001067,SUP0021,BAT373752,2025-05-13,2026-06-07,534,162.15,208.54,54,Refrigerated (2–8°C),WH-D,In Stock,2025-11-09
INV000250,MED001068,SUP0022,BAT818605,2025-09-07,2027-01-30,275,164.7,202.45,102,Room Temperature,WH-D,In Stock,2025-10-27
INV003849,MED001068,SUP0066,BAT173648,2025-07-01,2027-05-22,112,222.06,284.94,108,Refrigerated (2–8°C),WH-A,In Stock,2025-11-12
INV004010,MED001068,SUP0003,BAT439351,2026-06-09,2028-10-26,622,201.17,267.73,28,Frozen (-20°C),WH-A,In Stock,2026-07-20
INV004700,MED001068,SUP0013,BAT236980,2026-02-27,2028-02-17,228,9.18,12.48,93,Frozen (-20°C),WH-D,In Stock,2026-06-25
INV003964,MED001069,SUP0069,BAT462519,2024-08-09,2026-01-01,825,502.83,691.86,168,Refrigerated (2–8°C),WH-A,In Stock,2025-01-24
INV000444,MED001070,SUP0054,BAT488368,2023-10-17,2026-08-02,439,563.36,730.35,83,Refrigerated (2–8°C),WH-C,In Stock,2024-03-15
INV002655,MED001071,SUP0058,BAT688437,2026-04-22,2028-03-12,474,377.74,501.83,37,Room Temperature,WH-E,In Stock,2026-07-20
INV002985,MED001072,SUP0015,BAT527432,2026-05-26,2028-08-13,751,57.71,78.69,115,Refrigerated (2–8°C),WH-D,In Stock,2026-07-20
INV003181,MED001072,SUP0056,BAT407211,2024-04-05,2026-05-25,558,86.03,119.49,124,Frozen (-20°C),WH-C,In Stock,2024-08-21
INV004418,MED001072,SUP0021,BAT176886,2024-02-12,2025-04-07,402,384.25,468.37,103,Frozen (-20°C),WH-E,In Stock,2024-04-13
INV000300,MED001073,SUP0009,BAT375722,2023-12-25,2026-03-14,523,37.99,52.12,117,Room Temperature,WH-C,In Stock,2024-05-04
INV001650,MED001073,SUP0002,BAT356257,2025-08-31,2027-06-22,652,162.01,203.6,152,Frozen (-20°C),WH-A,In Stock,2026-01-13
INV001721,MED001073,SUP0061,BAT688760,2023-11-21,2026-06-08,775,9.0,11.45,147,Room Temperature,WH-E,In Stock,2024-01-08
INV000142,MED001074,SUP0067,BAT739427,2024-06-10,2026-05-01,939,235.51,319.09,97,Frozen (-20°C),WH-E,In Stock,2024-09-28
INV001597,MED001074,SUP0038,BAT313741,2025-11-13,2027-02-06,144,171.2,220.03,97,Room Temperature,WH-D,In Stock,2026-02-09
INV004630,MED001075,SUP0055,BAT749059,2025-11-24,2028-06-11,39,362.66,498.77,45,Room Temperature,WH-A,Low Stock,2025-12-19
INV004765,MED001075,SUP0010,BAT146631,2025-09-06,2026-09-01,873,235.78,322.1,149,Refrigerated (2–8°C),WH-B,In Stock,2026-03-01
INV000891,MED001076,SUP0054,BAT786315,2025-03-02,2028-01-16,174,227.92,305.6,70,Room Temperature,WH-D,In Stock,2025-07-05
INV000955,MED001076,SUP0040,BAT834169,2024-11-05,2026-05-29,436,41.5,53.34,147,Room Temperature,WH-C,In Stock,2025-02-14
INV004043,MED001076,SUP0009,BAT645068,2026-06-13,2028-07-02,734,449.04,545.89,131,Room Temperature,WH-E,In Stock,2026-07-20
INV004498,MED001076,SUP0009,BAT196219,2023-07-28,2025-09-15,289,448.01,619.52,177,Room Temperature,WH-D,In Stock,2023-09-06
INV002681,MED001077,SUP0016,BAT635994,2026-01-11,2028-01-01,14,374.75,454.14,175,Frozen (-20°C),WH-B,Low Stock,2026-03-07
INV003538,MED001077,SUP0010,BAT153971,2026-01-10,2028-06-28,110,117.98,144.73,125,Refrigerated (2–8°C),WH-A,Low Stock,2026-04-26
INV002541,MED001078,SUP0025,BAT475301,2025-03-20,2026-04-14,279,28.21,38.09,48,Refrigerated (2–8°C),WH-D,In Stock,2025-04-04
INV004074,MED001078,SUP0035,BAT281174,2025-08-25,2026-10-19,361,452.97,586.41,130,Frozen (-20°C),WH-C,In Stock,2026-02-07
INV001122,MED001079,SUP0035,BAT434347,2026-05-17,2027-08-10,354,424.77,562.55,130,Refrigerated (2–8°C),WH-A,In Stock,2026-06-14
INV001722,MED001079,SUP0072,BAT998056,2025-07-03,2027-06-23,911,561.43,736.3,60,Refrigerated (2–8°C),WH-D,In Stock,2025-08-28
INV000554,MED001080,SUP0053,BAT650131,2024-09-22,2027-07-09,626,70.03,94.26,39,Frozen (-20°C),WH-E,In Stock,2024-11-29
INV004565,MED001080,SUP0022,BAT553226,2023-12-02,2026-01-20,268,25.22,35.0,121,Frozen (-20°C),WH-D,In Stock,2024-02-07
INV001297,MED001081,SUP0056,BAT122527,2025-10-20,2028-04-07,6,497.79,599.23,184,Room Temperature,WH-C,Low Stock,2026-01-18
INV000759,MED001082,SUP0003,BAT542503,2025-04-27,2027-09-14,274,253.2,327.81,190,Refrigerated (2–8°C),WH-E,In Stock,2025-05-28
INV001858,MED001082,SUP0030,BAT666163,2025-12-24,2028-05-12,532,341.62,442.23,187,Frozen (-20°C),WH-D,In Stock,2026-05-30
INV002184,MED001082,SUP0067,BAT390694,2025-11-26,2028-04-14,414,159.5,216.09,128,Refrigerated (2–8°C),WH-A,In Stock,2025-12-16
INV004677,MED001084,SUP0018,BAT458087,2024-01-02,2025-03-27,874,493.02,654.2,61,Room Temperature,WH-B,In Stock,2024-05-16
INV001631,MED001086,SUP0020,BAT524865,2025-09-01,2028-02-18,241,93.82,117.64,130,Room Temperature,WH-C,In Stock,2025-10-17
INV004322,MED001086,SUP0069,BAT163528,2025-06-29,2026-07-24,336,140.26,187.08,56,Frozen (-20°C),WH-D,In Stock,2025-07-30
INV004546,MED001086,SUP0027,BAT948635,2023-10-16,2025-08-06,15,295.95,407.79,135,Frozen (-20°C),WH-E,Low Stock,2023-12-19
INV000396,MED001087,SUP0007,BAT680099,2025-12-23,2028-06-10,946,469.74,649.2,155,Frozen (-20°C),WH-E,In Stock,2026-05-10
INV001419,MED001087,SUP0001,BAT786651,2024-12-17,2026-09-08,66,42.36,53.75,40,Frozen (-20°C),WH-A,In Stock,2025-02-11
INV001817,MED001087,SUP0075,BAT362372,2024-07-21,2025-08-15,942,599.19,800.81,121,Refrigerated (2–8°C),WH-E,In Stock,2024-10-19
INV002314,MED001087,SUP0018,BAT981508,2023-08-24,2025-03-16,122,38.81,52.45,141,Room Temperature,WH-D,Low Stock,2024-02-14
INV004574,MED001087,SUP0066,BAT174402,2023-07-28,2025-05-18,254,57.41,74.41,175,Room Temperature,WH-B,In Stock,2023-08-19
INV000069,MED001088,SUP0045,BAT546173,2025-05-28,2027-04-18,277,154.59,189.24,103,Room Temperature,WH-C,In Stock,2025-10-06
INV000105,MED001088,SUP0065,BAT385765,2024-06-21,2026-02-11,990,449.2,569.47,100,Room Temperature,WH-D,In Stock,2024-11-06
INV001765,MED001088,SUP0014,BAT459022,2025-05-05,2026-12-26,847,380.88,457.63,200,Frozen (-20°C),WH-C,In Stock,2025-06-29
INV002069,MED001088,SUP0061,BAT269864,2025-11-15,2028-07-02,31,380.46,472.08,53,Refrigerated (2–8°C),WH-A,Low Stock,2025-12-08
INV003046,MED001088,SUP0039,BAT798361,2025-08-27,2028-02-13,52,413.53,569.82,199,Frozen (-20°C),WH-E,Low Stock,2026-02-17
INV004575,MED001088,SUP0066,BAT801707,2024-11-30,2027-01-19,648,363.03,474.85,81,Frozen (-20°C),WH-E,In Stock,2025-05-20
INV004874,MED001088,SUP0051,BAT145664,2024-04-27,2026-11-13,812,592.99,733.33,109,Frozen (-20°C),WH-B,In Stock,2024-08-23
INV000277,MED001091,SUP0036,BAT725850,2024-06-29,2026-04-20,296,164.07,225.04,171,Frozen (-20°C),WH-A,In Stock,2024-09-26
INV003359,MED001091,SUP0017,BAT666582,2026-04-30,2028-01-20,723,270.81,364.13,153,Room Temperature,WH-A,In Stock,2026-07-20
INV004629,MED001091,SUP0002,BAT124712,2024-06-18,2025-06-13,252,196.2,246.77,123,Refrigerated (2–8°C),WH-D,In Stock,2024-10-01
INV000062,MED001092,SUP0055,BAT793655,2025-08-17,2026-10-11,663,12.53,16.09,112,Refrigerated (2–8°C),WH-A,In Stock,2026-01-08
INV001712,MED001092,SUP0044,BAT857513,2026-04-05,2027-08-28,398,581.33,717.58,67,Frozen (-20°C),WH-B,In Stock,2026-07-16
INV003588,MED001092,SUP0074,BAT334048,2026-02-09,2028-09-26,819,29.82,38.81,66,Room Temperature,WH-A,In Stock,2026-07-20
INV004915,MED001092,SUP0017,BAT487648,2024-08-25,2026-01-17,68,481.96,599.21,93,Refrigerated (2–8°C),WH-C,Low Stock,2024-09-19
INV001825,MED001093,SUP0067,BAT770478,2025-09-23,2026-10-18,778,13.93,18.04,162,Frozen (-20°C),WH-D,In Stock,2025-10-09
INV002517,MED001093,SUP0013,BAT395118,2023-10-22,2026-04-09,816,57.72,69.98,92,Room Temperature,WH-D,In Stock,2024-03-24
INV001961,MED001094,SUP0034,BAT917208,2025-10-22,2028-01-10,332,453.48,556.06,138,Room Temperature,WH-B,In Stock,2025-12-27
INV002877,MED001094,SUP0069,BAT324813,2025-01-24,2028-01-09,990,142.14,180.39,79,Room Temperature,WH-B,In Stock,2025-03-01
INV003769,MED001094,SUP0004,BAT176541,2023-10-09,2025-08-29,183,29.67,37.47,102,Room Temperature,WH-D,In Stock,2023-10-31
INV003781,MED001094,SUP0037,BAT379515,2024-04-23,2027-01-08,254,336.56,425.35,174,Refrigerated (2–8°C),WH-C,In Stock,2024-09-01
INV003889,MED001094,SUP0016,BAT160957,2024-06-14,2026-04-05,96,580.73,789.89,59,Refrigerated (2–8°C),WH-D,In Stock,2024-08-22
INV003901,MED001094,SUP0060,BAT400700,2025-03-06,2027-11-21,21,64.45,79.87,160,Room Temperature,WH-B,Low Stock,2025-05-09
INV001699,MED001095,SUP0035,BAT346645,2025-12-17,2028-07-04,554,471.09,647.1,98,Room Temperature,WH-B,In Stock,2026-06-05
INV002492,MED001095,SUP0040,BAT319231,2024-10-20,2027-04-08,197,386.84,492.34,83,Frozen (-20°C),WH-D,In Stock,2024-11-29
INV002801,MED001095,SUP0011,BAT466227,2024-09-23,2027-04-11,794,221.98,273.83,162,Room Temperature,WH-D,In Stock,2025-02-19
INV002940,MED001095,SUP0044,BAT406556,2024-08-10,2026-02-01,586,307.07,398.79,120,Room Temperature,WH-E,In Stock,2024-08-28
INV002973,MED001095,SUP0064,BAT156768,2025-01-17,2027-09-04,279,95.63,127.14,63,Frozen (-20°C),WH-C,In Stock,2025-02-14
INV000717,MED001096,SUP0031,BAT999308,2026-01-12,2028-01-02,931,556.87,770.48,125,Refrigerated (2–8°C),WH-A,In Stock,2026-01-29
INV001976,MED001096,SUP0061,BAT780261,2025-11-27,2027-10-18,860,561.9,780.0,188,Frozen (-20°C),WH-E,In Stock,2026-02-10
INV004705,MED001096,SUP0059,BAT642802,2025-03-22,2026-06-15,558,153.59,189.8,195,Refrigerated (2–8°C),WH-A,In Stock,2025-06-02
INV001251,MED001097,SUP0069,BAT511223,2024-10-24,2026-10-14,774,175.34,242.83,143,Room Temperature,WH-B,In Stock,2025-03-14
INV002617,MED001097,SUP0073,BAT594824,2024-04-02,2027-02-16,654,460.49,573.2,141,Frozen (-20°C),WH-B,In Stock,2024-04-19
INV000237,MED001098,SUP0037,BAT117975,2026-05-14,2029-02-27,825,68.67,83.73,70,Room Temperature,WH-B,In Stock,2026-07-20
INV002033,MED001098,SUP0064,BAT520964,2025-03-22,2026-03-17,781,70.29,88.94,174,Frozen (-20°C),WH-E,In Stock,2025-05-02
INV002078,MED001098,SUP0070,BAT867040,2024-12-06,2027-06-24,569,428.86,542.18,107,Refrigerated (2–8°C),WH-B,In Stock,2025-03-19
INV000022,MED001099,SUP0058,BAT246991,2025-12-01,2027-04-25,473,525.32,638.3,88,Frozen (-20°C),WH-A,In Stock,2026-02-25
INV000107,MED001099,SUP0016,BAT576877,2025-08-13,2028-04-29,598,494.34,686.17,122,Room Temperature,WH-B,In Stock,2025-11-03
INV000947,MED001099,SUP0035,BAT213974,2026-01-04,2028-09-20,165,215.47,277.27,60,Refrigerated (2–8°C),WH-B,In Stock,2026-05-11
INV002004,MED001099,SUP0047,BAT149211,2024-06-19,2025-11-11,624,256.16,324.73,96,Refrigerated (2–8°C),WH-C,In Stock,2024-11-24
INV001274,MED001100,SUP0007,BAT928391,2023-12-17,2025-06-09,119,54.61,67.69,138,Frozen (-20°C),WH-E,Low Stock,2024-05-02
INV002799,MED001101,SUP0053,BAT533711,2025-04-16,2027-07-05,309,126.25,175.98,49,Refrigerated (2–8°C),WH-A,In Stock,2025-08-31
INV004868,MED001101,SUP0044,BAT264699,2024-09-08,2026-05-31,741,51.66,62.71,193,Room Temperature,WH-A,In Stock,2025-01-03
INV002926,MED001102,SUP0051,BAT438814,2024-05-03,2026-11-19,92,305.98,382.01,59,Frozen (-20°C),WH-A,In Stock,2024-08-04
INV000054,MED001103,SUP0070,BAT938722,2024-10-14,2027-01-02,279,293.96,375.61,136,Frozen (-20°C),WH-D,In Stock,2024-12-24
INV000699,MED001103,SUP0042,BAT139193,2026-02-18,2028-11-04,581,541.34,678.47,156,Frozen (-20°C),WH-D,In Stock,2026-06-21
INV000909,MED001103,SUP0059,BAT431272,2024-05-12,2026-02-01,511,276.19,364.65,199,Room Temperature,WH-A,In Stock,2024-07-22
INV000091,MED001104,SUP0062,BAT461888,2025-05-31,2027-10-18,386,560.05,769.46,141,Frozen (-20°C),WH-B,In Stock,2025-11-01
INV001141,MED001104,SUP0016,BAT988767,2026-07-05,2027-07-30,483,317.05,408.42,193,Refrigerated (2–8°C),WH-B,In Stock,2026-07-20
INV001622,MED001104,SUP0071,BAT187627,2025-06-14,2027-10-02,95,160.38,210.06,91,Room Temperature,WH-A,In Stock,2025-11-13
INV003924,MED001104,SUP0068,BAT350647,2024-01-12,2025-09-03,52,211.56,263.38,84,Room Temperature,WH-B,Low Stock,2024-01-27
INV001240,MED001105,SUP0032,BAT827981,2023-10-29,2025-09-18,484,457.63,589.15,80,Frozen (-20°C),WH-B,In Stock,2024-04-07
INV001311,MED001105,SUP0049,BAT899541,2026-06-30,2027-11-22,102,212.46,264.41,28,Refrigerated (2–8°C),WH-A,In Stock,2026-07-20
INV002042,MED001105,SUP0044,BAT302785,2025-10-09,2027-04-02,3,380.93,482.0,107,Room Temperature,WH-C,Low Stock,2025-11-17
INV004616,MED001105,SUP0031,BAT439268,2023-10-07,2026-08-22,292,36.5,45.85,181,Refrigerated (2–8°C),WH-C,In Stock,2024-03-29
INV004856,MED001106,SUP0012,BAT997839,2023-07-25,2024-10-17,255,90.27,123.95,187,Frozen (-20°C),WH-B,In Stock,2023-08-09
INV000115,MED001107,SUP0033,BAT937302,2024-07-12,2025-10-05,134,218.15,296.18,28,Frozen (-20°C),WH-C,In Stock,2024-08-02
INV001792,MED001107,SUP0006,BAT539130,2026-03-18,2028-01-07,682,498.14,615.68,48,Room Temperature,WH-D,In Stock,2026-07-20
INV003180,MED001107,SUP0072,BAT582629,2024-01-23,2026-12-08,214,551.19,684.36,65,Refrigerated (2–8°C),WH-D,In Stock,2024-03-20
INV003655,MED001107,SUP0016,BAT402024,2024-04-21,2025-05-16,812,392.52,492.25,82,Frozen (-20°C),WH-C,In Stock,2024-07-23
INV004381,MED001107,SUP0013,BAT346347,2026-01-06,2027-06-30,290,583.98,714.73,67,Refrigerated (2–8°C),WH-C,In Stock,2026-02-09
INV001326,MED001108,SUP0055,BAT999987,2024-09-07,2026-04-30,982,181.42,250.39,127,Refrigerated (2–8°C),WH-D,In Stock,2024-10-04
INV001696,MED001108,SUP0019,BAT188450,2024-07-05,2025-11-27,644,200.09,246.48,114,Refrigerated (2–8°C),WH-C,In Stock,2024-09-15
INV001884,MED001108,SUP0043,BAT902852,2025-05-15,2026-08-08,505,421.4,567.26,186,Frozen (-20°C),WH-E,In Stock,2025-06-09
INV002602,MED001108,SUP0007,BAT327265,2026-06-27,2029-05-12,590,455.61,613.73,188,Refrigerated (2–8°C),WH-C,In Stock,2026-07-20
INV003269,MED001108,SUP0057,BAT529251,2024-07-15,2027-01-31,355,512.19,696.42,40,Frozen (-20°C),WH-C,In Stock,2024-11-11
INV001809,MED001109,SUP0001,BAT520169,2026-02-20,2028-07-09,99,52.37,65.68,94,Frozen (-20°C),WH-A,In Stock,2026-04-13
INV000307,MED001110,SUP0045,BAT766833,2023-08-09,2025-05-30,777,228.88,308.44,193,Refrigerated (2–8°C),WH-A,In Stock,2023-08-24
INV002891,MED001110,SUP0027,BAT508071,2023-08-13,2025-02-03,520,527.68,674.89,148,Refrigerated (2–8°C),WH-D,In Stock,2023-08-28
INV000643,MED001111,SUP0074,BAT933071,2024-09-17,2027-06-04,635,442.78,536.19,110,Frozen (-20°C),WH-C,In Stock,2024-10-22
INV000977,MED001111,SUP0044,BAT841821,2024-01-11,2025-07-04,491,535.97,730.58,169,Refrigerated (2–8°C),WH-C,In Stock,2024-03-01
INV004039,MED001111,SUP0065,BAT412195,2024-07-16,2025-07-11,473,540.63,716.43,109,Frozen (-20°C),WH-E,In Stock,2024-10-12
INV000571,MED001112,SUP0045,BAT676051,2025-05-03,2026-12-24,965,346.58,427.77,97,Refrigerated (2–8°C),WH-E,In Stock,2025-06-23
INV002646,MED001112,SUP0028,BAT529042,2024-11-15,2026-12-05,538,401.73,484.05,195,Frozen (-20°C),WH-D,In Stock,2025-04-18
INV004193,MED001112,SUP0046,BAT598688,2023-07-31,2025-01-21,7,391.47,532.01,56,Refrigerated (2–8°C),WH-D,Low Stock,2023-10-19
INV003456,MED001113,SUP0072,BAT767189,2026-01-22,2028-05-11,966,596.6,723.41,192,Frozen (-20°C),WH-E,In Stock,2026-03-21
INV004206,MED001113,SUP0006,BAT770013,2026-04-06,2028-08-23,590,450.9,581.92,200,Refrigerated (2–8°C),WH-A,In Stock,2026-07-20
INV004669,MED001113,SUP0016,BAT141266,2023-11-20,2026-01-08,825,20.13,26.82,180,Refrigerated (2–8°C),WH-E,In Stock,2024-01-15
INV004664,MED001114,SUP0032,BAT211565,2024-08-18,2025-08-13,77,52.63,72.27,123,Room Temperature,WH-B,Low Stock,2024-09-03
INV004717,MED001114,SUP0004,BAT801630,2024-03-23,2026-07-11,523,9.12,11.4,28,Room Temperature,WH-C,In Stock,2024-08-26
INV000112,MED001116,SUP0046,BAT163491,2025-10-13,2027-06-05,991,569.66,777.49,56,Room Temperature,WH-B,In Stock,2025-12-15
INV000580,MED001116,SUP0031,BAT281493,2023-12-27,2026-11-11,856,73.02,96.33,149,Refrigerated (2–8°C),WH-E,In Stock,2024-06-05
INV000165,MED001118,SUP0038,BAT436814,2024-02-16,2025-04-11,676,187.37,247.43,100,Refrigerated (2–8°C),WH-B,In Stock,2024-05-24
INV000255,MED001118,SUP0024,BAT814827,2023-09-14,2026-07-30,965,265.88,334.55,78,Frozen (-20°C),WH-A,In Stock,2024-01-25
INV001085,MED001118,SUP0024,BAT494228,2025-12-31,2027-03-26,539,418.01,543.73,138,Frozen (-20°C),WH-C,In Stock,2026-02-19
INV002209,MED001119,SUP0010,BAT570852,2026-04-25,2028-02-14,137,357.4,483.57,84,Refrigerated (2–8°C),WH-E,In Stock,2026-06-04
INV003098,MED001119,SUP0034,BAT913634,2024-11-12,2027-05-01,405,35.43,48.96,87,Frozen (-20°C),WH-A,In Stock,2025-03-26
INV003453,MED001119,SUP0045,BAT777621,2023-09-09,2024-11-02,377,475.08,622.53,120,Frozen (-20°C),WH-A,In Stock,2023-10-02
INV004373,MED001119,SUP0010,BAT810531,2026-01-26,2028-08-13,160,174.86,233.12,186,Frozen (-20°C),WH-D,Low Stock,2026-03-16
INV003567,MED001120,SUP0002,BAT951303,2025-05-17,2027-11-03,74,469.78,587.9,181,Refrigerated (2–8°C),WH-C,Low Stock,2025-08-31
INV004011,MED001120,SUP0016,BAT380777,2023-08-22,2025-02-12,289,207.25,250.08,31,Frozen (-20°C),WH-A,In Stock,2023-10-31
INV000742,MED001121,SUP0049,BAT197046,2025-10-14,2027-06-06,245,58.07,79.58,127,Room Temperature,WH-D,In Stock,2025-12-13
INV001881,MED001121,SUP0039,BAT285468,2025-05-02,2026-11-23,943,581.58,732.55,186,Room Temperature,WH-E,In Stock,2025-08-22
INV001971,MED001121,SUP0064,BAT475130,2024-08-02,2025-08-27,822,487.67,586.98,25,Room Temperature,WH-D,In Stock,2024-12-17
INV002180,MED001122,SUP0020,BAT215828,2024-05-24,2025-07-18,809,262.53,328.31,188,Frozen (-20°C),WH-C,In Stock,2024-09-02
INV002792,MED001122,SUP0019,BAT842569,2023-08-22,2026-07-07,729,224.47,284.77,59,Frozen (-20°C),WH-E,In Stock,2023-12-10
INV003946,MED001122,SUP0001,BAT226036,2024-06-08,2026-06-28,440,203.83,246.45,67,Refrigerated (2–8°C),WH-A,In Stock,2024-11-25
INV002484,MED001124,SUP0059,BAT202045,2023-10-21,2026-05-08,646,195.45,246.31,159,Refrigerated (2–8°C),WH-D,In Stock,2024-02-16
INV001117,MED001126,SUP0018,BAT221197,2026-01-02,2027-03-28,925,214.31,271.88,119,Room Temperature,WH-B,In Stock,2026-06-23
INV004133,MED001126,SUP0013,BAT482556,2023-11-09,2025-02-01,258,160.36,205.54,108,Room Temperature,WH-C,In Stock,2024-02-29
INV002547,MED001128,SUP0005,BAT283800,2024-01-11,2026-08-28,690,556.17,692.24,167,Refrigerated (2–8°C),WH-B,In Stock,2024-06-04
INV002802,MED001128,SUP0042,BAT460424,2023-11-16,2026-05-04,310,477.22,579.92,198,Room Temperature,WH-E,In Stock,2024-04-12
INV003070,MED001128,SUP0038,BAT244416,2026-03-09,2027-10-30,447,431.3,559.83,199,Frozen (-20°C),WH-D,In Stock,2026-04-10
INV003229,MED001128,SUP0044,BAT878771,2025-02-01,2026-12-23,891,130.89,177.21,53,Frozen (-20°C),WH-D,In Stock,2025-05-07
INV004172,MED001128,SUP0038,BAT613071,2025-08-12,2027-05-04,656,305.99,391.78,46,Refrigerated (2–8°C),WH-C,In Stock,2025-10-26
INV001958,MED001129,SUP0059,BAT147774,2026-06-02,2027-10-25,621,473.81,580.02,152,Frozen (-20°C),WH-B,In Stock,2026-07-20
INV003746,MED001129,SUP0001,BAT195482,2024-06-08,2025-10-31,78,132.96,172.88,123,Refrigerated (2–8°C),WH-B,Low Stock,2024-06-30
INV000355,MED001130,SUP0045,BAT460971,2024-06-19,2026-02-09,291,235.01,289.67,32,Frozen (-20°C),WH-B,In Stock,2024-07-27
INV000428,MED001130,SUP0034,BAT669868,2026-03-13,2028-10-28,374,137.87,186.74,125,Frozen (-20°C),WH-C,In Stock,2026-05-05
INV002167,MED001130,SUP0043,BAT212389,2024-03-14,2026-11-29,960,378.86,514.21,42,Refrigerated (2–8°C),WH-C,In Stock,2024-07-14
INV000005,MED001131,SUP0038,BAT969693,2025-07-30,2028-01-16,721,32.27,40.19,42,Refrigerated (2–8°C),WH-A,In Stock,2025-10-02
INV000077,MED001131,SUP0010,BAT264136,2023-07-26,2025-08-14,705,284.6,343.38,177,Refrigerated (2–8°C),WH-C,In Stock,2023-12-03
INV003086,MED001131,SUP0069,BAT285774,2025-10-21,2026-11-15,84,169.43,223.23,138,Room Temperature,WH-A,Low Stock,2025-12-31
INV003542,MED001131,SUP0015,BAT560581,2024-02-08,2026-10-25,744,331.54,435.37,146,Frozen (-20°C),WH-C,In Stock,2024-05-28
INV004290,MED001131,SUP0001,BAT194672,2025-09-04,2028-05-21,654,545.04,720.89,115,Room Temperature,WH-B,In Stock,2026-02-13
INV003722,MED001133,SUP0040,BAT584988,2023-09-15,2025-04-07,280,384.44,478.26,132,Frozen (-20°C),WH-C,In Stock,2023-12-13
INV001271,MED001134,SUP0069,BAT987730,2023-12-30,2025-01-23,580,152.54,190.86,158,Frozen (-20°C),WH-B,In Stock,2024-05-07
INV002065,MED001134,SUP0045,BAT536201,2024-11-16,2025-11-11,947,474.04,655.62,139,Room Temperature,WH-A,In Stock,2025-01-08
INV002358,MED001134,SUP0044,BAT688122,2023-10-25,2025-08-15,819,148.38,197.59,127,Room Temperature,WH-E,In Stock,2023-12-20
INV002522,MED001134,SUP0034,BAT263511,2023-11-20,2025-05-13,202,258.15,345.68,44,Frozen (-20°C),WH-A,In Stock,2024-02-24
INV004538,MED001134,SUP0015,BAT567257,2024-08-08,2027-02-24,216,447.02,591.71,181,Room Temperature,WH-A,In Stock,2024-10-14
INV000159,MED001135,SUP0003,BAT509420,2026-03-09,2027-04-03,396,155.92,187.61,120,Room Temperature,WH-C,In Stock,2026-07-20
INV000799,MED001135,SUP0013,BAT358281,2024-04-03,2025-12-24,416,54.93,72.9,139,Room Temperature,WH-B,In Stock,2024-09-10
INV001770,MED001135,SUP0030,BAT205253,2026-01-26,2028-01-16,781,295.95,380.23,48,Room Temperature,WH-E,In Stock,2026-04-21
INV002676,MED001135,SUP0045,BAT465493,2025-03-11,2026-12-31,265,455.18,635.14,186,Frozen (-20°C),WH-A,In Stock,2025-04-15
INV004183,MED001135,SUP0010,BAT727066,2023-08-13,2024-08-07,422,479.77,598.06,137,Refrigerated (2–8°C),WH-B,In Stock,2023-11-21
INV003170,MED001136,SUP0052,BAT242714,2024-04-16,2027-01-31,888,579.82,789.88,40,Room Temperature,WH-D,In Stock,2024-07-01
INV000270,MED001137,SUP0022,BAT613426,2025-03-03,2026-06-26,322,373.55,512.92,140,Room Temperature,WH-D,In Stock,2025-05-04
INV001381,MED001137,SUP0064,BAT310541,2024-04-06,2026-07-25,480,70.06,87.28,147,Refrigerated (2–8°C),WH-B,In Stock,2024-04-30
INV003776,MED001137,SUP0001,BAT363803,2025-07-06,2027-01-27,462,525.02,676.27,154,Frozen (-20°C),WH-B,In Stock,2025-10-07
INV000224,MED001139,SUP0064,BAT149161,2025-06-25,2028-02-10,804,194.65,249.79,159,Room Temperature,WH-C,In Stock,2025-10-15
INV000578,MED001139,SUP0010,BAT930924,2025-03-30,2027-08-17,410,251.0,332.37,176,Frozen (-20°C),WH-B,In Stock,2025-08-10
INV003214,MED001139,SUP0070,BAT776043,2026-07-06,2029-04-21,592,408.07,514.33,122,Refrigerated (2–8°C),WH-B,In Stock,2026-07-20
INV004604,MED001139,SUP0005,BAT402459,2024-02-27,2025-11-18,20,254.33,316.54,74,Refrigerated (2–8°C),WH-E,Low Stock,2024-08-23
INV001052,MED001140,SUP0041,BAT617806,2023-10-25,2025-10-14,713,298.54,396.53,141,Room Temperature,WH-C,In Stock,2024-01-24
INV001248,MED001140,SUP0063,BAT346120,2025-08-27,2028-01-14,387,569.55,697.53,180,Refrigerated (2–8°C),WH-B,In Stock,2025-10-14
INV001783,MED001140,SUP0038,BAT207012,2025-11-08,2027-10-29,152,293.55,408.18,80,Refrigerated (2–8°C),WH-D,In Stock,2025-12-18
INV004076,MED001140,SUP0063,BAT800638,2023-09-11,2025-09-30,5,95.06,116.88,195,Frozen (-20°C),WH-B,Low Stock,2023-11-14
INV001290,MED001141,SUP0068,BAT957011,2025-03-08,2027-12-23,143,523.08,700.85,42,Frozen (-20°C),WH-C,In Stock,2025-03-28
INV001362,MED001141,SUP0008,BAT815873,2025-08-23,2026-11-16,1,12.48,15.79,160,Refrigerated (2–8°C),WH-A,Low Stock,2025-10-20
INV001847,MED001141,SUP0028,BAT275933,2024-05-14,2025-08-07,835,13.87,17.28,54,Room Temperature,WH-A,In Stock,2024-06-09
INV002935,MED001141,SUP0065,BAT106951,2026-03-11,2027-03-06,331,422.44,522.03,45,Refrigerated (2–8°C),WH-C,In Stock,2026-03-30
INV001576,MED001142,SUP0059,BAT506087,2025-05-10,2027-12-26,203,26.65,32.98,35,Frozen (-20°C),WH-C,In Stock,2025-08-27
INV002930,MED001142,SUP0055,BAT677396,2026-07-10,2029-02-24,557,21.31,26.34,126,Room Temperature,WH-E,In Stock,2026-07-20
INV003379,MED001142,SUP0012,BAT596856,2023-08-28,2025-05-19,727,474.62,593.5,82,Frozen (-20°C),WH-A,In Stock,2024-02-02
INV002644,MED001143,SUP0075,BAT230853,2025-04-12,2026-08-05,620,287.25,368.15,84,Refrigerated (2–8°C),WH-A,In Stock,2025-08-13
INV003155,MED001143,SUP0056,BAT319256,2024-07-29,2026-03-21,783,193.82,270.34,87,Frozen (-20°C),WH-E,In Stock,2024-11-16
INV003854,MED001143,SUP0050,BAT707895,2026-04-11,2028-08-28,538,344.79,470.8,148,Frozen (-20°C),WH-E,In Stock,2026-07-12
INV004294,MED001143,SUP0027,BAT856034,2026-04-02,2028-02-21,907,320.29,403.56,65,Room Temperature,WH-D,In Stock,2026-06-29
INV001540,MED001144,SUP0071,BAT953939,2025-05-28,2028-01-13,539,402.31,549.99,64,Frozen (-20°C),WH-E,In Stock,2025-09-03
INV001797,MED001144,SUP0029,BAT449497,2025-08-31,2027-07-22,797,350.72,481.12,142,Frozen (-20°C),WH-D,In Stock,2025-10-12
INV002174,MED001144,SUP0054,BAT187109,2026-04-21,2028-05-10,173,564.42,762.74,66,Frozen (-20°C),WH-B,In Stock,2026-07-20
INV002259,MED001144,SUP0056,BAT471500,2024-02-01,2025-12-22,965,103.73,134.17,39,Frozen (-20°C),WH-C,In Stock,2024-07-23
INV000498,MED001145,SUP0038,BAT669097,2026-04-19,2027-10-11,191,211.86,285.27,164,Refrigerated (2–8°C),WH-E,In Stock,2026-07-20
INV002635,MED001146,SUP0044,BAT393395,2024-09-19,2026-01-12,898,243.38,323.78,54,Frozen (-20°C),WH-A,In Stock,2025-02-07
INV003451,MED001146,SUP0042,BAT903165,2024-06-09,2025-08-03,735,276.79,344.96,173,Refrigerated (2–8°C),WH-E,In Stock,2024-12-01
INV004621,MED001147,SUP0048,BAT660925,2026-04-29,2028-07-17,0,218.15,266.42,145,Frozen (-20°C),WH-E,Out of Stock,2026-07-20
INV002628,MED001148,SUP0074,BAT852634,2024-09-20,2027-06-07,864,546.29,720.87,144,Frozen (-20°C),WH-B,In Stock,2024-12-10
INV002932,MED001148,SUP0052,BAT534850,2024-09-20,2027-03-09,677,326.27,422.32,58,Frozen (-20°C),WH-D,In Stock,2025-03-01
INV000645,MED001149,SUP0027,BAT245129,2025-06-05,2026-12-27,116,289.7,402.05,191,Frozen (-20°C),WH-B,Low Stock,2025-11-05
INV001337,MED001149,SUP0073,BAT494078,2026-06-17,2029-03-03,43,69.14,94.56,179,Frozen (-20°C),WH-A,Low Stock,2026-07-20
INV001800,MED001149,SUP0044,BAT207174,2025-09-18,2027-01-11,955,350.1,437.15,116,Frozen (-20°C),WH-D,In Stock,2025-11-12
INV004618,MED001149,SUP0053,BAT166840,2023-11-22,2026-06-09,258,497.19,612.85,142,Refrigerated (2–8°C),WH-C,In Stock,2024-03-01
INV000791,MED001150,SUP0016,BAT775192,2024-01-11,2025-07-04,554,455.78,634.2,172,Frozen (-20°C),WH-B,In Stock,2024-07-02
INV003183,MED001150,SUP0029,BAT971536,2025-01-21,2027-03-12,979,246.99,329.28,26,Room Temperature,WH-B,In Stock,2025-02-25
INV004319,MED001151,SUP0072,BAT967526,2024-02-04,2026-01-24,377,17.53,21.3,167,Refrigerated (2–8°C),WH-C,In Stock,2024-03-04
INV004581,MED001151,SUP0026,BAT894067,2025-11-26,2027-03-21,561,188.0,238.0,139,Room Temperature,WH-B,In Stock,2026-02-21
INV003682,MED001152,SUP0046,BAT231829,2023-08-07,2025-11-24,870,88.11,113.41,189,Refrigerated (2–8°C),WH-C,In Stock,2023-11-17
INV003836,MED001152,SUP0032,BAT870452,2024-12-24,2027-09-10,464,274.9,332.88,173,Frozen (-20°C),WH-C,In Stock,2025-02-11
INV000347,MED001153,SUP0013,BAT923914,2025-02-25,2027-07-15,898,162.16,215.83,130,Frozen (-20°C),WH-E,In Stock,2025-06-08
INV003944,MED001153,SUP0071,BAT828760,2024-06-24,2026-03-16,182,8.44,11.45,65,Frozen (-20°C),WH-E,In Stock,2024-12-04
INV004587,MED001153,SUP0018,BAT821412,2025-02-06,2026-11-28,239,48.86,68.14,130,Frozen (-20°C),WH-B,In Stock,2025-06-30
INV000510,MED001154,SUP0070,BAT324319,2025-08-27,2028-08-11,948,219.21,282.89,90,Refrigerated (2–8°C),WH-A,In Stock,2026-01-29
INV000738,MED001154,SUP0075,BAT322713,2023-07-29,2025-11-15,184,552.65,690.39,131,Refrigerated (2–8°C),WH-A,In Stock,2024-01-06
INV001793,MED001154,SUP0011,BAT414106,2025-10-23,2026-12-17,684,560.82,730.29,46,Refrigerated (2–8°C),WH-E,In Stock,2026-04-21
INV002233,MED001154,SUP0036,BAT920531,2026-01-14,2028-02-03,937,8.17,10.17,167,Frozen (-20°C),WH-A,In Stock,2026-03-31
INV000059,MED001156,SUP0028,BAT587623,2024-12-26,2027-12-11,171,366.31,494.37,180,Room Temperature,WH-B,Low Stock,2025-04-14
INV000341,MED001156,SUP0008,BAT258471,2024-02-04,2025-03-30,827,251.32,339.61,163,Room Temperature,WH-E,In Stock,2024-05-17
INV002246,MED001156,SUP0069,BAT776446,2024-11-04,2026-01-28,851,452.83,551.59,93,Frozen (-20°C),WH-A,In Stock,2024-12-21
INV000448,MED001157,SUP0047,BAT741603,2025-02-04,2027-10-22,773,250.87,340.37,77,Refrigerated (2–8°C),WH-B,In Stock,2025-05-31
INV002168,MED001157,SUP0003,BAT400799,2025-10-12,2027-01-05,62,362.96,451.45,143,Refrigerated (2–8°C),WH-D,Low Stock,2025-11-04
INV000028,MED001158,SUP0067,BAT431737,2025-01-05,2026-06-29,244,240.49,320.89,92,Refrigerated (2–8°C),WH-D,In Stock,2025-04-10
INV000811,MED001158,SUP0023,BAT168535,2024-04-08,2027-02-22,130,560.47,768.46,91,Frozen (-20°C),WH-C,In Stock,2024-05-09
INV001667,MED001158,SUP0014,BAT408708,2023-09-02,2026-08-17,908,343.84,467.09,104,Room Temperature,WH-B,In Stock,2024-01-23
INV000273,MED001159,SUP0064,BAT676429,2026-06-01,2027-08-25,116,466.19,636.19,93,Refrigerated (2–8°C),WH-E,In Stock,2026-07-20
INV003622,MED001159,SUP0050,BAT377393,2024-12-04,2025-12-29,437,485.01,586.75,97,Room Temperature,WH-D,In Stock,2025-03-07
INV004836,MED001159,SUP0018,BAT832785,2026-03-06,2027-06-29,193,442.88,575.1,29,Refrigerated (2–8°C),WH-E,In Stock,2026-05-29
INV002906,MED001160,SUP0075,BAT112514,2024-10-14,2026-08-05,464,298.21,387.25,50,Refrigerated (2–8°C),WH-A,In Stock,2025-04-01
INV002925,MED001160,SUP0034,BAT842096,2024-10-27,2027-07-14,408,209.55,256.93,181,Refrigerated (2–8°C),WH-D,In Stock,2024-11-11
INV004114,MED001160,SUP0005,BAT969140,2026-07-08,2028-05-28,220,247.76,310.24,33,Frozen (-20°C),WH-B,In Stock,2026-07-20
INV000243,MED001161,SUP0050,BAT809922,2025-05-30,2027-05-20,809,302.97,422.6,45,Room Temperature,WH-A,In Stock,2025-07-19
INV001974,MED001161,SUP0059,BAT525704,2023-10-03,2026-03-21,485,49.15,63.17,80,Refrigerated (2–8°C),WH-B,In Stock,2024-02-28
INV003430,MED001161,SUP0031,BAT158631,2025-06-29,2027-03-21,294,134.42,175.18,139,Refrigerated (2–8°C),WH-D,In Stock,2025-11-26
INV003771,MED001161,SUP0056,BAT634999,2025-10-28,2027-04-21,673,102.3,142.31,47,Refrigerated (2–8°C),WH-A,In Stock,2026-04-22
INV004960,MED001161,SUP0069,BAT162621,2024-06-16,2025-06-11,632,387.91,501.1,44,Room Temperature,WH-D,In Stock,2024-08-09
INV001072,MED001162,SUP0038,BAT975937,2024-10-30,2027-02-17,171,466.28,568.86,62,Frozen (-20°C),WH-C,In Stock,2025-03-22
INV001812,MED001162,SUP0040,BAT822142,2024-01-21,2025-11-11,602,587.44,799.34,91,Room Temperature,WH-A,In Stock,2024-05-02
INV002026,MED001162,SUP0020,BAT118388,2025-11-23,2027-01-17,357,54.81,74.65,163,Room Temperature,WH-A,In Stock,2026-03-20
INV003013,MED001163,SUP0016,BAT971177,2024-02-14,2026-08-02,128,508.96,649.27,105,Frozen (-20°C),WH-E,In Stock,2024-08-04
INV003643,MED001163,SUP0072,BAT303995,2023-12-02,2026-04-20,227,400.83,526.56,32,Refrigerated (2–8°C),WH-A,In Stock,2024-04-11
INV003732,MED001163,SUP0051,BAT239551,2025-01-04,2025-12-30,824,407.74,543.73,135,Refrigerated (2–8°C),WH-B,In Stock,2025-05-16
INV001013,MED001164,SUP0005,BAT730275,2025-09-06,2026-10-01,808,587.24,729.75,135,Room Temperature,WH-A,In Stock,2025-12-22
INV002108,MED001164,SUP0032,BAT319137,2025-07-13,2027-02-03,61,377.85,494.57,26,Refrigerated (2–8°C),WH-A,In Stock,2026-01-02
INV003208,MED001164,SUP0008,BAT841764,2023-09-14,2025-06-05,622,57.68,78.45,89,Frozen (-20°C),WH-B,In Stock,2024-01-29
INV003383,MED001164,SUP0027,BAT478410,2025-12-07,2027-01-31,853,58.13,72.74,104,Frozen (-20°C),WH-A,In Stock,2026-02-13
INV003623,MED001164,SUP0069,BAT635858,2024-04-23,2026-04-13,559,79.91,107.75,136,Refrigerated (2–8°C),WH-C,In Stock,2024-07-23
INV000076,MED001165,SUP0008,BAT739244,2024-02-09,2027-01-24,640,162.46,197.59,79,Room Temperature,WH-B,In Stock,2024-04-17
INV002369,MED001165,SUP0060,BAT829928,2025-08-09,2027-03-02,588,495.51,690.66,191,Room Temperature,WH-A,In Stock,2025-09-21
INV000973,MED001167,SUP0063,BAT864915,2024-07-24,2027-03-11,21,101.94,125.95,104,Refrigerated (2–8°C),WH-E,Low Stock,2024-10-19
INV003536,MED001167,SUP0037,BAT104158,2026-04-19,2027-06-13,252,180.59,226.68,195,Refrigerated (2–8°C),WH-A,In Stock,2026-07-20
INV004996,MED001167,SUP0049,BAT615558,2025-10-25,2028-09-09,304,568.85,729.48,39,Room Temperature,WH-B,In Stock,2025-11-17
INV001348,MED001168,SUP0011,BAT439566,2024-10-23,2026-12-12,251,97.23,135.98,165,Room Temperature,WH-D,In Stock,2024-11-17
INV002582,MED001168,SUP0010,BAT457383,2024-09-23,2027-01-11,42,63.53,79.73,49,Room Temperature,WH-D,Low Stock,2024-11-12
INV003415,MED001168,SUP0015,BAT233563,2024-08-08,2026-10-27,259,360.94,475.59,118,Refrigerated (2–8°C),WH-A,In Stock,2024-12-19
INV001254,MED001169,SUP0053,BAT123942,2025-05-16,2027-12-02,170,377.17,504.23,170,Refrigerated (2–8°C),WH-A,Low Stock,2025-08-02
INV002630,MED001169,SUP0052,BAT594921,2024-01-23,2025-09-14,248,554.86,775.13,154,Refrigerated (2–8°C),WH-C,In Stock,2024-05-15
INV003092,MED001169,SUP0060,BAT140869,2024-02-29,2026-01-19,185,467.07,579.3,54,Frozen (-20°C),WH-E,In Stock,2024-04-26
INV003268,MED001169,SUP0066,BAT345973,2025-01-30,2027-05-20,608,405.07,542.11,64,Refrigerated (2–8°C),WH-C,In Stock,2025-04-24
INV003389,MED001169,SUP0012,BAT459270,2026-04-01,2027-10-23,677,231.95,306.78,31,Frozen (-20°C),WH-D,In Stock,2026-07-20
INV001784,MED001170,SUP0035,BAT360300,2024-11-09,2026-04-03,447,130.51,174.59,71,Frozen (-20°C),WH-E,In Stock,2025-02-14
INV003737,MED001170,SUP0062,BAT931265,2024-08-01,2026-07-22,579,130.38,180.27,62,Room Temperature,WH-C,In Stock,2024-11-21
INV004253,MED001170,SUP0010,BAT983848,2024-12-23,2026-08-15,367,313.89,377.02,104,Room Temperature,WH-A,In Stock,2025-04-27
INV001675,MED001171,SUP0044,BAT886874,2024-03-23,2025-11-13,795,242.21,297.87,93,Frozen (-20°C),WH-C,In Stock,2024-05-26
INV004614,MED001171,SUP0036,BAT226963,2024-11-14,2027-08-01,396,165.37,216.5,149,Refrigerated (2–8°C),WH-E,In Stock,2025-03-08
INV000092,MED001172,SUP0050,BAT344907,2025-11-08,2026-12-03,762,424.61,578.44,146,Refrigerated (2–8°C),WH-B,In Stock,2026-02-12
INV001033,MED001172,SUP0049,BAT126518,2024-04-13,2026-06-02,646,116.0,154.34,116,Room Temperature,WH-C,In Stock,2024-10-07
INV001412,MED001172,SUP0031,BAT916711,2024-01-15,2025-03-10,740,443.22,562.1,28,Frozen (-20°C),WH-A,In Stock,2024-02-01
INV000174,MED001173,SUP0048,BAT590110,2024-04-11,2026-10-28,67,241.91,324.98,104,Refrigerated (2–8°C),WH-E,Low Stock,2024-05-18
INV000552,MED001173,SUP0072,BAT286037,2026-02-07,2028-12-23,368,60.41,76.11,34,Refrigerated (2–8°C),WH-D,In Stock,2026-07-20
INV001694,MED001173,SUP0058,BAT874672,2023-09-05,2025-11-23,557,260.07,347.49,187,Room Temperature,WH-D,In Stock,2024-02-17
INV002381,MED001173,SUP0011,BAT895314,2026-06-29,2029-02-13,544,263.66,355.6,126,Refrigerated (2–8°C),WH-D,In Stock,2026-07-20
INV003381,MED001173,SUP0034,BAT275028,2023-12-18,2026-07-05,511,454.05,628.53,171,Room Temperature,WH-D,In Stock,2024-03-05
INV004291,MED001173,SUP0039,BAT540957,2025-01-09,2026-02-03,69,327.73,429.54,52,Frozen (-20°C),WH-A,In Stock,2025-03-28
INV004338,MED001173,SUP0052,BAT944311,2025-07-01,2027-11-18,945,234.53,327.73,74,Room Temperature,WH-C,In Stock,2025-10-25
INV000907,MED001174,SUP0048,BAT233606,2025-04-22,2027-04-12,754,189.93,250.33,25,Room Temperature,WH-D,In Stock,2025-10-01
INV004414,MED001174,SUP0073,BAT192897,2025-07-30,2028-07-14,761,141.01,188.35,91,Refrigerated (2–8°C),WH-D,In Stock,2025-12-27
INV001524,MED001176,SUP0036,BAT584867,2024-12-05,2027-01-24,727,429.49,529.31,53,Frozen (-20°C),WH-A,In Stock,2025-02-02
INV002105,MED001176,SUP0008,BAT823605,2026-07-12,2028-05-02,816,514.07,690.62,50,Room Temperature,WH-C,In Stock,2026-07-20
INV002904,MED001176,SUP0028,BAT908964,2025-06-26,2026-09-19,897,441.97,557.26,66,Room Temperature,WH-B,In Stock,2025-07-17
INV004987,MED001177,SUP0071,BAT474737,2025-09-10,2027-10-30,264,223.2,283.1,38,Frozen (-20°C),WH-B,In Stock,2025-10-27
INV002054,MED001178,SUP0013,BAT245087,2025-05-13,2027-07-02,315,306.8,402.86,182,Room Temperature,WH-C,In Stock,2025-07-19
INV004831,MED001178,SUP0031,BAT920132,2023-12-20,2026-06-07,966,464.69,560.02,93,Frozen (-20°C),WH-E,In Stock,2024-01-29
INV001194,MED001179,SUP0036,BAT946514,2026-03-16,2027-09-07,2,593.51,723.05,84,Frozen (-20°C),WH-B,Low Stock,2026-05-13
INV001338,MED001179,SUP0013,BAT223179,2024-11-20,2026-10-11,688,255.99,327.35,179,Frozen (-20°C),WH-A,In Stock,2025-05-02
INV001991,MED001179,SUP0069,BAT773757,2026-06-24,2028-12-10,102,98.83,137.72,88,Frozen (-20°C),WH-D,In Stock,2026-07-20
INV002117,MED001179,SUP0053,BAT703070,2023-10-20,2025-11-08,411,418.63,574.41,91,Frozen (-20°C),WH-E,In Stock,2024-03-09
INV002590,MED001179,SUP0015,BAT415791,2026-01-01,2028-09-17,922,115.7,157.06,26,Refrigerated (2–8°C),WH-D,In Stock,2026-04-21
INV003518,MED001179,SUP0025,BAT321059,2025-08-15,2027-03-08,217,50.4,68.19,185,Refrigerated (2–8°C),WH-E,In Stock,2025-09-08
INV004798,MED001179,SUP0030,BAT831213,2025-07-03,2026-07-28,424,418.01,552.91,65,Room Temperature,WH-B,In Stock,2025-09-27
INV000020,MED001181,SUP0061,BAT354801,2026-03-15,2028-04-03,96,397.09,504.65,49,Refrigerated (2–8°C),WH-D,In Stock,2026-05-17
INV002934,MED001181,SUP0015,BAT596909,2025-10-01,2027-06-23,117,9.96,12.34,134,Room Temperature,WH-E,Low Stock,2025-12-31
INV003037,MED001181,SUP0026,BAT929456,2024-03-31,2027-03-16,939,237.36,329.32,180,Refrigerated (2–8°C),WH-A,In Stock,2024-08-16
INV003528,MED001181,SUP0013,BAT526704,2025-09-01,2027-10-21,825,324.58,410.56,158,Refrigerated (2–8°C),WH-E,In Stock,2025-09-17
INV004839,MED001181,SUP0023,BAT157422,2024-07-24,2027-04-10,810,234.28,319.96,135,Refrigerated (2–8°C),WH-B,In Stock,2024-10-10
INV000074,MED001182,SUP0007,BAT259097,2024-05-21,2026-11-07,87,75.48,102.12,88,Frozen (-20°C),WH-E,Low Stock,2024-08-21
INV002289,MED001182,SUP0015,BAT111631,2026-06-13,2028-03-04,41,391.64,535.58,141,Refrigerated (2–8°C),WH-A,Low Stock,2026-07-20
INV000847,MED001183,SUP0017,BAT420415,2023-08-09,2025-10-27,347,254.39,340.16,82,Refrigerated (2–8°C),WH-E,In Stock,2023-11-22
INV002092,MED001183,SUP0003,BAT657099,2024-11-11,2027-07-29,167,424.04,554.67,49,Refrigerated (2–8°C),WH-E,In Stock,2025-02-21
INV004473,MED001183,SUP0040,BAT991639,2024-06-23,2026-07-13,176,372.12,501.88,85,Frozen (-20°C),WH-C,In Stock,2024-11-14
INV000987,MED001184,SUP0029,BAT837246,2024-01-15,2025-08-07,2,596.37,717.69,77,Frozen (-20°C),WH-D,Low Stock,2024-05-01
INV001180,MED001184,SUP0004,BAT516650,2024-11-07,2026-12-27,488,69.82,88.12,169,Room Temperature,WH-A,In Stock,2025-02-24
INV003067,MED001184,SUP0022,BAT758797,2024-12-19,2027-08-06,142,282.47,393.29,155,Room Temperature,WH-A,Low Stock,2025-05-26
INV003417,MED001186,SUP0009,BAT895339,2023-10-20,2026-06-06,865,221.2,304.66,189,Refrigerated (2–8°C),WH-C,In Stock,2024-02-15
INV004921,MED001186,SUP0027,BAT627055,2026-03-30,2027-07-23,96,558.98,694.87,60,Room Temperature,WH-E,In Stock,2026-05-14
INV002056,MED001187,SUP0003,BAT566670,2025-01-20,2027-09-07,146,250.14,329.7,183,Refrigerated (2–8°C),WH-A,Low Stock,2025-06-05
INV000260,MED001189,SUP0074,BAT331768,2026-01-18,2027-12-09,474,355.21,461.81,198,Refrigerated (2–8°C),WH-A,In Stock,2026-05-13
INV003479,MED001189,SUP0053,BAT479426,2023-09-01,2025-06-22,484,423.46,537.91,29,Frozen (-20°C),WH-D,In Stock,2023-10-19
INV004995,MED001189,SUP0034,BAT175696,2024-02-17,2027-01-02,819,477.88,638.2,33,Room Temperature,WH-E,In Stock,2024-03-09
INV002382,MED001190,SUP0028,BAT550557,2025-05-27,2027-05-17,567,120.91,152.89,85,Frozen (-20°C),WH-D,In Stock,2025-07-12
INV003329,MED001190,SUP0018,BAT162461,2025-12-15,2027-04-09,117,490.52,622.06,97,Refrigerated (2–8°C),WH-E,In Stock,2026-02-24
INV003560,MED001190,SUP0071,BAT434561,2024-08-03,2026-02-24,673,483.94,597.11,51,Frozen (-20°C),WH-E,In Stock,2025-01-07
INV004069,MED001190,SUP0070,BAT511636,2026-01-08,2028-02-27,713,204.11,257.11,40,Frozen (-20°C),WH-E,In Stock,2026-05-23
INV004151,MED001190,SUP0038,BAT899346,2025-09-16,2028-02-03,655,452.78,596.18,142,Room Temperature,WH-E,In Stock,2026-01-23
INV004178,MED001190,SUP0054,BAT377497,2023-08-27,2024-11-19,85,246.39,300.13,104,Frozen (-20°C),WH-B,Low Stock,2023-09-23
INV004569,MED001190,SUP0024,BAT860589,2026-03-24,2027-09-15,707,335.21,408.67,129,Room Temperature,WH-D,In Stock,2026-07-20
INV001717,MED001192,SUP0031,BAT382207,2023-10-06,2024-11-29,215,188.01,237.84,125,Refrigerated (2–8°C),WH-A,In Stock,2024-01-22
INV002723,MED001192,SUP0058,BAT754607,2023-11-14,2025-09-04,952,68.34,83.71,59,Refrigerated (2–8°C),WH-E,In Stock,2024-01-09
INV004648,MED001192,SUP0004,BAT990379,2023-10-06,2025-04-28,649,129.46,160.17,186,Frozen (-20°C),WH-B,In Stock,2023-12-29
INV000316,MED001193,SUP0034,BAT952227,2023-12-21,2024-12-15,202,268.84,329.53,190,Refrigerated (2–8°C),WH-A,In Stock,2024-01-21
INV001583,MED001193,SUP0011,BAT342765,2023-10-29,2025-06-20,861,454.13,627.88,165,Room Temperature,WH-E,In Stock,2024-01-31
INV003870,MED001193,SUP0044,BAT149740,2024-12-13,2026-01-07,412,275.59,334.1,153,Room Temperature,WH-B,In Stock,2025-04-01
INV000729,MED001194,SUP0059,BAT189903,2023-08-11,2025-10-29,892,584.77,748.22,107,Room Temperature,WH-D,In Stock,2023-09-29
INV003138,MED001194,SUP0068,BAT300181,2024-03-29,2025-08-21,136,412.4,514.53,167,Refrigerated (2–8°C),WH-C,Low Stock,2024-06-19
INV004001,MED001194,SUP0070,BAT717953,2025-12-25,2028-08-11,955,338.98,447.23,106,Refrigerated (2–8°C),WH-B,In Stock,2026-02-22
INV001400,MED001195,SUP0058,BAT598165,2025-06-13,2028-03-29,296,65.39,85.82,102,Room Temperature,WH-B,In Stock,2025-08-11
INV002461,MED001195,SUP0056,BAT935816,2025-09-24,2026-09-19,932,183.44,249.28,78,Refrigerated (2–8°C),WH-C,In Stock,2026-02-05
INV002751,MED001195,SUP0055,BAT729091,2024-07-09,2027-06-24,583,144.07,188.36,113,Room Temperature,WH-E,In Stock,2024-09-04
INV004556,MED001195,SUP0014,BAT593660,2023-08-05,2024-12-27,190,259.52,323.9,85,Refrigerated (2–8°C),WH-B,In Stock,2023-10-27
INV002532,MED001196,SUP0070,BAT726220,2025-02-05,2027-05-26,936,258.42,341.35,116,Frozen (-20°C),WH-E,In Stock,2025-07-04
INV004698,MED001196,SUP0043,BAT209311,2025-11-28,2028-08-14,573,29.11,36.75,175,Refrigerated (2–8°C),WH-E,In Stock,2026-01-25
INV004723,MED001196,SUP0022,BAT837661,2025-09-27,2027-03-21,596,492.92,639.55,188,Frozen (-20°C),WH-C,In Stock,2026-03-04
INV003687,MED001197,SUP0005,BAT357691,2024-06-17,2025-08-11,253,120.42,157.61,39,Room Temperature,WH-E,In Stock,2024-09-05
INV000359,MED001198,SUP0014,BAT107704,2026-06-02,2029-02-16,574,358.29,450.2,190,Frozen (-20°C),WH-A,In Stock,2026-07-20
INV002677,MED001198,SUP0030,BAT439926,2024-01-29,2025-03-24,681,209.69,266.62,102,Frozen (-20°C),WH-B,In Stock,2024-06-14
INV003384,MED001198,SUP0045,BAT330748,2023-09-07,2026-01-24,818,111.6,151.48,101,Room Temperature,WH-B,In Stock,2024-02-08
INV000083,MED001199,SUP0056,BAT765620,2026-04-23,2027-06-17,356,203.32,271.23,129,Room Temperature,WH-C,In Stock,2026-07-20
INV000802,MED001199,SUP0066,BAT394976,2023-10-22,2025-03-15,576,183.88,235.19,42,Room Temperature,WH-B,In Stock,2024-03-21
INV003250,MED001199,SUP0024,BAT345613,2025-04-22,2028-01-07,835,428.4,561.27,129,Room Temperature,WH-D,In Stock,2025-06-06
INV002946,MED001200,SUP0044,BAT630077,2024-06-15,2026-12-02,351,578.98,767.92,162,Refrigerated (2–8°C),WH-C,In Stock,2024-07-26
INV000114,MED001201,SUP0028,BAT952547,2024-11-09,2026-08-31,807,6.69,9.18,177,Room Temperature,WH-B,In Stock,2024-12-31
INV000889,MED001201,SUP0040,BAT869584,2025-11-09,2028-10-24,111,345.7,469.98,187,Room Temperature,WH-C,Low Stock,2025-12-16
INV001653,MED001202,SUP0018,BAT893269,2025-11-01,2027-04-25,834,565.25,746.87,65,Frozen (-20°C),WH-B,In Stock,2025-12-29
INV000294,MED001203,SUP0009,BAT114463,2025-01-07,2026-07-01,944,569.46,728.68,40,Refrigerated (2–8°C),WH-E,In Stock,2025-02-01
INV001001,MED001203,SUP0049,BAT600121,2023-10-05,2025-06-26,155,280.55,386.33,199,Room Temperature,WH-B,Low Stock,2023-11-30
INV003852,MED001203,SUP0043,BAT535500,2024-08-08,2025-12-31,267,559.01,727.92,120,Refrigerated (2–8°C),WH-D,In Stock,2024-09-25
INV003873,MED001203,SUP0060,BAT563174,2026-05-03,2028-05-22,588,151.42,203.69,47,Refrigerated (2–8°C),WH-C,In Stock,2026-07-20
INV004727,MED001203,SUP0053,BAT190484,2025-01-27,2027-12-13,615,456.01,636.65,196,Frozen (-20°C),WH-E,In Stock,2025-07-10
INV000761,MED001204,SUP0044,BAT731347,2026-03-06,2027-06-29,740,576.08,787.28,124,Frozen (-20°C),WH-C,In Stock,2026-06-04
INV002367,MED001204,SUP0016,BAT111480,2024-10-06,2027-03-25,606,593.12,718.71,55,Frozen (-20°C),WH-B,In Stock,2024-11-01
INV000700,MED001205,SUP0003,BAT431889,2025-09-01,2028-02-18,330,63.15,81.95,171,Frozen (-20°C),WH-B,In Stock,2025-12-24
INV003125,MED001205,SUP0010,BAT876609,2024-06-07,2026-11-24,801,367.59,449.38,191,Refrigerated (2–8°C),WH-B,In Stock,2024-09-26
INV004372,MED001205,SUP0007,BAT426713,2024-06-19,2026-05-10,557,163.42,206.65,197,Room Temperature,WH-D,In Stock,2024-08-16
INV002831,MED001206,SUP0046,BAT197492,2025-11-04,2028-01-23,654,492.94,624.2,39,Room Temperature,WH-B,In Stock,2026-01-13
INV000445,MED001207,SUP0074,BAT202463,2025-12-08,2027-04-02,488,546.5,664.96,84,Frozen (-20°C),WH-E,In Stock,2026-02-26
INV001276,MED001207,SUP0059,BAT100519,2024-12-17,2027-12-02,615,298.1,368.24,94,Frozen (-20°C),WH-D,In Stock,2025-04-15
INV002830,MED001207,SUP0016,BAT372226,2026-02-16,2028-08-04,980,143.85,185.29,117,Frozen (-20°C),WH-B,In Stock,2026-03-15
INV004424,MED001207,SUP0056,BAT976402,2024-08-23,2026-08-13,824,487.4,614.18,52,Refrigerated (2–8°C),WH-C,In Stock,2025-01-29
INV000374,MED001208,SUP0065,BAT277193,2024-03-29,2026-02-17,384,157.19,205.44,188,Room Temperature,WH-E,In Stock,2024-04-22
INV001474,MED001208,SUP0062,BAT766076,2023-10-14,2026-06-30,1000,302.5,384.27,33,Refrigerated (2–8°C),WH-D,In Stock,2024-03-02
INV001851,MED001208,SUP0066,BAT891797,2023-10-26,2026-01-13,431,386.7,479.12,165,Refrigerated (2–8°C),WH-D,In Stock,2024-01-19
INV004025,MED001208,SUP0023,BAT115914,2025-12-24,2028-07-11,381,369.87,457.0,122,Frozen (-20°C),WH-E,In Stock,2026-04-16
INV001366,MED001209,SUP0067,BAT275516,2024-02-10,2026-04-30,617,598.42,828.21,64,Refrigerated (2–8°C),WH-E,In Stock,2024-04-14
INV003516,MED001209,SUP0061,BAT888241,2024-03-31,2025-08-23,148,506.2,669.36,34,Room Temperature,WH-D,In Stock,2024-07-13
INV004013,MED001209,SUP0005,BAT765597,2024-08-01,2025-10-25,70,249.5,320.1,49,Refrigerated (2–8°C),WH-D,In Stock,2024-10-15
INV000441,MED001210,SUP0009,BAT340977,2025-09-02,2027-08-23,111,125.4,172.04,29,Frozen (-20°C),WH-D,In Stock,2025-10-20
INV001591,MED001210,SUP0025,BAT883061,2024-12-20,2027-10-06,590,489.6,644.33,72,Frozen (-20°C),WH-B,In Stock,2025-02-05
INV001673,MED001210,SUP0046,BAT670950,2024-05-16,2026-06-05,95,232.55,296.65,165,Refrigerated (2–8°C),WH-A,Low Stock,2024-08-07
INV002909,MED001210,SUP0042,BAT318978,2024-11-21,2027-01-10,572,73.61,96.54,91,Refrigerated (2–8°C),WH-D,In Stock,2025-03-14
INV004749,MED001210,SUP0051,BAT779825,2024-03-24,2025-09-15,660,514.03,654.25,137,Frozen (-20°C),WH-C,In Stock,2024-08-22
INV002021,MED001211,SUP0049,BAT991286,2024-08-17,2026-02-08,708,490.79,608.81,163,Refrigerated (2–8°C),WH-C,In Stock,2024-09-01
INV002466,MED001212,SUP0017,BAT662051,2025-10-27,2027-07-19,247,463.54,558.91,76,Room Temperature,WH-D,In Stock,2026-04-23
INV003950,MED001213,SUP0035,BAT261858,2025-07-19,2028-06-03,19,138.73,167.21,73,Refrigerated (2–8°C),WH-C,Low Stock,2025-12-15
INV001845,MED001214,SUP0058,BAT270639,2026-06-22,2028-01-13,581,94.81,115.91,51,Frozen (-20°C),WH-E,In Stock,2026-07-20
INV000623,MED001215,SUP0023,BAT451801,2023-11-27,2025-02-19,144,104.99,133.76,131,Room Temperature,WH-D,In Stock,2024-02-20
INV003511,MED001215,SUP0022,BAT256548,2023-10-04,2025-08-24,994,224.19,279.8,77,Frozen (-20°C),WH-E,In Stock,2023-11-18
INV000117,MED001216,SUP0014,BAT573962,2026-05-17,2027-12-08,44,315.26,407.19,193,Room Temperature,WH-A,Low Stock,2026-07-20
INV003684,MED001216,SUP0072,BAT625629,2026-04-14,2027-08-07,369,445.54,547.28,101,Room Temperature,WH-D,In Stock,2026-07-20
INV004577,MED001216,SUP0041,BAT356991,2025-11-30,2028-05-18,746,149.57,208.4,63,Room Temperature,WH-A,In Stock,2026-04-26
INV001328,MED001217,SUP0009,BAT162099,2025-11-07,2027-03-02,492,459.93,626.15,66,Room Temperature,WH-D,In Stock,2025-12-28
INV004221,MED001217,SUP0031,BAT604520,2025-01-05,2026-03-31,665,275.93,365.2,155,Frozen (-20°C),WH-C,In Stock,2025-04-24
INV002915,MED001218,SUP0075,BAT477360,2025-03-24,2027-06-12,851,67.59,81.8,55,Frozen (-20°C),WH-D,In Stock,2025-07-22
INV000564,MED001219,SUP0015,BAT920347,2025-04-12,2028-01-27,726,166.54,202.74,33,Room Temperature,WH-C,In Stock,2025-07-16
INV000688,MED001219,SUP0052,BAT228725,2024-11-08,2026-11-28,285,358.22,484.05,173,Frozen (-20°C),WH-D,In Stock,2025-03-30
INV001785,MED001219,SUP0038,BAT711177,2024-03-10,2026-09-26,826,44.86,61.21,28,Refrigerated (2–8°C),WH-B,In Stock,2024-07-17
INV003093,MED001219,SUP0049,BAT163740,2023-08-05,2025-11-22,278,262.41,354.17,142,Room Temperature,WH-E,In Stock,2023-10-09
INV004880,MED001219,SUP0046,BAT966198,2023-11-19,2026-07-06,453,259.54,334.62,155,Refrigerated (2–8°C),WH-C,In Stock,2023-12-18
INV001504,MED001220,SUP0014,BAT599508,2026-01-01,2027-12-22,122,112.76,143.46,60,Room Temperature,WH-A,In Stock,2026-04-06
INV004049,MED001221,SUP0008,BAT514305,2024-07-28,2026-05-19,329,197.4,250.31,150,Refrigerated (2–8°C),WH-E,In Stock,2024-09-02
INV001682,MED001222,SUP0018,BAT461287,2023-08-29,2026-01-15,763,436.37,595.73,150,Refrigerated (2–8°C),WH-A,In Stock,2023-10-06
INV002673,MED001222,SUP0034,BAT909268,2024-11-08,2026-06-01,635,116.91,158.94,109,Frozen (-20°C),WH-A,In Stock,2025-03-28
INV002726,MED001222,SUP0060,BAT484327,2025-07-11,2027-08-30,762,66.5,87.74,131,Frozen (-20°C),WH-D,In Stock,2025-09-09
INV000249,MED001223,SUP0042,BAT503951,2023-08-15,2025-05-06,397,436.28,572.36,46,Room Temperature,WH-E,In Stock,2023-12-13
INV000267,MED001223,SUP0050,BAT741003,2025-10-01,2028-03-19,356,508.08,672.43,115,Frozen (-20°C),WH-C,In Stock,2025-11-14
INV002162,MED001224,SUP0033,BAT397149,2025-01-30,2027-01-20,452,431.09,525.54,62,Frozen (-20°C),WH-B,In Stock,2025-06-04
INV002018,MED001226,SUP0020,BAT469645,2024-02-18,2026-08-06,632,418.19,516.73,89,Refrigerated (2–8°C),WH-A,In Stock,2024-08-09
INV002900,MED001226,SUP0032,BAT768589,2025-10-13,2028-08-28,799,571.8,732.08,112,Room Temperature,WH-B,In Stock,2025-12-02
INV000910,MED001227,SUP0041,BAT423896,2026-05-14,2029-02-27,280,289.58,395.49,171,Refrigerated (2–8°C),WH-C,In Stock,2026-06-29
INV001429,MED001227,SUP0017,BAT655364,2025-02-17,2026-12-09,826,224.89,313.52,57,Room Temperature,WH-A,In Stock,2025-06-07
INV001764,MED001227,SUP0008,BAT564639,2024-01-11,2026-01-30,882,18.32,22.82,176,Room Temperature,WH-C,In Stock,2024-05-14
INV003375,MED001227,SUP0027,BAT307158,2023-08-12,2025-05-03,659,598.99,770.41,175,Room Temperature,WH-A,In Stock,2023-11-27
INV003843,MED001227,SUP0045,BAT901634,2023-10-21,2025-01-13,384,563.64,760.76,140,Frozen (-20°C),WH-B,In Stock,2024-01-21
INV003090,MED001228,SUP0012,BAT212171,2024-08-09,2026-09-28,816,137.98,185.13,165,Refrigerated (2–8°C),WH-D,In Stock,2025-01-22
INV003714,MED001228,SUP0032,BAT694919,2025-08-01,2027-05-23,683,569.62,774.92,47,Room Temperature,WH-A,In Stock,2025-12-12
INV003431,MED001229,SUP0058,BAT314510,2026-07-01,2029-05-16,277,384.66,486.78,109,Frozen (-20°C),WH-A,In Stock,2026-07-20
INV000745,MED001230,SUP0055,BAT194604,2025-12-02,2027-10-23,190,380.26,463.38,136,Frozen (-20°C),WH-C,In Stock,2026-05-23
INV001677,MED001230,SUP0051,BAT508196,2023-11-26,2024-12-20,853,304.82,370.36,124,Frozen (-20°C),WH-B,In Stock,2024-01-09
INV003346,MED001230,SUP0050,BAT165555,2026-02-01,2027-06-26,370,206.99,254.61,39,Frozen (-20°C),WH-C,In Stock,2026-03-15
INV004173,MED001230,SUP0035,BAT576600,2023-11-04,2024-11-28,833,499.54,656.79,186,Frozen (-20°C),WH-C,In Stock,2024-03-19
INV003887,MED001231,SUP0032,BAT179581,2025-10-01,2027-05-24,5,568.03,794.62,176,Refrigerated (2–8°C),WH-D,Low Stock,2026-03-17
INV004104,MED001231,SUP0052,BAT264708,2023-09-14,2026-05-31,17,369.23,495.56,138,Frozen (-20°C),WH-B,Low Stock,2023-10-19
INV000898,MED001233,SUP0016,BAT656405,2025-02-12,2027-11-29,377,372.92,496.65,140,Refrigerated (2–8°C),WH-E,In Stock,2025-05-01
INV000189,MED001234,SUP0066,BAT520884,2026-05-10,2027-06-04,39,429.59,584.58,60,Frozen (-20°C),WH-D,Low Stock,2026-06-05
INV002440,MED001234,SUP0008,BAT684923,2025-03-31,2027-02-19,623,237.41,304.12,185,Frozen (-20°C),WH-B,In Stock,2025-08-23
INV002521,MED001234,SUP0006,BAT358419,2025-03-09,2026-07-02,977,158.4,218.44,76,Refrigerated (2–8°C),WH-C,In Stock,2025-04-24
INV003563,MED001234,SUP0048,BAT706929,2024-11-13,2026-01-07,742,410.61,541.44,134,Frozen (-20°C),WH-A,In Stock,2024-12-18
INV004928,MED001234,SUP0009,BAT497699,2025-03-11,2026-05-05,658,193.61,259.41,131,Room Temperature,WH-A,In Stock,2025-07-29
INV004979,MED001234,SUP0033,BAT278242,2025-02-05,2026-10-28,452,496.33,635.9,180,Refrigerated (2–8°C),WH-A,In Stock,2025-04-20
INV001582,MED001235,SUP0013,BAT480142,2024-03-09,2025-06-02,786,194.4,238.09,110,Frozen (-20°C),WH-B,In Stock,2024-05-30
INV003839,MED001235,SUP0011,BAT720485,2025-03-26,2027-10-12,974,233.54,314.12,46,Frozen (-20°C),WH-E,In Stock,2025-07-10
INV003733,MED001236,SUP0007,BAT672281,2026-03-05,2028-07-22,675,179.96,233.91,193,Refrigerated (2–8°C),WH-E,In Stock,2026-05-13
INV004284,MED001236,SUP0051,BAT940924,2024-02-16,2026-03-07,229,299.96,406.8,147,Frozen (-20°C),WH-E,In Stock,2024-05-31
INV004407,MED001236,SUP0064,BAT580231,2025-02-11,2026-11-03,793,140.22,190.02,98,Room Temperature,WH-E,In Stock,2025-08-09
INV001560,MED001237,SUP0064,BAT391359,2024-09-07,2027-07-24,427,463.66,614.96,34,Frozen (-20°C),WH-C,In Stock,2024-11-07
INV000766,MED001238,SUP0014,BAT840719,2023-11-01,2025-12-20,985,584.92,793.34,53,Frozen (-20°C),WH-A,In Stock,2024-03-12
INV004248,MED001238,SUP0054,BAT665818,2025-01-09,2026-09-01,445,571.12,736.37,108,Frozen (-20°C),WH-E,In Stock,2025-04-16
INV004615,MED001238,SUP0075,BAT509833,2023-08-06,2025-11-23,530,143.01,197.72,133,Refrigerated (2–8°C),WH-A,In Stock,2023-12-21
INV000855,MED001239,SUP0032,BAT651400,2025-05-24,2027-11-10,471,347.8,468.65,143,Refrigerated (2–8°C),WH-D,In Stock,2025-10-11
INV001436,MED001239,SUP0069,BAT309776,2024-08-09,2027-02-25,123,441.38,594.58,100,Room Temperature,WH-E,In Stock,2025-01-25
INV002134,MED001239,SUP0041,BAT131483,2023-11-20,2025-02-12,249,203.46,276.62,59,Room Temperature,WH-A,In Stock,2024-04-09
INV003657,MED001239,SUP0026,BAT701876,2025-02-26,2026-05-22,802,272.23,379.42,121,Refrigerated (2–8°C),WH-E,In Stock,2025-06-29
INV004374,MED001239,SUP0057,BAT108795,2024-10-07,2025-12-31,570,321.05,402.24,40,Frozen (-20°C),WH-A,In Stock,2024-11-01
INV002347,MED001240,SUP0010,BAT685466,2025-07-15,2027-11-02,352,329.04,400.05,113,Frozen (-20°C),WH-A,In Stock,2025-07-30
INV002542,MED001240,SUP0015,BAT339256,2025-08-22,2026-11-15,958,211.48,255.03,88,Refrigerated (2–8°C),WH-B,In Stock,2025-10-05
INV004256,MED001240,SUP0019,BAT395720,2025-10-09,2027-10-29,323,256.12,311.6,138,Room Temperature,WH-E,In Stock,2025-11-27
INV000504,MED001241,SUP0010,BAT113721,2024-09-20,2027-05-08,950,283.5,376.43,45,Refrigerated (2–8°C),WH-E,In Stock,2025-02-07
INV000763,MED001241,SUP0063,BAT205805,2025-11-18,2028-02-06,240,336.31,470.78,78,Refrigerated (2–8°C),WH-C,In Stock,2026-02-18
INV001663,MED001241,SUP0007,BAT632046,2025-08-13,2028-01-30,724,482.96,607.15,41,Room Temperature,WH-A,In Stock,2026-01-23
INV004214,MED001241,SUP0023,BAT402010,2023-12-25,2026-01-13,97,360.11,494.2,48,Room Temperature,WH-D,In Stock,2024-06-19
INV000731,MED001242,SUP0006,BAT105621,2024-12-21,2027-04-10,390,586.63,782.71,102,Room Temperature,WH-E,In Stock,2025-06-12
INV004939,MED001242,SUP0034,BAT251418,2023-08-18,2024-09-11,693,321.0,448.57,194,Refrigerated (2–8°C),WH-E,In Stock,2024-01-11
INV001513,MED001243,SUP0027,BAT491078,2024-05-11,2027-02-25,615,229.71,311.86,199,Room Temperature,WH-B,In Stock,2024-06-14
INV001747,MED001243,SUP0060,BAT643816,2026-05-17,2028-09-03,448,411.74,551.18,114,Frozen (-20°C),WH-C,In Stock,2026-07-20
INV002599,MED001243,SUP0037,BAT555989,2024-04-18,2025-04-13,379,171.56,230.41,132,Room Temperature,WH-A,In Stock,2024-09-23
INV000336,MED001244,SUP0056,BAT264735,2023-11-07,2025-01-30,210,248.52,325.77,73,Frozen (-20°C),WH-E,In Stock,2024-02-14
INV001776,MED001244,SUP0052,BAT264190,2026-01-06,2027-08-29,910,264.9,325.77,125,Refrigerated (2–8°C),WH-E,In Stock,2026-05-12
INV002981,MED001244,SUP0072,BAT791567,2025-09-17,2028-01-05,683,254.92,328.61,191,Room Temperature,WH-C,In Stock,2026-01-01
INV003515,MED001244,SUP0031,BAT491974,2025-06-02,2028-01-18,314,324.54,413.65,80,Frozen (-20°C),WH-E,In Stock,2025-11-04
INV003710,MED001244,SUP0035,BAT287938,2026-02-22,2028-12-08,852,577.22,732.58,60,Frozen (-20°C),WH-A,In Stock,2026-03-22
INV003797,MED001244,SUP0014,BAT951496,2024-05-17,2025-07-11,934,360.64,483.26,150,Room Temperature,WH-D,In Stock,2024-10-11
INV003853,MED001244,SUP0052,BAT170648,2024-04-09,2025-06-03,656,542.61,700.08,134,Frozen (-20°C),WH-C,In Stock,2024-05-31
INV002447,MED001245,SUP0059,BAT148465,2024-11-28,2027-09-14,45,297.04,383.79,132,Frozen (-20°C),WH-D,Low Stock,2025-03-03
INV003779,MED001245,SUP0025,BAT325402,2025-06-15,2028-03-31,913,378.07,466.04,200,Refrigerated (2–8°C),WH-A,In Stock,2025-10-28
INV001116,MED001246,SUP0049,BAT815067,2023-08-27,2026-01-13,53,460.58,616.76,124,Refrigerated (2–8°C),WH-D,Low Stock,2024-01-12
INV003705,MED001246,SUP0060,BAT125630,2024-05-02,2025-12-23,4,557.08,691.03,102,Room Temperature,WH-E,Low Stock,2024-07-25
INV004077,MED001246,SUP0029,BAT936111,2024-11-14,2026-10-05,556,318.66,414.12,137,Refrigerated (2–8°C),WH-B,In Stock,2025-01-04
INV001781,MED001247,SUP0065,BAT139738,2025-03-21,2027-11-06,841,557.91,713.57,152,Frozen (-20°C),WH-E,In Stock,2025-09-05
INV002336,MED001247,SUP0014,BAT752618,2025-01-05,2027-05-25,410,549.65,722.06,57,Frozen (-20°C),WH-A,In Stock,2025-06-27
INV002421,MED001247,SUP0036,BAT882979,2023-12-09,2025-06-01,684,12.21,16.53,173,Frozen (-20°C),WH-A,In Stock,2024-03-01
INV003162,MED001247,SUP0070,BAT393644,2026-01-21,2027-10-13,5,108.83,135.99,100,Refrigerated (2–8°C),WH-A,Low Stock,2026-05-14
INV003190,MED001247,SUP0002,BAT411448,2025-02-10,2027-05-31,764,261.58,352.93,196,Room Temperature,WH-B,In Stock,2025-05-03
INV000014,MED001248,SUP0026,BAT260263,2025-08-24,2028-08-08,552,551.5,727.86,160,Refrigerated (2–8°C),WH-A,In Stock,2025-10-19
INV001139,MED001248,SUP0028,BAT947285,2025-04-22,2027-08-10,802,429.14,595.64,173,Refrigerated (2–8°C),WH-E,In Stock,2025-09-14
INV001238,MED001248,SUP0013,BAT500464,2026-06-04,2029-04-19,345,450.81,579.07,188,Room Temperature,WH-B,In Stock,2026-07-09
INV002073,MED001248,SUP0002,BAT447902,2024-11-15,2026-05-09,663,180.46,245.18,193,Refrigerated (2–8°C),WH-D,In Stock,2025-05-11
INV002040,MED001249,SUP0036,BAT703316,2026-07-03,2027-09-26,526,70.98,92.98,75,Room Temperature,WH-B,In Stock,2026-07-20
INV000197,MED001250,SUP0062,BAT301603,2024-12-06,2026-07-29,305,565.18,789.25,82,Refrigerated (2–8°C),WH-B,In Stock,2025-05-12
INV002327,MED001250,SUP0020,BAT716549,2024-12-09,2026-06-02,769,442.21,607.17,166,Refrigerated (2–8°C),WH-E,In Stock,2025-03-16
INV001398,MED001251,SUP0068,BAT871036,2023-10-01,2026-06-17,805,56.02,67.32,41,Room Temperature,WH-C,In Stock,2023-11-09
INV001705,MED001251,SUP0069,BAT616393,2025-09-15,2028-02-02,877,346.88,446.54,184,Refrigerated (2–8°C),WH-B,In Stock,2025-11-07
INV000546,MED001254,SUP0021,BAT497073,2025-09-07,2026-10-02,934,341.47,454.81,110,Room Temperature,WH-B,In Stock,2025-11-04
INV001103,MED001254,SUP0033,BAT220034,2023-10-05,2026-08-20,452,365.89,500.59,120,Room Temperature,WH-C,In Stock,2023-11-07
INV002024,MED001254,SUP0041,BAT298670,2026-01-23,2028-04-12,638,241.37,320.28,71,Room Temperature,WH-B,In Stock,2026-04-13
INV002878,MED001254,SUP0001,BAT178025,2025-01-28,2026-07-22,618,546.91,690.19,144,Refrigerated (2–8°C),WH-C,In Stock,2025-02-24
INV004675,MED001254,SUP0070,BAT282554,2023-09-12,2025-10-31,2,96.58,134.3,31,Refrigerated (2–8°C),WH-C,Low Stock,2023-10-05
INV004099,MED001255,SUP0061,BAT429010,2023-08-31,2026-02-16,830,304.74,410.19,65,Room Temperature,WH-E,In Stock,2023-12-25
INV001589,MED001256,SUP0050,BAT301821,2026-07-05,2028-03-26,139,584.36,749.33,128,Frozen (-20°C),WH-C,In Stock,2026-07-20
INV002457,MED001256,SUP0041,BAT603070,2024-10-10,2027-09-25,518,128.95,157.81,194,Frozen (-20°C),WH-D,In Stock,2025-03-01
INV001818,MED001257,SUP0056,BAT552292,2026-05-04,2028-05-23,334,160.97,193.63,136,Refrigerated (2–8°C),WH-C,In Stock,2026-05-31
INV004202,MED001257,SUP0020,BAT349630,2025-02-11,2027-11-28,400,92.38,126.48,106,Refrigerated (2–8°C),WH-C,In Stock,2025-06-14
INV000211,MED001259,SUP0029,BAT329772,2024-04-19,2026-07-08,465,227.31,304.68,180,Refrigerated (2–8°C),WH-E,In Stock,2024-06-12
INV004497,MED001259,SUP0075,BAT807906,2023-07-24,2026-04-09,910,457.02,595.86,156,Refrigerated (2–8°C),WH-A,In Stock,2023-12-26
INV000454,MED001260,SUP0022,BAT806765,2023-10-02,2025-08-22,670,585.51,712.78,25,Refrigerated (2–8°C),WH-D,In Stock,2023-12-17
INV003001,MED001260,SUP0040,BAT748503,2024-10-25,2025-10-20,708,68.28,95.48,96,Frozen (-20°C),WH-D,In Stock,2025-03-14
INV004922,MED001260,SUP0065,BAT301294,2023-10-12,2025-01-04,910,469.7,652.94,25,Frozen (-20°C),WH-C,In Stock,2024-01-29
INV002278,MED001261,SUP0073,BAT297956,2024-07-08,2026-03-30,42,175.78,218.64,68,Refrigerated (2–8°C),WH-C,Low Stock,2024-09-07
INV002338,MED001261,SUP0053,BAT528909,2024-02-11,2026-05-31,585,587.01,722.37,110,Frozen (-20°C),WH-C,In Stock,2024-06-15
INV002506,MED001262,SUP0070,BAT925573,2023-12-26,2026-01-14,362,405.92,527.7,82,Room Temperature,WH-D,In Stock,2024-02-03
INV002555,MED001262,SUP0021,BAT771243,2025-10-12,2027-07-04,308,465.45,604.98,142,Room Temperature,WH-C,In Stock,2026-01-03
INV004724,MED001262,SUP0042,BAT468204,2024-01-18,2025-02-11,144,564.39,717.84,83,Frozen (-20°C),WH-E,In Stock,2024-07-07
INV001149,MED001263,SUP0014,BAT857260,2023-10-21,2024-12-14,972,546.85,725.21,139,Frozen (-20°C),WH-D,In Stock,2024-02-03
INV001811,MED001263,SUP0069,BAT747397,2024-12-11,2027-09-27,405,331.98,419.07,183,Frozen (-20°C),WH-D,In Stock,2025-05-23
INV001895,MED001263,SUP0023,BAT671938,2025-07-25,2027-06-15,931,413.18,523.95,120,Room Temperature,WH-C,In Stock,2025-10-10
INV002750,MED001263,SUP0035,BAT290042,2024-07-14,2025-08-08,979,148.91,190.08,69,Refrigerated (2–8°C),WH-D,In Stock,2025-01-07
INV002961,MED001263,SUP0054,BAT817636,2025-11-17,2028-09-02,806,479.36,583.13,147,Refrigerated (2–8°C),WH-B,In Stock,2026-04-04
INV004429,MED001263,SUP0055,BAT885844,2024-01-31,2026-03-21,369,35.1,42.91,186,Room Temperature,WH-A,In Stock,2024-05-22
INV002227,MED001264,SUP0070,BAT490016,2024-03-10,2025-11-30,857,245.47,321.74,166,Room Temperature,WH-C,In Stock,2024-06-01
INV004375,MED001266,SUP0070,BAT991525,2025-06-28,2028-05-13,263,591.72,775.27,160,Room Temperature,WH-C,In Stock,2025-09-17
INV004590,MED001266,SUP0043,BAT927832,2023-12-14,2025-12-03,740,577.71,743.88,25,Refrigerated (2–8°C),WH-B,In Stock,2024-01-25
INV001614,MED001267,SUP0018,BAT133020,2024-03-18,2027-02-01,375,455.17,615.49,185,Frozen (-20°C),WH-D,In Stock,2024-05-24
INV001736,MED001267,SUP0012,BAT635747,2026-02-03,2028-01-24,246,238.53,312.44,51,Room Temperature,WH-D,In Stock,2026-07-09
INV003218,MED001267,SUP0015,BAT630765,2026-03-28,2027-12-18,328,71.65,96.33,32,Room Temperature,WH-A,In Stock,2026-04-21
INV003387,MED001267,SUP0021,BAT894968,2023-12-20,2025-08-11,618,56.78,77.95,28,Frozen (-20°C),WH-D,In Stock,2024-06-01
INV004662,MED001267,SUP0033,BAT231413,2025-12-24,2027-02-17,795,251.99,323.57,125,Refrigerated (2–8°C),WH-A,In Stock,2026-06-20
INV002567,MED001268,SUP0029,BAT613182,2026-04-13,2027-06-07,63,39.59,47.68,25,Frozen (-20°C),WH-E,In Stock,2026-07-20
INV000606,MED001269,SUP0012,BAT159645,2024-10-07,2027-04-25,124,56.4,74.5,55,Refrigerated (2–8°C),WH-E,In Stock,2025-04-03
INV001420,MED001270,SUP0056,BAT183835,2026-01-19,2027-01-14,326,463.97,641.62,175,Frozen (-20°C),WH-E,In Stock,2026-02-25
INV002857,MED001270,SUP0070,BAT286481,2026-06-19,2029-06-03,529,205.12,269.54,189,Refrigerated (2–8°C),WH-D,In Stock,2026-07-20
INV001009,MED001272,SUP0008,BAT877039,2024-12-03,2027-09-19,8,512.57,644.88,64,Room Temperature,WH-E,Low Stock,2025-05-10
INV001520,MED001272,SUP0007,BAT700424,2024-07-15,2026-04-06,481,537.48,670.37,133,Room Temperature,WH-E,In Stock,2024-12-17
INV002335,MED001272,SUP0020,BAT158312,2026-06-17,2027-11-09,344,23.43,32.49,84,Refrigerated (2–8°C),WH-D,In Stock,2026-07-20
INV003285,MED001272,SUP0021,BAT556210,2025-03-04,2026-02-27,211,379.4,489.45,62,Frozen (-20°C),WH-E,In Stock,2025-06-09
INV001660,MED001273,SUP0027,BAT649969,2025-01-11,2026-10-03,118,185.88,243.67,86,Frozen (-20°C),WH-D,In Stock,2025-02-05
INV003043,MED001273,SUP0023,BAT508347,2023-11-07,2024-11-01,682,471.34,640.67,45,Room Temperature,WH-A,In Stock,2023-12-04
INV004031,MED001273,SUP0010,BAT132139,2024-10-07,2026-03-01,753,497.05,639.32,56,Frozen (-20°C),WH-D,In Stock,2024-12-22
INV004247,MED001273,SUP0045,BAT599841,2023-09-05,2025-03-28,712,11.65,16.26,107,Room Temperature,WH-E,In Stock,2023-12-09
INV004738,MED001273,SUP0047,BAT948107,2026-03-15,2028-12-29,919,503.39,657.69,65,Refrigerated (2–8°C),WH-C,In Stock,2026-07-20
INV004759,MED001273,SUP0048,BAT663874,2026-01-10,2028-01-30,328,341.34,466.95,120,Frozen (-20°C),WH-B,In Stock,2026-06-20
INV002967,MED001274,SUP0026,BAT420630,2024-11-05,2027-07-23,409,16.44,20.78,175,Room Temperature,WH-E,In Stock,2025-04-16
INV004016,MED001274,SUP0066,BAT963590,2025-01-10,2027-06-29,613,509.1,650.51,44,Frozen (-20°C),WH-B,In Stock,2025-04-17
INV004923,MED001274,SUP0045,BAT412545,2026-04-19,2028-05-08,445,592.63,718.38,168,Frozen (-20°C),WH-D,In Stock,2026-05-24
INV002708,MED001275,SUP0034,BAT937337,2025-04-03,2027-02-22,957,255.09,330.22,118,Frozen (-20°C),WH-D,In Stock,2025-06-23
INV003365,MED001275,SUP0056,BAT982901,2026-03-04,2027-02-27,25,449.06,609.99,36,Refrigerated (2–8°C),WH-B,Low Stock,2026-04-11
INV003750,MED001275,SUP0045,BAT733754,2023-08-27,2025-03-19,679,294.14,371.8,141,Frozen (-20°C),WH-A,In Stock,2023-10-06
INV004464,MED001275,SUP0021,BAT555097,2026-07-20,2029-02-04,21,302.82,423.55,184,Frozen (-20°C),WH-A,Low Stock,2026-07-20
INV002370,MED001277,SUP0069,BAT551289,2023-10-17,2025-02-08,357,560.99,747.42,151,Refrigerated (2–8°C),WH-C,In Stock,2024-02-27
INV000751,MED001278,SUP0034,BAT457915,2024-08-07,2026-01-29,80,159.29,212.6,179,Refrigerated (2–8°C),WH-E,Low Stock,2024-10-08
INV001079,MED001278,SUP0072,BAT796590,2024-06-18,2026-03-10,295,480.87,578.54,41,Room Temperature,WH-B,In Stock,2024-11-04
INV004019,MED001278,SUP0045,BAT990623,2023-11-15,2025-08-06,949,344.04,464.72,153,Refrigerated (2–8°C),WH-A,In Stock,2024-01-29
INV004125,MED001278,SUP0031,BAT448162,2026-01-01,2028-08-18,756,495.51,688.31,191,Frozen (-20°C),WH-B,In Stock,2026-04-15
INV004345,MED001278,SUP0001,BAT398454,2025-02-18,2027-04-09,1000,383.09,532.28,38,Frozen (-20°C),WH-E,In Stock,2025-08-08
INV000119,MED001279,SUP0075,BAT674993,2025-05-16,2027-05-06,543,274.96,363.25,100,Room Temperature,WH-A,In Stock,2025-10-30
INV002439,MED001279,SUP0006,BAT983942,2026-02-01,2028-12-17,473,44.45,58.52,156,Refrigerated (2–8°C),WH-D,In Stock,2026-04-10
INV004189,MED001279,SUP0068,BAT723667,2024-03-13,2026-03-03,882,63.69,88.79,88,Refrigerated (2–8°C),WH-A,In Stock,2024-08-16
INV001579,MED001280,SUP0005,BAT924334,2025-04-30,2026-11-21,549,179.6,246.36,133,Room Temperature,WH-C,In Stock,2025-08-02
INV001605,MED001280,SUP0026,BAT356779,2025-05-16,2026-06-10,365,456.56,596.49,145,Refrigerated (2–8°C),WH-B,In Stock,2025-08-25
INV002920,MED001280,SUP0057,BAT562115,2026-02-09,2028-03-30,383,29.32,39.02,144,Frozen (-20°C),WH-E,In Stock,2026-07-20
INV000086,MED001281,SUP0057,BAT896907,2023-11-03,2025-04-26,562,556.97,717.17,58,Frozen (-20°C),WH-D,In Stock,2024-01-25
INV000507,MED001281,SUP0023,BAT685549,2025-11-17,2028-10-02,784,348.06,464.62,188,Frozen (-20°C),WH-D,In Stock,2025-12-29
INV003878,MED001281,SUP0044,BAT117255,2023-09-28,2026-07-14,871,419.98,553.9,48,Frozen (-20°C),WH-D,In Stock,2024-03-10
INV003174,MED001282,SUP0010,BAT319893,2023-08-19,2025-11-06,867,336.77,437.01,72,Room Temperature,WH-D,In Stock,2024-01-20
INV003360,MED001282,SUP0061,BAT428629,2024-09-18,2025-11-12,733,335.49,443.13,124,Room Temperature,WH-C,In Stock,2024-11-27
INV000283,MED001283,SUP0059,BAT117072,2024-03-31,2025-08-23,467,595.14,765.09,25,Frozen (-20°C),WH-B,In Stock,2024-08-05
INV004124,MED001283,SUP0062,BAT124226,2025-10-29,2028-04-16,698,556.48,710.56,34,Frozen (-20°C),WH-C,In Stock,2026-04-21
INV001333,MED001284,SUP0060,BAT546599,2024-06-29,2027-04-15,776,138.66,169.25,99,Frozen (-20°C),WH-E,In Stock,2024-11-15
INV002118,MED001284,SUP0001,BAT697339,2024-07-10,2025-12-02,549,563.4,733.45,96,Refrigerated (2–8°C),WH-C,In Stock,2024-12-01
INV003045,MED001284,SUP0066,BAT185879,2024-05-01,2025-06-25,1,405.19,531.29,37,Room Temperature,WH-B,Low Stock,2024-07-14
INV004687,MED001284,SUP0050,BAT135658,2024-10-22,2027-09-07,997,392.23,522.18,196,Frozen (-20°C),WH-A,In Stock,2024-12-17
INV000011,MED001286,SUP0021,BAT930555,2025-12-01,2028-06-18,394,359.55,465.12,122,Refrigerated (2–8°C),WH-E,In Stock,2026-01-01
INV004984,MED001286,SUP0046,BAT460207,2026-01-03,2028-07-21,652,435.71,575.24,32,Frozen (-20°C),WH-A,In Stock,2026-05-14
INV004872,MED001287,SUP0039,BAT856965,2025-03-15,2027-10-31,18,529.36,693.52,84,Room Temperature,WH-E,Low Stock,2025-06-24
INV000550,MED001288,SUP0072,BAT959959,2024-09-18,2025-10-13,151,393.7,475.33,39,Room Temperature,WH-E,In Stock,2024-11-19
INV002990,MED001288,SUP0073,BAT489261,2024-02-17,2026-10-04,354,366.5,454.78,97,Refrigerated (2–8°C),WH-A,In Stock,2024-05-07
INV002850,MED001289,SUP0043,BAT885789,2024-09-15,2026-09-05,639,42.47,56.05,171,Room Temperature,WH-E,In Stock,2024-12-15
INV003203,MED001289,SUP0024,BAT197026,2025-03-25,2027-02-13,302,195.2,236.58,100,Room Temperature,WH-A,In Stock,2025-08-12
INV000849,MED001290,SUP0074,BAT509873,2025-09-08,2027-03-02,65,234.93,304.22,161,Refrigerated (2–8°C),WH-E,Low Stock,2026-01-01
INV001679,MED001290,SUP0010,BAT999507,2025-05-09,2026-06-03,417,518.42,676.21,70,Frozen (-20°C),WH-D,In Stock,2025-09-17
INV001702,MED001290,SUP0009,BAT778712,2024-01-09,2025-09-30,462,329.69,425.82,185,Room Temperature,WH-D,In Stock,2024-04-21
INV003553,MED001290,SUP0032,BAT918265,2024-06-08,2025-06-03,320,562.69,784.11,88,Refrigerated (2–8°C),WH-B,In Stock,2024-07-28
INV002371,MED001291,SUP0018,BAT145974,2025-05-04,2027-01-24,985,172.5,216.84,179,Refrigerated (2–8°C),WH-B,In Stock,2025-10-08
INV000320,MED001292,SUP0070,BAT933456,2023-08-29,2025-08-18,491,469.95,596.28,164,Frozen (-20°C),WH-E,In Stock,2023-12-13
INV000616,MED001292,SUP0046,BAT610135,2024-01-10,2026-08-27,752,88.27,109.33,73,Frozen (-20°C),WH-E,In Stock,2024-05-16
INV000096,MED001293,SUP0037,BAT338536,2024-01-22,2026-02-10,778,423.82,517.1,187,Room Temperature,WH-C,In Stock,2024-03-02
INV000871,MED001293,SUP0050,BAT810830,2024-04-18,2026-02-07,650,586.92,782.53,106,Room Temperature,WH-C,In Stock,2024-06-16
INV001038,MED001293,SUP0005,BAT222900,2025-06-22,2027-05-13,628,330.16,406.65,178,Frozen (-20°C),WH-C,In Stock,2025-11-07
INV001164,MED001293,SUP0075,BAT346117,2025-07-04,2027-09-22,672,527.34,721.47,71,Refrigerated (2–8°C),WH-D,In Stock,2025-12-01
INV002999,MED001293,SUP0059,BAT348409,2026-06-20,2028-10-07,138,229.62,293.53,104,Room Temperature,WH-B,In Stock,2026-07-20
INV004369,MED001293,SUP0060,BAT479518,2024-02-09,2026-05-29,141,6.89,8.97,51,Frozen (-20°C),WH-D,In Stock,2024-06-04
INV004386,MED001293,SUP0017,BAT431450,2025-06-23,2028-03-09,153,203.79,276.68,92,Refrigerated (2–8°C),WH-D,In Stock,2025-09-22
INV001246,MED001294,SUP0063,BAT688592,2025-06-27,2026-08-21,765,224.67,282.72,160,Refrigerated (2–8°C),WH-D,In Stock,2025-09-03
INV003718,MED001294,SUP0008,BAT585898,2024-05-23,2025-10-15,407,147.19,181.26,153,Frozen (-20°C),WH-A,In Stock,2024-09-28
INV004827,MED001294,SUP0033,BAT831394,2026-05-07,2027-09-29,356,77.28,103.54,80,Refrigerated (2–8°C),WH-B,In Stock,2026-07-20
INV003240,MED001295,SUP0041,BAT394450,2025-06-12,2027-11-29,690,473.82,571.3,130,Room Temperature,WH-A,In Stock,2025-09-25
INV003281,MED001295,SUP0069,BAT950078,2026-06-08,2027-11-30,287,242.18,327.72,118,Room Temperature,WH-B,In Stock,2026-07-20
INV003701,MED001295,SUP0031,BAT730850,2024-09-27,2027-06-14,37,97.62,120.83,158,Room Temperature,WH-D,Low Stock,2025-01-10
INV004755,MED001295,SUP0012,BAT834643,2026-07-03,2029-03-19,824,232.94,324.61,142,Refrigerated (2–8°C),WH-E,In Stock,2026-07-20
INV001822,MED001296,SUP0043,BAT732973,2025-06-30,2027-01-21,9,258.17,353.98,197,Room Temperature,WH-B,Low Stock,2025-07-28
INV003920,MED001296,SUP0061,BAT125779,2024-09-21,2027-06-08,352,596.18,771.41,191,Refrigerated (2–8°C),WH-B,In Stock,2025-02-25
INV004264,MED001296,SUP0017,BAT385061,2025-02-11,2028-01-27,955,491.13,604.79,177,Frozen (-20°C),WH-D,In Stock,2025-07-02
INV001025,MED001298,SUP0057,BAT627812,2023-09-25,2026-06-11,872,131.06,177.64,132,Frozen (-20°C),WH-D,In Stock,2023-12-23
INV002116,MED001298,SUP0034,BAT809290,2025-01-25,2027-03-16,541,141.8,179.15,173,Room Temperature,WH-A,In Stock,2025-03-10
INV002971,MED001298,SUP0073,BAT664903,2025-08-25,2027-02-16,161,148.83,188.92,39,Refrigerated (2–8°C),WH-A,In Stock,2026-01-04
INV000245,MED001299,SUP0035,BAT921609,2026-01-28,2028-04-17,364,564.98,726.77,166,Frozen (-20°C),WH-E,In Stock,2026-04-11
INV002943,MED001299,SUP0059,BAT107305,2024-02-01,2025-12-22,739,341.47,443.66,52,Refrigerated (2–8°C),WH-B,In Stock,2024-02-27
INV002959,MED001299,SUP0009,BAT647045,2025-01-15,2026-05-10,816,134.37,170.11,82,Frozen (-20°C),WH-C,In Stock,2025-07-05
INV003411,MED001299,SUP0061,BAT312005,2026-06-16,2027-12-08,883,259.13,324.62,30,Room Temperature,WH-C,In Stock,2026-07-20
INV000178,MED001301,SUP0071,BAT387782,2024-04-02,2026-11-18,629,60.59,80.48,161,Frozen (-20°C),WH-E,In Stock,2024-07-03
INV003094,MED001302,SUP0074,BAT641290,2024-10-28,2025-10-23,287,541.99,730.65,124,Frozen (-20°C),WH-B,In Stock,2025-03-18
INV002838,MED001303,SUP0026,BAT185103,2026-03-25,2028-01-14,700,361.82,445.66,109,Frozen (-20°C),WH-E,In Stock,2026-07-06
INV003894,MED001303,SUP0005,BAT681406,2025-02-05,2026-05-01,109,321.02,445.98,172,Refrigerated (2–8°C),WH-D,Low Stock,2025-04-14
INV000103,MED001304,SUP0025,BAT751051,2024-12-15,2027-09-01,643,542.53,721.17,49,Refrigerated (2–8°C),WH-D,In Stock,2025-02-03
INV000783,MED001304,SUP0055,BAT561457,2026-04-18,2029-03-03,843,90.89,111.38,66,Frozen (-20°C),WH-D,In Stock,2026-07-20
INV002814,MED001304,SUP0017,BAT267811,2024-12-14,2026-04-08,414,89.13,121.65,162,Room Temperature,WH-B,In Stock,2025-01-29
INV004636,MED001304,SUP0063,BAT357660,2024-07-24,2027-03-11,377,131.11,173.97,60,Refrigerated (2–8°C),WH-C,In Stock,2024-11-20
INV001978,MED001305,SUP0043,BAT290514,2024-11-09,2026-02-02,46,77.03,93.5,65,Room Temperature,WH-C,Low Stock,2024-12-31
INV003336,MED001306,SUP0070,BAT973558,2025-07-03,2027-12-20,498,89.29,124.7,91,Room Temperature,WH-C,In Stock,2025-07-28
INV003896,MED001306,SUP0033,BAT786550,2024-07-13,2026-06-03,69,56.52,78.03,51,Frozen (-20°C),WH-A,In Stock,2025-01-05
INV002036,MED001307,SUP0052,BAT395456,2025-10-15,2028-08-30,793,359.5,483.47,55,Room Temperature,WH-C,In Stock,2026-01-17
INV002603,MED001307,SUP0009,BAT164226,2025-02-17,2026-03-14,247,212.4,271.23,41,Frozen (-20°C),WH-C,In Stock,2025-05-12
INV002697,MED001307,SUP0045,BAT157975,2024-07-03,2027-01-19,515,274.29,350.9,127,Room Temperature,WH-A,In Stock,2024-10-06
INV003770,MED001307,SUP0035,BAT997435,2026-03-19,2027-05-13,471,402.63,505.02,37,Refrigerated (2–8°C),WH-D,In Stock,2026-04-25
INV000998,MED001308,SUP0005,BAT352009,2025-01-22,2026-03-18,578,340.42,462.31,36,Room Temperature,WH-A,In Stock,2025-07-01
INV001035,MED001308,SUP0075,BAT208442,2024-03-04,2026-04-23,125,89.39,111.95,52,Room Temperature,WH-A,In Stock,2024-08-18
INV003302,MED001308,SUP0072,BAT212661,2023-08-19,2025-05-10,769,489.69,657.73,150,Refrigerated (2–8°C),WH-D,In Stock,2023-12-01
INV003314,MED001308,SUP0073,BAT769862,2023-10-19,2024-11-12,125,315.07,392.05,105,Room Temperature,WH-C,In Stock,2024-01-19
INV004147,MED001308,SUP0008,BAT635354,2025-01-31,2027-09-18,944,419.79,540.57,69,Refrigerated (2–8°C),WH-A,In Stock,2025-06-29
INV004162,MED001308,SUP0071,BAT830134,2024-05-15,2026-06-04,101,205.72,286.18,87,Room Temperature,WH-A,In Stock,2024-11-10
INV001076,MED001309,SUP0014,BAT387230,2026-01-26,2028-05-15,271,212.56,269.15,198,Frozen (-20°C),WH-D,In Stock,2026-03-26
INV002178,MED001309,SUP0027,BAT479170,2023-08-20,2024-09-13,998,484.73,611.08,52,Frozen (-20°C),WH-D,In Stock,2023-12-18
INV002368,MED001309,SUP0004,BAT250116,2025-08-06,2026-11-29,622,206.69,276.49,92,Refrigerated (2–8°C),WH-C,In Stock,2025-08-26
INV003471,MED001309,SUP0033,BAT730880,2025-01-11,2026-07-05,937,103.54,125.0,82,Refrigerated (2–8°C),WH-A,In Stock,2025-05-12
INV003646,MED001309,SUP0004,BAT651011,2024-05-21,2026-06-10,733,5.15,6.24,29,Room Temperature,WH-B,In Stock,2024-10-22
INV003970,MED001309,SUP0036,BAT325000,2023-09-23,2025-12-11,824,539.22,701.29,51,Frozen (-20°C),WH-D,In Stock,2023-11-18
INV000001,MED001310,SUP0015,BAT126225,2025-02-03,2026-08-27,142,407.64,561.91,51,Room Temperature,WH-E,In Stock,2025-04-16
INV003851,MED001310,SUP0002,BAT458230,2025-08-17,2027-06-08,712,74.36,102.71,130,Room Temperature,WH-B,In Stock,2025-10-01
INV002561,MED001311,SUP0069,BAT949797,2024-05-01,2026-08-19,231,171.32,236.82,36,Room Temperature,WH-E,In Stock,2024-08-23
INV000453,MED001312,SUP0064,BAT560295,2023-08-11,2025-02-01,292,25.0,33.0,74,Frozen (-20°C),WH-B,In Stock,2024-01-05
INV001375,MED001312,SUP0002,BAT147431,2025-09-09,2027-03-03,946,7.82,9.76,99,Refrigerated (2–8°C),WH-B,In Stock,2025-10-23
INV002397,MED001312,SUP0061,BAT929513,2025-03-21,2028-02-04,135,165.8,221.36,151,Refrigerated (2–8°C),WH-D,Low Stock,2025-04-18
INV004465,MED001312,SUP0055,BAT967030,2026-06-25,2027-08-19,315,260.2,345.48,45,Frozen (-20°C),WH-D,In Stock,2026-07-20
INV004656,MED001312,SUP0060,BAT103716,2024-09-21,2026-02-13,101,485.3,631.63,161,Refrigerated (2–8°C),WH-E,Low Stock,2025-01-28
INV000039,MED001314,SUP0066,BAT519093,2025-05-29,2026-05-24,898,111.25,154.92,91,Refrigerated (2–8°C),WH-A,In Stock,2025-07-12
INV000288,MED001314,SUP0019,BAT171734,2026-07-11,2028-12-27,624,102.65,130.39,191,Room Temperature,WH-B,In Stock,2026-07-20
INV000721,MED001314,SUP0024,BAT760766,2026-01-14,2028-08-31,3,124.04,156.43,127,Frozen (-20°C),WH-A,Low Stock,2026-03-04
INV001397,MED001314,SUP0052,BAT703003,2024-08-29,2025-12-22,324,151.19,203.76,144,Refrigerated (2–8°C),WH-C,In Stock,2024-12-27
INV003860,MED001314,SUP0046,BAT614150,2026-02-06,2027-12-28,635,103.89,137.3,99,Refrigerated (2–8°C),WH-A,In Stock,2026-06-01
INV000113,MED001315,SUP0003,BAT153035,2025-06-03,2026-12-25,805,127.1,173.61,169,Frozen (-20°C),WH-B,In Stock,2025-07-20
INV001137,MED001315,SUP0055,BAT396835,2024-05-09,2025-05-04,621,204.32,261.86,117,Frozen (-20°C),WH-C,In Stock,2024-08-15
INV001444,MED001315,SUP0051,BAT828326,2024-06-02,2026-10-20,833,271.86,332.5,78,Refrigerated (2–8°C),WH-B,In Stock,2024-07-09
INV001670,MED001315,SUP0057,BAT282362,2024-10-05,2026-06-27,965,314.4,391.14,83,Frozen (-20°C),WH-E,In Stock,2025-03-12
INV001680,MED001315,SUP0053,BAT757433,2024-05-10,2025-06-04,225,171.48,206.35,188,Refrigerated (2–8°C),WH-D,In Stock,2024-08-27
INV001841,MED001315,SUP0042,BAT352626,2024-03-29,2025-07-22,467,309.93,387.75,153,Frozen (-20°C),WH-D,In Stock,2024-08-28
INV002293,MED001316,SUP0036,BAT913801,2024-01-03,2026-07-21,789,274.01,364.27,156,Refrigerated (2–8°C),WH-C,In Stock,2024-01-22
INV002791,MED001317,SUP0053,BAT635949,2026-04-13,2028-12-28,287,441.18,565.73,143,Frozen (-20°C),WH-D,In Stock,2026-04-28
INV004799,MED001317,SUP0059,BAT391855,2024-03-08,2026-01-27,879,333.93,454.98,112,Room Temperature,WH-B,In Stock,2024-05-12
INV001730,MED001318,SUP0053,BAT256976,2023-08-03,2024-11-25,866,590.95,792.31,156,Refrigerated (2–8°C),WH-C,In Stock,2023-11-19
INV002444,MED001319,SUP0050,BAT988494,2024-02-07,2026-05-27,835,391.07,507.49,31,Refrigerated (2–8°C),WH-D,In Stock,2024-03-27
INV002238,MED001320,SUP0039,BAT473185,2024-09-13,2027-03-02,271,450.61,593.58,184,Room Temperature,WH-D,In Stock,2025-01-31
INV003598,MED001320,SUP0018,BAT937872,2024-02-22,2027-02-06,758,276.04,338.97,34,Frozen (-20°C),WH-A,In Stock,2024-03-16
INV004035,MED001320,SUP0029,BAT297540,2025-02-18,2026-06-13,332,356.93,495.5,79,Room Temperature,WH-B,In Stock,2025-04-08
INV004267,MED001320,SUP0038,BAT687569,2026-05-16,2028-08-03,18,574.75,776.14,189,Refrigerated (2–8°C),WH-D,Low Stock,2026-07-20
INV000422,MED001321,SUP0071,BAT176697,2025-03-07,2027-11-22,256,122.46,161.17,50,Refrigerated (2–8°C),WH-C,In Stock,2025-04-08
INV003308,MED001321,SUP0050,BAT394040,2025-10-03,2028-04-20,169,558.55,703.57,92,Room Temperature,WH-C,In Stock,2026-03-30
INV004852,MED001321,SUP0017,BAT285978,2025-05-10,2026-06-04,253,239.23,330.48,168,Frozen (-20°C),WH-A,In Stock,2025-10-09
INV000259,MED001322,SUP0052,BAT889245,2025-05-30,2027-06-19,10,158.95,206.97,50,Frozen (-20°C),WH-E,Low Stock,2025-07-11
INV002067,MED001322,SUP0027,BAT118127,2025-07-22,2027-07-12,99,160.33,210.52,167,Refrigerated (2–8°C),WH-E,Low Stock,2025-10-19
INV003099,MED001322,SUP0001,BAT593107,2024-11-17,2027-02-05,291,351.52,464.83,182,Frozen (-20°C),WH-C,In Stock,2025-05-01
INV003686,MED001322,SUP0068,BAT552769,2025-02-04,2026-03-01,389,88.12,113.06,147,Refrigerated (2–8°C),WH-B,In Stock,2025-03-06
INV000203,MED001323,SUP0008,BAT906066,2024-01-20,2026-09-06,237,444.52,609.02,161,Room Temperature,WH-B,In Stock,2024-06-29
INV000426,MED001323,SUP0011,BAT982683,2025-02-14,2026-06-09,201,441.46,585.08,92,Frozen (-20°C),WH-A,In Stock,2025-07-16
INV000561,MED001323,SUP0018,BAT604884,2024-06-03,2027-01-19,913,538.08,695.47,162,Refrigerated (2–8°C),WH-A,In Stock,2024-10-13
INV001227,MED001323,SUP0030,BAT244787,2026-05-09,2027-10-31,216,264.06,334.81,102,Frozen (-20°C),WH-B,In Stock,2026-06-04
INV002029,MED001323,SUP0053,BAT280733,2025-03-19,2027-12-04,43,229.31,290.55,135,Refrigerated (2–8°C),WH-E,Low Stock,2025-05-19
INV002662,MED001323,SUP0039,BAT365449,2025-08-22,2027-03-15,338,172.01,228.96,41,Frozen (-20°C),WH-E,In Stock,2025-11-10
INV004779,MED001323,SUP0051,BAT438768,2026-07-20,2028-07-09,508,102.46,126.42,59,Room Temperature,WH-A,In Stock,2026-07-20
INV000708,MED001324,SUP0021,BAT368903,2024-11-15,2026-11-05,116,119.19,148.88,63,Refrigerated (2–8°C),WH-D,In Stock,2025-01-30
INV000805,MED001324,SUP0001,BAT738359,2026-03-22,2027-03-17,688,250.83,345.91,69,Frozen (-20°C),WH-D,In Stock,2026-04-08
INV002265,MED001324,SUP0002,BAT195042,2024-07-02,2025-11-24,944,56.88,74.74,95,Room Temperature,WH-E,In Stock,2024-09-17
INV002743,MED001324,SUP0022,BAT870677,2025-01-24,2026-04-19,537,487.4,590.86,83,Frozen (-20°C),WH-B,In Stock,2025-07-15
INV003119,MED001324,SUP0018,BAT611871,2025-11-06,2027-04-30,740,41.72,55.72,178,Refrigerated (2–8°C),WH-A,In Stock,2026-04-17
INV003131,MED001325,SUP0055,BAT970648,2025-01-14,2027-03-05,711,157.96,215.35,185,Refrigerated (2–8°C),WH-B,In Stock,2025-03-09
INV003434,MED001325,SUP0060,BAT818862,2025-11-24,2028-11-08,802,398.52,484.54,159,Refrigerated (2–8°C),WH-E,In Stock,2026-04-23
INV004934,MED001325,SUP0070,BAT118286,2025-03-27,2027-10-13,44,250.02,327.59,92,Frozen (-20°C),WH-C,Low Stock,2025-08-15
INV000657,MED001326,SUP0038,BAT596931,2025-03-05,2028-02-18,682,480.75,646.95,62,Refrigerated (2–8°C),WH-C,In Stock,2025-08-13
INV004439,MED001326,SUP0057,BAT161647,2025-05-07,2028-01-22,917,97.85,119.16,163,Room Temperature,WH-A,In Stock,2025-06-19
INV003083,MED001327,SUP0057,BAT766853,2025-04-03,2026-10-25,943,445.4,619.52,94,Frozen (-20°C),WH-C,In Stock,2025-07-16
INV004823,MED001327,SUP0015,BAT380256,2024-03-14,2025-11-04,233,562.65,712.55,113,Room Temperature,WH-E,In Stock,2024-08-09
INV002568,MED001328,SUP0044,BAT551188,2024-02-09,2026-01-29,188,229.06,307.76,112,Refrigerated (2–8°C),WH-D,In Stock,2024-04-01
INV003143,MED001328,SUP0038,BAT532310,2024-01-07,2026-09-23,335,59.5,82.42,42,Frozen (-20°C),WH-A,In Stock,2024-02-04
INV004175,MED001328,SUP0003,BAT393750,2025-06-08,2027-10-26,552,219.72,264.26,151,Frozen (-20°C),WH-D,In Stock,2025-08-24
INV000109,MED001330,SUP0053,BAT222343,2024-05-02,2025-05-27,311,74.09,92.39,151,Frozen (-20°C),WH-B,In Stock,2024-05-26
INV002337,MED001330,SUP0048,BAT521840,2026-07-18,2027-11-10,87,397.03,495.97,146,Room Temperature,WH-D,Low Stock,2026-07-20
INV004570,MED001330,SUP0017,BAT832590,2024-06-15,2027-01-31,829,66.44,80.73,167,Refrigerated (2–8°C),WH-B,In Stock,2024-11-01
INV003326,MED001331,SUP0030,BAT162438,2025-09-23,2028-03-11,965,260.45,338.08,43,Room Temperature,WH-B,In Stock,2026-01-10
INV001495,MED001332,SUP0044,BAT418239,2025-05-20,2027-02-09,523,234.73,322.57,149,Frozen (-20°C),WH-E,In Stock,2025-10-02
INV001807,MED001332,SUP0005,BAT302635,2025-03-04,2026-10-25,806,252.75,346.02,170,Refrigerated (2–8°C),WH-D,In Stock,2025-03-26
INV001984,MED001332,SUP0046,BAT244025,2025-09-06,2027-03-30,210,418.36,551.7,37,Frozen (-20°C),WH-A,In Stock,2025-12-12
INV003159,MED001333,SUP0036,BAT826851,2026-07-14,2027-07-09,905,92.94,127.48,64,Refrigerated (2–8°C),WH-B,In Stock,2026-07-20
INV003564,MED001333,SUP0025,BAT434232,2024-12-12,2026-09-03,737,210.98,287.57,39,Frozen (-20°C),WH-A,In Stock,2025-04-25
INV000180,MED001334,SUP0027,BAT904214,2025-11-20,2028-06-07,31,533.95,699.0,152,Frozen (-20°C),WH-C,Low Stock,2026-05-17
INV004118,MED001334,SUP0065,BAT674748,2023-11-30,2024-11-24,553,484.52,632.65,106,Room Temperature,WH-B,In Stock,2024-05-23
INV002784,MED001335,SUP0027,BAT162280,2023-11-17,2024-12-11,734,344.73,432.83,36,Room Temperature,WH-D,In Stock,2024-05-14
INV003555,MED001335,SUP0069,BAT617465,2025-12-10,2028-09-25,931,184.92,257.83,145,Frozen (-20°C),WH-D,In Stock,2026-04-05
INV002122,MED001336,SUP0046,BAT636838,2024-10-18,2027-09-03,219,173.96,225.27,128,Room Temperature,WH-C,In Stock,2024-12-31
INV004137,MED001336,SUP0029,BAT193901,2025-06-09,2028-05-24,96,26.91,33.79,133,Refrigerated (2–8°C),WH-A,Low Stock,2025-10-28
INV004561,MED001336,SUP0013,BAT916253,2025-10-09,2028-01-27,334,109.79,140.58,176,Refrigerated (2–8°C),WH-A,In Stock,2026-03-09
INV004882,MED001336,SUP0029,BAT511524,2026-02-01,2027-07-26,398,165.13,230.26,42,Refrigerated (2–8°C),WH-C,In Stock,2026-04-12
INV003377,MED001339,SUP0034,BAT315570,2025-06-16,2027-10-04,592,59.49,82.89,168,Frozen (-20°C),WH-C,In Stock,2025-09-09
INV003992,MED001339,SUP0006,BAT815184,2024-09-11,2026-10-01,21,417.75,510.28,125,Frozen (-20°C),WH-C,Low Stock,2025-03-03
INV002027,MED001340,SUP0048,BAT700524,2024-06-07,2025-09-30,292,47.44,65.7,54,Refrigerated (2–8°C),WH-B,In Stock,2024-11-20
INV003574,MED001340,SUP0073,BAT886554,2024-11-03,2026-09-24,690,446.33,611.62,138,Refrigerated (2–8°C),WH-B,In Stock,2025-02-04
INV000365,MED001341,SUP0012,BAT333049,2025-07-17,2027-02-07,430,226.15,297.87,109,Refrigerated (2–8°C),WH-A,In Stock,2025-10-18
INV002786,MED001341,SUP0055,BAT483209,2024-12-05,2026-09-26,935,519.63,637.08,76,Refrigerated (2–8°C),WH-D,In Stock,2025-02-04
INV003911,MED001341,SUP0074,BAT150888,2024-03-07,2026-06-25,971,458.33,559.44,51,Room Temperature,WH-C,In Stock,2024-06-23
INV004397,MED001341,SUP0063,BAT862502,2025-03-22,2028-03-06,823,547.24,691.14,26,Frozen (-20°C),WH-B,In Stock,2025-05-16
INV001172,MED001342,SUP0007,BAT643842,2024-09-24,2026-08-15,203,503.7,644.29,65,Frozen (-20°C),WH-B,In Stock,2025-02-23
INV002125,MED001342,SUP0022,BAT343944,2024-01-11,2026-07-29,741,216.88,280.29,192,Room Temperature,WH-C,In Stock,2024-02-03
INV002664,MED001342,SUP0071,BAT549796,2024-06-12,2026-07-02,221,587.29,802.22,136,Frozen (-20°C),WH-C,In Stock,2024-10-31
INV003280,MED001342,SUP0027,BAT363175,2023-09-28,2025-03-21,11,122.52,152.74,93,Room Temperature,WH-A,Low Stock,2024-02-04
INV000980,MED001343,SUP0037,BAT336856,2025-09-15,2028-06-01,503,594.51,740.11,68,Refrigerated (2–8°C),WH-C,In Stock,2025-10-28
INV004226,MED001343,SUP0027,BAT153188,2024-02-24,2025-02-18,336,226.91,307.01,73,Room Temperature,WH-B,In Stock,2024-07-09
INV000200,MED001344,SUP0033,BAT883641,2026-03-28,2027-09-19,847,166.32,218.28,162,Refrigerated (2–8°C),WH-B,In Stock,2026-06-02
INV002359,MED001344,SUP0052,BAT133919,2025-03-16,2027-05-05,150,191.56,252.88,29,Refrigerated (2–8°C),WH-A,In Stock,2025-05-10
INV002612,MED001344,SUP0066,BAT271016,2025-02-18,2026-07-13,409,89.51,115.79,193,Frozen (-20°C),WH-D,In Stock,2025-06-12
INV000531,MED001346,SUP0018,BAT192059,2025-09-10,2027-12-29,893,413.48,530.69,185,Frozen (-20°C),WH-B,In Stock,2026-02-28
INV001968,MED001346,SUP0047,BAT504872,2023-11-27,2025-09-17,809,31.79,40.17,146,Frozen (-20°C),WH-A,In Stock,2024-02-20
INV002433,MED001346,SUP0012,BAT489577,2024-01-25,2026-05-14,479,302.89,381.33,163,Room Temperature,WH-D,In Stock,2024-03-03
INV002560,MED001346,SUP0019,BAT750728,2025-06-12,2028-02-27,298,112.86,140.45,116,Room Temperature,WH-C,In Stock,2025-11-27
INV003693,MED001346,SUP0027,BAT947129,2025-07-17,2028-05-02,447,153.95,199.03,195,Frozen (-20°C),WH-B,In Stock,2025-12-16
INV002832,MED001347,SUP0051,BAT617392,2023-08-06,2025-12-23,885,456.69,584.93,155,Frozen (-20°C),WH-E,In Stock,2023-10-25
INV004734,MED001347,SUP0017,BAT446214,2025-06-24,2028-04-09,894,255.89,308.32,187,Frozen (-20°C),WH-E,In Stock,2025-10-12
INV001585,MED001348,SUP0043,BAT382117,2023-11-04,2025-02-26,96,7.39,10.19,175,Room Temperature,WH-D,Low Stock,2023-12-06
INV003330,MED001348,SUP0065,BAT835171,2024-02-21,2025-02-15,720,381.79,501.73,124,Refrigerated (2–8°C),WH-E,In Stock,2024-08-03
INV000501,MED001349,SUP0069,BAT958835,2025-09-21,2027-03-15,699,460.61,566.93,152,Refrigerated (2–8°C),WH-C,In Stock,2026-02-17
INV002037,MED001349,SUP0024,BAT217223,2024-05-04,2027-02-18,828,111.53,138.15,62,Room Temperature,WH-C,In Stock,2024-09-07
INV002305,MED001349,SUP0032,BAT951153,2023-11-09,2026-08-25,801,494.11,600.38,198,Frozen (-20°C),WH-E,In Stock,2023-12-31
INV000045,MED001350,SUP0011,BAT397571,2026-06-10,2029-02-24,634,60.57,84.22,110,Room Temperature,WH-C,In Stock,2026-07-20
INV004571,MED001350,SUP0075,BAT294409,2025-08-06,2028-05-22,547,25.34,31.29,88,Room Temperature,WH-D,In Stock,2025-12-27
INV000549,MED001351,SUP0061,BAT575779,2025-11-06,2027-12-26,615,8.91,12.26,178,Refrigerated (2–8°C),WH-E,In Stock,2025-12-11
INV000694,MED001351,SUP0039,BAT840356,2024-06-21,2026-09-09,137,430.86,559.04,104,Room Temperature,WH-E,In Stock,2024-10-24
INV001075,MED001351,SUP0019,BAT474545,2026-05-05,2027-04-30,591,218.85,295.2,135,Room Temperature,WH-D,In Stock,2026-07-20
INV001408,MED001351,SUP0011,BAT449090,2023-09-23,2025-01-15,10,16.43,20.97,171,Refrigerated (2–8°C),WH-D,Low Stock,2024-03-15
INV001595,MED001351,SUP0067,BAT813361,2025-02-03,2027-03-25,878,91.82,117.33,187,Room Temperature,WH-B,In Stock,2025-04-10
INV002044,MED001352,SUP0073,BAT904579,2023-11-25,2024-12-19,407,420.02,517.8,161,Refrigerated (2–8°C),WH-D,In Stock,2024-04-03
INV003666,MED001352,SUP0065,BAT704092,2025-07-04,2027-12-21,376,89.41,112.74,84,Refrigerated (2–8°C),WH-D,In Stock,2025-08-17
INV003869,MED001352,SUP0026,BAT262844,2024-12-15,2027-10-31,129,571.95,724.09,139,Refrigerated (2–8°C),WH-A,Low Stock,2025-03-27
INV004143,MED001352,SUP0016,BAT426099,2025-12-31,2027-08-23,3,264.02,323.37,68,Refrigerated (2–8°C),WH-B,Low Stock,2026-03-25
INV004599,MED001352,SUP0044,BAT303086,2023-12-30,2026-02-17,415,483.68,596.33,30,Refrigerated (2–8°C),WH-C,In Stock,2024-04-19
INV000957,MED001353,SUP0042,BAT322274,2025-02-24,2027-05-15,930,64.95,80.34,180,Refrigerated (2–8°C),WH-C,In Stock,2025-05-21
INV001757,MED001353,SUP0023,BAT577462,2025-03-29,2028-03-13,106,459.79,577.68,63,Room Temperature,WH-A,In Stock,2025-08-24
INV002405,MED001353,SUP0014,BAT445552,2025-03-02,2027-07-20,233,14.69,19.68,89,Room Temperature,WH-D,In Stock,2025-06-11
INV000246,MED001354,SUP0049,BAT189856,2025-03-16,2026-10-07,84,96.76,129.88,93,Frozen (-20°C),WH-B,Low Stock,2025-04-18
INV000436,MED001354,SUP0030,BAT534753,2025-05-27,2028-04-11,493,289.89,360.08,197,Room Temperature,WH-D,In Stock,2025-07-10
INV002923,MED001354,SUP0005,BAT526630,2024-06-28,2026-03-20,167,119.59,166.03,84,Room Temperature,WH-A,In Stock,2024-09-02
INV003089,MED001354,SUP0047,BAT725221,2024-07-25,2025-08-19,754,340.3,438.51,115,Refrigerated (2–8°C),WH-D,In Stock,2024-10-31
INV003942,MED001355,SUP0004,BAT462866,2023-09-21,2025-10-10,455,155.29,196.9,49,Room Temperature,WH-B,In Stock,2024-01-25
INV002497,MED001356,SUP0074,BAT676870,2025-07-28,2026-12-20,483,216.95,296.56,84,Room Temperature,WH-C,In Stock,2026-01-18
INV002890,MED001356,SUP0067,BAT355674,2024-08-30,2026-03-23,273,540.14,660.19,40,Refrigerated (2–8°C),WH-B,In Stock,2024-12-05
INV003971,MED001356,SUP0059,BAT940828,2023-12-07,2026-08-23,975,354.98,453.47,172,Frozen (-20°C),WH-D,In Stock,2024-04-08
INV004526,MED001356,SUP0019,BAT806362,2026-06-10,2029-01-25,200,405.95,515.21,179,Frozen (-20°C),WH-E,In Stock,2026-07-20
INV004644,MED001356,SUP0056,BAT213927,2024-02-02,2026-08-20,789,275.33,365.59,176,Room Temperature,WH-C,In Stock,2024-05-16
INV004693,MED001356,SUP0025,BAT128009,2026-07-20,2027-08-14,964,385.15,478.78,46,Room Temperature,WH-C,In Stock,2026-07-20
INV004786,MED001357,SUP0031,BAT449082,2023-11-23,2026-07-10,856,342.47,459.88,150,Room Temperature,WH-C,In Stock,2024-05-06
INV000926,MED001358,SUP0006,BAT348617,2023-10-04,2025-03-27,306,574.67,758.81,80,Room Temperature,WH-E,In Stock,2023-11-24
INV002061,MED001358,SUP0066,BAT945365,2025-10-05,2026-09-30,988,75.37,103.82,68,Room Temperature,WH-B,In Stock,2026-01-11
INV002519,MED001358,SUP0011,BAT909143,2023-09-10,2024-10-04,671,536.71,648.2,66,Frozen (-20°C),WH-E,In Stock,2023-12-13
INV002663,MED001358,SUP0054,BAT471128,2026-06-07,2027-11-29,518,473.0,620.72,75,Room Temperature,WH-C,In Stock,2026-07-20
INV002834,MED001359,SUP0024,BAT266566,2026-07-01,2027-11-23,922,457.28,558.87,25,Room Temperature,WH-B,In Stock,2026-07-20
INV002863,MED001359,SUP0010,BAT958413,2025-01-08,2027-10-25,495,107.9,149.82,59,Refrigerated (2–8°C),WH-E,In Stock,2025-06-09
INV004722,MED001359,SUP0022,BAT972227,2025-04-12,2026-08-05,418,202.62,274.3,80,Room Temperature,WH-C,In Stock,2025-09-17
INV000712,MED001361,SUP0075,BAT912767,2026-06-30,2028-02-20,905,146.66,179.58,48,Refrigerated (2–8°C),WH-C,In Stock,2026-07-20
INV002464,MED001361,SUP0013,BAT524137,2023-12-15,2026-08-01,912,140.62,190.21,50,Refrigerated (2–8°C),WH-D,In Stock,2024-03-12
INV003582,MED001361,SUP0064,BAT368239,2024-09-29,2027-08-15,314,82.18,99.33,103,Refrigerated (2–8°C),WH-A,In Stock,2024-12-05
INV001580,MED001362,SUP0018,BAT829711,2024-12-30,2026-12-20,287,510.59,712.92,112,Frozen (-20°C),WH-C,In Stock,2025-02-22
INV001795,MED001362,SUP0007,BAT380110,2023-10-17,2026-04-04,234,158.9,215.8,55,Frozen (-20°C),WH-D,In Stock,2024-01-30
INV002068,MED001362,SUP0038,BAT552977,2026-01-25,2028-07-13,514,548.82,758.72,147,Frozen (-20°C),WH-A,In Stock,2026-02-22
INV002875,MED001362,SUP0071,BAT908085,2025-12-05,2028-01-24,693,215.0,266.51,88,Refrigerated (2–8°C),WH-D,In Stock,2026-04-01
INV002071,MED001363,SUP0044,BAT542435,2025-10-18,2027-09-08,308,229.81,311.96,34,Room Temperature,WH-A,In Stock,2025-12-14
INV000492,MED001364,SUP0027,BAT595793,2025-09-24,2028-06-10,958,99.37,133.72,107,Frozen (-20°C),WH-E,In Stock,2025-12-27
INV000655,MED001364,SUP0041,BAT460549,2024-05-18,2026-04-08,552,322.52,394.86,66,Room Temperature,WH-D,In Stock,2024-09-24
INV002887,MED001364,SUP0044,BAT189472,2024-09-30,2026-09-20,192,579.99,775.7,155,Room Temperature,WH-A,In Stock,2025-02-07
INV000298,MED001365,SUP0023,BAT225245,2023-08-15,2026-05-31,718,102.48,142.51,27,Frozen (-20°C),WH-E,In Stock,2023-10-04
INV001549,MED001365,SUP0074,BAT191771,2023-10-11,2025-03-04,338,28.17,37.09,50,Room Temperature,WH-E,In Stock,2024-01-13
INV002200,MED001365,SUP0061,BAT120890,2025-09-24,2027-11-13,67,373.75,457.35,136,Frozen (-20°C),WH-C,Low Stock,2026-01-08
INV003053,MED001365,SUP0009,BAT847652,2024-10-30,2027-07-17,1000,88.25,121.78,112,Room Temperature,WH-D,In Stock,2024-12-29
INV003845,MED001365,SUP0010,BAT583840,2026-04-06,2029-01-20,848,299.7,375.81,187,Refrigerated (2–8°C),WH-A,In Stock,2026-04-29
INV004009,MED001365,SUP0016,BAT948819,2024-04-24,2026-04-14,112,453.68,598.99,149,Room Temperature,WH-A,Low Stock,2024-09-17
INV004268,MED001365,SUP0062,BAT538369,2024-12-23,2027-06-11,947,274.39,331.75,77,Room Temperature,WH-C,In Stock,2025-05-07
INV001934,MED001366,SUP0008,BAT482384,2026-07-13,2028-02-03,251,569.79,791.94,91,Room Temperature,WH-B,In Stock,2026-07-20
INV000130,MED001367,SUP0040,BAT147623,2024-10-14,2026-10-04,56,126.63,175.9,26,Room Temperature,WH-C,In Stock,2025-03-31
INV001748,MED001367,SUP0066,BAT474723,2024-08-02,2026-02-23,547,554.96,754.6,125,Room Temperature,WH-B,In Stock,2025-01-27
INV002144,MED001367,SUP0015,BAT435197,2024-01-23,2025-06-16,553,596.05,799.08,128,Frozen (-20°C),WH-E,In Stock,2024-05-27
INV002713,MED001367,SUP0049,BAT172191,2025-03-30,2026-12-20,907,109.67,140.91,122,Frozen (-20°C),WH-B,In Stock,2025-07-23
INV004236,MED001367,SUP0016,BAT916898,2026-06-01,2027-05-27,830,340.97,460.04,70,Frozen (-20°C),WH-C,In Stock,2026-07-20
INV000049,MED001368,SUP0068,BAT686075,2025-04-30,2028-04-14,627,258.91,357.65,154,Refrigerated (2–8°C),WH-B,In Stock,2025-09-05
INV000172,MED001368,SUP0045,BAT844007,2023-11-30,2026-04-18,297,511.56,686.7,101,Frozen (-20°C),WH-B,In Stock,2024-05-01
INV003199,MED001368,SUP0038,BAT470622,2026-04-29,2028-02-18,351,344.18,480.22,181,Room Temperature,WH-C,In Stock,2026-07-20
INV001057,MED001369,SUP0016,BAT647108,2026-07-05,2028-01-26,489,296.61,372.57,194,Frozen (-20°C),WH-D,In Stock,2026-07-20
INV001565,MED001369,SUP0075,BAT366487,2025-10-06,2027-05-29,543,29.12,40.49,83,Refrigerated (2–8°C),WH-B,In Stock,2025-10-22
INV001641,MED001370,SUP0011,BAT592654,2025-08-31,2027-05-23,811,518.54,675.45,96,Frozen (-20°C),WH-E,In Stock,2025-12-29
INV003600,MED001370,SUP0063,BAT663520,2023-08-21,2025-04-12,965,571.78,798.84,30,Frozen (-20°C),WH-D,In Stock,2023-09-29
INV001966,MED001371,SUP0041,BAT340244,2025-04-05,2028-03-20,668,197.76,237.85,168,Frozen (-20°C),WH-A,In Stock,2025-05-21
INV003149,MED001371,SUP0022,BAT158884,2025-02-16,2026-04-12,291,212.79,285.94,53,Refrigerated (2–8°C),WH-C,In Stock,2025-06-14
INV003525,MED001371,SUP0039,BAT321965,2025-03-30,2027-11-15,211,152.34,210.99,114,Room Temperature,WH-A,In Stock,2025-07-04
INV000861,MED001373,SUP0060,BAT608306,2026-02-19,2027-04-15,561,149.16,207.33,193,Room Temperature,WH-D,In Stock,2026-03-27
INV001963,MED001373,SUP0073,BAT261777,2024-08-01,2025-12-24,414,229.33,312.85,39,Frozen (-20°C),WH-C,In Stock,2024-11-14
INV002922,MED001373,SUP0011,BAT157854,2026-01-02,2028-12-17,366,82.36,108.67,56,Room Temperature,WH-B,In Stock,2026-03-19
INV004613,MED001373,SUP0004,BAT271166,2025-02-08,2026-10-31,573,87.26,119.38,160,Refrigerated (2–8°C),WH-D,In Stock,2025-04-16
INV004106,MED001374,SUP0011,BAT873677,2025-07-09,2027-07-29,123,277.99,351.35,42,Frozen (-20°C),WH-E,In Stock,2025-11-28
INV004108,MED001374,SUP0005,BAT630601,2026-05-11,2028-01-31,506,428.54,579.8,109,Frozen (-20°C),WH-E,In Stock,2026-05-27
INV000167,MED001375,SUP0052,BAT480959,2026-06-05,2029-04-20,975,89.95,118.87,32,Refrigerated (2–8°C),WH-A,In Stock,2026-07-20
INV000570,MED001375,SUP0016,BAT385898,2024-05-21,2025-10-13,117,575.19,754.61,28,Room Temperature,WH-B,In Stock,2024-08-14
INV004821,MED001375,SUP0036,BAT818335,2024-09-16,2025-11-10,819,225.43,270.94,114,Room Temperature,WH-C,In Stock,2024-10-08
INV001849,MED001376,SUP0072,BAT940997,2026-03-31,2029-01-14,124,330.91,451.22,27,Room Temperature,WH-C,In Stock,2026-07-20
INV004326,MED001376,SUP0029,BAT724918,2026-03-04,2028-02-22,754,411.49,519.54,51,Room Temperature,WH-D,In Stock,2026-07-02
INV000221,MED001377,SUP0007,BAT356622,2023-10-19,2025-10-08,239,134.28,184.33,163,Room Temperature,WH-B,In Stock,2024-02-23
INV001160,MED001377,SUP0010,BAT841143,2025-04-25,2026-05-20,102,193.93,265.35,158,Frozen (-20°C),WH-A,Low Stock,2025-08-28
INV000780,MED001378,SUP0018,BAT849051,2025-09-01,2027-12-20,107,312.29,386.77,108,Refrigerated (2–8°C),WH-D,Low Stock,2025-11-18
INV001918,MED001379,SUP0017,BAT871457,2023-08-16,2024-12-08,649,587.31,737.31,78,Frozen (-20°C),WH-B,In Stock,2023-09-09
INV003846,MED001379,SUP0032,BAT210987,2025-11-14,2027-02-07,679,12.48,16.19,101,Frozen (-20°C),WH-B,In Stock,2026-01-24
INV004452,MED001379,SUP0007,BAT676196,2026-02-19,2027-10-12,430,518.48,637.69,42,Frozen (-20°C),WH-B,In Stock,2026-07-20
INV000192,MED001380,SUP0015,BAT536774,2025-04-11,2028-02-25,27,287.38,400.44,177,Frozen (-20°C),WH-E,Low Stock,2025-10-04
INV001931,MED001380,SUP0020,BAT206338,2026-06-09,2028-09-26,907,322.61,418.94,35,Frozen (-20°C),WH-E,In Stock,2026-07-20
INV000401,MED001381,SUP0069,BAT399817,2025-12-02,2026-11-27,109,231.62,280.4,31,Room Temperature,WH-B,In Stock,2026-04-29
INV004756,MED001381,SUP0008,BAT665881,2025-03-11,2026-09-02,808,251.48,317.77,183,Frozen (-20°C),WH-A,In Stock,2025-04-15
INV001247,MED001382,SUP0060,BAT131000,2024-06-04,2026-12-21,170,214.22,275.55,184,Room Temperature,WH-C,Low Stock,2024-11-15
INV002643,MED001382,SUP0032,BAT108773,2025-12-23,2028-03-12,619,373.15,469.44,139,Room Temperature,WH-A,In Stock,2026-02-27
INV000027,MED001383,SUP0031,BAT523389,2024-03-22,2026-09-08,592,28.65,34.85,177,Frozen (-20°C),WH-E,In Stock,2024-06-08
INV000695,MED001383,SUP0063,BAT792142,2026-03-09,2028-05-27,874,306.48,391.77,65,Refrigerated (2–8°C),WH-E,In Stock,2026-07-20
INV001465,MED001384,SUP0070,BAT527636,2025-07-27,2027-08-16,616,531.44,673.1,89,Refrigerated (2–8°C),WH-D,In Stock,2025-09-02
INV003469,MED001384,SUP0058,BAT794778,2025-10-15,2028-06-01,845,303.94,398.87,142,Room Temperature,WH-A,In Stock,2026-02-02
INV004298,MED001384,SUP0066,BAT358034,2026-03-01,2027-06-24,977,432.62,585.1,167,Refrigerated (2–8°C),WH-E,In Stock,2026-06-25
INV002450,MED001385,SUP0005,BAT474841,2024-04-06,2026-11-22,537,372.63,497.5,147,Frozen (-20°C),WH-B,In Stock,2024-05-14
INV003048,MED001385,SUP0060,BAT758607,2024-12-03,2027-07-21,876,581.81,782.49,117,Room Temperature,WH-E,In Stock,2025-04-02
INV004544,MED001385,SUP0020,BAT437991,2025-06-03,2026-09-26,252,563.6,752.13,72,Frozen (-20°C),WH-E,In Stock,2025-06-20
INV002425,MED001387,SUP0003,BAT453141,2023-10-21,2025-02-12,1,431.75,539.77,68,Room Temperature,WH-A,Low Stock,2024-02-23
INV001292,MED001388,SUP0034,BAT367762,2023-09-06,2024-12-29,657,259.26,352.91,130,Room Temperature,WH-E,In Stock,2023-10-21
INV002856,MED001388,SUP0036,BAT413456,2024-02-02,2025-10-24,799,206.74,275.88,67,Refrigerated (2–8°C),WH-C,In Stock,2024-07-20
INV003976,MED001388,SUP0072,BAT916197,2025-06-05,2027-04-26,476,41.72,56.7,83,Room Temperature,WH-D,In Stock,2025-08-08
INV001421,MED001389,SUP0009,BAT696850,2025-01-08,2027-11-24,461,446.6,578.83,116,Refrigerated (2–8°C),WH-C,In Stock,2025-04-14
INV004029,MED001389,SUP0004,BAT540920,2024-04-12,2026-09-29,371,84.44,107.86,29,Frozen (-20°C),WH-C,In Stock,2024-07-11
INV000602,MED001390,SUP0041,BAT656011,2023-10-13,2025-01-05,652,573.93,738.28,115,Frozen (-20°C),WH-C,In Stock,2024-03-12
INV002361,MED001391,SUP0018,BAT771688,2024-08-26,2025-10-20,768,177.12,238.97,41,Frozen (-20°C),WH-E,In Stock,2025-01-01
INV002631,MED001391,SUP0031,BAT951771,2024-06-04,2025-05-30,93,417.14,568.75,151,Refrigerated (2–8°C),WH-D,Low Stock,2024-08-11
INV003585,MED001391,SUP0030,BAT725785,2025-07-21,2027-08-10,133,55.63,70.96,193,Room Temperature,WH-E,Low Stock,2025-12-01
INV004047,MED001391,SUP0060,BAT697889,2024-01-12,2026-10-28,567,380.84,518.71,185,Room Temperature,WH-A,In Stock,2024-05-28
INV004066,MED001391,SUP0010,BAT507729,2025-01-01,2026-01-26,522,522.73,728.17,143,Frozen (-20°C),WH-A,In Stock,2025-05-10
INV000982,MED001392,SUP0055,BAT257517,2025-03-29,2027-10-15,356,166.3,216.17,51,Refrigerated (2–8°C),WH-C,In Stock,2025-06-25
INV001071,MED001392,SUP0002,BAT722859,2025-07-11,2027-09-29,1,524.57,679.06,150,Room Temperature,WH-A,Low Stock,2025-12-22
INV002287,MED001392,SUP0050,BAT891694,2024-11-10,2026-10-31,946,223.81,281.86,42,Frozen (-20°C),WH-A,In Stock,2025-04-15
INV003354,MED001392,SUP0043,BAT479188,2026-05-18,2028-08-05,995,466.9,641.61,97,Room Temperature,WH-D,In Stock,2026-07-20
INV003907,MED001392,SUP0002,BAT319376,2025-11-22,2026-11-17,448,320.27,391.42,150,Frozen (-20°C),WH-B,In Stock,2026-03-13
INV002470,MED001393,SUP0029,BAT381715,2023-10-10,2024-12-03,742,583.31,764.57,137,Refrigerated (2–8°C),WH-D,In Stock,2023-12-17
INV001866,MED001395,SUP0038,BAT490959,2026-04-11,2027-05-06,445,80.22,109.82,154,Room Temperature,WH-B,In Stock,2026-07-16
INV002351,MED001395,SUP0027,BAT717156,2025-09-11,2027-09-01,785,146.94,187.25,35,Frozen (-20°C),WH-E,In Stock,2025-11-06
INV000459,MED001396,SUP0059,BAT715332,2023-09-15,2025-12-03,264,232.69,315.93,42,Room Temperature,WH-B,In Stock,2023-10-29
INV004804,MED001396,SUP0059,BAT398979,2026-03-02,2029-01-15,771,105.07,139.11,114,Refrigerated (2–8°C),WH-E,In Stock,2026-07-20
INV000098,MED001397,SUP0024,BAT278240,2024-07-13,2025-09-06,891,373.73,466.48,122,Frozen (-20°C),WH-B,In Stock,2024-12-31
INV000614,MED001397,SUP0039,BAT520075,2023-11-11,2026-06-28,92,323.1,449.82,118,Room Temperature,WH-D,Low Stock,2024-05-09
INV001949,MED001397,SUP0042,BAT526495,2024-08-09,2026-01-31,3,170.8,207.08,53,Room Temperature,WH-C,Low Stock,2024-12-21
INV004652,MED001397,SUP0045,BAT183306,2026-05-19,2028-09-05,780,330.43,431.59,138,Room Temperature,WH-E,In Stock,2026-07-20
INV004654,MED001397,SUP0010,BAT688098,2025-12-22,2027-11-12,658,515.04,688.14,175,Refrigerated (2–8°C),WH-D,In Stock,2026-06-16
INV004660,MED001397,SUP0062,BAT346967,2024-02-13,2026-08-01,82,393.37,530.97,163,Room Temperature,WH-A,Low Stock,2024-06-30
INV001107,MED001398,SUP0068,BAT620277,2024-08-13,2026-02-04,847,303.01,385.22,146,Frozen (-20°C),WH-B,In Stock,2025-01-21
INV001229,MED001398,SUP0067,BAT974756,2024-02-23,2026-04-13,354,440.94,586.97,200,Refrigerated (2–8°C),WH-A,In Stock,2024-03-30
INV001541,MED001398,SUP0036,BAT945350,2024-12-04,2026-06-27,444,166.95,231.72,148,Refrigerated (2–8°C),WH-D,In Stock,2024-12-24
INV003596,MED001398,SUP0045,BAT853914,2025-06-09,2028-05-24,689,163.85,227.32,106,Room Temperature,WH-D,In Stock,2025-08-19
INV004041,MED001398,SUP0023,BAT651786,2025-06-17,2027-01-08,660,37.47,52.39,188,Refrigerated (2–8°C),WH-C,In Stock,2025-08-04
INV002718,MED001399,SUP0030,BAT521070,2024-10-27,2027-08-13,783,348.11,430.34,113,Room Temperature,WH-E,In Stock,2024-12-01
INV003266,MED001399,SUP0061,BAT110093,2023-09-02,2025-10-21,830,295.01,399.84,87,Frozen (-20°C),WH-E,In Stock,2023-09-28
INV004832,MED001399,SUP0065,BAT219814,2024-06-22,2027-05-08,462,596.39,785.71,53,Frozen (-20°C),WH-B,In Stock,2024-12-13
INV001084,MED001400,SUP0026,BAT362165,2024-04-23,2026-05-13,204,186.47,234.85,102,Frozen (-20°C),WH-D,In Stock,2024-09-26
INV004692,MED001400,SUP0003,BAT555510,2024-08-03,2026-12-21,89,433.19,583.0,107,Refrigerated (2–8°C),WH-A,Low Stock,2024-12-26
INV000593,MED001401,SUP0070,BAT936866,2025-04-20,2027-11-06,925,323.34,388.71,112,Refrigerated (2–8°C),WH-E,In Stock,2025-05-18
INV002191,MED001401,SUP0007,BAT856818,2026-05-25,2028-01-15,595,174.51,243.55,190,Refrigerated (2–8°C),WH-E,In Stock,2026-07-04
INV002840,MED001401,SUP0021,BAT549359,2026-01-14,2027-11-05,859,75.1,99.39,191,Refrigerated (2–8°C),WH-D,In Stock,2026-02-28
INV002158,MED001402,SUP0029,BAT361138,2025-12-26,2027-03-21,740,572.09,695.95,87,Room Temperature,WH-E,In Stock,2026-02-03
INV003072,MED001402,SUP0003,BAT119210,2025-08-03,2026-09-27,525,372.97,498.93,54,Refrigerated (2–8°C),WH-B,In Stock,2025-08-26
INV001928,MED001403,SUP0040,BAT734031,2024-08-10,2027-05-27,581,209.55,264.13,131,Frozen (-20°C),WH-D,In Stock,2024-10-21
INV004554,MED001404,SUP0030,BAT423161,2024-08-15,2025-08-10,406,392.87,489.57,157,Frozen (-20°C),WH-E,In Stock,2024-12-22
INV004597,MED001404,SUP0064,BAT802166,2023-07-27,2025-05-17,60,594.49,770.32,111,Frozen (-20°C),WH-C,Low Stock,2023-11-19
INV000469,MED001405,SUP0030,BAT953740,2024-02-10,2026-12-26,823,335.43,459.96,85,Room Temperature,WH-B,In Stock,2024-05-04
INV002690,MED001405,SUP0021,BAT796749,2026-04-06,2028-06-24,694,68.79,82.77,189,Room Temperature,WH-E,In Stock,2026-05-21
INV003455,MED001405,SUP0031,BAT841987,2024-10-07,2027-03-26,248,354.52,438.54,152,Room Temperature,WH-B,In Stock,2025-02-09
INV000363,MED001406,SUP0069,BAT769320,2026-03-21,2028-12-05,519,508.02,695.04,101,Frozen (-20°C),WH-B,In Stock,2026-07-05
INV004470,MED001406,SUP0040,BAT740441,2025-04-03,2027-11-19,429,388.93,474.54,92,Refrigerated (2–8°C),WH-E,In Stock,2025-08-15
INV001481,MED001407,SUP0020,BAT978050,2023-12-25,2025-06-17,497,8.39,11.37,88,Frozen (-20°C),WH-B,In Stock,2024-05-11
INV002815,MED001408,SUP0011,BAT763559,2026-05-08,2028-03-28,411,391.98,500.25,68,Frozen (-20°C),WH-E,In Stock,2026-07-20
INV000447,MED001409,SUP0041,BAT528705,2025-07-31,2026-10-24,436,353.3,442.42,191,Frozen (-20°C),WH-D,In Stock,2025-09-23
INV001287,MED001409,SUP0063,BAT361982,2025-02-13,2027-09-01,384,65.36,86.79,40,Refrigerated (2–8°C),WH-E,In Stock,2025-07-28
INV001470,MED001409,SUP0014,BAT336783,2026-02-04,2027-05-30,733,536.44,747.72,25,Room Temperature,WH-D,In Stock,2026-04-08
INV003735,MED001409,SUP0072,BAT332763,2025-12-20,2028-09-05,696,382.1,474.6,169,Refrigerated (2–8°C),WH-E,In Stock,2026-01-05
INV004023,MED001409,SUP0042,BAT996784,2026-05-18,2027-11-09,251,531.28,641.38,104,Room Temperature,WH-C,In Stock,2026-07-20
INV004532,MED001409,SUP0018,BAT722333,2024-12-22,2026-06-15,644,27.62,37.47,48,Room Temperature,WH-E,In Stock,2025-04-21
INV002498,MED001410,SUP0023,BAT502284,2025-10-25,2027-09-15,576,164.17,222.09,41,Refrigerated (2–8°C),WH-B,In Stock,2026-02-02
INV002710,MED001410,SUP0065,BAT624787,2025-11-17,2028-11-01,866,148.11,188.23,133,Room Temperature,WH-B,In Stock,2026-01-07
INV002678,MED001411,SUP0059,BAT832469,2023-09-23,2026-09-07,138,115.95,158.74,146,Refrigerated (2–8°C),WH-D,Low Stock,2024-01-22
INV000276,MED001412,SUP0045,BAT845279,2025-12-13,2027-05-07,142,489.05,665.64,77,Frozen (-20°C),WH-C,In Stock,2026-06-03
INV000658,MED001412,SUP0015,BAT867180,2026-03-27,2027-04-21,694,74.54,89.82,166,Frozen (-20°C),WH-B,In Stock,2026-05-16
INV001263,MED001412,SUP0057,BAT446723,2026-01-28,2028-11-13,581,358.68,485.03,95,Room Temperature,WH-E,In Stock,2026-04-19
INV002731,MED001412,SUP0008,BAT354460,2026-03-22,2028-12-06,615,451.09,574.83,116,Refrigerated (2–8°C),WH-E,In Stock,2026-05-17
INV000166,MED001413,SUP0057,BAT468623,2026-01-21,2027-02-15,629,168.36,235.03,136,Room Temperature,WH-A,In Stock,2026-05-06
INV000383,MED001413,SUP0062,BAT938754,2025-11-30,2028-07-17,115,419.22,507.98,58,Room Temperature,WH-A,In Stock,2026-01-26
INV000674,MED001413,SUP0068,BAT987168,2026-07-14,2029-04-29,719,253.32,350.39,54,Room Temperature,WH-B,In Stock,2026-07-20
INV001272,MED001413,SUP0032,BAT339431,2026-02-09,2027-07-04,623,333.43,406.21,93,Room Temperature,WH-A,In Stock,2026-03-06
INV003526,MED001413,SUP0043,BAT618996,2025-07-10,2026-08-04,144,98.96,131.0,142,Frozen (-20°C),WH-A,In Stock,2025-12-22
INV003785,MED001413,SUP0026,BAT367833,2025-06-23,2026-11-15,216,106.94,146.91,127,Frozen (-20°C),WH-D,In Stock,2025-10-22
INV004632,MED001413,SUP0035,BAT828960,2024-05-13,2026-07-02,529,585.76,713.83,131,Room Temperature,WH-D,In Stock,2024-09-13
INV000198,MED001414,SUP0063,BAT432441,2026-03-29,2028-02-17,956,176.23,231.69,95,Frozen (-20°C),WH-D,In Stock,2026-07-20
INV001912,MED001414,SUP0061,BAT275614,2024-01-29,2026-01-18,529,426.75,576.15,36,Refrigerated (2–8°C),WH-B,In Stock,2024-07-04
INV002038,MED001414,SUP0009,BAT147680,2025-02-22,2026-07-17,259,134.09,186.99,161,Refrigerated (2–8°C),WH-D,In Stock,2025-08-12
INV003420,MED001414,SUP0001,BAT405192,2025-01-08,2027-07-27,490,310.87,411.24,72,Room Temperature,WH-A,In Stock,2025-02-25
INV000061,MED001415,SUP0032,BAT206851,2025-03-29,2027-12-14,824,478.76,628.7,55,Room Temperature,WH-C,In Stock,2025-09-13
INV000349,MED001415,SUP0031,BAT151685,2026-03-20,2027-11-10,20,491.34,619.39,111,Refrigerated (2–8°C),WH-D,Low Stock,2026-07-08
INV001962,MED001415,SUP0020,BAT269225,2026-05-27,2027-05-22,108,178.76,250.16,180,Refrigerated (2–8°C),WH-E,Low Stock,2026-07-20
INV003902,MED001415,SUP0073,BAT796788,2024-09-11,2027-04-29,893,492.27,660.2,200,Room Temperature,WH-D,In Stock,2025-03-04
INV004903,MED001415,SUP0016,BAT517125,2025-12-07,2027-12-27,434,189.88,253.46,68,Refrigerated (2–8°C),WH-E,In Stock,2026-01-21
INV001948,MED001417,SUP0068,BAT530883,2025-06-19,2028-05-04,227,280.37,343.85,138,Refrigerated (2–8°C),WH-D,In Stock,2025-08-10
INV003825,MED001417,SUP0065,BAT143061,2025-02-27,2026-05-23,67,55.59,76.54,148,Refrigerated (2–8°C),WH-A,Low Stock,2025-08-17
INV004416,MED001417,SUP0004,BAT639085,2023-08-31,2025-09-19,72,356.6,471.45,86,Refrigerated (2–8°C),WH-B,Low Stock,2023-11-09
INV004651,MED001417,SUP0029,BAT974828,2024-11-01,2027-05-20,616,464.86,577.13,173,Room Temperature,WH-E,In Stock,2025-01-17
INV000608,MED001418,SUP0042,BAT369836,2024-06-16,2027-06-01,283,232.77,294.81,40,Room Temperature,WH-C,In Stock,2024-07-19
INV000424,MED001421,SUP0075,BAT259797,2025-08-05,2027-05-27,172,191.36,259.7,26,Frozen (-20°C),WH-D,In Stock,2025-12-07
INV000827,MED001423,SUP0060,BAT728896,2025-05-29,2027-11-15,986,371.58,477.01,110,Room Temperature,WH-A,In Stock,2025-11-04
INV001218,MED001423,SUP0056,BAT866461,2025-10-15,2028-01-03,258,362.56,470.06,120,Refrigerated (2–8°C),WH-C,In Stock,2025-12-31
INV002132,MED001423,SUP0022,BAT158815,2024-05-26,2027-05-11,32,204.46,277.76,177,Refrigerated (2–8°C),WH-D,Low Stock,2024-06-18
INV003033,MED001423,SUP0075,BAT711956,2024-07-23,2026-07-13,413,132.59,169.34,114,Room Temperature,WH-E,In Stock,2025-01-14
INV001059,MED001424,SUP0010,BAT178794,2026-04-28,2027-05-23,13,133.6,182.19,196,Room Temperature,WH-D,Low Stock,2026-07-06
INV001496,MED001424,SUP0072,BAT815321,2024-04-27,2026-07-16,93,585.26,764.67,150,Frozen (-20°C),WH-A,Low Stock,2024-08-06
INV002342,MED001424,SUP0043,BAT973805,2023-12-13,2026-05-31,528,120.06,155.11,148,Room Temperature,WH-C,In Stock,2024-02-16
INV002346,MED001424,SUP0031,BAT789344,2024-06-25,2026-11-12,355,164.45,209.95,45,Refrigerated (2–8°C),WH-A,In Stock,2024-12-08
INV003232,MED001424,SUP0031,BAT531168,2024-12-24,2027-02-12,531,250.91,346.18,104,Refrigerated (2–8°C),WH-E,In Stock,2025-04-11
INV004012,MED001424,SUP0007,BAT455575,2025-08-30,2028-06-15,349,313.34,427.62,189,Refrigerated (2–8°C),WH-E,In Stock,2025-11-09
INV000161,MED001425,SUP0062,BAT762423,2024-07-28,2025-11-20,733,27.01,33.5,142,Room Temperature,WH-A,In Stock,2024-08-28
INV001202,MED001425,SUP0033,BAT387492,2023-11-15,2026-05-03,883,598.35,793.68,145,Refrigerated (2–8°C),WH-B,In Stock,2023-12-07
INV004885,MED001425,SUP0058,BAT814279,2025-07-30,2028-06-14,485,40.8,52.12,76,Refrigerated (2–8°C),WH-D,In Stock,2025-12-18
INV001604,MED001426,SUP0035,BAT714667,2024-09-01,2027-04-19,685,341.3,433.92,179,Refrigerated (2–8°C),WH-D,In Stock,2024-12-27
INV001612,MED001426,SUP0022,BAT874793,2024-02-05,2026-09-22,21,168.78,208.34,195,Room Temperature,WH-B,Low Stock,2024-07-15
INV001167,MED001428,SUP0051,BAT839056,2024-04-08,2027-03-24,860,362.63,485.0,150,Room Temperature,WH-C,In Stock,2024-08-24
INV002201,MED001428,SUP0019,BAT193787,2025-05-10,2026-06-04,858,537.32,733.28,129,Refrigerated (2–8°C),WH-A,In Stock,2025-06-23
INV003278,MED001428,SUP0052,BAT267081,2026-06-19,2028-01-10,143,300.89,371.7,81,Refrigerated (2–8°C),WH-E,In Stock,2026-07-20
INV000775,MED001429,SUP0045,BAT951266,2025-10-26,2028-10-10,902,55.15,72.11,102,Refrigerated (2–8°C),WH-B,In Stock,2025-12-30
INV001096,MED001429,SUP0014,BAT586501,2025-11-20,2027-12-10,28,276.96,363.6,97,Room Temperature,WH-E,Low Stock,2026-01-11
INV002746,MED001429,SUP0040,BAT560553,2025-11-09,2027-09-30,120,442.82,569.09,196,Room Temperature,WH-C,Low Stock,2025-12-17
INV000858,MED001430,SUP0028,BAT617459,2025-11-09,2028-10-24,124,50.54,61.71,119,Refrigerated (2–8°C),WH-D,In Stock,2026-04-14
INV001480,MED001430,SUP0067,BAT614954,2024-07-11,2026-08-30,874,28.69,37.88,66,Refrigerated (2–8°C),WH-A,In Stock,2024-10-09
INV002353,MED001430,SUP0044,BAT194941,2025-09-10,2027-06-02,726,127.95,158.75,178,Room Temperature,WH-C,In Stock,2026-01-14
INV003082,MED001430,SUP0032,BAT830138,2024-06-18,2025-10-11,957,198.0,270.76,37,Room Temperature,WH-D,In Stock,2024-11-21
INV000720,MED001431,SUP0034,BAT630930,2023-12-03,2025-10-23,616,443.98,573.02,165,Room Temperature,WH-A,In Stock,2024-04-03
INV000857,MED001431,SUP0073,BAT200174,2025-10-03,2028-07-19,245,167.9,222.57,65,Refrigerated (2–8°C),WH-A,In Stock,2025-10-29
INV001056,MED001431,SUP0022,BAT244455,2026-02-18,2027-05-14,326,453.06,624.12,62,Refrigerated (2–8°C),WH-D,In Stock,2026-04-06
INV003557,MED001432,SUP0005,BAT929819,2025-08-17,2026-10-11,704,489.55,661.32,197,Frozen (-20°C),WH-D,In Stock,2025-09-05
INV003449,MED001433,SUP0054,BAT534908,2026-05-28,2027-06-22,840,216.89,260.61,181,Frozen (-20°C),WH-E,In Stock,2026-07-20
INV002395,MED001434,SUP0005,BAT517779,2025-10-20,2027-07-12,28,7.05,9.25,138,Room Temperature,WH-B,Low Stock,2026-03-06
INV003416,MED001434,SUP0027,BAT360529,2026-05-06,2028-05-25,456,204.01,273.11,27,Room Temperature,WH-D,In Stock,2026-07-20
INV003429,MED001434,SUP0005,BAT894887,2025-09-15,2028-01-03,827,184.07,253.08,39,Frozen (-20°C),WH-A,In Stock,2025-11-01
INV002257,MED001435,SUP0070,BAT929651,2024-03-01,2026-08-18,753,184.99,242.07,26,Refrigerated (2–8°C),WH-A,In Stock,2024-05-01
INV003871,MED001436,SUP0051,BAT445781,2024-05-26,2026-02-15,299,364.16,473.44,163,Room Temperature,WH-E,In Stock,2024-11-16
INV004637,MED001436,SUP0047,BAT395114,2025-12-16,2028-10-31,130,481.12,598.55,193,Frozen (-20°C),WH-C,Low Stock,2026-01-16
INV001190,MED001437,SUP0025,BAT308947,2024-01-29,2026-06-17,338,41.36,53.51,49,Room Temperature,WH-A,In Stock,2024-06-09
INV003996,MED001437,SUP0022,BAT624895,2025-12-26,2027-02-19,563,12.16,15.94,195,Room Temperature,WH-B,In Stock,2026-05-09
INV000007,MED001438,SUP0010,BAT738720,2024-07-05,2026-11-22,167,230.78,322.61,143,Frozen (-20°C),WH-E,In Stock,2024-09-20
INV001448,MED001438,SUP0011,BAT709834,2025-08-12,2027-11-30,406,95.59,114.85,79,Frozen (-20°C),WH-E,In Stock,2025-10-08
INV002403,MED001439,SUP0027,BAT249865,2025-11-20,2028-11-04,303,80.9,109.14,80,Frozen (-20°C),WH-C,In Stock,2026-03-26
INV002589,MED001439,SUP0003,BAT743709,2026-01-08,2028-06-26,263,527.01,723.74,200,Room Temperature,WH-B,In Stock,2026-03-19
INV002740,MED001439,SUP0014,BAT583291,2026-04-06,2028-11-21,336,567.7,786.35,191,Refrigerated (2–8°C),WH-D,In Stock,2026-06-08
INV003058,MED001439,SUP0045,BAT722678,2023-11-12,2026-10-27,931,420.67,518.85,124,Refrigerated (2–8°C),WH-E,In Stock,2024-05-08
INV004408,MED001439,SUP0040,BAT461812,2026-02-10,2028-05-30,971,417.47,562.04,152,Frozen (-20°C),WH-A,In Stock,2026-06-14
INV000078,MED001440,SUP0059,BAT174637,2024-11-10,2026-07-03,603,483.32,599.11,194,Room Temperature,WH-E,In Stock,2025-05-04
INV000642,MED001442,SUP0001,BAT757776,2023-12-12,2025-12-01,543,181.47,245.09,33,Frozen (-20°C),WH-E,In Stock,2024-03-21
INV003497,MED001442,SUP0022,BAT678603,2024-10-21,2026-04-14,839,448.19,546.12,169,Frozen (-20°C),WH-E,In Stock,2025-04-14
INV000911,MED001443,SUP0049,BAT161669,2025-06-02,2026-09-25,868,421.74,510.52,82,Room Temperature,WH-D,In Stock,2025-08-09
INV002794,MED001443,SUP0024,BAT620491,2025-12-02,2027-08-24,323,503.71,673.0,96,Frozen (-20°C),WH-E,In Stock,2025-12-21
INV004603,MED001443,SUP0056,BAT716966,2025-10-17,2027-10-07,559,73.61,95.2,200,Refrigerated (2–8°C),WH-E,In Stock,2025-11-13
INV001121,MED001445,SUP0046,BAT330987,2026-01-14,2028-10-30,964,469.22,590.53,118,Frozen (-20°C),WH-B,In Stock,2026-04-16
INV002898,MED001445,SUP0058,BAT815838,2023-11-06,2025-01-29,70,337.4,411.62,120,Refrigerated (2–8°C),WH-E,Low Stock,2024-04-10
INV004691,MED001445,SUP0045,BAT820055,2024-11-02,2026-05-26,792,59.52,72.92,99,Frozen (-20°C),WH-E,In Stock,2025-03-26
INV000736,MED001446,SUP0060,BAT557629,2024-03-14,2026-06-02,452,593.35,778.58,116,Refrigerated (2–8°C),WH-D,In Stock,2024-04-08
INV003118,MED001446,SUP0043,BAT549528,2023-08-03,2025-10-21,498,365.4,487.6,162,Room Temperature,WH-B,In Stock,2023-12-23
INV001724,MED001447,SUP0044,BAT634992,2025-06-10,2028-04-25,554,207.02,272.78,186,Refrigerated (2–8°C),WH-C,In Stock,2025-09-04
INV000936,MED001448,SUP0059,BAT291999,2026-01-04,2027-11-25,514,169.11,217.4,98,Frozen (-20°C),WH-B,In Stock,2026-05-18
INV001351,MED001448,SUP0047,BAT942453,2025-01-10,2027-01-30,373,195.49,248.55,85,Frozen (-20°C),WH-B,In Stock,2025-04-29
INV003628,MED001448,SUP0062,BAT411058,2024-09-05,2025-11-29,792,134.48,171.37,39,Frozen (-20°C),WH-B,In Stock,2024-12-29
INV004969,MED001448,SUP0052,BAT299229,2024-10-08,2027-03-27,518,567.61,731.41,31,Room Temperature,WH-E,In Stock,2025-02-05
INV001410,MED001449,SUP0044,BAT238768,2025-06-29,2028-05-14,565,295.85,370.8,74,Refrigerated (2–8°C),WH-A,In Stock,2025-09-18
INV004862,MED001449,SUP0068,BAT716302,2025-04-30,2027-04-20,519,542.42,745.67,127,Frozen (-20°C),WH-E,In Stock,2025-09-30
INV001745,MED001450,SUP0042,BAT244992,2026-06-17,2028-01-08,152,488.33,659.51,32,Room Temperature,WH-B,In Stock,2026-07-20
INV004314,MED001450,SUP0015,BAT699968,2025-05-22,2027-12-08,416,499.16,614.08,39,Refrigerated (2–8°C),WH-E,In Stock,2025-11-13
INV000730,MED001451,SUP0055,BAT871861,2024-12-26,2026-02-19,570,36.01,49.92,40,Refrigerated (2–8°C),WH-C,In Stock,2025-02-03
INV000768,MED001451,SUP0057,BAT898977,2026-05-22,2028-08-09,157,221.42,301.98,190,Room Temperature,WH-B,Low Stock,2026-07-01
INV001041,MED001451,SUP0071,BAT783592,2025-03-14,2027-05-03,446,568.08,786.49,156,Refrigerated (2–8°C),WH-B,In Stock,2025-08-02
INV000041,MED001452,SUP0056,BAT101773,2026-06-19,2028-11-05,372,46.63,62.15,135,Refrigerated (2–8°C),WH-E,In Stock,2026-07-20
INV000676,MED001454,SUP0039,BAT130156,2024-03-19,2025-10-10,877,414.39,522.75,61,Room Temperature,WH-B,In Stock,2024-05-05
INV001074,MED001455,SUP0043,BAT642985,2026-04-07,2027-07-01,702,438.29,527.76,157,Refrigerated (2–8°C),WH-B,In Stock,2026-06-30
INV001377,MED001455,SUP0040,BAT314828,2025-01-29,2027-02-18,425,229.39,313.93,130,Room Temperature,WH-D,In Stock,2025-02-15
INV003231,MED001455,SUP0063,BAT304946,2025-10-09,2028-03-27,197,571.94,747.17,62,Room Temperature,WH-C,In Stock,2026-04-04
INV003865,MED001455,SUP0014,BAT198447,2024-06-20,2026-10-08,477,478.13,576.63,149,Room Temperature,WH-D,In Stock,2024-07-25
INV001714,MED001456,SUP0051,BAT487167,2025-08-08,2026-08-03,501,161.4,206.15,157,Frozen (-20°C),WH-C,In Stock,2026-02-04
INV002002,MED001456,SUP0019,BAT696724,2025-02-14,2027-02-04,982,96.03,130.69,37,Room Temperature,WH-D,In Stock,2025-07-28
INV002459,MED001456,SUP0005,BAT243345,2024-01-18,2025-11-08,377,186.06,229.36,194,Room Temperature,WH-B,In Stock,2024-06-24
INV004877,MED001456,SUP0029,BAT350345,2025-02-07,2026-11-29,183,319.05,421.33,180,Frozen (-20°C),WH-C,In Stock,2025-03-12
INV002699,MED001457,SUP0019,BAT351756,2025-12-05,2028-04-23,98,49.93,62.35,36,Frozen (-20°C),WH-B,In Stock,2026-04-28
INV003236,MED001457,SUP0028,BAT837198,2025-09-04,2026-10-29,424,231.82,282.91,162,Refrigerated (2–8°C),WH-A,In Stock,2025-10-07
INV004899,MED001457,SUP0072,BAT767178,2023-10-24,2026-03-12,410,533.59,730.03,76,Frozen (-20°C),WH-B,In Stock,2024-03-02
INV003191,MED001458,SUP0023,BAT753891,2023-12-12,2026-09-27,290,363.36,461.63,164,Refrigerated (2–8°C),WH-D,In Stock,2024-02-06
INV003848,MED001458,SUP0026,BAT231598,2025-10-16,2028-01-04,346,575.89,769.4,48,Refrigerated (2–8°C),WH-D,In Stock,2026-03-08
INV001937,MED001459,SUP0035,BAT856805,2025-06-07,2026-11-29,990,264.77,347.61,86,Refrigerated (2–8°C),WH-D,In Stock,2025-09-22
INV000837,MED001460,SUP0048,BAT651001,2026-04-05,2029-01-19,485,350.81,465.74,93,Frozen (-20°C),WH-A,In Stock,2026-07-20
INV001322,MED001460,SUP0038,BAT232434,2025-07-01,2027-03-23,446,590.67,718.61,166,Frozen (-20°C),WH-B,In Stock,2025-11-08
INV001521,MED001460,SUP0010,BAT170655,2024-02-13,2025-10-05,546,468.54,614.11,56,Refrigerated (2–8°C),WH-B,In Stock,2024-04-13
INV002781,MED001460,SUP0043,BAT245057,2025-07-15,2027-01-06,767,473.39,651.21,142,Room Temperature,WH-B,In Stock,2025-11-21
INV003692,MED001460,SUP0012,BAT788632,2024-11-26,2026-09-17,992,573.37,792.84,126,Refrigerated (2–8°C),WH-B,In Stock,2025-03-10
INV004188,MED001461,SUP0064,BAT815411,2026-04-26,2029-02-09,167,591.09,746.65,125,Refrigerated (2–8°C),WH-E,In Stock,2026-07-20
INV001617,MED001462,SUP0067,BAT848392,2026-07-12,2028-12-28,337,98.65,138.06,140,Frozen (-20°C),WH-E,In Stock,2026-07-20
INV004680,MED001462,SUP0055,BAT828382,2023-12-29,2025-03-23,790,303.76,382.89,119,Frozen (-20°C),WH-B,In Stock,2024-02-24
INV000940,MED001463,SUP0055,BAT836720,2026-07-19,2029-06-03,250,570.77,778.91,194,Frozen (-20°C),WH-E,In Stock,2026-07-20
INV002001,MED001463,SUP0075,BAT535877,2026-05-19,2029-04-03,800,499.56,602.74,163,Frozen (-20°C),WH-C,In Stock,2026-07-20
INV004070,MED001463,SUP0005,BAT597238,2024-01-19,2025-06-12,942,233.59,316.07,179,Room Temperature,WH-C,In Stock,2024-07-02
INV000929,MED001464,SUP0048,BAT691021,2026-06-02,2028-12-18,429,193.23,262.32,64,Refrigerated (2–8°C),WH-A,In Stock,2026-07-20
INV001664,MED001464,SUP0058,BAT367642,2024-06-24,2026-06-14,723,376.15,498.47,171,Frozen (-20°C),WH-E,In Stock,2024-12-09
INV002194,MED001465,SUP0030,BAT590679,2024-03-06,2026-03-26,436,333.75,434.68,32,Frozen (-20°C),WH-D,In Stock,2024-04-17
INV002445,MED001465,SUP0005,BAT224174,2023-10-25,2025-12-13,135,291.22,358.01,81,Frozen (-20°C),WH-B,In Stock,2024-04-07
INV003919,MED001465,SUP0066,BAT762634,2025-09-01,2028-02-18,981,291.43,391.88,89,Room Temperature,WH-B,In Stock,2026-01-12
INV004060,MED001465,SUP0019,BAT480011,2025-05-18,2027-10-05,745,296.32,374.56,122,Room Temperature,WH-D,In Stock,2025-09-24
INV004867,MED001465,SUP0028,BAT785689,2024-12-24,2026-05-18,16,99.28,137.65,28,Room Temperature,WH-D,Low Stock,2025-06-03
INV003108,MED001466,SUP0065,BAT437166,2025-02-18,2026-02-13,925,248.24,327.07,73,Refrigerated (2–8°C),WH-B,In Stock,2025-05-04
INV004018,MED001466,SUP0016,BAT895882,2025-11-26,2027-11-16,502,380.87,473.12,156,Refrigerated (2–8°C),WH-E,In Stock,2026-03-11
INV004800,MED001466,SUP0067,BAT568482,2026-05-27,2029-01-11,373,52.41,72.38,184,Frozen (-20°C),WH-A,In Stock,2026-07-20
INV001158,MED001467,SUP0016,BAT565992,2025-12-22,2028-03-11,88,595.88,802.25,60,Room Temperature,WH-C,In Stock,2026-03-14
INV001347,MED001467,SUP0044,BAT658710,2025-07-14,2027-07-04,943,66.66,92.74,123,Refrigerated (2–8°C),WH-E,In Stock,2025-09-01
INV002053,MED001467,SUP0020,BAT835571,2025-09-28,2027-09-18,712,322.65,436.46,127,Frozen (-20°C),WH-C,In Stock,2026-01-15
INV004503,MED001467,SUP0034,BAT285153,2024-03-17,2026-08-04,569,44.1,57.56,33,Frozen (-20°C),WH-D,In Stock,2024-05-02
INV001701,MED001468,SUP0033,BAT632006,2025-03-09,2027-10-25,305,205.94,277.42,180,Frozen (-20°C),WH-E,In Stock,2025-04-26
INV004818,MED001468,SUP0003,BAT126758,2025-02-12,2026-10-05,71,396.45,537.53,38,Room Temperature,WH-D,In Stock,2025-07-26
INV003868,MED001469,SUP0023,BAT800284,2025-02-09,2026-02-04,502,135.13,179.26,117,Room Temperature,WH-A,In Stock,2025-04-22
INV000703,MED001470,SUP0075,BAT199335,2025-06-09,2027-01-30,580,287.78,357.41,160,Room Temperature,WH-C,In Stock,2025-07-11
INV004336,MED001470,SUP0007,BAT870938,2025-10-13,2028-07-29,468,139.76,178.1,40,Refrigerated (2–8°C),WH-E,In Stock,2025-12-28
INV002302,MED001471,SUP0069,BAT820333,2024-11-12,2026-01-06,980,184.98,258.59,108,Frozen (-20°C),WH-A,In Stock,2025-01-26
INV000545,MED001472,SUP0016,BAT195620,2024-03-10,2026-12-25,649,55.76,74.8,117,Frozen (-20°C),WH-E,In Stock,2024-07-18
INV004782,MED001472,SUP0019,BAT973840,2023-10-30,2025-02-21,407,84.48,103.82,52,Room Temperature,WH-E,In Stock,2024-04-02
INV001461,MED001473,SUP0062,BAT312544,2025-01-18,2026-01-13,986,144.72,186.63,73,Room Temperature,WH-A,In Stock,2025-04-12
INV001837,MED001473,SUP0070,BAT627477,2024-05-12,2026-01-02,915,201.96,251.62,83,Refrigerated (2–8°C),WH-A,In Stock,2024-11-02
INV004531,MED001473,SUP0075,BAT467097,2025-04-05,2027-06-24,997,257.71,356.54,105,Room Temperature,WH-D,In Stock,2025-06-09
INV002501,MED001474,SUP0041,BAT799319,2024-11-09,2026-08-31,574,420.75,563.78,173,Refrigerated (2–8°C),WH-B,In Stock,2025-01-16
INV002610,MED001474,SUP0042,BAT129448,2025-06-01,2027-10-19,383,157.07,208.7,73,Room Temperature,WH-E,In Stock,2025-08-08
INV004295,MED001474,SUP0062,BAT353043,2025-04-08,2027-11-24,645,36.96,46.15,108,Frozen (-20°C),WH-B,In Stock,2025-09-10
INV001353,MED001475,SUP0045,BAT852420,2024-10-21,2026-12-10,588,278.84,359.03,38,Frozen (-20°C),WH-D,In Stock,2025-01-12
INV001454,MED001475,SUP0042,BAT580126,2025-09-28,2028-04-15,942,290.7,383.53,150,Frozen (-20°C),WH-B,In Stock,2025-11-24
INV004442,MED001475,SUP0043,BAT157244,2025-01-24,2026-08-17,1,5.6,6.93,45,Frozen (-20°C),WH-C,Low Stock,2025-04-18
INV000471,MED001476,SUP0041,BAT923481,2026-04-12,2028-01-02,575,33.39,40.73,170,Room Temperature,WH-A,In Stock,2026-06-30
INV002633,MED001476,SUP0064,BAT802347,2024-04-09,2025-12-30,40,415.08,559.08,33,Frozen (-20°C),WH-B,In Stock,2024-04-24
INV002354,MED001477,SUP0054,BAT238570,2024-09-02,2025-09-27,619,183.49,251.38,144,Frozen (-20°C),WH-E,In Stock,2024-11-04
INV004404,MED001477,SUP0064,BAT460040,2025-07-25,2028-02-10,921,298.66,377.29,168,Frozen (-20°C),WH-B,In Stock,2026-01-19
INV002133,MED001478,SUP0018,BAT173482,2025-07-28,2027-01-19,981,352.12,423.25,164,Refrigerated (2–8°C),WH-D,In Stock,2025-11-24
INV002429,MED001478,SUP0021,BAT311253,2023-07-28,2025-11-14,772,504.26,637.38,58,Frozen (-20°C),WH-E,In Stock,2023-12-23
INV000969,MED001479,SUP0018,BAT528178,2025-03-15,2027-01-04,640,495.24,616.01,27,Refrigerated (2–8°C),WH-B,In Stock,2025-04-13
INV003917,MED001480,SUP0061,BAT994676,2026-07-11,2029-02-25,412,323.57,388.77,74,Frozen (-20°C),WH-B,In Stock,2026-07-20
INV001182,MED001481,SUP0073,BAT897527,2024-11-08,2025-12-03,258,190.32,241.24,130,Room Temperature,WH-A,In Stock,2025-03-29
INV001442,MED001481,SUP0017,BAT620803,2023-11-28,2025-01-21,155,316.05,438.69,51,Room Temperature,WH-A,In Stock,2024-01-17
INV002239,MED001481,SUP0001,BAT630228,2025-12-27,2027-09-18,428,596.26,805.37,151,Room Temperature,WH-B,In Stock,2026-01-11
INV000380,MED001482,SUP0013,BAT368322,2024-11-05,2026-12-25,270,34.8,47.42,143,Room Temperature,WH-C,In Stock,2025-02-03
INV000514,MED001482,SUP0042,BAT931420,2026-04-04,2027-08-27,845,492.61,600.53,172,Frozen (-20°C),WH-C,In Stock,2026-07-20
INV003153,MED001482,SUP0051,BAT641286,2026-05-28,2027-07-22,279,369.3,481.24,175,Room Temperature,WH-C,In Stock,2026-07-20
INV003494,MED001482,SUP0032,BAT335164,2025-11-20,2027-05-14,6,291.79,395.21,105,Frozen (-20°C),WH-C,Low Stock,2026-02-03
INV000867,MED001483,SUP0022,BAT146150,2025-11-18,2028-03-07,835,196.99,261.08,108,Frozen (-20°C),WH-B,In Stock,2025-12-30
INV000055,MED001484,SUP0022,BAT981334,2026-03-04,2027-06-27,546,544.62,718.02,31,Frozen (-20°C),WH-A,In Stock,2026-07-20
INV002094,MED001484,SUP0059,BAT711150,2025-08-18,2027-10-07,574,495.21,682.38,119,Refrigerated (2–8°C),WH-E,In Stock,2025-10-15
INV003010,MED001484,SUP0010,BAT356184,2026-02-20,2027-09-13,78,223.36,278.14,101,Room Temperature,WH-A,Low Stock,2026-07-03
INV003292,MED001484,SUP0012,BAT866208,2023-07-22,2025-02-11,342,189.7,260.14,72,Refrigerated (2–8°C),WH-B,In Stock,2023-12-19
INV004904,MED001484,SUP0070,BAT648112,2025-12-20,2028-03-09,176,303.81,375.52,44,Refrigerated (2–8°C),WH-E,In Stock,2026-04-14
INV000803,MED001485,SUP0072,BAT393033,2025-12-21,2027-06-14,516,530.94,737.52,106,Frozen (-20°C),WH-C,In Stock,2026-06-10
INV002015,MED001485,SUP0019,BAT359423,2026-04-10,2027-11-01,192,346.18,480.53,140,Room Temperature,WH-A,In Stock,2026-07-20
INV003829,MED001485,SUP0053,BAT622894,2026-02-12,2028-04-02,245,208.53,290.03,131,Refrigerated (2–8°C),WH-C,In Stock,2026-06-23
INV004102,MED001485,SUP0032,BAT558589,2025-09-16,2027-10-06,582,396.12,554.23,152,Frozen (-20°C),WH-C,In Stock,2025-10-07
INV000961,MED001486,SUP0061,BAT897953,2024-09-06,2027-01-24,44,119.07,155.99,57,Refrigerated (2–8°C),WH-E,Low Stock,2024-10-30
INV000753,MED001487,SUP0063,BAT417508,2025-07-28,2028-05-13,823,57.14,70.11,102,Room Temperature,WH-A,In Stock,2025-11-21
INV000950,MED001487,SUP0050,BAT237801,2024-03-01,2025-05-25,129,209.75,252.27,64,Frozen (-20°C),WH-B,In Stock,2024-03-21
INV001568,MED001487,SUP0043,BAT285846,2024-09-03,2025-08-29,81,389.87,541.65,109,Room Temperature,WH-A,Low Stock,2025-01-05
INV004324,MED001487,SUP0073,BAT797600,2026-05-20,2027-08-13,153,269.94,344.56,26,Frozen (-20°C),WH-A,In Stock,2026-07-20
INV000511,MED001488,SUP0005,BAT398301,2023-08-23,2025-12-10,911,8.91,12.45,102,Room Temperature,WH-C,In Stock,2023-10-11
INV003188,MED001488,SUP0029,BAT706965,2026-01-27,2028-03-17,300,66.88,86.63,51,Frozen (-20°C),WH-E,In Stock,2026-02-20
INV000595,MED001489,SUP0073,BAT373094,2023-11-23,2026-07-10,592,345.85,460.42,68,Refrigerated (2–8°C),WH-E,In Stock,2024-04-07
INV000975,MED001489,SUP0002,BAT732599,2024-02-10,2026-01-30,21,496.8,672.02,53,Frozen (-20°C),WH-A,Low Stock,2024-06-02
INV000136,MED001490,SUP0019,BAT347745,2024-02-16,2025-06-10,202,363.43,491.37,69,Frozen (-20°C),WH-A,In Stock,2024-05-06
INV000912,MED001490,SUP0051,BAT413630,2024-06-11,2025-06-06,401,256.35,331.89,111,Refrigerated (2–8°C),WH-D,In Stock,2024-11-13
INV003050,MED001490,SUP0051,BAT961874,2025-02-28,2026-05-24,393,384.65,509.84,41,Frozen (-20°C),WH-B,In Stock,2025-07-16
INV002286,MED001491,SUP0049,BAT186354,2026-01-30,2028-09-16,899,157.56,202.12,131,Refrigerated (2–8°C),WH-B,In Stock,2026-05-14
INV003258,MED001491,SUP0074,BAT226690,2024-03-14,2026-04-03,77,560.15,701.06,101,Refrigerated (2–8°C),WH-A,Low Stock,2024-04-28
INV003264,MED001491,SUP0003,BAT255611,2025-12-18,2027-11-08,562,498.22,662.29,80,Refrigerated (2–8°C),WH-D,In Stock,2026-02-23
INV004822,MED001491,SUP0067,BAT638510,2026-02-08,2028-06-27,39,252.08,341.35,124,Refrigerated (2–8°C),WH-C,Low Stock,2026-05-15
INV003222,MED001492,SUP0010,BAT197330,2023-11-10,2025-08-31,999,572.69,774.24,32,Frozen (-20°C),WH-E,In Stock,2024-03-16
INV004140,MED001492,SUP0048,BAT369433,2024-01-13,2026-09-29,817,501.96,695.92,54,Refrigerated (2–8°C),WH-E,In Stock,2024-06-22
INV000663,MED001493,SUP0054,BAT246347,2024-01-13,2025-05-07,310,593.09,774.02,146,Refrigerated (2–8°C),WH-A,In Stock,2024-03-21
INV002919,MED001493,SUP0024,BAT781526,2025-11-02,2026-12-27,531,559.24,758.53,58,Refrigerated (2–8°C),WH-A,In Stock,2026-01-11
INV001192,MED001494,SUP0040,BAT485115,2025-10-23,2027-06-15,554,397.32,482.94,189,Room Temperature,WH-A,In Stock,2026-03-30
INV003633,MED001494,SUP0014,BAT654784,2024-10-31,2026-02-23,954,171.52,206.64,199,Room Temperature,WH-E,In Stock,2024-12-22
INV004251,MED001494,SUP0051,BAT777368,2026-05-06,2028-02-25,753,409.33,494.1,177,Room Temperature,WH-A,In Stock,2026-07-20
INV000121,MED001495,SUP0013,BAT427730,2025-12-11,2027-10-02,383,413.66,535.63,64,Room Temperature,WH-A,In Stock,2026-03-01
INV002005,MED001495,SUP0021,BAT308635,2024-09-04,2025-12-28,156,476.96,573.24,184,Room Temperature,WH-B,Low Stock,2025-01-30
INV000281,MED001497,SUP0059,BAT765678,2025-07-23,2026-09-16,407,581.04,793.1,80,Refrigerated (2–8°C),WH-C,In Stock,2025-12-21
INV001193,MED001497,SUP0028,BAT393586,2024-07-20,2026-03-12,104,479.15,631.26,57,Refrigerated (2–8°C),WH-C,In Stock,2024-12-26
INV003095,MED001497,SUP0074,BAT733652,2026-03-28,2028-09-13,129,67.55,93.3,144,Refrigerated (2–8°C),WH-D,Low Stock,2026-07-20
INV004593,MED001498,SUP0049,BAT434311,2025-05-04,2026-07-28,536,467.14,570.07,130,Frozen (-20°C),WH-D,In Stock,2025-05-22
INV002343,MED001499,SUP0024,BAT949729,2025-03-13,2026-12-03,866,175.53,232.01,139,Refrigerated (2–8°C),WH-D,In Stock,2025-06-06
INV002380,MED001499,SUP0047,BAT324179,2024-02-04,2026-10-21,711,352.2,445.13,144,Refrigerated (2–8°C),WH-A,In Stock,2024-05-10
INV004865,MED001499,SUP0029,BAT802153,2026-01-09,2027-08-02,789,389.34,515.52,189,Room Temperature,WH-E,In Stock,2026-04-30
INV002983,MED001501,SUP0013,BAT990848,2023-10-31,2026-09-15,614,293.93,382.9,63,Frozen (-20°C),WH-E,In Stock,2024-01-09
INV003527,MED001502,SUP0025,BAT499019,2025-08-23,2027-10-12,360,115.94,153.31,131,Room Temperature,WH-B,In Stock,2026-02-18
INV003671,MED001502,SUP0011,BAT865011,2026-04-15,2028-01-05,201,338.09,411.28,124,Frozen (-20°C),WH-D,In Stock,2026-07-11
INV003367,MED001503,SUP0068,BAT648922,2026-05-23,2027-07-17,524,36.94,49.58,128,Room Temperature,WH-A,In Stock,2026-07-20
INV004624,MED001505,SUP0068,BAT531134,2023-12-11,2025-11-30,814,460.53,588.77,82,Frozen (-20°C),WH-A,In Stock,2024-02-23
INV000254,MED001506,SUP0063,BAT703853,2024-11-28,2026-09-19,287,222.18,308.03,125,Room Temperature,WH-E,In Stock,2025-03-19
INV000406,MED001506,SUP0066,BAT225151,2025-08-31,2026-09-25,285,162.22,199.89,167,Refrigerated (2–8°C),WH-A,In Stock,2026-01-02
INV000915,MED001506,SUP0002,BAT479821,2024-02-14,2026-10-31,385,409.27,504.89,134,Room Temperature,WH-A,In Stock,2024-04-06
INV003128,MED001506,SUP0070,BAT661457,2026-01-17,2027-06-11,955,41.97,51.99,62,Room Temperature,WH-E,In Stock,2026-06-21
INV003914,MED001506,SUP0027,BAT171000,2024-10-20,2026-06-12,331,110.6,143.45,40,Frozen (-20°C),WH-D,In Stock,2025-02-23
INV004732,MED001506,SUP0070,BAT981109,2023-09-04,2025-11-22,21,336.68,448.59,39,Refrigerated (2–8°C),WH-D,Low Stock,2023-11-05
INV001452,MED001507,SUP0039,BAT973390,2024-10-01,2027-03-20,369,37.35,49.5,143,Frozen (-20°C),WH-C,In Stock,2025-01-01
INV002789,MED001507,SUP0052,BAT974038,2025-04-24,2026-06-18,560,411.29,519.73,51,Room Temperature,WH-D,In Stock,2025-05-31
INV003912,MED001507,SUP0056,BAT599461,2024-12-13,2026-07-06,885,49.37,63.79,113,Refrigerated (2–8°C),WH-D,In Stock,2025-05-16
INV000685,MED001508,SUP0040,BAT820420,2026-01-15,2027-08-08,417,591.05,759.85,99,Room Temperature,WH-D,In Stock,2026-06-20
INV002263,MED001510,SUP0048,BAT184046,2025-09-30,2027-02-22,162,114.22,145.07,69,Room Temperature,WH-E,In Stock,2026-03-06
INV002285,MED001510,SUP0013,BAT407861,2024-10-17,2026-12-06,979,160.84,199.84,158,Room Temperature,WH-D,In Stock,2025-03-10
INV003437,MED001510,SUP0004,BAT635215,2024-04-24,2026-12-10,295,428.55,517.78,129,Refrigerated (2–8°C),WH-A,In Stock,2024-07-13
INV000480,MED001511,SUP0037,BAT564687,2024-04-04,2025-07-28,858,22.0,29.32,68,Refrigerated (2–8°C),WH-D,In Stock,2024-08-31
INV000815,MED001511,SUP0029,BAT823044,2025-12-04,2027-01-28,201,200.89,243.59,67,Frozen (-20°C),WH-A,In Stock,2026-02-20
INV001613,MED001511,SUP0006,BAT868019,2024-07-22,2026-01-13,202,180.52,218.84,58,Refrigerated (2–8°C),WH-B,In Stock,2024-09-28
INV002301,MED001511,SUP0001,BAT659827,2025-12-03,2027-08-25,268,246.11,309.7,68,Room Temperature,WH-B,In Stock,2026-05-23
INV004638,MED001511,SUP0053,BAT577061,2024-07-10,2026-07-30,309,35.82,49.24,197,Frozen (-20°C),WH-E,In Stock,2024-09-29
INV004784,MED001512,SUP0020,BAT279106,2025-02-28,2026-09-21,152,416.35,564.07,84,Room Temperature,WH-A,In Stock,2025-03-20
INV002489,MED001513,SUP0073,BAT248549,2023-08-29,2024-11-21,434,127.45,171.81,88,Room Temperature,WH-B,In Stock,2023-12-24
INV003296,MED001513,SUP0012,BAT116462,2024-05-15,2027-03-31,962,231.2,294.83,77,Frozen (-20°C),WH-B,In Stock,2024-09-26
INV004973,MED001513,SUP0061,BAT422334,2025-04-10,2027-04-30,498,295.2,360.85,35,Frozen (-20°C),WH-E,In Stock,2025-09-21
INV000247,MED001515,SUP0050,BAT432061,2025-07-28,2026-10-21,5,269.62,364.6,103,Room Temperature,WH-B,Low Stock,2025-09-04
INV001090,MED001515,SUP0007,BAT835652,2024-09-12,2026-12-31,575,86.16,118.82,151,Frozen (-20°C),WH-B,In Stock,2024-11-02
INV000524,MED001516,SUP0069,BAT322167,2024-09-10,2027-01-28,768,331.54,439.16,91,Room Temperature,WH-A,In Stock,2025-02-05
INV002156,MED001516,SUP0006,BAT507062,2023-08-08,2025-12-25,307,593.45,825.01,164,Frozen (-20°C),WH-D,In Stock,2023-11-17
INV003539,MED001516,SUP0023,BAT100477,2024-07-04,2025-11-26,648,295.12,377.72,52,Refrigerated (2–8°C),WH-E,In Stock,2024-10-01
INV003787,MED001516,SUP0040,BAT313265,2025-01-25,2026-10-17,86,67.63,85.75,44,Frozen (-20°C),WH-C,In Stock,2025-03-18
INV001304,MED001517,SUP0046,BAT886099,2025-04-29,2027-05-19,215,480.88,611.67,48,Refrigerated (2–8°C),WH-E,In Stock,2025-07-01
INV001739,MED001518,SUP0053,BAT279508,2024-02-12,2026-12-28,818,396.06,521.63,108,Frozen (-20°C),WH-C,In Stock,2024-06-15
INV004982,MED001518,SUP0038,BAT493108,2024-04-02,2026-05-22,708,387.12,514.1,87,Frozen (-20°C),WH-E,In Stock,2024-06-16
INV002234,MED001519,SUP0051,BAT892966,2025-05-16,2027-01-06,160,371.39,491.18,114,Frozen (-20°C),WH-C,In Stock,2025-06-15
INV002811,MED001519,SUP0056,BAT348911,2025-04-06,2027-01-26,122,446.48,552.19,167,Frozen (-20°C),WH-A,Low Stock,2025-07-07
INV003151,MED001519,SUP0074,BAT908920,2026-01-22,2028-01-12,117,540.8,731.93,198,Room Temperature,WH-E,Low Stock,2026-06-22
INV001309,MED001520,SUP0024,BAT482801,2024-03-01,2025-07-24,509,187.11,247.93,77,Refrigerated (2–8°C),WH-E,In Stock,2024-03-23
INV002283,MED001520,SUP0035,BAT282851,2024-01-24,2026-01-13,240,469.24,619.72,107,Room Temperature,WH-E,In Stock,2024-04-19
INV002711,MED001520,SUP0052,BAT902068,2025-09-09,2028-08-24,556,564.27,719.13,81,Refrigerated (2–8°C),WH-B,In Stock,2026-01-14
INV003248,MED001520,SUP0061,BAT983498,2025-07-14,2027-08-03,486,105.29,126.51,112,Room Temperature,WH-A,In Stock,2025-08-31
INV003809,MED001520,SUP0004,BAT239846,2026-07-11,2028-05-31,647,373.29,519.91,129,Refrigerated (2–8°C),WH-A,In Stock,2026-07-20
INV004902,MED001520,SUP0068,BAT857591,2026-04-30,2027-10-22,298,420.73,587.45,30,Room Temperature,WH-E,In Stock,2026-05-31
INV002222,MED001521,SUP0011,BAT443274,2026-01-26,2028-02-15,795,191.99,256.57,27,Frozen (-20°C),WH-C,In Stock,2026-04-16
INV003569,MED001521,SUP0042,BAT742078,2023-12-05,2025-10-25,98,251.01,334.32,173,Refrigerated (2–8°C),WH-A,Low Stock,2024-03-04
INV000959,MED001522,SUP0068,BAT734088,2025-08-20,2027-03-13,215,233.51,321.65,174,Room Temperature,WH-E,In Stock,2025-11-13
INV001255,MED001522,SUP0050,BAT678874,2026-06-02,2027-11-24,468,435.22,543.09,119,Refrigerated (2–8°C),WH-B,In Stock,2026-07-20
INV001332,MED001522,SUP0059,BAT261141,2023-12-12,2026-11-26,896,569.95,688.61,94,Refrigerated (2–8°C),WH-A,In Stock,2024-03-23
INV003795,MED001522,SUP0062,BAT661064,2025-09-14,2027-02-06,210,592.73,786.63,37,Refrigerated (2–8°C),WH-D,In Stock,2025-12-16
INV000505,MED001523,SUP0054,BAT961957,2025-08-14,2028-05-30,843,163.16,197.12,182,Room Temperature,WH-C,In Stock,2025-09-12
INV004239,MED001523,SUP0005,BAT567925,2023-08-23,2025-08-12,426,535.56,649.19,199,Frozen (-20°C),WH-D,In Stock,2023-12-21
INV004611,MED001523,SUP0017,BAT854464,2024-04-17,2025-12-08,392,134.78,163.88,147,Refrigerated (2–8°C),WH-D,In Stock,2024-10-02
INV000050,MED001524,SUP0061,BAT571932,2025-01-01,2027-12-17,860,170.0,230.44,188,Refrigerated (2–8°C),WH-B,In Stock,2025-03-20
INV002454,MED001524,SUP0005,BAT711088,2026-01-02,2028-02-21,457,36.79,50.64,162,Room Temperature,WH-C,In Stock,2026-06-24
INV003422,MED001525,SUP0067,BAT441439,2026-05-15,2028-01-05,273,332.74,443.14,35,Refrigerated (2–8°C),WH-E,In Stock,2026-07-20
INV002979,MED001526,SUP0053,BAT240643,2023-12-20,2026-09-05,672,535.61,719.44,118,Room Temperature,WH-C,In Stock,2024-05-20
INV003559,MED001526,SUP0069,BAT721397,2024-09-17,2027-03-06,497,452.71,629.58,136,Frozen (-20°C),WH-B,In Stock,2024-11-16
INV003879,MED001526,SUP0057,BAT640612,2024-08-08,2025-12-01,577,583.92,792.3,191,Refrigerated (2–8°C),WH-E,In Stock,2024-10-15
INV004551,MED001526,SUP0048,BAT533220,2026-04-30,2028-05-19,322,549.24,727.74,178,Frozen (-20°C),WH-D,In Stock,2026-07-20
INV000668,MED001527,SUP0047,BAT709291,2026-03-31,2028-09-16,889,378.66,490.44,91,Frozen (-20°C),WH-A,In Stock,2026-07-20
INV002281,MED001527,SUP0029,BAT496886,2024-04-26,2026-05-16,581,172.12,222.64,35,Room Temperature,WH-E,In Stock,2024-10-01
INV003408,MED001527,SUP0005,BAT359669,2024-10-10,2026-02-02,201,373.5,467.95,171,Refrigerated (2–8°C),WH-E,In Stock,2025-02-26
INV002817,MED001528,SUP0001,BAT111662,2025-06-27,2027-12-14,142,480.79,637.85,194,Frozen (-20°C),WH-C,Low Stock,2025-09-08
INV004444,MED001528,SUP0059,BAT301935,2024-05-01,2026-10-18,488,584.62,711.32,147,Room Temperature,WH-C,In Stock,2024-10-27
INV000707,MED001529,SUP0039,BAT985126,2025-12-28,2028-01-17,880,382.19,523.29,41,Refrigerated (2–8°C),WH-C,In Stock,2026-04-03
INV003835,MED001529,SUP0039,BAT420559,2026-05-24,2028-08-11,160,559.86,773.11,52,Refrigerated (2–8°C),WH-C,In Stock,2026-07-20
INV000229,MED001530,SUP0062,BAT354377,2024-09-11,2026-09-01,565,466.43,595.23,107,Frozen (-20°C),WH-C,In Stock,2024-11-26
INV001735,MED001530,SUP0047,BAT689343,2025-01-15,2027-04-05,388,518.33,719.66,64,Refrigerated (2–8°C),WH-B,In Stock,2025-03-05
INV002229,MED001530,SUP0053,BAT696261,2023-08-18,2024-11-10,188,241.52,313.76,198,Room Temperature,WH-A,Low Stock,2023-11-09
INV004091,MED001531,SUP0045,BAT786376,2025-07-31,2027-09-19,250,480.87,635.91,53,Refrigerated (2–8°C),WH-C,In Stock,2025-09-13
INV000450,MED001532,SUP0030,BAT568288,2024-06-16,2025-09-09,520,472.72,642.98,127,Frozen (-20°C),WH-A,In Stock,2024-08-24
INV000477,MED001532,SUP0067,BAT572161,2025-11-14,2027-04-08,874,79.4,99.01,30,Refrigerated (2–8°C),WH-A,In Stock,2026-01-15
INV001317,MED001532,SUP0050,BAT762574,2023-10-27,2025-04-19,14,382.61,523.06,61,Room Temperature,WH-B,Low Stock,2023-12-27
INV003318,MED001532,SUP0012,BAT726773,2025-03-16,2027-10-02,789,73.98,102.29,173,Frozen (-20°C),WH-C,In Stock,2025-08-23
INV003356,MED001532,SUP0024,BAT234491,2025-05-10,2026-11-01,119,539.93,752.66,42,Frozen (-20°C),WH-E,In Stock,2025-08-16
INV004176,MED001532,SUP0060,BAT132871,2023-11-09,2026-09-24,118,474.78,578.76,138,Room Temperature,WH-B,Low Stock,2024-01-11
INV002833,MED001533,SUP0053,BAT975260,2025-05-30,2027-05-20,607,223.7,298.13,67,Frozen (-20°C),WH-E,In Stock,2025-07-22
INV003148,MED001533,SUP0040,BAT366762,2024-06-27,2026-05-18,392,408.53,540.53,194,Frozen (-20°C),WH-C,In Stock,2024-08-19
INV004265,MED001533,SUP0042,BAT702611,2024-01-26,2026-11-11,937,582.99,805.63,101,Frozen (-20°C),WH-C,In Stock,2024-04-18
INV000890,MED001534,SUP0027,BAT884639,2025-10-13,2028-07-29,6,490.75,589.05,68,Room Temperature,WH-D,Low Stock,2026-01-14
INV003717,MED001534,SUP0073,BAT947630,2025-11-23,2028-05-11,258,98.0,132.5,62,Frozen (-20°C),WH-A,In Stock,2025-12-31
INV004068,MED001534,SUP0032,BAT733709,2025-11-18,2027-10-09,494,532.67,720.75,185,Frozen (-20°C),WH-C,In Stock,2026-01-12
INV003629,MED001536,SUP0075,BAT411581,2024-12-06,2027-08-23,611,560.98,702.2,155,Refrigerated (2–8°C),WH-B,In Stock,2025-06-01
INV004954,MED001536,SUP0063,BAT376655,2023-11-12,2025-09-02,524,597.5,804.28,197,Frozen (-20°C),WH-A,In Stock,2024-01-17
INV001433,MED001537,SUP0019,BAT753899,2025-05-09,2026-07-03,502,363.55,501.04,143,Frozen (-20°C),WH-C,In Stock,2025-10-06
INV004081,MED001537,SUP0004,BAT883468,2025-06-13,2027-10-31,666,195.44,234.94,28,Room Temperature,WH-E,In Stock,2025-07-26
INV000792,MED001538,SUP0061,BAT627054,2023-08-28,2024-11-20,184,168.6,209.26,29,Frozen (-20°C),WH-E,In Stock,2024-01-26
INV004033,MED001539,SUP0007,BAT847037,2024-02-05,2025-03-31,302,333.03,433.56,25,Room Temperature,WH-D,In Stock,2024-03-06
INV004400,MED001539,SUP0009,BAT223674,2026-04-29,2027-06-23,685,5.55,6.82,89,Room Temperature,WH-A,In Stock,2026-07-07
INV002424,MED001540,SUP0063,BAT413686,2026-05-29,2027-05-24,329,385.93,536.7,152,Frozen (-20°C),WH-C,In Stock,2026-07-20
INV003267,MED001540,SUP0054,BAT848257,2025-12-27,2028-12-11,230,26.77,36.41,67,Frozen (-20°C),WH-A,In Stock,2026-06-08
INV003681,MED001540,SUP0052,BAT490534,2026-03-17,2029-01-30,394,517.49,670.74,127,Refrigerated (2–8°C),WH-A,In Stock,2026-07-20
INV000443,MED001541,SUP0016,BAT197716,2026-04-03,2028-12-18,923,325.88,391.13,179,Frozen (-20°C),WH-D,In Stock,2026-05-21
INV003903,MED001541,SUP0049,BAT354128,2026-05-30,2027-10-22,483,212.21,267.76,56,Room Temperature,WH-E,In Stock,2026-06-15
INV000804,MED001542,SUP0058,BAT386275,2024-12-05,2027-08-22,349,278.58,367.7,78,Room Temperature,WH-B,In Stock,2025-03-12
INV001803,MED001542,SUP0068,BAT566799,2023-12-07,2025-12-26,638,58.06,70.53,41,Room Temperature,WH-E,In Stock,2023-12-27
INV003283,MED001542,SUP0015,BAT600714,2025-11-29,2028-05-17,553,536.72,714.11,29,Refrigerated (2–8°C),WH-C,In Stock,2026-03-22
INV004879,MED001542,SUP0040,BAT251734,2025-07-06,2026-07-01,822,137.31,187.95,103,Room Temperature,WH-B,In Stock,2025-11-15
INV000646,MED001543,SUP0029,BAT436030,2025-07-12,2027-03-04,696,169.9,206.03,133,Refrigerated (2–8°C),WH-D,In Stock,2025-12-02
INV000922,MED001544,SUP0027,BAT790573,2024-03-17,2025-08-09,711,8.17,10.53,71,Refrigerated (2–8°C),WH-A,In Stock,2024-09-01
INV004174,MED001544,SUP0055,BAT327210,2025-10-16,2027-11-05,855,149.1,204.04,158,Refrigerated (2–8°C),WH-C,In Stock,2026-04-02
INV004962,MED001544,SUP0015,BAT356088,2024-02-24,2025-11-15,981,86.63,110.42,122,Room Temperature,WH-B,In Stock,2024-06-10
INV001905,MED001545,SUP0073,BAT683515,2026-01-29,2027-11-20,881,57.2,75.43,72,Frozen (-20°C),WH-D,In Stock,2026-07-07
INV001443,MED001546,SUP0047,BAT474426,2025-06-12,2026-08-06,351,298.01,390.1,42,Frozen (-20°C),WH-D,In Stock,2025-10-10
INV002119,MED001546,SUP0045,BAT217320,2024-11-17,2027-11-02,550,85.79,111.37,141,Refrigerated (2–8°C),WH-C,In Stock,2025-02-24
INV004167,MED001546,SUP0026,BAT706668,2023-08-26,2025-02-16,10,536.73,660.72,179,Room Temperature,WH-C,Low Stock,2024-02-15
INV000665,MED001547,SUP0018,BAT308936,2024-08-04,2026-07-25,567,30.13,41.13,150,Frozen (-20°C),WH-C,In Stock,2024-11-01
INV000600,MED001548,SUP0015,BAT155074,2024-06-28,2026-08-17,487,288.38,400.75,102,Frozen (-20°C),WH-B,In Stock,2024-10-23
INV001087,MED001548,SUP0018,BAT745092,2025-03-31,2026-10-22,524,80.73,105.65,120,Frozen (-20°C),WH-C,In Stock,2025-09-10
INV001708,MED001548,SUP0050,BAT499443,2025-05-30,2028-02-14,582,23.23,28.46,34,Refrigerated (2–8°C),WH-E,In Stock,2025-10-08
INV004869,MED001548,SUP0055,BAT615835,2025-10-23,2028-09-07,840,559.17,716.73,158,Room Temperature,WH-A,In Stock,2025-11-08
INV000417,MED001549,SUP0075,BAT147727,2023-12-16,2025-11-05,108,473.2,596.36,99,Room Temperature,WH-C,In Stock,2024-05-07
INV002548,MED001549,SUP0045,BAT621899,2023-09-10,2026-05-27,475,353.18,431.97,167,Room Temperature,WH-A,In Stock,2023-11-22
INV004655,MED001549,SUP0003,BAT973021,2026-01-29,2029-01-13,349,98.63,124.66,132,Frozen (-20°C),WH-D,In Stock,2026-04-28
INV001344,MED001550,SUP0049,BAT311968,2025-01-13,2027-10-30,359,484.51,668.21,111,Room Temperature,WH-B,In Stock,2025-06-01
INV003707,MED001550,SUP0063,BAT597774,2024-10-14,2027-01-02,363,158.07,202.26,112,Refrigerated (2–8°C),WH-B,In Stock,2025-02-17
INV003880,MED001550,SUP0025,BAT502258,2023-08-21,2024-11-13,798,56.74,75.32,97,Room Temperature,WH-D,In Stock,2024-01-31
INV004936,MED001550,SUP0038,BAT204587,2024-01-01,2026-08-18,209,123.42,150.53,119,Room Temperature,WH-B,In Stock,2024-06-08
INV000430,MED001551,SUP0066,BAT247189,2026-01-19,2027-06-13,579,397.35,553.73,169,Frozen (-20°C),WH-D,In Stock,2026-03-20
INV001780,MED001551,SUP0035,BAT702059,2023-07-27,2025-05-17,683,193.42,238.76,41,Refrigerated (2–8°C),WH-E,In Stock,2023-10-13
INV003357,MED001551,SUP0024,BAT680427,2023-09-10,2025-07-01,255,205.16,255.65,89,Frozen (-20°C),WH-E,In Stock,2023-10-06
INV003998,MED001551,SUP0072,BAT503543,2025-03-19,2027-02-07,852,84.36,103.09,120,Room Temperature,WH-A,In Stock,2025-06-27
INV002376,MED001552,SUP0054,BAT525831,2023-08-22,2024-12-14,361,222.75,283.57,41,Room Temperature,WH-C,In Stock,2023-10-26
INV002645,MED001552,SUP0014,BAT525235,2026-04-10,2028-04-29,706,307.91,398.97,50,Room Temperature,WH-E,In Stock,2026-07-20
INV004328,MED001552,SUP0015,BAT844865,2023-08-02,2024-07-27,934,334.39,413.24,146,Refrigerated (2–8°C),WH-C,In Stock,2023-12-09
INV002126,MED001553,SUP0036,BAT169504,2023-08-30,2024-09-23,706,504.13,632.39,176,Frozen (-20°C),WH-B,In Stock,2024-01-18
INV004073,MED001553,SUP0070,BAT985319,2025-02-28,2026-04-24,511,54.74,67.17,148,Frozen (-20°C),WH-A,In Stock,2025-06-15
INV001648,MED001554,SUP0042,BAT508253,2024-02-01,2026-03-22,878,468.45,629.62,129,Frozen (-20°C),WH-A,In Stock,2024-06-23
INV002844,MED001554,SUP0042,BAT703567,2026-03-20,2028-11-04,158,553.57,680.29,69,Frozen (-20°C),WH-C,In Stock,2026-07-20
INV003341,MED001554,SUP0050,BAT505742,2024-04-26,2027-04-11,408,9.69,12.0,136,Frozen (-20°C),WH-E,In Stock,2024-09-26
INV002160,MED001555,SUP0074,BAT943952,2025-04-13,2026-08-06,193,159.57,218.54,187,Room Temperature,WH-A,In Stock,2025-05-02
INV003529,MED001555,SUP0035,BAT338896,2025-01-29,2026-09-21,61,14.31,17.59,42,Refrigerated (2–8°C),WH-E,In Stock,2025-03-12
INV003597,MED001555,SUP0067,BAT842608,2025-11-13,2028-01-02,715,525.34,686.94,153,Frozen (-20°C),WH-B,In Stock,2026-03-27
INV004054,MED001555,SUP0031,BAT443457,2024-11-07,2026-11-27,382,271.26,351.77,197,Refrigerated (2–8°C),WH-B,In Stock,2025-03-20
INV002139,MED001556,SUP0039,BAT407375,2024-04-15,2025-09-07,147,390.53,469.84,48,Refrigerated (2–8°C),WH-B,In Stock,2024-07-31
INV002845,MED001556,SUP0070,BAT930346,2024-10-03,2026-06-25,171,232.03,304.11,147,Frozen (-20°C),WH-E,In Stock,2025-03-20
INV003581,MED001556,SUP0009,BAT395225,2026-03-26,2027-03-21,680,577.77,725.69,57,Frozen (-20°C),WH-C,In Stock,2026-06-02
INV004435,MED001556,SUP0027,BAT665244,2026-04-23,2027-08-16,455,270.41,334.92,108,Room Temperature,WH-C,In Stock,2026-05-14
INV000016,MED001558,SUP0069,BAT903035,2024-04-03,2025-07-27,969,103.25,134.8,165,Frozen (-20°C),WH-D,In Stock,2024-08-17
INV000615,MED001558,SUP0038,BAT779259,2024-09-08,2026-01-31,40,398.14,501.57,123,Refrigerated (2–8°C),WH-A,Low Stock,2025-02-11
INV001518,MED001558,SUP0030,BAT194343,2024-06-10,2025-08-04,712,34.79,42.3,166,Refrigerated (2–8°C),WH-D,In Stock,2024-11-29
INV002546,MED001559,SUP0013,BAT787641,2025-01-08,2026-09-30,569,480.92,604.79,129,Frozen (-20°C),WH-B,In Stock,2025-05-23
INV004446,MED001559,SUP0024,BAT222976,2025-04-17,2028-02-01,651,518.97,709.73,30,Refrigerated (2–8°C),WH-C,In Stock,2025-09-03
INV004539,MED001559,SUP0070,BAT271583,2025-12-03,2028-07-20,444,86.29,104.6,52,Refrigerated (2–8°C),WH-C,In Stock,2026-03-18
INV000789,MED001560,SUP0058,BAT799631,2026-01-25,2027-05-20,91,400.38,513.26,184,Room Temperature,WH-D,Low Stock,2026-05-03
INV004545,MED001560,SUP0053,BAT453734,2024-03-18,2026-08-05,881,476.04,621.62,169,Refrigerated (2–8°C),WH-B,In Stock,2024-05-03
INV002502,MED001561,SUP0074,BAT678231,2025-06-14,2028-04-29,157,125.52,173.49,99,Refrigerated (2–8°C),WH-D,In Stock,2025-08-31
INV003071,MED001561,SUP0027,BAT759796,2025-10-08,2027-07-30,160,440.16,557.0,184,Refrigerated (2–8°C),WH-A,Low Stock,2025-11-08
INV003351,MED001561,SUP0070,BAT822652,2025-04-03,2026-04-28,98,259.12,338.46,54,Room Temperature,WH-A,In Stock,2025-05-26
INV004216,MED001561,SUP0016,BAT257383,2024-03-18,2026-05-07,340,88.03,115.4,179,Room Temperature,WH-B,In Stock,2024-08-29
INV000684,MED001562,SUP0047,BAT838963,2025-03-02,2027-07-20,84,298.76,381.5,108,Refrigerated (2–8°C),WH-E,Low Stock,2025-03-27
INV000806,MED001562,SUP0051,BAT664271,2024-01-03,2026-08-20,551,536.08,730.79,32,Refrigerated (2–8°C),WH-A,In Stock,2024-02-06
INV003012,MED001562,SUP0032,BAT802059,2025-11-04,2026-10-30,87,161.9,224.42,31,Room Temperature,WH-E,In Stock,2026-02-25
INV003069,MED001562,SUP0038,BAT671231,2025-07-04,2026-10-27,2,84.57,102.57,145,Refrigerated (2–8°C),WH-A,Low Stock,2025-09-04
INV002387,MED001563,SUP0021,BAT955089,2025-10-06,2027-11-25,632,393.38,492.38,176,Refrigerated (2–8°C),WH-D,In Stock,2026-01-25
INV004402,MED001563,SUP0053,BAT454871,2024-05-03,2026-05-23,62,584.03,734.06,106,Refrigerated (2–8°C),WH-C,Low Stock,2024-08-17
INV004406,MED001563,SUP0030,BAT152149,2024-02-08,2026-01-28,746,17.18,22.88,84,Frozen (-20°C),WH-B,In Stock,2024-05-03
INV000681,MED001564,SUP0002,BAT654527,2024-10-07,2027-07-24,987,107.21,144.82,97,Room Temperature,WH-A,In Stock,2024-12-10
INV001370,MED001564,SUP0026,BAT407189,2025-12-10,2027-11-30,386,296.83,385.36,46,Refrigerated (2–8°C),WH-E,In Stock,2026-04-15
INV001422,MED001564,SUP0063,BAT428702,2024-08-13,2026-03-06,174,416.06,533.37,35,Refrigerated (2–8°C),WH-C,In Stock,2025-01-25
INV001535,MED001564,SUP0066,BAT137912,2026-05-22,2027-07-16,955,201.44,270.5,121,Frozen (-20°C),WH-C,In Stock,2026-07-15
INV003219,MED001564,SUP0032,BAT385664,2025-01-10,2027-06-29,440,575.1,698.93,32,Frozen (-20°C),WH-D,In Stock,2025-04-29
INV000735,MED001565,SUP0020,BAT682667,2026-01-07,2027-02-01,152,141.77,171.14,38,Refrigerated (2–8°C),WH-B,In Stock,2026-03-11
INV000818,MED001565,SUP0013,BAT755725,2026-01-20,2028-07-08,87,550.45,702.09,40,Frozen (-20°C),WH-A,In Stock,2026-03-07
INV004591,MED001565,SUP0021,BAT717716,2025-03-09,2026-03-04,854,595.74,801.42,155,Room Temperature,WH-C,In Stock,2025-05-20
INV000369,MED001566,SUP0021,BAT613358,2024-01-17,2025-05-11,444,260.5,334.95,187,Refrigerated (2–8°C),WH-D,In Stock,2024-07-07
INV000538,MED001566,SUP0002,BAT382967,2025-11-12,2027-06-05,775,44.35,61.44,77,Refrigerated (2–8°C),WH-E,In Stock,2026-01-17
INV002057,MED001566,SUP0057,BAT701981,2025-10-09,2027-12-28,575,334.18,440.8,25,Refrigerated (2–8°C),WH-D,In Stock,2025-10-29
INV000479,MED001567,SUP0011,BAT208976,2025-01-08,2027-07-27,86,559.3,714.77,192,Room Temperature,WH-B,Low Stock,2025-03-03
INV001512,MED001567,SUP0035,BAT315093,2026-04-22,2028-05-11,350,17.33,22.56,107,Refrigerated (2–8°C),WH-D,In Stock,2026-07-20
INV000418,MED001568,SUP0057,BAT499941,2025-10-07,2028-06-23,485,322.41,395.69,65,Refrigerated (2–8°C),WH-E,In Stock,2025-10-29
INV002449,MED001569,SUP0022,BAT980661,2024-10-09,2026-01-02,337,381.11,509.27,112,Refrigerated (2–8°C),WH-D,In Stock,2025-01-14
INV004177,MED001569,SUP0047,BAT716101,2026-05-10,2027-05-05,197,145.7,198.33,78,Refrigerated (2–8°C),WH-D,In Stock,2026-07-20
INV000905,MED001570,SUP0009,BAT775268,2025-06-22,2027-06-12,669,472.12,657.78,189,Refrigerated (2–8°C),WH-B,In Stock,2025-10-12
INV002846,MED001570,SUP0033,BAT557067,2023-10-29,2024-12-22,895,582.64,731.17,154,Room Temperature,WH-B,In Stock,2024-04-23
INV003635,MED001570,SUP0036,BAT142399,2025-02-09,2027-12-26,344,223.12,271.35,194,Frozen (-20°C),WH-D,In Stock,2025-06-03
INV001383,MED001571,SUP0025,BAT905882,2024-09-23,2027-08-09,44,13.46,16.56,170,Refrigerated (2–8°C),WH-B,Low Stock,2024-12-28
INV004438,MED001571,SUP0064,BAT568457,2023-12-20,2025-11-09,874,401.13,514.57,83,Refrigerated (2–8°C),WH-A,In Stock,2024-04-28
INV000295,MED001572,SUP0054,BAT544150,2025-10-21,2026-12-15,549,371.55,466.48,162,Refrigerated (2–8°C),WH-A,In Stock,2026-04-17
INV000386,MED001572,SUP0074,BAT858931,2024-10-21,2027-07-08,531,414.5,548.65,158,Refrigerated (2–8°C),WH-B,In Stock,2025-01-30
INV004050,MED001572,SUP0006,BAT692510,2025-10-12,2027-12-01,647,594.58,715.16,196,Frozen (-20°C),WH-A,In Stock,2025-11-21
INV003212,MED001573,SUP0015,BAT258059,2023-09-12,2026-08-27,634,530.3,711.42,47,Frozen (-20°C),WH-A,In Stock,2023-11-08
INV003985,MED001573,SUP0014,BAT403537,2024-10-22,2027-08-08,263,577.99,711.83,40,Refrigerated (2–8°C),WH-A,In Stock,2024-11-11
INV001499,MED001574,SUP0018,BAT941214,2025-03-16,2026-09-07,729,333.98,414.43,163,Refrigerated (2–8°C),WH-E,In Stock,2025-07-01
INV003304,MED001574,SUP0071,BAT159726,2025-05-17,2026-09-09,966,22.85,28.94,171,Refrigerated (2–8°C),WH-C,In Stock,2025-10-07
INV003393,MED001574,SUP0063,BAT589585,2023-08-04,2024-10-27,697,188.41,249.4,110,Refrigerated (2–8°C),WH-D,In Stock,2023-09-17
INV001342,MED001575,SUP0021,BAT319551,2025-05-10,2028-03-25,771,469.68,579.78,114,Refrigerated (2–8°C),WH-A,In Stock,2025-09-04
INV001567,MED001575,SUP0007,BAT620760,2024-09-30,2027-02-17,294,513.86,711.76,54,Refrigerated (2–8°C),WH-E,In Stock,2025-03-05
INV002880,MED001575,SUP0009,BAT828240,2025-01-19,2027-05-09,200,11.55,13.98,195,Refrigerated (2–8°C),WH-B,In Stock,2025-02-08
INV002642,MED001576,SUP0059,BAT987938,2023-07-28,2025-06-17,75,26.62,33.8,47,Frozen (-20°C),WH-B,In Stock,2023-10-07
INV001451,MED001577,SUP0052,BAT314528,2024-08-02,2025-10-26,396,446.97,614.52,52,Room Temperature,WH-E,In Stock,2024-08-27
INV001833,MED001577,SUP0069,BAT744640,2026-04-22,2029-01-06,751,273.2,377.08,46,Refrigerated (2–8°C),WH-B,In Stock,2026-07-20
INV002773,MED001577,SUP0011,BAT991450,2024-05-05,2026-06-24,591,362.64,441.26,121,Frozen (-20°C),WH-B,In Stock,2024-10-07
INV003062,MED001577,SUP0030,BAT856530,2026-02-07,2028-07-26,616,586.16,803.36,116,Refrigerated (2–8°C),WH-C,In Stock,2026-04-13
INV003220,MED001577,SUP0051,BAT461698,2023-11-16,2026-09-01,464,451.92,556.18,113,Frozen (-20°C),WH-D,In Stock,2024-04-05
INV000599,MED001578,SUP0050,BAT349505,2026-01-07,2028-11-22,171,348.77,477.25,78,Room Temperature,WH-C,In Stock,2026-07-04
INV000604,MED001578,SUP0025,BAT645209,2025-06-11,2028-02-26,320,11.29,13.57,165,Room Temperature,WH-A,In Stock,2025-08-11
INV002995,MED001579,SUP0061,BAT837679,2026-03-23,2028-06-10,18,124.04,158.24,198,Frozen (-20°C),WH-E,Low Stock,2026-06-07
INV004323,MED001579,SUP0023,BAT530657,2026-05-30,2028-01-20,970,30.59,37.58,138,Room Temperature,WH-D,In Stock,2026-07-20
INV004817,MED001580,SUP0002,BAT489985,2025-09-30,2028-04-17,304,67.35,90.77,57,Refrigerated (2–8°C),WH-C,In Stock,2026-03-27
INV002279,MED001581,SUP0035,BAT181547,2026-05-02,2027-09-24,275,259.9,329.31,113,Room Temperature,WH-E,In Stock,2026-07-12
INV000772,MED001582,SUP0022,BAT555157,2023-11-23,2025-11-12,676,94.82,124.68,189,Frozen (-20°C),WH-E,In Stock,2023-12-17
INV001856,MED001582,SUP0061,BAT143995,2026-06-25,2029-01-10,376,457.32,588.1,168,Frozen (-20°C),WH-B,In Stock,2026-07-13
INV003006,MED001582,SUP0065,BAT112553,2025-06-09,2026-08-03,412,30.85,40.37,135,Room Temperature,WH-B,In Stock,2025-10-07
INV004854,MED001582,SUP0042,BAT178654,2025-04-27,2026-11-18,677,174.25,229.96,151,Room Temperature,WH-D,In Stock,2025-07-17
INV001482,MED001583,SUP0049,BAT146005,2025-03-31,2026-08-23,348,352.22,457.42,199,Frozen (-20°C),WH-D,In Stock,2025-06-11
INV003968,MED001584,SUP0033,BAT122268,2025-06-22,2027-09-10,930,327.15,448.12,127,Frozen (-20°C),WH-A,In Stock,2025-08-28
INV003467,MED001585,SUP0035,BAT155819,2025-09-20,2028-06-06,208,251.14,347.57,156,Frozen (-20°C),WH-E,In Stock,2025-10-21
INV000327,MED001586,SUP0015,BAT987599,2026-07-02,2028-05-22,382,240.38,293.31,194,Refrigerated (2–8°C),WH-C,In Stock,2026-07-20
INV001020,MED001586,SUP0022,BAT730134,2025-09-01,2027-02-23,214,583.19,767.11,73,Room Temperature,WH-C,In Stock,2025-12-14
INV001878,MED001587,SUP0072,BAT796241,2025-10-23,2027-05-16,70,535.98,666.04,144,Frozen (-20°C),WH-C,Low Stock,2025-12-23
INV002196,MED001587,SUP0016,BAT661485,2024-08-29,2026-11-17,857,28.99,39.88,83,Frozen (-20°C),WH-A,In Stock,2024-12-08
INV003500,MED001587,SUP0049,BAT736040,2024-08-11,2026-03-04,499,131.07,180.6,175,Refrigerated (2–8°C),WH-D,In Stock,2024-09-13
INV004365,MED001587,SUP0070,BAT556672,2025-09-05,2027-09-25,310,28.86,37.52,144,Room Temperature,WH-D,In Stock,2026-01-29
INV004602,MED001587,SUP0024,BAT538221,2023-09-02,2025-07-23,241,330.2,449.92,159,Refrigerated (2–8°C),WH-E,In Stock,2023-11-05
INV000567,MED001589,SUP0042,BAT250255,2024-02-07,2026-05-27,210,278.32,373.71,34,Frozen (-20°C),WH-A,In Stock,2024-03-26
INV003699,MED001589,SUP0047,BAT767881,2023-12-22,2026-06-09,649,539.93,726.85,95,Refrigerated (2–8°C),WH-B,In Stock,2024-01-16
INV004485,MED001589,SUP0028,BAT976132,2025-03-27,2028-03-11,849,562.64,725.11,98,Refrigerated (2–8°C),WH-D,In Stock,2025-05-05
INV000500,MED001590,SUP0065,BAT497455,2024-08-03,2025-07-29,877,466.73,582.37,118,Frozen (-20°C),WH-A,In Stock,2025-01-23
INV001761,MED001590,SUP0013,BAT339980,2026-02-04,2027-04-30,282,257.2,327.11,73,Refrigerated (2–8°C),WH-E,In Stock,2026-03-27
INV003085,MED001590,SUP0021,BAT956761,2025-05-15,2027-03-06,702,501.72,648.52,136,Frozen (-20°C),WH-E,In Stock,2025-10-06
INV003943,MED001590,SUP0016,BAT623885,2024-01-02,2025-08-24,588,217.31,292.74,106,Room Temperature,WH-B,In Stock,2024-05-12
INV004568,MED001590,SUP0068,BAT925349,2024-11-02,2026-06-25,114,53.14,66.81,192,Refrigerated (2–8°C),WH-C,Low Stock,2025-04-11
INV002868,MED001591,SUP0025,BAT530487,2024-06-28,2026-01-19,759,473.32,628.39,192,Refrigerated (2–8°C),WH-A,In Stock,2024-09-05
INV003987,MED001591,SUP0001,BAT559086,2024-03-03,2025-06-26,589,66.04,84.93,144,Frozen (-20°C),WH-C,In Stock,2024-07-10
INV003361,MED001592,SUP0018,BAT515374,2024-04-08,2025-07-02,492,428.56,594.89,100,Refrigerated (2–8°C),WH-C,In Stock,2024-05-01
INV000918,MED001593,SUP0060,BAT957939,2025-09-10,2027-05-03,668,223.56,273.64,138,Room Temperature,WH-A,In Stock,2026-03-05
INV001571,MED001595,SUP0035,BAT287664,2024-03-09,2027-02-22,345,302.78,413.91,56,Frozen (-20°C),WH-D,In Stock,2024-07-17
INV001634,MED001595,SUP0068,BAT293741,2024-04-03,2025-05-28,274,557.24,765.12,37,Refrigerated (2–8°C),WH-E,In Stock,2024-05-03
INV000463,MED001596,SUP0014,BAT225701,2023-12-28,2026-09-13,628,459.73,601.46,26,Room Temperature,WH-D,In Stock,2024-05-17
INV001751,MED001596,SUP0045,BAT796263,2023-09-08,2024-11-01,203,169.92,233.4,147,Frozen (-20°C),WH-B,In Stock,2023-12-09
INV002321,MED001596,SUP0036,BAT812685,2023-08-23,2025-03-15,846,505.04,696.84,94,Frozen (-20°C),WH-B,In Stock,2023-12-18
INV002816,MED001596,SUP0049,BAT253103,2023-09-21,2026-01-08,646,300.46,408.6,94,Frozen (-20°C),WH-A,In Stock,2023-11-24
INV003591,MED001596,SUP0040,BAT863273,2023-10-11,2025-05-03,648,211.96,274.89,52,Refrigerated (2–8°C),WH-E,In Stock,2024-04-03
INV000743,MED001597,SUP0052,BAT398776,2024-05-31,2025-08-24,502,442.85,613.05,135,Frozen (-20°C),WH-E,In Stock,2024-08-30
INV001300,MED001597,SUP0017,BAT666310,2025-07-03,2026-08-27,891,557.44,742.31,105,Room Temperature,WH-C,In Stock,2025-10-09
INV002913,MED001597,SUP0001,BAT416874,2025-02-15,2027-07-05,600,422.04,589.44,102,Frozen (-20°C),WH-B,In Stock,2025-03-13
INV004890,MED001597,SUP0017,BAT657530,2024-06-19,2026-07-09,816,464.05,646.34,190,Room Temperature,WH-E,In Stock,2024-10-03
INV001324,MED001598,SUP0020,BAT690225,2026-07-11,2028-10-28,819,220.78,275.11,161,Frozen (-20°C),WH-B,In Stock,2026-07-20
INV001625,MED001598,SUP0004,BAT912965,2023-09-08,2026-07-24,85,103.13,139.06,107,Frozen (-20°C),WH-E,Low Stock,2023-09-30
INV001661,MED001598,SUP0025,BAT459251,2025-03-23,2026-10-14,883,548.07,738.43,195,Frozen (-20°C),WH-B,In Stock,2025-08-07
INV004249,MED001598,SUP0011,BAT964416,2026-01-21,2027-09-13,189,581.99,728.69,33,Frozen (-20°C),WH-C,In Stock,2026-04-21
INV002889,MED001599,SUP0013,BAT663145,2025-02-12,2027-05-03,266,404.1,498.32,122,Room Temperature,WH-C,In Stock,2025-03-19
INV004315,MED001599,SUP0025,BAT937641,2025-02-01,2028-01-17,496,265.03,320.67,180,Refrigerated (2–8°C),WH-C,In Stock,2025-06-22
INV004318,MED001599,SUP0063,BAT453904,2024-12-30,2026-03-25,163,467.42,571.13,152,Room Temperature,WH-C,In Stock,2025-05-26
INV004729,MED001599,SUP0066,BAT745019,2024-02-02,2025-09-24,871,553.67,673.36,92,Room Temperature,WH-E,In Stock,2024-05-11
INV000058,MED001600,SUP0006,BAT890870,2023-09-22,2025-04-14,859,374.69,467.5,30,Refrigerated (2–8°C),WH-A,In Stock,2023-11-27
INV002284,MED001600,SUP0029,BAT600124,2026-07-17,2027-09-10,688,34.7,45.03,134,Frozen (-20°C),WH-D,In Stock,2026-07-20
INV004586,MED001600,SUP0011,BAT631839,2025-01-28,2026-12-19,350,274.47,368.58,148,Frozen (-20°C),WH-C,In Stock,2025-04-09
INV001859,MED001601,SUP0010,BAT481770,2023-09-21,2025-08-11,439,221.0,302.5,71,Frozen (-20°C),WH-D,In Stock,2024-03-05
INV002398,MED001601,SUP0047,BAT630935,2024-06-27,2026-07-17,430,225.89,312.9,60,Refrigerated (2–8°C),WH-B,In Stock,2024-11-05
INV003230,MED001601,SUP0004,BAT325203,2025-04-17,2027-08-05,796,259.88,340.06,85,Room Temperature,WH-E,In Stock,2025-06-13
INV004112,MED001601,SUP0004,BAT968162,2024-07-30,2026-10-18,959,138.51,181.98,110,Frozen (-20°C),WH-B,In Stock,2024-12-25
INV002032,MED001602,SUP0010,BAT490188,2025-03-18,2027-07-06,728,325.3,446.94,120,Frozen (-20°C),WH-D,In Stock,2025-04-30
INV003100,MED001602,SUP0036,BAT427819,2026-02-22,2028-11-08,675,522.38,659.21,89,Room Temperature,WH-A,In Stock,2026-07-20
INV000679,MED001603,SUP0016,BAT731024,2024-09-13,2027-03-02,189,214.16,260.88,196,Frozen (-20°C),WH-C,Low Stock,2024-11-18
INV000819,MED001603,SUP0017,BAT165014,2026-01-11,2027-02-05,625,261.94,319.66,185,Room Temperature,WH-E,In Stock,2026-04-13
INV000299,MED001604,SUP0034,BAT275073,2025-08-20,2026-12-13,750,464.0,559.52,55,Refrigerated (2–8°C),WH-C,In Stock,2025-11-11
INV000495,MED001605,SUP0061,BAT821846,2024-06-02,2026-04-23,254,302.45,404.43,65,Refrigerated (2–8°C),WH-A,In Stock,2024-07-09
INV002753,MED001605,SUP0040,BAT232976,2025-02-14,2027-10-02,879,179.96,229.58,63,Frozen (-20°C),WH-B,In Stock,2025-08-09
INV004327,MED001605,SUP0011,BAT438109,2023-10-06,2024-09-30,442,52.8,72.14,28,Refrigerated (2–8°C),WH-C,In Stock,2024-02-24
INV000292,MED001606,SUP0031,BAT618927,2025-09-18,2026-12-12,511,358.39,467.93,188,Room Temperature,WH-C,In Stock,2025-12-03
INV003492,MED001606,SUP0043,BAT758589,2025-05-28,2028-04-12,587,89.9,108.5,31,Room Temperature,WH-A,In Stock,2025-07-10
INV003614,MED001606,SUP0057,BAT785753,2024-12-02,2027-10-18,835,338.52,451.57,76,Refrigerated (2–8°C),WH-D,In Stock,2025-03-20
INV002897,MED001607,SUP0033,BAT934755,2023-09-26,2026-03-14,660,141.53,173.54,28,Frozen (-20°C),WH-A,In Stock,2024-02-12
INV004908,MED001608,SUP0025,BAT406513,2023-12-11,2025-07-03,244,207.97,254.91,89,Refrigerated (2–8°C),WH-D,In Stock,2024-04-17
INV000631,MED001609,SUP0004,BAT608623,2026-06-09,2027-09-02,916,434.23,572.55,85,Refrigerated (2–8°C),WH-D,In Stock,2026-07-12
INV003726,MED001609,SUP0030,BAT839601,2024-10-11,2026-11-30,157,343.77,439.69,71,Refrigerated (2–8°C),WH-E,In Stock,2025-01-14
INV004631,MED001609,SUP0041,BAT239495,2025-03-27,2026-03-22,913,557.07,739.48,56,Refrigerated (2–8°C),WH-E,In Stock,2025-06-19
INV000842,MED001610,SUP0036,BAT338804,2024-02-07,2025-05-02,368,329.89,417.89,34,Frozen (-20°C),WH-C,In Stock,2024-03-11
INV001598,MED001610,SUP0068,BAT168466,2026-02-05,2027-12-27,659,272.36,364.33,82,Refrigerated (2–8°C),WH-D,In Stock,2026-05-08
INV001910,MED001610,SUP0016,BAT647622,2026-04-17,2029-03-02,702,341.5,439.42,118,Room Temperature,WH-E,In Stock,2026-05-03
INV004430,MED001610,SUP0006,BAT279862,2026-05-07,2028-08-24,315,368.43,483.6,194,Frozen (-20°C),WH-D,In Stock,2026-07-20
INV000750,MED001611,SUP0024,BAT983855,2025-10-02,2026-10-27,426,191.8,257.94,101,Frozen (-20°C),WH-D,In Stock,2025-11-07
INV001329,MED001611,SUP0021,BAT777468,2025-11-25,2027-11-15,198,501.43,608.79,88,Refrigerated (2–8°C),WH-B,In Stock,2026-05-10
INV002386,MED001611,SUP0018,BAT320550,2025-10-27,2027-07-19,40,521.8,722.33,72,Refrigerated (2–8°C),WH-B,Low Stock,2026-01-16
INV000329,MED001612,SUP0046,BAT334081,2024-07-14,2026-07-04,751,80.77,108.7,100,Frozen (-20°C),WH-E,In Stock,2024-10-15
INV001431,MED001612,SUP0036,BAT681955,2025-06-17,2027-12-04,715,541.6,754.5,74,Frozen (-20°C),WH-E,In Stock,2025-09-24
INV004304,MED001612,SUP0032,BAT578560,2023-11-13,2025-04-06,373,319.82,390.16,137,Frozen (-20°C),WH-D,In Stock,2024-03-15
INV004410,MED001612,SUP0066,BAT321343,2025-03-17,2026-06-10,814,248.99,330.05,27,Frozen (-20°C),WH-A,In Stock,2025-08-23
INV001810,MED001613,SUP0029,BAT980525,2025-05-19,2027-12-05,941,377.82,524.96,125,Frozen (-20°C),WH-D,In Stock,2025-07-20
INV002790,MED001613,SUP0036,BAT521310,2025-12-10,2027-02-03,747,284.88,366.07,103,Room Temperature,WH-E,In Stock,2026-03-14
INV001725,MED001614,SUP0037,BAT286410,2026-05-14,2027-09-06,980,546.74,761.9,182,Frozen (-20°C),WH-D,In Stock,2026-07-20
INV002924,MED001614,SUP0019,BAT326151,2024-11-02,2026-06-25,388,473.56,645.41,30,Room Temperature,WH-D,In Stock,2025-01-27
INV003169,MED001614,SUP0038,BAT601761,2024-11-28,2026-12-18,416,553.07,671.42,55,Refrigerated (2–8°C),WH-D,In Stock,2025-03-12
INV003505,MED001614,SUP0009,BAT227172,2025-12-30,2028-04-18,757,20.7,27.35,55,Room Temperature,WH-D,In Stock,2026-01-19
INV003621,MED001615,SUP0038,BAT237898,2025-07-23,2026-12-15,720,297.94,386.27,146,Refrigerated (2–8°C),WH-C,In Stock,2025-10-17
INV004126,MED001615,SUP0051,BAT321423,2024-10-08,2026-09-28,498,523.14,659.62,60,Refrigerated (2–8°C),WH-E,In Stock,2025-01-05
INV000895,MED001617,SUP0006,BAT201546,2024-09-25,2027-01-13,384,314.44,437.83,179,Refrigerated (2–8°C),WH-D,In Stock,2024-10-11
INV003204,MED001617,SUP0018,BAT596589,2025-09-17,2028-09-01,902,280.62,338.19,92,Frozen (-20°C),WH-E,In Stock,2026-03-10
INV002771,MED001618,SUP0010,BAT759748,2025-11-09,2028-10-24,529,176.08,219.91,190,Frozen (-20°C),WH-D,In Stock,2026-01-26
INV004699,MED001618,SUP0020,BAT495970,2024-05-02,2026-06-21,927,137.83,189.15,77,Room Temperature,WH-C,In Stock,2024-09-16
INV003730,MED001619,SUP0063,BAT262797,2024-07-21,2027-01-07,146,14.6,19.8,56,Refrigerated (2–8°C),WH-B,In Stock,2024-12-26
INV000075,MED001620,SUP0029,BAT913373,2026-06-25,2028-06-14,930,181.93,239.73,138,Refrigerated (2–8°C),WH-C,In Stock,2026-07-20
INV000207,MED001620,SUP0038,BAT695361,2024-08-19,2026-01-11,876,538.74,735.59,188,Frozen (-20°C),WH-C,In Stock,2025-02-06
INV000836,MED001620,SUP0009,BAT275566,2026-05-27,2028-05-16,769,227.69,296.86,155,Room Temperature,WH-C,In Stock,2026-07-20
INV002768,MED001620,SUP0030,BAT608006,2025-06-22,2027-03-14,138,541.24,735.59,92,Refrigerated (2–8°C),WH-A,In Stock,2025-07-18
INV002048,MED001621,SUP0021,BAT310894,2024-10-25,2027-08-11,156,405.45,555.4,50,Frozen (-20°C),WH-B,In Stock,2025-04-13
INV000391,MED001622,SUP0039,BAT633030,2024-09-16,2027-05-04,973,221.19,267.83,112,Room Temperature,WH-D,In Stock,2025-01-25
INV003566,MED001623,SUP0052,BAT307429,2025-06-29,2027-08-18,516,424.09,544.07,131,Room Temperature,WH-B,In Stock,2025-10-18
INV000678,MED001625,SUP0066,BAT721990,2023-11-19,2026-02-06,930,30.75,38.76,89,Room Temperature,WH-A,In Stock,2024-01-03
INV001746,MED001625,SUP0047,BAT516422,2023-11-09,2026-03-28,177,530.61,664.89,34,Frozen (-20°C),WH-D,In Stock,2024-01-11
INV002495,MED001625,SUP0001,BAT281679,2025-01-11,2027-06-30,440,120.03,148.21,134,Room Temperature,WH-E,In Stock,2025-06-06
INV000173,MED001626,SUP0047,BAT633469,2024-10-22,2026-01-15,811,145.86,189.44,60,Refrigerated (2–8°C),WH-E,In Stock,2024-12-27
INV000584,MED001627,SUP0039,BAT555844,2025-06-25,2026-08-19,8,591.92,758.15,181,Room Temperature,WH-C,Low Stock,2025-12-06
INV001368,MED001627,SUP0052,BAT143610,2025-07-23,2026-08-17,830,426.04,582.74,193,Room Temperature,WH-E,In Stock,2025-12-07
INV004542,MED001627,SUP0074,BAT708540,2024-06-02,2026-04-23,903,528.97,696.01,28,Room Temperature,WH-E,In Stock,2024-10-14
INV000440,MED001628,SUP0075,BAT960307,2024-07-27,2027-02-12,270,435.89,552.94,67,Refrigerated (2–8°C),WH-E,In Stock,2024-12-19
INV000771,MED001628,SUP0047,BAT131208,2026-01-12,2027-05-07,734,566.47,689.37,157,Refrigerated (2–8°C),WH-D,In Stock,2026-01-29
INV003137,MED001628,SUP0026,BAT177878,2025-10-20,2027-10-10,483,503.68,668.48,172,Room Temperature,WH-D,In Stock,2026-01-21
INV001145,MED001630,SUP0037,BAT458163,2025-04-23,2026-07-17,418,305.49,375.65,132,Refrigerated (2–8°C),WH-B,In Stock,2025-05-28
INV004156,MED001630,SUP0013,BAT636966,2023-08-22,2024-11-14,412,326.63,392.7,96,Room Temperature,WH-D,In Stock,2023-12-16
INV000762,MED001631,SUP0061,BAT938603,2024-06-16,2027-01-02,289,401.9,492.66,47,Room Temperature,WH-B,In Stock,2024-08-23
INV000629,MED001632,SUP0020,BAT818530,2026-03-18,2028-06-05,163,553.99,670.77,196,Refrigerated (2–8°C),WH-C,Low Stock,2026-05-17
INV001257,MED001632,SUP0023,BAT583819,2026-05-10,2028-12-25,822,503.54,692.07,179,Room Temperature,WH-B,In Stock,2026-06-22
INV002220,MED001633,SUP0034,BAT642126,2026-06-26,2028-06-15,695,109.94,147.19,84,Refrigerated (2–8°C),WH-B,In Stock,2026-07-20
INV002575,MED001633,SUP0008,BAT263451,2024-04-16,2025-11-07,691,237.52,314.76,54,Frozen (-20°C),WH-D,In Stock,2024-05-18
INV003793,MED001633,SUP0068,BAT330939,2025-02-09,2027-04-30,181,539.12,652.2,200,Refrigerated (2–8°C),WH-E,Low Stock,2025-07-19
INV002978,MED001634,SUP0030,BAT282114,2026-06-09,2029-01-24,284,151.39,207.1,129,Refrigerated (2–8°C),WH-A,In Stock,2026-07-20
INV003000,MED001635,SUP0037,BAT360812,2026-07-02,2028-01-23,28,350.26,440.7,32,Refrigerated (2–8°C),WH-B,Low Stock,2026-07-20
INV004488,MED001635,SUP0023,BAT838674,2024-05-23,2027-01-08,674,237.26,323.99,181,Refrigerated (2–8°C),WH-C,In Stock,2024-08-03
INV001295,MED001636,SUP0066,BAT987409,2024-01-16,2026-07-04,624,595.81,804.57,191,Frozen (-20°C),WH-D,In Stock,2024-05-29
INV002135,MED001636,SUP0060,BAT326689,2026-02-20,2027-04-16,770,394.34,486.75,33,Room Temperature,WH-A,In Stock,2026-04-24
INV003003,MED001636,SUP0049,BAT264377,2024-05-13,2026-03-04,463,380.94,461.37,108,Room Temperature,WH-B,In Stock,2024-07-06
INV001437,MED001637,SUP0065,BAT396176,2024-12-10,2026-11-30,717,182.42,226.36,27,Refrigerated (2–8°C),WH-A,In Stock,2025-04-12
INV001969,MED001637,SUP0023,BAT756627,2023-12-05,2025-10-25,438,47.85,62.84,93,Frozen (-20°C),WH-C,In Stock,2024-01-11
INV002911,MED001637,SUP0059,BAT809175,2024-11-09,2026-01-03,780,457.38,552.94,145,Room Temperature,WH-B,In Stock,2025-05-06
INV003088,MED001637,SUP0040,BAT966980,2024-04-14,2025-09-06,914,223.95,300.21,81,Frozen (-20°C),WH-C,In Stock,2024-10-01
INV001601,MED001638,SUP0040,BAT882660,2025-10-24,2026-10-19,580,148.53,186.64,52,Room Temperature,WH-E,In Stock,2025-11-24
INV002391,MED001638,SUP0062,BAT447497,2025-05-08,2026-07-02,862,415.58,509.24,93,Refrigerated (2–8°C),WH-A,In Stock,2025-08-15
INV000460,MED001639,SUP0041,BAT532459,2025-07-13,2027-10-31,9,152.71,186.09,92,Frozen (-20°C),WH-C,Low Stock,2025-12-12
INV000470,MED001639,SUP0020,BAT595962,2023-08-09,2024-12-31,511,597.36,818.31,59,Frozen (-20°C),WH-E,In Stock,2023-12-09
INV001363,MED001639,SUP0073,BAT690730,2025-08-26,2026-10-20,193,374.42,462.92,187,Room Temperature,WH-C,In Stock,2025-10-24
INV001561,MED001639,SUP0048,BAT453558,2023-07-26,2024-10-18,790,125.02,153.72,153,Frozen (-20°C),WH-E,In Stock,2023-12-11
INV003210,MED001639,SUP0039,BAT877009,2024-11-09,2026-07-02,727,286.43,355.3,118,Frozen (-20°C),WH-E,In Stock,2025-04-01
INV003242,MED001639,SUP0061,BAT820360,2024-04-03,2027-01-18,667,447.53,608.9,138,Refrigerated (2–8°C),WH-E,In Stock,2024-05-13
INV003673,MED001639,SUP0039,BAT972886,2023-08-02,2026-06-17,261,500.84,644.79,120,Room Temperature,WH-E,In Stock,2023-11-08
INV004491,MED001639,SUP0017,BAT716653,2025-09-19,2026-12-13,530,271.3,355.89,39,Refrigerated (2–8°C),WH-A,In Stock,2025-11-26
INV003586,MED001640,SUP0072,BAT710328,2026-05-03,2029-02-16,927,297.21,384.95,141,Refrigerated (2–8°C),WH-C,In Stock,2026-07-20
INV004003,MED001640,SUP0058,BAT828537,2025-08-02,2026-09-26,205,527.11,658.94,146,Refrigerated (2–8°C),WH-B,In Stock,2026-01-13
INV000151,MED001641,SUP0018,BAT362147,2023-11-04,2026-06-21,895,334.95,408.81,120,Frozen (-20°C),WH-A,In Stock,2024-03-21
INV001108,MED001642,SUP0009,BAT560197,2025-12-12,2028-07-29,894,343.65,421.12,43,Frozen (-20°C),WH-C,In Stock,2026-04-02
INV002426,MED001642,SUP0030,BAT194396,2025-07-14,2027-11-01,998,202.61,254.49,60,Room Temperature,WH-D,In Stock,2025-12-29
INV003056,MED001642,SUP0055,BAT903989,2025-12-27,2028-04-15,893,49.26,66.83,54,Room Temperature,WH-B,In Stock,2026-02-08
INV000212,MED001643,SUP0028,BAT898867,2024-12-08,2027-08-25,894,317.68,414.77,45,Refrigerated (2–8°C),WH-A,In Stock,2025-05-24
INV002186,MED001643,SUP0024,BAT359139,2023-09-19,2024-12-12,52,368.72,512.6,104,Refrigerated (2–8°C),WH-A,Low Stock,2024-01-14
INV002929,MED001643,SUP0001,BAT439721,2024-12-09,2027-01-28,778,582.52,741.57,102,Room Temperature,WH-D,In Stock,2025-04-08
INV003847,MED001643,SUP0012,BAT504059,2025-01-20,2026-12-11,331,295.24,371.33,70,Room Temperature,WH-E,In Stock,2025-06-07
INV004355,MED001643,SUP0020,BAT595789,2025-10-31,2028-08-16,148,339.24,467.7,122,Frozen (-20°C),WH-C,In Stock,2026-04-23
INV004733,MED001643,SUP0003,BAT184235,2026-05-05,2028-01-25,987,400.31,506.14,193,Refrigerated (2–8°C),WH-B,In Stock,2026-07-12
INV002145,MED001644,SUP0069,BAT533716,2024-12-24,2027-03-14,438,406.31,497.88,156,Refrigerated (2–8°C),WH-D,In Stock,2025-05-30
INV002556,MED001644,SUP0002,BAT657322,2025-02-17,2027-11-04,246,541.07,668.13,61,Refrigerated (2–8°C),WH-E,In Stock,2025-04-20
INV002760,MED001644,SUP0071,BAT648440,2024-09-05,2025-08-31,780,479.91,608.55,176,Room Temperature,WH-E,In Stock,2024-09-29
INV004184,MED001644,SUP0054,BAT336800,2025-08-06,2028-02-22,89,480.87,599.99,145,Room Temperature,WH-C,Low Stock,2025-11-23
INV000607,MED001645,SUP0024,BAT216229,2024-08-01,2026-03-24,478,562.03,746.24,194,Refrigerated (2–8°C),WH-D,In Stock,2024-10-30
INV001159,MED001646,SUP0011,BAT880431,2024-10-18,2027-09-03,334,306.7,384.98,65,Frozen (-20°C),WH-E,In Stock,2024-11-21
INV001842,MED001647,SUP0073,BAT707418,2025-12-08,2028-05-26,526,531.46,718.99,64,Frozen (-20°C),WH-A,In Stock,2026-05-07
INV002583,MED001647,SUP0046,BAT271617,2025-12-13,2027-12-03,188,269.84,366.61,135,Room Temperature,WH-C,In Stock,2026-03-12
INV003918,MED001647,SUP0022,BAT382427,2024-05-13,2026-07-02,386,400.73,540.78,53,Refrigerated (2–8°C),WH-B,In Stock,2024-06-19
INV000228,MED001648,SUP0072,BAT327558,2026-03-28,2027-09-19,310,131.03,162.22,28,Frozen (-20°C),WH-A,In Stock,2026-07-06
INV002455,MED001648,SUP0035,BAT474509,2025-12-10,2028-03-29,269,585.91,770.41,130,Refrigerated (2–8°C),WH-A,In Stock,2026-03-09
INV002881,MED001648,SUP0047,BAT911785,2025-12-31,2027-11-21,833,236.95,285.53,64,Room Temperature,WH-C,In Stock,2026-06-07
INV003054,MED001649,SUP0059,BAT206639,2024-07-13,2026-07-03,246,351.99,464.98,143,Frozen (-20°C),WH-E,In Stock,2024-12-29
INV003427,MED001649,SUP0008,BAT943380,2024-07-23,2027-04-09,213,20.32,24.98,66,Frozen (-20°C),WH-E,In Stock,2024-12-03
INV000497,MED001650,SUP0057,BAT868804,2024-08-19,2025-08-14,366,154.16,186.21,59,Frozen (-20°C),WH-D,In Stock,2024-12-08
INV000779,MED001650,SUP0075,BAT693071,2026-07-17,2029-02-01,358,174.3,236.52,101,Frozen (-20°C),WH-E,In Stock,2026-07-20
INV001411,MED001650,SUP0041,BAT633506,2024-03-09,2025-03-04,825,149.56,184.77,52,Room Temperature,WH-B,In Stock,2024-04-25
INV004672,MED001650,SUP0029,BAT517820,2026-02-19,2029-01-04,648,451.46,624.94,175,Refrigerated (2–8°C),WH-E,In Stock,2026-05-26
INV001024,MED001651,SUP0014,BAT193992,2023-08-23,2026-03-10,106,451.22,597.76,152,Frozen (-20°C),WH-A,Low Stock,2023-12-21
INV001953,MED001651,SUP0012,BAT618391,2024-06-21,2025-07-16,124,229.96,291.86,75,Frozen (-20°C),WH-B,In Stock,2024-08-25
INV003831,MED001651,SUP0033,BAT311856,2025-07-23,2028-07-07,110,88.13,116.76,37,Frozen (-20°C),WH-C,In Stock,2025-09-04
INV003624,MED001652,SUP0047,BAT941300,2024-09-18,2026-12-07,607,472.17,643.62,83,Frozen (-20°C),WH-C,In Stock,2025-01-29
INV004109,MED001652,SUP0001,BAT482275,2024-08-24,2027-07-10,346,377.86,464.16,183,Frozen (-20°C),WH-B,In Stock,2024-12-17
INV001645,MED001653,SUP0019,BAT945097,2024-02-15,2025-04-10,728,275.57,356.39,178,Room Temperature,WH-E,In Stock,2024-03-25
INV002758,MED001653,SUP0048,BAT738350,2025-01-28,2027-04-18,886,153.0,196.66,27,Frozen (-20°C),WH-D,In Stock,2025-07-23
INV000125,MED001654,SUP0055,BAT986209,2023-09-12,2026-03-30,29,167.6,226.68,71,Refrigerated (2–8°C),WH-C,Low Stock,2023-12-04
INV000313,MED001654,SUP0039,BAT966529,2023-10-11,2025-04-03,151,428.14,596.69,48,Refrigerated (2–8°C),WH-E,In Stock,2024-01-17
INV000829,MED001654,SUP0049,BAT315289,2025-10-17,2027-03-11,371,48.87,58.94,27,Room Temperature,WH-B,In Stock,2025-11-02
INV001128,MED001654,SUP0014,BAT680170,2025-09-22,2028-08-07,879,280.78,369.09,161,Frozen (-20°C),WH-E,In Stock,2025-12-19
INV004778,MED001654,SUP0041,BAT116273,2025-06-02,2027-06-22,355,311.91,422.03,107,Frozen (-20°C),WH-A,In Stock,2025-09-25
INV001665,MED001655,SUP0049,BAT918433,2025-03-19,2027-08-06,619,448.88,599.34,178,Refrigerated (2–8°C),WH-A,In Stock,2025-09-14
INV002138,MED001655,SUP0009,BAT596984,2023-08-02,2025-09-20,313,247.2,345.25,87,Room Temperature,WH-B,In Stock,2023-10-21
INV000064,MED001656,SUP0069,BAT912270,2026-04-06,2028-05-25,845,164.7,225.7,176,Room Temperature,WH-C,In Stock,2026-07-20
INV000344,MED001656,SUP0025,BAT232315,2023-10-16,2025-11-04,699,125.14,170.76,136,Room Temperature,WH-E,In Stock,2023-11-20
INV000809,MED001656,SUP0029,BAT345637,2026-04-27,2028-03-17,287,543.18,728.62,151,Room Temperature,WH-A,In Stock,2026-05-21
INV001483,MED001656,SUP0015,BAT206470,2024-06-21,2025-10-14,758,339.85,437.6,179,Refrigerated (2–8°C),WH-D,In Stock,2024-08-08
INV002060,MED001656,SUP0069,BAT212006,2025-09-07,2027-05-30,546,162.81,205.66,32,Frozen (-20°C),WH-B,In Stock,2026-02-18
INV000322,MED001657,SUP0061,BAT655149,2025-07-22,2028-07-06,238,64.58,85.98,65,Refrigerated (2–8°C),WH-E,In Stock,2026-01-02
INV002378,MED001657,SUP0013,BAT431385,2025-12-03,2026-12-28,539,345.39,440.26,137,Room Temperature,WH-C,In Stock,2026-03-16
INV002559,MED001657,SUP0049,BAT115672,2024-06-17,2026-02-07,377,41.55,58.14,140,Room Temperature,WH-B,In Stock,2024-08-13
INV000697,MED001658,SUP0075,BAT128206,2025-06-18,2027-06-08,438,595.21,763.29,113,Room Temperature,WH-B,In Stock,2025-07-27
INV001586,MED001658,SUP0047,BAT525709,2024-02-24,2025-10-16,605,537.54,671.66,168,Refrigerated (2–8°C),WH-B,In Stock,2024-04-19
INV002885,MED001659,SUP0040,BAT513468,2025-05-03,2027-06-22,644,167.34,231.42,186,Frozen (-20°C),WH-B,In Stock,2025-07-24
INV004670,MED001659,SUP0069,BAT854968,2023-10-24,2026-09-08,671,276.38,372.28,49,Refrigerated (2–8°C),WH-C,In Stock,2023-12-04
INV001760,MED001660,SUP0001,BAT944483,2024-10-02,2027-07-19,610,81.28,108.83,113,Refrigerated (2–8°C),WH-A,In Stock,2025-03-11
INV001844,MED001660,SUP0012,BAT864306,2025-09-08,2028-06-24,179,83.66,103.8,93,Frozen (-20°C),WH-B,In Stock,2025-11-26
INV000983,MED001661,SUP0010,BAT927175,2023-07-25,2024-11-16,327,237.41,319.14,62,Refrigerated (2–8°C),WH-A,In Stock,2023-09-15
INV001743,MED001661,SUP0064,BAT740903,2024-03-15,2025-08-07,618,266.08,329.24,174,Room Temperature,WH-D,In Stock,2024-07-22
INV001875,MED001661,SUP0019,BAT936185,2026-06-23,2028-08-11,607,345.99,475.06,167,Refrigerated (2–8°C),WH-C,In Stock,2026-07-20
INV002375,MED001661,SUP0054,BAT981177,2024-05-01,2026-01-21,433,271.35,341.7,32,Frozen (-20°C),WH-B,In Stock,2024-10-01
INV002947,MED001661,SUP0016,BAT181081,2025-12-16,2027-06-09,661,54.55,72.02,138,Room Temperature,WH-D,In Stock,2026-06-03
INV004762,MED001661,SUP0048,BAT826701,2026-06-12,2027-07-07,295,194.96,253.45,113,Room Temperature,WH-D,In Stock,2026-07-20
INV000622,MED001662,SUP0052,BAT439984,2024-03-24,2026-12-09,558,196.35,273.5,60,Room Temperature,WH-A,In Stock,2024-09-02
INV000530,MED001663,SUP0008,BAT756190,2024-12-29,2026-12-19,966,569.72,709.37,167,Refrigerated (2–8°C),WH-D,In Stock,2025-01-20
INV003792,MED001663,SUP0016,BAT477627,2024-11-23,2025-11-18,475,486.67,609.42,105,Frozen (-20°C),WH-A,In Stock,2024-12-23
INV004792,MED001663,SUP0070,BAT699983,2026-03-10,2028-12-24,885,121.31,163.19,141,Room Temperature,WH-C,In Stock,2026-07-18
INV002088,MED001664,SUP0066,BAT152431,2024-02-13,2026-06-02,884,216.96,290.1,52,Room Temperature,WH-C,In Stock,2024-07-21
INV003270,MED001664,SUP0044,BAT514153,2025-04-29,2027-06-18,437,240.12,320.66,145,Room Temperature,WH-E,In Stock,2025-06-17
INV000749,MED001665,SUP0033,BAT472724,2024-12-23,2027-06-11,787,14.68,19.79,153,Refrigerated (2–8°C),WH-B,In Stock,2025-01-27
INV001119,MED001665,SUP0008,BAT180333,2023-11-14,2025-03-08,184,31.01,39.38,97,Frozen (-20°C),WH-B,In Stock,2024-03-20
INV003926,MED001666,SUP0070,BAT498776,2025-07-27,2027-09-15,436,352.61,453.93,153,Room Temperature,WH-A,In Stock,2025-09-05
INV004950,MED001666,SUP0010,BAT238112,2024-03-29,2026-03-19,731,182.65,222.4,169,Frozen (-20°C),WH-A,In Stock,2024-07-27
INV001021,MED001667,SUP0047,BAT116977,2025-03-30,2026-12-20,838,421.09,559.96,56,Refrigerated (2–8°C),WH-D,In Stock,2025-08-20
INV001162,MED001667,SUP0024,BAT869194,2026-05-03,2028-01-23,203,526.14,731.42,187,Frozen (-20°C),WH-B,In Stock,2026-06-20
INV003748,MED001667,SUP0051,BAT768110,2024-10-07,2027-06-24,298,358.22,442.58,26,Room Temperature,WH-D,In Stock,2024-11-08
INV004293,MED001667,SUP0008,BAT485288,2025-09-16,2027-10-06,661,156.02,193.99,173,Refrigerated (2–8°C),WH-B,In Stock,2026-01-19
INV004829,MED001667,SUP0023,BAT415245,2023-08-30,2026-01-16,447,445.12,572.29,33,Frozen (-20°C),WH-B,In Stock,2024-01-24
INV001678,MED001668,SUP0043,BAT963565,2023-09-11,2024-10-05,384,38.31,50.94,160,Room Temperature,WH-C,In Stock,2023-10-12
INV003802,MED001668,SUP0058,BAT629798,2025-01-06,2026-05-31,953,390.16,490.5,40,Refrigerated (2–8°C),WH-C,In Stock,2025-01-29
INV001303,MED001669,SUP0016,BAT197362,2024-07-13,2026-10-31,741,77.41,104.61,157,Room Temperature,WH-D,In Stock,2024-12-23
INV002509,MED001669,SUP0062,BAT680796,2023-08-29,2026-01-15,395,346.44,423.89,95,Room Temperature,WH-C,In Stock,2023-10-18
INV002788,MED001669,SUP0040,BAT713327,2025-07-30,2027-08-19,80,415.21,547.9,178,Frozen (-20°C),WH-E,Low Stock,2025-09-02
INV004623,MED001669,SUP0032,BAT196459,2026-03-28,2029-03-12,68,244.94,313.83,157,Frozen (-20°C),WH-D,Low Stock,2026-07-20
INV004971,MED001669,SUP0002,BAT867790,2025-02-17,2026-06-12,979,559.5,752.52,119,Room Temperature,WH-B,In Stock,2025-04-05
INV001950,MED001670,SUP0020,BAT953196,2026-01-05,2028-05-24,25,198.66,259.02,119,Room Temperature,WH-A,Low Stock,2026-02-05
INV002686,MED001671,SUP0032,BAT520204,2025-03-21,2027-02-09,879,91.13,112.56,198,Frozen (-20°C),WH-B,In Stock,2025-04-16
INV004694,MED001671,SUP0073,BAT314782,2025-11-01,2027-05-25,445,41.44,57.98,160,Frozen (-20°C),WH-D,In Stock,2026-02-06
INV000323,MED001672,SUP0008,BAT901164,2024-10-12,2027-03-31,363,109.78,144.75,69,Frozen (-20°C),WH-C,In Stock,2025-02-03
INV000754,MED001672,SUP0003,BAT829842,2024-08-09,2025-08-04,492,91.37,114.06,191,Frozen (-20°C),WH-E,In Stock,2024-10-16
INV003313,MED001672,SUP0052,BAT832695,2025-04-22,2027-03-13,807,427.55,573.85,129,Frozen (-20°C),WH-A,In Stock,2025-09-25
INV004512,MED001672,SUP0052,BAT137596,2026-02-28,2028-05-18,915,98.25,130.33,150,Refrigerated (2–8°C),WH-C,In Stock,2026-04-20
INV004582,MED001672,SUP0058,BAT670989,2025-12-08,2028-09-23,491,482.78,591.88,81,Refrigerated (2–8°C),WH-D,In Stock,2026-01-09
INV001943,MED001673,SUP0015,BAT415618,2025-04-29,2027-01-19,735,274.42,351.95,39,Frozen (-20°C),WH-D,In Stock,2025-07-07
INV002185,MED001673,SUP0013,BAT145867,2024-07-27,2025-09-20,834,190.05,253.01,119,Refrigerated (2–8°C),WH-A,In Stock,2024-09-21
INV003618,MED001674,SUP0040,BAT132924,2024-07-29,2026-01-20,199,335.32,442.16,113,Refrigerated (2–8°C),WH-E,In Stock,2024-09-16
INV004282,MED001674,SUP0052,BAT123960,2024-11-12,2026-12-02,830,326.48,443.23,181,Room Temperature,WH-D,In Stock,2025-03-15
INV001296,MED001675,SUP0036,BAT588337,2026-01-30,2028-12-15,666,48.45,64.42,109,Refrigerated (2–8°C),WH-D,In Stock,2026-03-24
INV002292,MED001675,SUP0052,BAT593882,2024-03-23,2026-08-10,187,255.27,351.65,71,Refrigerated (2–8°C),WH-E,In Stock,2024-05-11
INV003948,MED001676,SUP0022,BAT483123,2023-10-22,2026-09-06,498,362.21,493.63,89,Room Temperature,WH-E,In Stock,2023-12-19
INV002588,MED001677,SUP0007,BAT542185,2024-04-04,2027-03-20,896,428.02,528.97,131,Room Temperature,WH-C,In Stock,2024-08-11
INV003032,MED001677,SUP0028,BAT862202,2024-11-11,2026-10-02,928,526.48,711.5,25,Refrigerated (2–8°C),WH-E,In Stock,2025-01-27
INV000256,MED001678,SUP0053,BAT805668,2026-05-08,2027-08-31,310,155.35,191.21,86,Refrigerated (2–8°C),WH-D,In Stock,2026-07-20
INV004650,MED001678,SUP0019,BAT629520,2025-03-29,2027-10-15,380,479.01,645.06,123,Refrigerated (2–8°C),WH-E,In Stock,2025-08-18
INV001835,MED001679,SUP0010,BAT597793,2025-07-14,2028-04-29,670,41.16,56.36,163,Frozen (-20°C),WH-D,In Stock,2025-08-01
INV002958,MED001679,SUP0024,BAT515238,2025-04-17,2026-06-11,503,255.56,356.23,109,Room Temperature,WH-A,In Stock,2025-07-07
INV000553,MED001680,SUP0009,BAT895284,2025-12-12,2028-04-30,299,85.05,113.88,145,Refrigerated (2–8°C),WH-C,In Stock,2026-01-12
INV003639,MED001680,SUP0059,BAT302927,2024-04-18,2027-02-02,532,366.71,496.51,80,Frozen (-20°C),WH-B,In Stock,2024-08-23
INV003723,MED001680,SUP0049,BAT470888,2025-11-13,2028-03-02,960,203.84,275.13,41,Frozen (-20°C),WH-B,In Stock,2026-02-08
INV000862,MED001681,SUP0036,BAT982442,2024-06-15,2025-11-07,621,110.46,135.29,50,Frozen (-20°C),WH-D,In Stock,2024-07-04
INV002155,MED001681,SUP0031,BAT245609,2026-04-28,2027-10-20,759,405.59,563.37,173,Frozen (-20°C),WH-D,In Stock,2026-07-20
INV003688,MED001681,SUP0031,BAT353560,2023-08-30,2024-10-23,943,481.58,626.85,53,Frozen (-20°C),WH-A,In Stock,2023-10-11
INV001532,MED001682,SUP0066,BAT678401,2026-03-24,2027-04-18,69,202.21,255.2,115,Frozen (-20°C),WH-B,Low Stock,2026-07-20
INV002851,MED001682,SUP0045,BAT528624,2026-01-16,2028-12-01,947,96.37,125.31,199,Frozen (-20°C),WH-A,In Stock,2026-07-10
INV003752,MED001682,SUP0023,BAT408308,2025-04-13,2027-08-01,263,471.57,614.01,80,Refrigerated (2–8°C),WH-A,In Stock,2025-06-28
INV003951,MED001682,SUP0013,BAT401446,2025-11-09,2028-06-26,849,356.52,431.16,57,Refrigerated (2–8°C),WH-A,In Stock,2026-01-25
INV004346,MED001683,SUP0032,BAT160487,2025-01-09,2027-03-30,129,394.64,519.11,150,Room Temperature,WH-D,Low Stock,2025-01-27
INV000274,MED001685,SUP0006,BAT896922,2026-01-09,2028-05-28,435,442.91,589.4,51,Room Temperature,WH-C,In Stock,2026-03-20
INV000844,MED001685,SUP0045,BAT921169,2025-10-25,2027-10-15,775,12.07,16.06,192,Room Temperature,WH-D,In Stock,2026-04-06
INV002190,MED001685,SUP0060,BAT898938,2025-11-16,2026-12-11,905,455.81,627.57,186,Room Temperature,WH-C,In Stock,2025-12-27
INV004341,MED001685,SUP0072,BAT622209,2024-02-04,2026-06-23,651,535.76,723.78,98,Room Temperature,WH-A,In Stock,2024-04-10
INV000767,MED001687,SUP0072,BAT144008,2026-05-24,2027-08-17,645,523.17,723.12,55,Room Temperature,WH-C,In Stock,2026-07-20
INV002422,MED001687,SUP0061,BAT725346,2026-04-08,2028-09-24,138,205.3,252.64,94,Refrigerated (2–8°C),WH-A,In Stock,2026-07-20
INV002434,MED001687,SUP0047,BAT961617,2025-06-16,2027-12-03,424,331.51,453.24,184,Refrigerated (2–8°C),WH-B,In Stock,2025-09-18
INV003602,MED001687,SUP0064,BAT162174,2024-12-31,2027-06-19,424,53.89,73.35,145,Room Temperature,WH-E,In Stock,2025-06-04
INV002187,MED001688,SUP0031,BAT620797,2024-05-07,2025-07-31,893,234.11,327.17,154,Room Temperature,WH-B,In Stock,2024-11-02
INV002280,MED001688,SUP0050,BAT700414,2024-12-25,2027-02-13,779,103.48,142.27,27,Frozen (-20°C),WH-C,In Stock,2025-06-03
INV002437,MED001688,SUP0035,BAT938287,2026-01-23,2027-02-17,287,590.74,777.52,144,Frozen (-20°C),WH-C,In Stock,2026-06-28
INV002872,MED001689,SUP0050,BAT205668,2023-08-29,2024-10-22,356,408.29,543.76,182,Room Temperature,WH-A,In Stock,2024-01-08
INV002601,MED001690,SUP0001,BAT181207,2024-02-27,2025-12-18,400,287.74,390.58,53,Frozen (-20°C),WH-A,In Stock,2024-05-26
INV000188,MED001691,SUP0016,BAT234913,2024-02-04,2026-01-24,813,336.91,428.93,111,Room Temperature,WH-B,In Stock,2024-05-24
INV004640,MED001691,SUP0024,BAT459505,2025-12-17,2027-04-11,684,484.63,644.22,133,Refrigerated (2–8°C),WH-E,In Stock,2026-05-17
INV004887,MED001691,SUP0020,BAT443307,2025-11-11,2028-07-28,809,543.43,725.68,76,Frozen (-20°C),WH-D,In Stock,2026-04-05
INV000944,MED001692,SUP0005,BAT585550,2026-04-15,2027-05-10,6,278.91,351.33,182,Room Temperature,WH-A,Low Stock,2026-07-20
INV002175,MED001692,SUP0059,BAT800635,2024-07-30,2026-07-20,3,238.23,305.81,155,Refrigerated (2–8°C),WH-C,Low Stock,2024-12-07
INV000442,MED001693,SUP0020,BAT734924,2024-02-03,2025-06-27,923,361.89,497.8,182,Frozen (-20°C),WH-E,In Stock,2024-06-18
INV003700,MED001693,SUP0040,BAT955123,2025-01-25,2027-02-14,154,60.84,77.1,34,Refrigerated (2–8°C),WH-B,In Stock,2025-03-27
INV000774,MED001694,SUP0036,BAT653429,2024-05-16,2027-03-02,456,127.05,166.29,189,Frozen (-20°C),WH-D,In Stock,2024-09-11
INV002969,MED001695,SUP0066,BAT203397,2024-10-16,2026-05-09,956,143.3,181.72,148,Frozen (-20°C),WH-B,In Stock,2024-11-05
INV004714,MED001696,SUP0013,BAT734411,2025-09-24,2027-07-16,766,24.6,32.94,100,Room Temperature,WH-D,In Stock,2026-02-28
INV000491,MED001697,SUP0002,BAT227885,2024-12-11,2026-12-01,253,123.51,166.38,33,Room Temperature,WH-E,In Stock,2025-04-18
INV003051,MED001697,SUP0004,BAT263096,2024-08-12,2026-09-01,782,415.72,535.14,54,Room Temperature,WH-D,In Stock,2024-11-02
INV003590,MED001697,SUP0029,BAT394177,2024-03-09,2026-07-27,920,23.22,32.33,200,Frozen (-20°C),WH-D,In Stock,2024-08-13
INV004940,MED001697,SUP0042,BAT607582,2026-06-07,2027-11-29,732,31.83,41.24,164,Room Temperature,WH-D,In Stock,2026-07-20
INV003335,MED001698,SUP0065,BAT136418,2025-11-14,2027-03-09,268,242.03,319.2,112,Room Temperature,WH-E,In Stock,2026-03-25
INV004441,MED001698,SUP0048,BAT534373,2025-12-16,2027-02-09,417,438.28,586.09,128,Room Temperature,WH-A,In Stock,2026-06-07
INV004888,MED001698,SUP0017,BAT567779,2026-06-20,2028-01-11,826,286.95,371.8,167,Refrigerated (2–8°C),WH-C,In Stock,2026-07-20
INV001564,MED001699,SUP0054,BAT586060,2024-11-04,2026-08-26,228,162.5,223.97,140,Room Temperature,WH-B,In Stock,2025-04-19
INV002826,MED001699,SUP0031,BAT177666,2024-09-14,2026-09-04,426,81.15,112.43,190,Frozen (-20°C),WH-A,In Stock,2024-10-12
INV003816,MED001699,SUP0038,BAT539677,2026-02-12,2028-07-31,52,397.5,541.03,46,Room Temperature,WH-B,In Stock,2026-07-20
INV004983,MED001699,SUP0067,BAT209633,2025-05-01,2027-05-21,334,76.94,95.62,97,Refrigerated (2–8°C),WH-C,In Stock,2025-09-19
INV001089,MED001700,SUP0014,BAT449682,2024-02-05,2025-10-27,493,519.27,635.74,109,Frozen (-20°C),WH-E,In Stock,2024-07-13
INV001959,MED001700,SUP0026,BAT499646,2023-10-08,2024-12-31,503,97.8,119.31,56,Frozen (-20°C),WH-E,In Stock,2023-10-26
INV002226,MED001701,SUP0048,BAT782883,2026-04-19,2028-05-08,123,68.43,84.37,150,Refrigerated (2–8°C),WH-B,Low Stock,2026-07-20
INV002855,MED001701,SUP0044,BAT186178,2024-02-10,2026-08-28,66,292.55,372.73,141,Room Temperature,WH-E,Low Stock,2024-07-03
INV000377,MED001702,SUP0014,BAT636435,2024-03-18,2025-12-08,803,301.15,398.06,52,Refrigerated (2–8°C),WH-E,In Stock,2024-05-01
INV002271,MED001702,SUP0008,BAT597026,2025-12-29,2027-04-23,288,426.68,572.88,80,Refrigerated (2–8°C),WH-A,In Stock,2026-04-23
INV002520,MED001702,SUP0054,BAT994661,2025-11-21,2027-02-14,937,599.55,809.15,164,Room Temperature,WH-E,In Stock,2026-03-19
INV003129,MED001702,SUP0004,BAT182995,2024-06-27,2026-07-17,566,541.41,677.7,38,Frozen (-20°C),WH-D,In Stock,2024-12-06
INV001224,MED001703,SUP0060,BAT840529,2024-11-29,2027-11-14,396,194.42,269.67,57,Refrigerated (2–8°C),WH-C,In Stock,2025-01-07
INV002511,MED001703,SUP0022,BAT507477,2025-03-19,2027-02-07,210,360.72,466.05,73,Frozen (-20°C),WH-E,In Stock,2025-07-15
INV003713,MED001703,SUP0017,BAT732313,2023-10-17,2025-05-09,941,414.75,506.79,53,Refrigerated (2–8°C),WH-C,In Stock,2024-02-24
INV004145,MED001703,SUP0012,BAT317916,2026-07-17,2028-03-08,883,210.08,287.49,117,Frozen (-20°C),WH-C,In Stock,2026-07-20
INV000134,MED001704,SUP0047,BAT192410,2025-12-31,2027-03-26,446,243.27,295.75,175,Refrigerated (2–8°C),WH-C,In Stock,2026-03-18
INV001367,MED001704,SUP0050,BAT922149,2026-01-23,2027-04-18,67,151.5,186.08,111,Refrigerated (2–8°C),WH-B,Low Stock,2026-06-28
INV001551,MED001704,SUP0037,BAT245349,2023-12-01,2026-01-19,872,98.65,133.69,91,Frozen (-20°C),WH-A,In Stock,2024-05-19
INV002012,MED001704,SUP0061,BAT773388,2026-04-30,2028-02-19,423,375.27,512.8,52,Room Temperature,WH-C,In Stock,2026-07-20
INV004527,MED001704,SUP0064,BAT922695,2024-06-22,2025-06-17,909,157.97,220.2,25,Frozen (-20°C),WH-D,In Stock,2024-08-12
INV000713,MED001705,SUP0075,BAT873048,2025-09-26,2028-08-11,957,134.71,164.53,133,Room Temperature,WH-C,In Stock,2025-12-10
INV000902,MED001705,SUP0071,BAT589478,2024-06-29,2026-08-18,493,326.7,407.94,194,Room Temperature,WH-A,In Stock,2024-08-12
INV004909,MED001705,SUP0013,BAT168667,2025-06-28,2027-04-19,190,569.44,746.81,71,Frozen (-20°C),WH-C,In Stock,2025-11-22
INV002311,MED001706,SUP0039,BAT983370,2026-07-03,2028-04-23,676,277.3,361.4,29,Frozen (-20°C),WH-E,In Stock,2026-07-20
INV004058,MED001706,SUP0035,BAT597619,2024-05-26,2027-04-11,470,451.67,557.39,55,Room Temperature,WH-C,In Stock,2024-07-03
INV004957,MED001706,SUP0048,BAT711327,2023-12-30,2025-11-19,926,307.82,420.93,171,Room Temperature,WH-C,In Stock,2024-05-10
INV004964,MED001706,SUP0040,BAT293896,2024-01-08,2025-09-29,476,289.49,386.64,189,Frozen (-20°C),WH-A,In Stock,2024-03-26
INV000132,MED001707,SUP0046,BAT175576,2025-10-11,2028-08-26,446,278.55,338.6,29,Refrigerated (2–8°C),WH-E,In Stock,2025-11-05
INV002149,MED001708,SUP0026,BAT923575,2025-05-18,2026-12-09,553,308.37,386.72,93,Room Temperature,WH-E,In Stock,2025-08-12
INV003627,MED001708,SUP0029,BAT248200,2024-12-19,2027-02-07,450,90.28,125.53,169,Refrigerated (2–8°C),WH-A,In Stock,2025-01-10
INV002551,MED001709,SUP0054,BAT732021,2025-12-17,2028-06-04,50,218.78,269.24,101,Frozen (-20°C),WH-E,Low Stock,2026-06-13
INV000433,MED001710,SUP0034,BAT706739,2024-07-11,2026-07-01,374,393.74,538.28,175,Frozen (-20°C),WH-C,In Stock,2024-10-30
INV000562,MED001711,SUP0067,BAT413884,2025-04-27,2027-09-14,19,348.55,441.38,78,Refrigerated (2–8°C),WH-A,Low Stock,2025-09-26
INV000621,MED001711,SUP0009,BAT957525,2024-02-23,2025-05-18,609,136.24,185.41,182,Refrigerated (2–8°C),WH-C,In Stock,2024-07-14
INV002232,MED001711,SUP0059,BAT292455,2024-12-21,2026-08-13,591,512.42,703.35,82,Refrigerated (2–8°C),WH-B,In Stock,2025-04-11
INV004028,MED001711,SUP0072,BAT961081,2023-09-26,2025-02-17,915,15.56,21.35,156,Refrigerated (2–8°C),WH-A,In Stock,2023-11-14
INV000414,MED001712,SUP0014,BAT315565,2025-12-28,2028-08-14,764,96.48,124.64,200,Refrigerated (2–8°C),WH-A,In Stock,2026-01-30
INV003036,MED001712,SUP0020,BAT602438,2025-09-22,2028-02-09,679,160.16,194.7,48,Room Temperature,WH-C,In Stock,2026-01-31
INV003257,MED001712,SUP0068,BAT591513,2023-10-05,2026-06-21,809,170.17,235.94,177,Room Temperature,WH-D,In Stock,2024-03-01
INV001142,MED001713,SUP0074,BAT407301,2024-12-01,2026-09-22,818,142.38,179.82,117,Room Temperature,WH-B,In Stock,2025-02-16
INV000157,MED001714,SUP0064,BAT725726,2023-08-23,2026-04-09,588,432.53,544.23,86,Room Temperature,WH-E,In Stock,2024-01-16
INV000353,MED001715,SUP0008,BAT361609,2023-09-26,2025-11-14,940,424.26,532.36,117,Refrigerated (2–8°C),WH-E,In Stock,2023-10-23
INV000637,MED001715,SUP0060,BAT392731,2023-08-19,2026-07-04,753,152.46,196.19,88,Room Temperature,WH-E,In Stock,2023-12-21
INV001706,MED001715,SUP0017,BAT435666,2026-06-12,2028-11-28,505,475.36,621.02,34,Frozen (-20°C),WH-E,In Stock,2026-07-20
INV000551,MED001717,SUP0039,BAT447195,2024-01-16,2025-02-09,426,100.99,126.93,70,Frozen (-20°C),WH-E,In Stock,2024-02-27
INV002111,MED001717,SUP0066,BAT351641,2026-03-12,2028-05-30,467,513.88,672.64,32,Refrigerated (2–8°C),WH-D,In Stock,2026-05-12
INV003703,MED001717,SUP0037,BAT168729,2025-01-31,2026-06-25,144,319.89,396.0,97,Refrigerated (2–8°C),WH-A,In Stock,2025-03-02
INV001156,MED001718,SUP0066,BAT891533,2024-06-30,2025-06-25,924,576.11,753.53,35,Room Temperature,WH-A,In Stock,2024-12-15
INV001197,MED001718,SUP0067,BAT432369,2026-07-11,2027-09-04,862,573.44,796.56,79,Refrigerated (2–8°C),WH-B,In Stock,2026-07-20
INV003406,MED001718,SUP0004,BAT429489,2024-02-17,2025-03-13,417,312.33,429.1,117,Refrigerated (2–8°C),WH-E,In Stock,2024-04-08
INV003506,MED001718,SUP0001,BAT716179,2023-12-07,2026-05-25,864,7.08,9.28,171,Frozen (-20°C),WH-D,In Stock,2024-03-02
INV002485,MED001719,SUP0007,BAT526294,2023-07-25,2024-11-16,841,395.64,494.11,173,Frozen (-20°C),WH-A,In Stock,2023-11-26
INV003333,MED001720,SUP0006,BAT667400,2023-12-22,2026-10-07,511,157.71,214.63,51,Frozen (-20°C),WH-B,In Stock,2024-06-10
INV003875,MED001720,SUP0073,BAT787354,2025-05-22,2028-02-06,725,401.51,483.71,169,Room Temperature,WH-E,In Stock,2025-08-13
INV004370,MED001720,SUP0025,BAT523378,2026-02-17,2028-06-06,517,391.85,539.14,191,Frozen (-20°C),WH-E,In Stock,2026-04-17
INV001198,MED001721,SUP0056,BAT687712,2026-01-10,2028-03-30,701,336.95,433.68,55,Refrigerated (2–8°C),WH-B,In Stock,2026-03-30
INV004107,MED001721,SUP0057,BAT272585,2025-02-09,2027-09-27,566,431.42,568.64,48,Frozen (-20°C),WH-D,In Stock,2025-05-15
INV000702,MED001722,SUP0069,BAT324479,2025-02-28,2026-10-21,304,244.21,304.08,171,Frozen (-20°C),WH-A,In Stock,2025-03-27
INV002215,MED001722,SUP0039,BAT627700,2025-05-15,2028-02-29,687,233.08,287.25,71,Room Temperature,WH-C,In Stock,2025-09-24
INV003228,MED001722,SUP0074,BAT616830,2024-08-05,2025-11-28,871,548.43,750.08,108,Room Temperature,WH-C,In Stock,2025-01-01
INV000716,MED001724,SUP0007,BAT824233,2024-11-22,2026-07-15,393,385.17,516.18,104,Frozen (-20°C),WH-A,In Stock,2025-04-27
INV003909,MED001724,SUP0054,BAT599777,2024-12-31,2027-10-17,97,193.23,249.37,104,Room Temperature,WH-C,Low Stock,2025-04-18
INV004810,MED001724,SUP0037,BAT983309,2025-05-16,2028-04-30,732,18.96,23.97,64,Frozen (-20°C),WH-B,In Stock,2025-07-20
INV004130,MED001725,SUP0041,BAT209565,2025-03-29,2026-03-24,385,444.55,537.99,53,Frozen (-20°C),WH-E,In Stock,2025-09-07
INV004379,MED001725,SUP0028,BAT566754,2026-06-28,2027-11-20,794,425.09,581.6,110,Refrigerated (2–8°C),WH-A,In Stock,2026-07-20
INV004678,MED001726,SUP0045,BAT631583,2024-06-20,2025-08-14,820,589.2,819.77,69,Frozen (-20°C),WH-B,In Stock,2024-11-03
INV000399,MED001727,SUP0071,BAT429159,2024-10-08,2026-04-01,639,413.53,572.42,99,Room Temperature,WH-B,In Stock,2024-12-15
INV000408,MED001727,SUP0039,BAT614379,2025-07-23,2026-09-16,538,574.41,749.1,81,Frozen (-20°C),WH-B,In Stock,2025-10-27
INV002914,MED001728,SUP0015,BAT667700,2024-01-26,2025-12-16,20,507.85,625.89,112,Room Temperature,WH-D,Low Stock,2024-05-19
INV001867,MED001730,SUP0047,BAT621084,2023-07-21,2026-05-06,18,42.7,54.65,37,Frozen (-20°C),WH-C,Low Stock,2023-12-30
INV001891,MED001730,SUP0017,BAT586220,2023-10-30,2025-09-19,690,388.13,536.66,118,Frozen (-20°C),WH-A,In Stock,2024-04-13
INV002670,MED001730,SUP0041,BAT382739,2025-06-27,2028-03-13,992,7.85,10.3,200,Room Temperature,WH-A,In Stock,2025-12-19
INV001008,MED001731,SUP0041,BAT491835,2024-01-07,2026-09-23,518,161.38,221.91,140,Frozen (-20°C),WH-A,In Stock,2024-05-06
INV004489,MED001731,SUP0025,BAT896358,2026-04-12,2029-03-27,276,202.64,249.59,98,Refrigerated (2–8°C),WH-D,In Stock,2026-07-20
INV004168,MED001732,SUP0051,BAT285684,2025-10-12,2026-11-06,7,110.48,146.98,186,Refrigerated (2–8°C),WH-D,Low Stock,2026-02-27
INV000577,MED001733,SUP0022,BAT395968,2025-07-03,2028-01-19,130,66.24,90.32,155,Room Temperature,WH-C,Low Stock,2025-12-12
INV004034,MED001733,SUP0072,BAT281840,2025-10-05,2026-09-30,657,270.94,363.69,164,Frozen (-20°C),WH-C,In Stock,2025-11-10
INV003464,MED001735,SUP0072,BAT692808,2025-08-27,2027-04-19,397,253.89,355.24,124,Frozen (-20°C),WH-A,In Stock,2026-02-08
INV004021,MED001735,SUP0029,BAT124082,2026-03-13,2027-07-06,914,550.89,703.55,166,Room Temperature,WH-B,In Stock,2026-06-05
INV004857,MED001735,SUP0031,BAT369570,2024-02-04,2027-01-19,9,412.79,497.38,177,Refrigerated (2–8°C),WH-C,Low Stock,2024-06-01
INV001505,MED001736,SUP0009,BAT390828,2024-02-26,2026-07-15,274,471.4,652.96,57,Frozen (-20°C),WH-D,In Stock,2024-07-27
INV001511,MED001736,SUP0011,BAT528379,2026-01-15,2028-03-05,756,511.1,690.06,123,Room Temperature,WH-E,In Stock,2026-03-09
INV002384,MED001736,SUP0061,BAT940212,2024-01-18,2026-06-06,250,484.4,590.99,26,Room Temperature,WH-B,In Stock,2024-04-09
INV003719,MED001736,SUP0065,BAT567704,2025-05-05,2028-01-20,108,362.94,451.37,39,Frozen (-20°C),WH-C,In Stock,2025-09-20
INV004871,MED001736,SUP0054,BAT478046,2024-04-13,2027-03-29,223,491.7,614.68,167,Frozen (-20°C),WH-A,In Stock,2024-09-22
INV002722,MED001737,SUP0062,BAT450922,2026-01-23,2028-05-12,746,395.42,540.35,158,Refrigerated (2–8°C),WH-C,In Stock,2026-07-13
INV002203,MED001738,SUP0028,BAT836956,2024-03-07,2026-09-23,886,348.84,438.74,81,Refrigerated (2–8°C),WH-E,In Stock,2024-08-06
INV004095,MED001738,SUP0029,BAT232993,2024-08-07,2027-02-23,654,551.3,697.25,32,Room Temperature,WH-C,In Stock,2024-09-01
INV000388,MED001739,SUP0061,BAT993251,2026-05-01,2027-09-23,769,195.78,247.89,150,Refrigerated (2–8°C),WH-A,In Stock,2026-06-04
INV000263,MED001740,SUP0044,BAT779445,2024-02-29,2026-11-15,952,312.02,408.87,87,Refrigerated (2–8°C),WH-E,In Stock,2024-04-26
INV001341,MED001740,SUP0033,BAT476007,2025-06-24,2027-05-15,283,471.31,596.16,139,Frozen (-20°C),WH-C,In Stock,2025-09-10
INV001861,MED001740,SUP0067,BAT705355,2024-08-06,2026-07-27,309,334.21,401.44,45,Frozen (-20°C),WH-C,In Stock,2024-08-24
INV002339,MED001740,SUP0001,BAT424660,2024-12-09,2026-08-31,263,427.94,540.74,55,Room Temperature,WH-B,In Stock,2025-04-28
INV000914,MED001741,SUP0039,BAT579757,2024-06-20,2026-12-07,452,178.19,218.99,148,Room Temperature,WH-B,In Stock,2024-08-09
INV001676,MED001741,SUP0066,BAT385109,2023-10-12,2024-10-06,489,5.58,7.44,82,Frozen (-20°C),WH-D,In Stock,2023-12-08
INV003426,MED001741,SUP0052,BAT469753,2025-01-13,2026-01-08,30,360.36,475.18,137,Refrigerated (2–8°C),WH-C,Low Stock,2025-03-31
INV002695,MED001742,SUP0011,BAT491286,2024-08-26,2025-09-20,280,35.42,48.23,106,Room Temperature,WH-A,In Stock,2024-11-14
INV002689,MED001743,SUP0026,BAT778320,2025-03-24,2026-10-15,904,226.64,313.46,182,Room Temperature,WH-A,In Stock,2025-07-28
INV002733,MED001743,SUP0036,BAT868100,2024-10-09,2027-04-27,157,546.91,741.3,62,Refrigerated (2–8°C),WH-A,In Stock,2025-04-03
INV003531,MED001743,SUP0068,BAT938542,2023-12-13,2026-04-01,898,370.9,490.43,188,Frozen (-20°C),WH-A,In Stock,2024-05-15
INV001467,MED001744,SUP0074,BAT246298,2024-09-14,2027-07-01,83,529.03,739.64,132,Frozen (-20°C),WH-A,Low Stock,2025-01-08
INV003241,MED001744,SUP0012,BAT197219,2025-11-14,2028-07-01,155,466.38,648.87,152,Frozen (-20°C),WH-D,In Stock,2026-01-03
INV004486,MED001744,SUP0070,BAT634064,2025-11-30,2027-05-24,91,592.41,827.9,85,Frozen (-20°C),WH-E,In Stock,2026-04-18
INV000095,MED001745,SUP0043,BAT993744,2026-07-17,2028-07-06,641,524.07,632.65,149,Room Temperature,WH-B,In Stock,2026-07-20
INV003817,MED001745,SUP0062,BAT717599,2024-07-13,2027-01-29,576,457.67,640.01,200,Refrigerated (2–8°C),WH-B,In Stock,2024-10-06
INV001281,MED001746,SUP0021,BAT739760,2024-06-06,2026-03-28,485,359.16,460.94,192,Frozen (-20°C),WH-C,In Stock,2024-10-31
INV003503,MED001746,SUP0049,BAT486579,2023-08-03,2026-01-19,401,522.26,675.7,71,Frozen (-20°C),WH-C,In Stock,2023-10-23
INV004427,MED001746,SUP0070,BAT971549,2026-04-27,2027-07-21,658,442.07,547.55,109,Room Temperature,WH-A,In Stock,2026-07-20
INV000120,MED001747,SUP0071,BAT855855,2024-10-03,2026-10-23,909,251.22,343.04,83,Refrigerated (2–8°C),WH-D,In Stock,2025-02-10
INV001205,MED001747,SUP0025,BAT786927,2023-08-24,2025-06-14,919,543.91,716.53,68,Refrigerated (2–8°C),WH-E,In Stock,2023-11-28
INV001399,MED001747,SUP0012,BAT428512,2025-07-20,2027-01-11,980,188.0,228.08,79,Frozen (-20°C),WH-C,In Stock,2025-09-11
INV003047,MED001747,SUP0052,BAT601294,2024-04-07,2025-09-29,75,161.9,202.78,40,Room Temperature,WH-D,In Stock,2024-06-16
INV001547,MED001748,SUP0011,BAT205549,2024-01-05,2025-02-28,153,259.98,358.59,163,Frozen (-20°C),WH-B,Low Stock,2024-01-22
INV001941,MED001748,SUP0031,BAT114204,2026-02-03,2027-09-26,245,467.27,615.72,119,Room Temperature,WH-C,In Stock,2026-03-24
INV003933,MED001748,SUP0029,BAT812834,2023-09-29,2025-04-21,62,235.97,294.25,50,Refrigerated (2–8°C),WH-D,In Stock,2023-11-07
INV000813,MED001749,SUP0042,BAT553559,2025-10-31,2027-06-23,696,282.62,359.58,157,Room Temperature,WH-B,In Stock,2025-12-16
INV002724,MED001749,SUP0053,BAT928928,2025-06-07,2027-06-27,529,333.97,436.47,49,Room Temperature,WH-A,In Stock,2025-09-21
INV003189,MED001749,SUP0009,BAT477157,2025-11-29,2028-07-16,409,278.84,364.03,190,Refrigerated (2–8°C),WH-D,In Stock,2026-02-25
INV004794,MED001750,SUP0029,BAT306352,2026-06-24,2029-05-09,201,563.59,712.99,153,Frozen (-20°C),WH-B,In Stock,2026-07-20
INV002251,MED001751,SUP0036,BAT596450,2025-05-03,2026-08-26,644,154.87,189.03,127,Room Temperature,WH-A,In Stock,2025-09-25
INV003810,MED001751,SUP0054,BAT321751,2025-07-21,2027-04-12,928,15.17,19.68,125,Room Temperature,WH-B,In Stock,2025-12-02
INV000006,MED001752,SUP0030,BAT205907,2025-09-06,2027-04-29,650,101.78,129.37,118,Frozen (-20°C),WH-C,In Stock,2026-01-15
INV001965,MED001752,SUP0015,BAT657394,2023-11-11,2025-07-03,700,169.09,230.9,150,Room Temperature,WH-D,In Stock,2024-03-06
INV001602,MED001753,SUP0074,BAT937806,2026-07-10,2027-12-02,508,7.01,9.76,160,Refrigerated (2–8°C),WH-E,In Stock,2026-07-20
INV002416,MED001753,SUP0017,BAT405314,2023-11-15,2025-10-05,424,214.98,271.95,122,Room Temperature,WH-B,In Stock,2023-12-18
INV003317,MED001753,SUP0038,BAT950024,2025-07-14,2027-09-02,986,60.12,76.65,163,Room Temperature,WH-D,In Stock,2025-08-22
INV003245,MED001754,SUP0003,BAT388457,2026-07-05,2029-02-19,575,117.35,158.32,94,Refrigerated (2–8°C),WH-D,In Stock,2026-07-20
INV003698,MED001754,SUP0017,BAT977327,2023-08-08,2025-01-29,978,275.25,335.85,194,Room Temperature,WH-A,In Stock,2024-01-08
INV003789,MED001754,SUP0039,BAT496954,2024-11-18,2027-03-08,920,49.38,65.42,118,Room Temperature,WH-D,In Stock,2024-12-31
INV003966,MED001754,SUP0060,BAT138735,2025-02-04,2028-01-20,975,28.71,40.1,182,Refrigerated (2–8°C),WH-E,In Stock,2025-07-19
INV002829,MED001755,SUP0067,BAT715370,2025-05-11,2028-03-26,573,570.69,749.83,68,Refrigerated (2–8°C),WH-A,In Stock,2025-07-27
INV004269,MED001755,SUP0019,BAT467642,2024-03-05,2026-08-22,875,275.47,353.89,162,Frozen (-20°C),WH-E,In Stock,2024-04-14
INV004480,MED001755,SUP0042,BAT908763,2025-05-18,2028-04-02,45,470.25,580.35,103,Refrigerated (2–8°C),WH-A,Low Stock,2025-10-13
INV000356,MED001756,SUP0029,BAT778827,2024-10-24,2027-07-11,275,248.66,299.39,191,Frozen (-20°C),WH-A,In Stock,2024-12-30
INV001388,MED001756,SUP0029,BAT899199,2023-10-01,2026-03-19,75,391.07,540.52,30,Frozen (-20°C),WH-D,In Stock,2024-03-03
INV002273,MED001756,SUP0029,BAT806002,2024-03-04,2025-08-26,805,73.23,97.29,130,Frozen (-20°C),WH-C,In Stock,2024-05-08
INV004736,MED001756,SUP0020,BAT386469,2024-08-07,2026-04-29,661,174.84,226.71,199,Room Temperature,WH-A,In Stock,2025-01-27
INV000350,MED001758,SUP0013,BAT339030,2024-04-21,2026-01-11,792,165.3,212.14,107,Frozen (-20°C),WH-A,In Stock,2024-08-27
INV000641,MED001758,SUP0074,BAT883586,2023-09-08,2025-10-27,790,525.15,672.75,60,Refrigerated (2–8°C),WH-D,In Stock,2024-01-19
INV002205,MED001758,SUP0030,BAT149126,2024-05-17,2025-08-10,933,229.35,308.23,43,Frozen (-20°C),WH-E,In Stock,2024-09-03
INV000826,MED001759,SUP0007,BAT542563,2025-06-24,2026-12-16,655,472.23,598.93,76,Frozen (-20°C),WH-D,In Stock,2025-08-29
INV001490,MED001759,SUP0010,BAT253209,2024-04-06,2026-07-25,881,289.22,404.32,42,Room Temperature,WH-E,In Stock,2024-05-28
INV001996,MED001759,SUP0051,BAT473543,2026-07-07,2029-04-22,401,201.81,255.79,73,Frozen (-20°C),WH-D,In Stock,2026-07-20
INV003374,MED001759,SUP0065,BAT535513,2024-06-22,2026-09-10,809,458.72,562.73,91,Refrigerated (2–8°C),WH-B,In Stock,2024-11-26
INV003439,MED001759,SUP0008,BAT632455,2024-04-20,2027-01-05,457,466.7,588.04,137,Refrigerated (2–8°C),WH-D,In Stock,2024-06-13
INV000592,MED001760,SUP0036,BAT587521,2026-06-13,2027-08-07,911,57.63,74.6,181,Frozen (-20°C),WH-A,In Stock,2026-07-20
INV002772,MED001761,SUP0072,BAT154285,2025-09-17,2027-03-11,524,136.34,183.24,114,Room Temperature,WH-A,In Stock,2025-12-23
INV003237,MED001761,SUP0026,BAT493270,2023-12-23,2025-02-15,622,242.8,327.7,67,Refrigerated (2–8°C),WH-C,In Stock,2024-05-18
INV003255,MED001761,SUP0052,BAT790419,2026-04-23,2028-10-09,127,128.83,178.26,193,Refrigerated (2–8°C),WH-C,Low Stock,2026-07-20
INV003850,MED001761,SUP0054,BAT534721,2025-03-29,2026-04-23,245,560.86,699.84,132,Refrigerated (2–8°C),WH-D,In Stock,2025-09-04
INV004335,MED001761,SUP0072,BAT665934,2023-10-07,2025-01-29,502,27.9,33.87,193,Refrigerated (2–8°C),WH-B,In Stock,2024-01-21
INV002254,MED001762,SUP0043,BAT471852,2023-08-10,2025-05-31,277,433.28,532.03,78,Frozen (-20°C),WH-A,In Stock,2023-09-18
INV003378,MED001762,SUP0056,BAT468557,2024-02-06,2025-05-31,185,22.31,28.51,55,Room Temperature,WH-D,In Stock,2024-04-27
INV000012,MED001763,SUP0002,BAT813328,2024-03-11,2026-11-26,768,462.32,586.24,93,Refrigerated (2–8°C),WH-D,In Stock,2024-08-10
INV002512,MED001763,SUP0039,BAT111899,2024-10-03,2026-09-23,268,508.66,618.52,154,Frozen (-20°C),WH-A,In Stock,2025-03-13
INV003774,MED001763,SUP0044,BAT235524,2025-01-19,2027-07-08,755,62.38,75.34,32,Room Temperature,WH-A,In Stock,2025-05-16
INV004115,MED001763,SUP0055,BAT916173,2026-06-11,2027-09-04,453,123.38,157.79,66,Refrigerated (2–8°C),WH-D,In Stock,2026-07-20
INV001475,MED001764,SUP0050,BAT889491,2024-02-06,2026-02-25,635,569.73,761.71,114,Room Temperature,WH-D,In Stock,2024-07-20
INV002537,MED001764,SUP0024,BAT373339,2023-10-11,2026-07-27,455,526.78,632.5,51,Frozen (-20°C),WH-D,In Stock,2024-03-05
INV004436,MED001764,SUP0039,BAT363293,2025-01-19,2026-04-14,723,228.49,286.53,169,Frozen (-20°C),WH-E,In Stock,2025-07-04
INV004394,MED001765,SUP0037,BAT996901,2025-09-27,2028-05-14,599,49.9,65.92,136,Room Temperature,WH-E,In Stock,2025-10-21
INV001899,MED001766,SUP0029,BAT121507,2023-07-26,2025-07-15,469,456.46,625.03,121,Refrigerated (2–8°C),WH-C,In Stock,2023-12-13
INV002448,MED001766,SUP0067,BAT920972,2024-10-24,2026-04-17,362,12.9,16.74,139,Room Temperature,WH-A,In Stock,2025-02-02
INV002770,MED001766,SUP0031,BAT665095,2025-05-13,2028-02-27,438,454.56,624.98,69,Refrigerated (2–8°C),WH-E,In Stock,2025-09-30
INV003350,MED001766,SUP0004,BAT946668,2026-04-10,2028-07-28,271,410.14,544.27,75,Refrigerated (2–8°C),WH-E,In Stock,2026-06-20
INV000533,MED001767,SUP0018,BAT424008,2026-06-27,2027-10-20,930,395.46,519.23,62,Room Temperature,WH-C,In Stock,2026-07-20
INV003224,MED001767,SUP0051,BAT516508,2024-12-04,2027-09-20,784,134.83,174.23,88,Room Temperature,WH-D,In Stock,2025-01-23
INV002962,MED001768,SUP0003,BAT928001,2024-06-30,2025-11-22,787,446.34,577.12,66,Room Temperature,WH-D,In Stock,2024-11-02
INV003065,MED001768,SUP0056,BAT209128,2024-02-17,2025-07-11,970,178.54,244.61,167,Room Temperature,WH-B,In Stock,2024-06-04
INV004220,MED001768,SUP0033,BAT288636,2024-02-13,2026-10-30,739,12.06,15.08,63,Room Temperature,WH-D,In Stock,2024-05-17
INV001936,MED001769,SUP0060,BAT916171,2025-09-27,2028-07-13,691,302.13,410.66,93,Refrigerated (2–8°C),WH-E,In Stock,2026-03-05
INV003328,MED001769,SUP0030,BAT812556,2024-10-16,2026-04-09,186,217.52,299.08,108,Frozen (-20°C),WH-D,In Stock,2024-11-15
INV003400,MED001769,SUP0041,BAT779240,2023-10-02,2026-07-18,132,18.99,24.17,89,Refrigerated (2–8°C),WH-D,In Stock,2024-03-28
INV004223,MED001769,SUP0074,BAT481824,2025-07-25,2028-05-10,503,366.64,510.93,151,Frozen (-20°C),WH-B,In Stock,2025-12-27
INV004609,MED001769,SUP0068,BAT307706,2026-01-11,2028-10-27,662,225.32,313.87,199,Room Temperature,WH-C,In Stock,2026-02-13
INV004970,MED001769,SUP0037,BAT623347,2025-04-24,2026-05-19,650,81.24,99.03,72,Room Temperature,WH-D,In Stock,2025-08-08
INV000021,MED001770,SUP0007,BAT806073,2024-02-07,2025-03-03,745,481.35,588.14,111,Room Temperature,WH-B,In Stock,2024-06-04
INV002954,MED001770,SUP0054,BAT153020,2023-09-21,2026-08-06,581,10.64,12.91,98,Frozen (-20°C),WH-C,In Stock,2023-10-18
INV000085,MED001772,SUP0066,BAT964998,2023-07-23,2026-04-08,473,37.25,48.56,130,Frozen (-20°C),WH-D,In Stock,2023-12-23
INV001529,MED001772,SUP0018,BAT780600,2025-03-30,2027-03-20,145,540.8,746.7,29,Refrigerated (2–8°C),WH-D,In Stock,2025-06-15
INV002968,MED001772,SUP0024,BAT929617,2025-06-30,2026-11-22,480,417.88,529.4,167,Room Temperature,WH-B,In Stock,2025-11-23
INV003587,MED001772,SUP0009,BAT328314,2026-05-10,2028-07-28,672,81.63,101.43,44,Frozen (-20°C),WH-A,In Stock,2026-07-20
INV002357,MED001773,SUP0029,BAT182691,2024-01-25,2025-07-18,830,230.25,280.73,124,Frozen (-20°C),WH-C,In Stock,2024-03-17
INV004679,MED001773,SUP0004,BAT670512,2023-11-06,2026-09-21,566,593.48,713.72,188,Frozen (-20°C),WH-E,In Stock,2024-01-26
INV000163,MED001774,SUP0043,BAT386488,2024-03-31,2026-02-19,910,447.27,616.75,127,Refrigerated (2–8°C),WH-C,In Stock,2024-08-04
INV004606,MED001774,SUP0022,BAT265848,2024-09-19,2025-09-14,662,180.11,250.13,99,Room Temperature,WH-B,In Stock,2025-03-06
INV004875,MED001774,SUP0010,BAT461290,2024-09-05,2025-08-31,17,535.76,728.41,144,Room Temperature,WH-E,Low Stock,2025-01-20
INV001711,MED001775,SUP0025,BAT672713,2024-02-17,2025-12-08,168,52.37,69.97,91,Refrigerated (2–8°C),WH-B,In Stock,2024-06-14
INV001852,MED001775,SUP0041,BAT972475,2024-02-06,2025-03-02,203,276.94,373.96,29,Room Temperature,WH-A,In Stock,2024-02-21
INV002600,MED001776,SUP0025,BAT252642,2025-01-06,2027-07-25,781,545.32,755.87,48,Refrigerated (2–8°C),WH-A,In Stock,2025-04-25
INV003421,MED001776,SUP0058,BAT680996,2026-05-22,2027-12-13,822,151.19,210.1,90,Refrigerated (2–8°C),WH-D,In Stock,2026-07-20
INV001005,MED001777,SUP0012,BAT623147,2024-01-29,2026-03-19,173,101.08,126.96,100,Refrigerated (2–8°C),WH-C,In Stock,2024-05-03
INV002735,MED001777,SUP0054,BAT288223,2024-02-23,2026-12-09,723,246.46,297.59,73,Frozen (-20°C),WH-E,In Stock,2024-04-24
INV003395,MED001777,SUP0071,BAT540507,2023-11-26,2024-12-20,351,364.95,452.57,197,Refrigerated (2–8°C),WH-E,In Stock,2024-04-23
INV003923,MED001777,SUP0013,BAT626175,2025-07-28,2027-03-20,376,43.33,56.67,96,Room Temperature,WH-C,In Stock,2025-11-07
INV004482,MED001777,SUP0058,BAT124429,2025-12-13,2028-11-27,645,219.91,286.18,188,Refrigerated (2–8°C),WH-B,In Stock,2026-02-06
INV000475,MED001779,SUP0022,BAT771697,2025-06-10,2027-06-30,627,245.84,339.61,171,Room Temperature,WH-B,In Stock,2025-12-03
INV001713,MED001779,SUP0029,BAT460002,2026-07-09,2029-01-24,104,516.97,717.51,82,Room Temperature,WH-E,In Stock,2026-07-20
INV004227,MED001779,SUP0034,BAT524679,2025-02-11,2027-06-01,728,106.47,130.73,51,Frozen (-20°C),WH-B,In Stock,2025-05-10
INV000547,MED001780,SUP0019,BAT287555,2023-11-03,2025-11-22,316,176.82,218.57,139,Room Temperature,WH-B,In Stock,2024-02-04
INV002614,MED001780,SUP0027,BAT104509,2024-09-07,2025-09-02,807,207.88,256.01,156,Refrigerated (2–8°C),WH-B,In Stock,2024-10-30
INV003116,MED001781,SUP0020,BAT667300,2024-11-17,2027-07-05,27,234.79,295.05,118,Frozen (-20°C),WH-C,Low Stock,2025-05-12
INV000516,MED001782,SUP0030,BAT883997,2023-08-13,2026-03-30,391,186.35,225.15,38,Frozen (-20°C),WH-E,In Stock,2024-02-05
INV003161,MED001782,SUP0062,BAT930141,2024-02-14,2026-11-30,144,513.05,698.2,41,Refrigerated (2–8°C),WH-C,In Stock,2024-08-03
INV004110,MED001783,SUP0048,BAT134851,2026-02-03,2028-12-19,357,479.52,657.14,46,Refrigerated (2–8°C),WH-E,In Stock,2026-02-24
INV001204,MED001784,SUP0017,BAT186847,2025-11-26,2027-02-19,454,427.8,540.25,188,Frozen (-20°C),WH-C,In Stock,2025-12-25
INV001268,MED001784,SUP0068,BAT605468,2024-07-14,2026-10-02,14,568.43,721.04,196,Refrigerated (2–8°C),WH-B,Low Stock,2024-11-03
INV001492,MED001784,SUP0042,BAT918551,2025-10-06,2026-10-01,687,237.51,313.82,120,Room Temperature,WH-B,In Stock,2025-12-09
INV003583,MED001784,SUP0006,BAT943883,2023-09-01,2025-05-23,1,12.13,15.27,41,Room Temperature,WH-A,Low Stock,2023-12-26
INV001015,MED001785,SUP0054,BAT650269,2024-10-01,2027-06-18,188,60.0,82.82,38,Refrigerated (2–8°C),WH-C,In Stock,2024-12-21
INV002667,MED001785,SUP0056,BAT726065,2025-06-10,2027-10-28,364,459.08,623.47,31,Refrigerated (2–8°C),WH-A,In Stock,2025-07-03
INV004067,MED001785,SUP0039,BAT980044,2026-05-12,2027-08-05,209,221.55,304.12,192,Room Temperature,WH-D,In Stock,2026-06-19
INV002763,MED001787,SUP0056,BAT712622,2023-11-03,2024-12-27,636,545.37,663.26,137,Room Temperature,WH-E,In Stock,2024-01-23
INV003324,MED001788,SUP0010,BAT594072,2026-05-01,2028-03-21,569,234.29,314.71,114,Refrigerated (2–8°C),WH-E,In Stock,2026-07-20
INV000144,MED001789,SUP0020,BAT449555,2024-01-03,2026-06-21,938,189.59,252.38,114,Frozen (-20°C),WH-D,In Stock,2024-02-23
INV001462,MED001789,SUP0073,BAT975972,2025-12-28,2028-05-16,810,430.76,580.88,84,Refrigerated (2–8°C),WH-C,In Stock,2026-05-17
INV003260,MED001789,SUP0063,BAT323226,2026-06-12,2028-10-29,993,148.5,207.9,72,Frozen (-20°C),WH-D,In Stock,2026-07-20
INV001289,MED001790,SUP0020,BAT718458,2025-03-24,2027-09-10,575,265.77,336.35,47,Frozen (-20°C),WH-C,In Stock,2025-05-29
INV002430,MED001790,SUP0051,BAT830156,2026-06-08,2028-01-29,584,99.71,132.55,132,Room Temperature,WH-B,In Stock,2026-07-20
INV002487,MED001791,SUP0043,BAT778462,2025-06-06,2028-03-22,691,549.73,674.86,108,Refrigerated (2–8°C),WH-A,In Stock,2025-06-25
INV004296,MED001791,SUP0058,BAT597966,2024-04-25,2027-01-10,464,126.59,153.8,172,Room Temperature,WH-C,In Stock,2024-05-30
INV000275,MED001792,SUP0005,BAT571578,2025-01-09,2026-11-30,449,466.5,581.91,55,Frozen (-20°C),WH-E,In Stock,2025-02-15
INV001693,MED001792,SUP0070,BAT354834,2024-03-12,2026-06-30,556,597.57,765.9,199,Refrigerated (2–8°C),WH-B,In Stock,2024-05-11
INV002853,MED001792,SUP0041,BAT675691,2024-04-30,2025-06-24,395,252.99,314.6,71,Frozen (-20°C),WH-C,In Stock,2024-06-24
INV003605,MED001792,SUP0062,BAT789196,2024-12-27,2027-07-15,772,385.26,466.71,79,Room Temperature,WH-E,In Stock,2025-01-26
INV003642,MED001792,SUP0064,BAT171600,2025-07-29,2027-06-19,254,581.91,739.74,53,Room Temperature,WH-E,In Stock,2025-12-12
INV004685,MED001792,SUP0040,BAT548508,2025-06-07,2026-11-29,477,586.32,743.78,99,Refrigerated (2–8°C),WH-D,In Stock,2025-12-01
INV004745,MED001792,SUP0066,BAT595950,2024-03-05,2025-09-26,52,109.57,139.21,38,Refrigerated (2–8°C),WH-C,In Stock,2024-03-31
INV002041,MED001793,SUP0056,BAT542759,2025-11-06,2026-11-01,723,42.12,53.47,25,Room Temperature,WH-B,In Stock,2026-01-03
INV002245,MED001793,SUP0021,BAT408850,2024-12-06,2026-11-26,606,83.7,114.03,134,Room Temperature,WH-C,In Stock,2025-01-31
INV003201,MED001793,SUP0037,BAT177916,2024-10-22,2027-05-10,964,415.36,509.31,66,Frozen (-20°C),WH-C,In Stock,2025-02-02
INV001821,MED001794,SUP0049,BAT921327,2024-04-13,2026-11-29,788,205.22,258.13,132,Room Temperature,WH-D,In Stock,2024-06-14
INV000148,MED001795,SUP0017,BAT726258,2025-08-30,2026-12-23,185,486.38,599.76,184,Refrigerated (2–8°C),WH-A,In Stock,2025-10-25
INV000458,MED001795,SUP0069,BAT952646,2024-12-14,2027-09-30,989,340.09,460.48,121,Refrigerated (2–8°C),WH-D,In Stock,2025-04-21
INV003026,MED001796,SUP0072,BAT496960,2026-06-17,2028-12-03,520,312.47,404.17,89,Frozen (-20°C),WH-B,In Stock,2026-07-20
INV004052,MED001796,SUP0051,BAT544112,2025-07-05,2028-04-20,634,490.59,608.17,101,Room Temperature,WH-C,In Stock,2025-08-21
INV002529,MED001797,SUP0007,BAT179833,2024-11-18,2026-01-12,223,35.58,46.94,109,Refrigerated (2–8°C),WH-B,In Stock,2025-02-26
INV003075,MED001797,SUP0036,BAT307084,2026-02-10,2027-12-02,588,588.46,796.48,54,Room Temperature,WH-E,In Stock,2026-04-18
INV004849,MED001797,SUP0069,BAT320719,2025-11-12,2028-01-31,269,13.54,16.61,181,Room Temperature,WH-D,In Stock,2026-04-09
INV000176,MED001799,SUP0071,BAT770872,2024-07-27,2027-07-12,443,546.87,662.3,153,Room Temperature,WH-E,In Stock,2024-09-13
INV001417,MED001799,SUP0070,BAT703386,2024-08-11,2027-05-28,719,116.98,160.23,44,Room Temperature,WH-B,In Stock,2024-09-26
INV003206,MED001799,SUP0037,BAT110073,2024-07-09,2026-12-26,791,143.96,191.29,136,Room Temperature,WH-E,In Stock,2024-09-13
INV004230,MED001799,SUP0057,BAT644399,2024-09-13,2026-12-02,173,138.99,194.24,56,Refrigerated (2–8°C),WH-E,In Stock,2025-03-05
INV001831,MED001800,SUP0033,BAT479615,2025-01-20,2026-02-14,692,156.41,208.11,134,Refrigerated (2–8°C),WH-D,In Stock,2025-02-12
INV004199,MED001800,SUP0061,BAT432507,2025-03-09,2027-11-24,965,90.97,125.71,136,Frozen (-20°C),WH-B,In Stock,2025-07-03
INV001840,MED001801,SUP0047,BAT821875,2023-12-03,2026-02-20,634,272.95,370.35,80,Room Temperature,WH-A,In Stock,2024-05-20
INV002636,MED001801,SUP0026,BAT345861,2025-05-06,2027-05-26,390,429.1,586.37,178,Room Temperature,WH-A,In Stock,2025-07-15
INV002647,MED001801,SUP0021,BAT582229,2025-10-20,2027-03-14,162,257.94,331.97,72,Frozen (-20°C),WH-E,In Stock,2026-04-04
INV004649,MED001803,SUP0050,BAT249095,2023-09-10,2025-07-01,787,425.58,590.65,119,Frozen (-20°C),WH-D,In Stock,2023-12-27
INV003458,MED001804,SUP0018,BAT875053,2023-08-06,2025-12-23,306,421.12,520.98,156,Room Temperature,WH-D,In Stock,2023-10-19
INV004281,MED001804,SUP0072,BAT622169,2023-11-21,2026-09-06,595,505.69,694.15,94,Frozen (-20°C),WH-D,In Stock,2024-04-26
INV000030,MED001805,SUP0009,BAT356150,2025-08-15,2027-05-07,448,423.61,560.15,164,Frozen (-20°C),WH-E,In Stock,2025-10-09
INV000705,MED001805,SUP0003,BAT758342,2026-06-12,2027-11-04,511,398.18,543.43,79,Refrigerated (2–8°C),WH-C,In Stock,2026-07-20
INV000065,MED001806,SUP0058,BAT355709,2026-02-26,2028-08-14,684,205.16,266.47,122,Refrigerated (2–8°C),WH-B,In Stock,2026-07-20
INV000833,MED001806,SUP0056,BAT845476,2023-12-01,2025-02-23,903,477.96,591.88,58,Refrigerated (2–8°C),WH-C,In Stock,2024-01-21
INV004841,MED001806,SUP0072,BAT538802,2025-12-03,2028-11-17,89,335.03,402.15,30,Room Temperature,WH-E,In Stock,2026-01-15
INV000284,MED001807,SUP0039,BAT266699,2025-02-01,2026-03-28,256,226.25,312.4,46,Room Temperature,WH-A,In Stock,2025-05-19
INV001391,MED001807,SUP0021,BAT485957,2023-09-01,2025-09-20,147,278.66,374.0,35,Frozen (-20°C),WH-B,In Stock,2023-12-01
INV002241,MED001807,SUP0031,BAT749798,2023-09-25,2025-05-17,555,548.75,722.68,171,Room Temperature,WH-B,In Stock,2023-12-15
INV002739,MED001807,SUP0075,BAT664531,2026-02-26,2027-06-21,284,339.63,458.45,33,Frozen (-20°C),WH-B,In Stock,2026-07-20
INV004306,MED001807,SUP0015,BAT854215,2025-05-13,2027-08-31,378,268.54,334.35,126,Room Temperature,WH-B,In Stock,2025-08-13
INV001647,MED001808,SUP0053,BAT996336,2023-09-30,2026-08-15,979,551.29,729.01,46,Frozen (-20°C),WH-D,In Stock,2023-11-03
INV002159,MED001808,SUP0011,BAT433804,2024-01-26,2026-10-12,568,224.78,281.39,190,Frozen (-20°C),WH-B,In Stock,2024-07-13
INV002778,MED001808,SUP0029,BAT978914,2024-03-31,2026-05-20,286,279.29,384.65,116,Room Temperature,WH-D,In Stock,2024-07-01
INV003097,MED001808,SUP0019,BAT638301,2025-08-07,2028-06-22,986,517.16,673.56,168,Frozen (-20°C),WH-A,In Stock,2026-02-02
INV000265,MED001809,SUP0026,BAT571413,2025-12-16,2027-12-06,721,127.44,172.1,79,Room Temperature,WH-E,In Stock,2026-01-01
INV000508,MED001809,SUP0014,BAT274912,2024-07-24,2026-12-11,516,396.23,517.79,111,Frozen (-20°C),WH-D,In Stock,2024-11-18
INV001043,MED001809,SUP0058,BAT544320,2025-01-27,2026-11-18,110,232.91,288.8,180,Refrigerated (2–8°C),WH-C,Low Stock,2025-07-20
INV002596,MED001809,SUP0020,BAT128381,2023-10-29,2026-09-13,299,551.27,675.47,153,Refrigerated (2–8°C),WH-E,In Stock,2024-03-24
INV004194,MED001809,SUP0012,BAT583924,2023-09-18,2025-09-07,211,526.72,644.01,191,Frozen (-20°C),WH-B,In Stock,2023-10-29
INV001055,MED001810,SUP0006,BAT216185,2023-10-27,2025-07-18,270,414.31,562.77,109,Refrigerated (2–8°C),WH-C,In Stock,2023-11-30
INV001786,MED001810,SUP0056,BAT989319,2024-05-01,2025-04-26,478,311.76,425.23,38,Frozen (-20°C),WH-B,In Stock,2024-07-09
INV003573,MED001810,SUP0023,BAT326995,2024-03-06,2025-06-29,82,42.56,57.82,137,Frozen (-20°C),WH-E,Low Stock,2024-07-31
INV004873,MED001810,SUP0026,BAT882765,2024-12-21,2026-12-11,617,316.29,442.74,30,Refrigerated (2–8°C),WH-E,In Stock,2025-04-14
INV002436,MED001811,SUP0022,BAT339074,2026-03-12,2028-11-26,57,426.52,579.78,34,Refrigerated (2–8°C),WH-C,In Stock,2026-07-20
INV003758,MED001811,SUP0021,BAT192545,2024-10-14,2026-01-07,447,340.58,458.12,144,Room Temperature,WH-E,In Stock,2024-11-23
INV004635,MED001811,SUP0074,BAT982096,2025-08-04,2026-08-29,288,13.26,16.12,41,Refrigerated (2–8°C),WH-A,In Stock,2025-12-03
INV000153,MED001812,SUP0045,BAT127965,2025-11-16,2026-12-11,514,145.29,203.25,120,Refrigerated (2–8°C),WH-B,In Stock,2026-03-12
INV000542,MED001812,SUP0039,BAT911259,2025-02-25,2027-04-16,432,369.81,447.81,100,Frozen (-20°C),WH-B,In Stock,2025-04-23
INV001002,MED001812,SUP0028,BAT946699,2024-05-04,2027-04-19,986,312.2,420.14,153,Frozen (-20°C),WH-E,In Stock,2024-06-29
INV002821,MED001812,SUP0003,BAT840815,2024-05-17,2027-01-02,409,484.58,585.75,29,Frozen (-20°C),WH-A,In Stock,2024-10-11
INV002827,MED001812,SUP0012,BAT202432,2024-08-20,2027-01-07,9,291.79,384.53,96,Frozen (-20°C),WH-D,Low Stock,2024-12-10
INV003562,MED001812,SUP0006,BAT387516,2024-07-24,2027-03-11,360,465.1,579.61,141,Frozen (-20°C),WH-E,In Stock,2024-10-06
INV004299,MED001813,SUP0031,BAT869446,2026-05-30,2029-02-13,583,517.07,628.68,93,Room Temperature,WH-E,In Stock,2026-07-20
INV004949,MED001813,SUP0040,BAT640128,2024-11-11,2026-04-05,768,361.35,487.78,34,Room Temperature,WH-D,In Stock,2025-01-29
INV001155,MED001814,SUP0022,BAT402491,2025-01-02,2027-07-21,946,401.53,493.16,84,Room Temperature,WH-E,In Stock,2025-02-13
INV003300,MED001816,SUP0074,BAT758453,2024-08-28,2027-05-15,526,370.35,491.09,116,Refrigerated (2–8°C),WH-A,In Stock,2025-01-10
INV003470,MED001816,SUP0046,BAT453710,2023-12-05,2026-10-20,938,384.13,497.75,126,Refrigerated (2–8°C),WH-C,In Stock,2024-01-22
INV003697,MED001816,SUP0007,BAT194849,2023-07-29,2024-11-20,832,366.0,443.45,44,Frozen (-20°C),WH-C,In Stock,2023-12-17
INV001315,MED001817,SUP0014,BAT361912,2024-10-26,2026-06-18,747,184.16,247.16,193,Refrigerated (2–8°C),WH-E,In Stock,2024-12-27
INV002728,MED001817,SUP0075,BAT156153,2025-09-30,2028-01-18,714,72.73,90.29,37,Room Temperature,WH-D,In Stock,2025-11-26
INV002766,MED001817,SUP0024,BAT314339,2025-02-21,2027-12-08,992,368.36,489.16,119,Refrigerated (2–8°C),WH-E,In Stock,2025-04-30
INV004191,MED001817,SUP0040,BAT536699,2026-01-06,2027-06-30,937,561.46,723.57,197,Frozen (-20°C),WH-D,In Stock,2026-02-09
INV000739,MED001818,SUP0043,BAT127223,2025-02-22,2027-11-09,403,356.25,495.27,120,Refrigerated (2–8°C),WH-B,In Stock,2025-04-09
INV004511,MED001818,SUP0012,BAT972961,2025-04-19,2026-04-14,886,235.96,301.44,95,Frozen (-20°C),WH-B,In Stock,2025-05-23
INV004726,MED001818,SUP0056,BAT185610,2023-09-13,2025-08-03,983,295.51,366.9,167,Frozen (-20°C),WH-B,In Stock,2023-12-19
INV000644,MED001819,SUP0007,BAT216356,2025-09-12,2027-08-03,633,222.51,274.81,35,Frozen (-20°C),WH-A,In Stock,2026-01-24
INV002120,MED001820,SUP0026,BAT122306,2025-12-07,2028-04-25,122,455.75,623.39,52,Refrigerated (2–8°C),WH-A,In Stock,2026-05-14
INV003801,MED001820,SUP0011,BAT377110,2025-03-16,2026-07-09,37,372.99,504.5,143,Frozen (-20°C),WH-E,Low Stock,2025-07-04
INV000787,MED001821,SUP0037,BAT326053,2024-07-29,2027-06-14,2,330.78,401.41,56,Room Temperature,WH-D,Low Stock,2024-12-16
INV001526,MED001821,SUP0068,BAT589286,2026-06-19,2028-05-09,591,452.22,590.01,128,Refrigerated (2–8°C),WH-B,In Stock,2026-07-20
INV001666,MED001821,SUP0067,BAT409904,2024-05-13,2026-09-30,593,383.88,504.32,123,Room Temperature,WH-C,In Stock,2024-08-29
INV003645,MED001821,SUP0036,BAT189794,2025-04-18,2027-08-06,52,412.2,532.06,65,Refrigerated (2–8°C),WH-E,Low Stock,2025-07-29
INV001668,MED001824,SUP0025,BAT213618,2024-08-02,2027-07-18,301,466.88,600.4,61,Frozen (-20°C),WH-E,In Stock,2024-10-13
INV002252,MED001824,SUP0055,BAT226317,2026-01-24,2029-01-08,27,344.79,424.67,26,Frozen (-20°C),WH-E,In Stock,2026-04-07
INV002779,MED001824,SUP0018,BAT506977,2024-12-03,2026-11-23,551,419.49,546.13,105,Frozen (-20°C),WH-E,In Stock,2025-04-10
INV003340,MED001824,SUP0067,BAT435721,2023-08-19,2024-12-11,132,484.95,674.79,180,Room Temperature,WH-A,Low Stock,2023-12-11
INV003196,MED001825,SUP0071,BAT912710,2023-12-23,2025-01-16,689,568.25,723.49,29,Room Temperature,WH-B,In Stock,2024-05-24
INV002775,MED001826,SUP0028,BAT506104,2025-05-21,2027-06-10,52,449.68,559.01,74,Refrigerated (2–8°C),WH-C,Low Stock,2025-07-12
INV002417,MED001827,SUP0033,BAT417232,2025-01-03,2026-02-27,602,286.02,360.16,181,Room Temperature,WH-B,In Stock,2025-05-29
INV003517,MED001827,SUP0033,BAT546468,2024-03-29,2025-07-22,829,71.6,87.2,150,Refrigerated (2–8°C),WH-E,In Stock,2024-07-19
INV000427,MED001828,SUP0003,BAT990856,2026-05-24,2029-01-08,832,349.45,473.1,173,Room Temperature,WH-A,In Stock,2026-06-15
INV000572,MED001828,SUP0044,BAT666836,2026-01-14,2027-02-08,29,542.46,656.43,145,Refrigerated (2–8°C),WH-A,Low Stock,2026-03-03
INV001320,MED001828,SUP0024,BAT367685,2025-06-18,2027-09-06,467,62.42,85.59,194,Frozen (-20°C),WH-C,In Stock,2025-11-20
INV001700,MED001828,SUP0005,BAT992204,2025-05-28,2026-06-22,708,399.08,522.18,83,Frozen (-20°C),WH-E,In Stock,2025-11-13
INV002849,MED001828,SUP0051,BAT142889,2026-01-01,2028-03-21,953,381.63,468.47,128,Room Temperature,WH-A,In Stock,2026-03-25
INV004807,MED001828,SUP0014,BAT934647,2024-03-03,2027-01-17,913,216.28,277.29,119,Frozen (-20°C),WH-C,In Stock,2024-04-02
INV001330,MED001829,SUP0052,BAT229469,2024-05-26,2025-11-17,145,168.9,213.74,197,Frozen (-20°C),WH-A,Low Stock,2024-10-01
INV001299,MED001830,SUP0074,BAT260017,2024-08-10,2027-07-26,211,113.04,136.24,103,Frozen (-20°C),WH-A,In Stock,2024-10-01
INV002404,MED001830,SUP0049,BAT206356,2024-04-13,2025-07-07,735,353.51,490.29,165,Frozen (-20°C),WH-A,In Stock,2024-06-07
INV002531,MED001830,SUP0010,BAT102114,2024-04-30,2026-12-16,289,433.8,526.2,149,Frozen (-20°C),WH-D,In Stock,2024-08-16
INV002921,MED001830,SUP0053,BAT251325,2025-08-29,2027-03-22,479,114.32,154.23,175,Refrigerated (2–8°C),WH-A,In Stock,2026-01-18
INV004391,MED001830,SUP0056,BAT191096,2023-11-21,2025-06-13,411,300.86,399.63,120,Room Temperature,WH-E,In Stock,2024-03-07
INV000589,MED001831,SUP0055,BAT753523,2024-07-23,2026-09-11,434,492.94,629.46,166,Room Temperature,WH-B,In Stock,2024-12-15
INV002172,MED001831,SUP0019,BAT561170,2025-11-25,2027-06-18,307,496.0,597.7,123,Frozen (-20°C),WH-A,In Stock,2026-05-21
INV002810,MED001831,SUP0007,BAT746592,2025-11-01,2027-09-22,562,399.87,504.86,102,Refrigerated (2–8°C),WH-D,In Stock,2026-04-22
INV003124,MED001832,SUP0021,BAT220067,2025-09-11,2027-02-03,564,120.21,149.97,191,Frozen (-20°C),WH-B,In Stock,2025-10-14
INV003658,MED001832,SUP0072,BAT804659,2025-11-26,2028-05-14,753,322.07,415.25,117,Frozen (-20°C),WH-A,In Stock,2026-04-20
INV003780,MED001832,SUP0032,BAT703273,2026-05-16,2028-05-05,200,480.95,606.8,180,Refrigerated (2–8°C),WH-C,In Stock,2026-07-20
INV003888,MED001832,SUP0071,BAT785561,2026-07-15,2028-10-02,735,34.8,44.22,194,Frozen (-20°C),WH-D,In Stock,2026-07-20
INV003900,MED001832,SUP0026,BAT919042,2025-04-15,2026-04-10,217,369.08,514.78,169,Frozen (-20°C),WH-B,In Stock,2025-10-12
INV004085,MED001832,SUP0019,BAT263805,2025-12-18,2027-05-12,117,555.3,704.67,182,Room Temperature,WH-B,Low Stock,2026-05-10
INV004348,MED001834,SUP0070,BAT443694,2026-04-21,2028-02-10,493,542.23,705.76,78,Room Temperature,WH-E,In Stock,2026-07-20
INV000199,MED001835,SUP0051,BAT958130,2025-06-26,2028-06-10,297,176.14,236.53,35,Refrigerated (2–8°C),WH-D,In Stock,2025-08-17
INV001151,MED001835,SUP0001,BAT722385,2025-08-16,2028-05-02,388,265.96,346.21,107,Frozen (-20°C),WH-C,In Stock,2025-12-25
INV004192,MED001835,SUP0034,BAT196896,2023-07-22,2026-04-07,411,196.1,270.8,177,Refrigerated (2–8°C),WH-A,In Stock,2023-11-18
INV001804,MED001836,SUP0032,BAT475125,2024-06-19,2025-12-11,110,131.94,177.32,84,Room Temperature,WH-C,In Stock,2024-10-16
INV003815,MED001836,SUP0029,BAT609440,2024-12-18,2027-05-07,744,201.5,248.67,64,Refrigerated (2–8°C),WH-E,In Stock,2025-04-02
INV000711,MED001837,SUP0047,BAT804299,2024-01-21,2026-01-10,241,344.73,448.17,53,Room Temperature,WH-E,In Stock,2024-03-11
INV001808,MED001837,SUP0009,BAT909919,2026-06-11,2027-10-04,608,346.07,453.12,162,Room Temperature,WH-E,In Stock,2026-07-20
INV001860,MED001837,SUP0049,BAT124509,2024-11-16,2026-03-11,965,83.96,115.55,47,Refrigerated (2–8°C),WH-D,In Stock,2024-12-06
INV002331,MED001837,SUP0009,BAT403660,2025-03-21,2026-04-15,952,92.34,122.2,127,Frozen (-20°C),WH-A,In Stock,2025-08-02
INV002507,MED001837,SUP0066,BAT787633,2024-08-26,2027-06-12,90,150.68,195.8,32,Room Temperature,WH-D,In Stock,2025-01-06
INV003344,MED001837,SUP0047,BAT961782,2026-05-04,2027-08-27,88,196.76,246.88,62,Room Temperature,WH-C,In Stock,2026-07-10
INV001672,MED001838,SUP0045,BAT527265,2024-03-18,2025-07-11,624,208.1,272.58,136,Room Temperature,WH-D,In Stock,2024-08-24
INV002748,MED001838,SUP0025,BAT590165,2023-10-08,2025-07-29,850,84.87,116.08,187,Room Temperature,WH-E,In Stock,2024-01-10
INV004376,MED001838,SUP0069,BAT358666,2024-08-18,2026-04-10,921,325.82,450.8,106,Refrigerated (2–8°C),WH-B,In Stock,2024-12-17
INV004564,MED001838,SUP0009,BAT632944,2023-10-06,2026-09-20,288,569.06,774.65,97,Room Temperature,WH-E,In Stock,2023-11-23
INV001044,MED001839,SUP0009,BAT571233,2024-06-27,2025-07-22,259,248.84,328.66,175,Frozen (-20°C),WH-E,In Stock,2024-11-19
INV001450,MED001839,SUP0034,BAT511704,2024-03-21,2026-11-06,462,270.1,376.4,32,Frozen (-20°C),WH-E,In Stock,2024-06-17
INV003754,MED001839,SUP0071,BAT574161,2023-08-12,2024-12-04,144,580.58,801.91,161,Refrigerated (2–8°C),WH-A,Low Stock,2023-12-28
INV004863,MED001839,SUP0028,BAT991091,2024-08-17,2027-05-04,460,214.6,295.15,95,Room Temperature,WH-E,In Stock,2025-01-28
INV001225,MED001840,SUP0037,BAT959613,2025-12-06,2028-06-23,546,211.39,281.99,43,Frozen (-20°C),WH-A,In Stock,2026-03-31
INV001270,MED001840,SUP0030,BAT877391,2024-09-07,2026-07-29,408,63.81,80.78,185,Room Temperature,WH-C,In Stock,2024-09-30
INV004351,MED001840,SUP0008,BAT222752,2024-08-10,2026-06-01,258,52.97,72.05,144,Frozen (-20°C),WH-E,In Stock,2024-10-04
INV000035,MED001841,SUP0046,BAT320281,2024-12-13,2027-08-30,362,531.06,680.43,168,Frozen (-20°C),WH-B,In Stock,2025-01-23
INV001040,MED001841,SUP0028,BAT130930,2025-05-21,2026-09-13,85,164.22,212.88,57,Room Temperature,WH-C,In Stock,2025-07-31
INV001047,MED001841,SUP0030,BAT688922,2023-12-03,2025-11-22,616,318.72,389.02,79,Refrigerated (2–8°C),WH-E,In Stock,2024-02-28
INV001914,MED001842,SUP0023,BAT942746,2026-05-28,2028-01-18,984,520.41,692.91,104,Frozen (-20°C),WH-B,In Stock,2026-07-20
INV003977,MED001842,SUP0054,BAT313072,2024-03-30,2026-07-18,377,245.12,318.36,169,Refrigerated (2–8°C),WH-A,In Stock,2024-07-05
INV004541,MED001842,SUP0007,BAT682044,2025-01-06,2026-11-27,762,51.27,70.41,199,Refrigerated (2–8°C),WH-B,In Stock,2025-02-04
INV001146,MED001843,SUP0024,BAT576126,2023-08-21,2025-01-12,428,460.48,618.09,92,Refrigerated (2–8°C),WH-A,In Stock,2023-10-05
INV001313,MED001843,SUP0033,BAT234425,2025-05-12,2028-01-27,374,402.72,491.03,182,Refrigerated (2–8°C),WH-E,In Stock,2025-10-12
INV002197,MED001843,SUP0001,BAT290904,2025-02-27,2027-07-17,689,222.97,283.26,165,Frozen (-20°C),WH-A,In Stock,2025-03-17
INV001977,MED001844,SUP0040,BAT312876,2024-03-13,2026-09-29,645,200.65,248.34,122,Frozen (-20°C),WH-E,In Stock,2024-04-20
INV002355,MED001844,SUP0007,BAT899106,2025-12-21,2028-03-10,517,337.24,471.62,179,Room Temperature,WH-E,In Stock,2026-01-15
INV003376,MED001844,SUP0052,BAT520360,2025-10-11,2026-11-05,556,593.18,723.03,115,Room Temperature,WH-C,In Stock,2026-01-03
INV001250,MED001845,SUP0036,BAT434918,2025-08-02,2028-03-19,680,576.34,779.41,200,Refrigerated (2–8°C),WH-E,In Stock,2025-09-13
INV001620,MED001845,SUP0007,BAT340897,2026-07-17,2027-10-10,490,546.05,718.67,126,Frozen (-20°C),WH-B,In Stock,2026-07-20
INV000241,MED001846,SUP0073,BAT598598,2025-01-26,2026-02-20,700,540.09,708.98,96,Room Temperature,WH-B,In Stock,2025-03-01
INV001216,MED001846,SUP0005,BAT438031,2024-02-20,2026-10-07,890,99.46,128.81,27,Refrigerated (2–8°C),WH-A,In Stock,2024-06-05
INV002308,MED001846,SUP0066,BAT197678,2025-05-23,2026-05-18,962,465.95,569.8,139,Room Temperature,WH-E,In Stock,2025-07-28
INV003983,MED001846,SUP0060,BAT976940,2024-11-30,2027-08-17,931,546.6,747.69,42,Refrigerated (2–8°C),WH-B,In Stock,2025-04-17
INV000373,MED001847,SUP0063,BAT476701,2024-08-09,2026-01-01,19,138.47,193.44,83,Room Temperature,WH-A,Low Stock,2024-12-05
INV000893,MED001848,SUP0053,BAT562139,2024-02-29,2026-10-16,81,56.0,68.6,100,Room Temperature,WH-C,Low Stock,2024-04-26
INV003547,MED001848,SUP0065,BAT778011,2025-03-31,2028-01-15,446,587.92,765.88,183,Frozen (-20°C),WH-D,In Stock,2025-07-02
INV002253,MED001849,SUP0035,BAT430726,2024-04-27,2025-12-18,195,424.56,514.8,67,Frozen (-20°C),WH-B,In Stock,2024-05-27
INV002828,MED001849,SUP0011,BAT890275,2023-08-21,2025-02-11,17,200.92,271.64,78,Frozen (-20°C),WH-C,Low Stock,2024-01-13
INV004094,MED001849,SUP0010,BAT923603,2024-01-03,2026-05-22,852,284.1,362.13,157,Frozen (-20°C),WH-E,In Stock,2024-06-10
INV003625,MED001850,SUP0038,BAT784955,2025-09-05,2026-08-31,103,77.16,106.26,60,Refrigerated (2–8°C),WH-A,In Stock,2026-02-16
INV004007,MED001850,SUP0058,BAT141026,2026-05-30,2027-08-23,109,319.18,389.92,94,Frozen (-20°C),WH-D,In Stock,2026-06-14
INV000097,MED001851,SUP0004,BAT148225,2025-05-15,2026-06-09,367,261.26,326.27,120,Refrigerated (2–8°C),WH-E,In Stock,2025-08-13
INV002976,MED001851,SUP0003,BAT466263,2024-10-20,2027-09-05,625,559.3,780.12,90,Frozen (-20°C),WH-D,In Stock,2025-01-22
INV003209,MED001852,SUP0020,BAT440700,2025-03-31,2027-04-20,88,540.53,658.04,166,Room Temperature,WH-B,Low Stock,2025-04-17
INV004181,MED001852,SUP0071,BAT263749,2024-08-13,2025-11-06,65,56.0,72.23,146,Frozen (-20°C),WH-E,Low Stock,2024-08-29
INV004250,MED001852,SUP0011,BAT487872,2025-05-18,2027-06-07,816,10.72,14.55,96,Room Temperature,WH-A,In Stock,2025-10-03
INV001335,MED001853,SUP0033,BAT771366,2026-05-26,2028-03-16,682,589.94,717.73,89,Room Temperature,WH-D,In Stock,2026-07-20
INV004082,MED001853,SUP0072,BAT813485,2025-11-28,2028-02-16,503,155.92,200.68,91,Frozen (-20°C),WH-B,In Stock,2026-05-14
INV004619,MED001854,SUP0008,BAT578542,2025-05-01,2026-06-25,251,78.72,98.44,181,Room Temperature,WH-B,In Stock,2025-10-20
INV004757,MED001854,SUP0058,BAT977896,2023-10-03,2026-05-20,880,120.26,145.87,107,Refrigerated (2–8°C),WH-A,In Stock,2023-10-25
INV000594,MED001856,SUP0061,BAT701846,2025-05-29,2027-06-18,983,177.08,213.75,100,Frozen (-20°C),WH-C,In Stock,2025-09-11
INV001273,MED001856,SUP0017,BAT647941,2025-04-01,2026-04-26,233,353.48,465.27,87,Refrigerated (2–8°C),WH-A,In Stock,2025-06-08
INV002243,MED001856,SUP0043,BAT460765,2023-11-19,2025-02-11,905,593.64,746.05,82,Frozen (-20°C),WH-A,In Stock,2024-05-10
INV003649,MED001858,SUP0067,BAT856632,2026-02-26,2028-01-17,471,270.06,357.62,117,Room Temperature,WH-B,In Stock,2026-04-11
INV004395,MED001858,SUP0011,BAT106663,2023-10-25,2026-05-12,440,216.59,288.76,125,Refrigerated (2–8°C),WH-C,In Stock,2023-12-06
INV001671,MED001860,SUP0047,BAT781773,2024-12-01,2027-03-21,673,455.42,622.65,168,Refrigerated (2–8°C),WH-A,In Stock,2025-01-20
INV002892,MED001860,SUP0062,BAT148454,2023-08-11,2025-08-30,445,582.94,727.19,52,Refrigerated (2–8°C),WH-D,In Stock,2023-12-27
INV003347,MED001860,SUP0030,BAT446510,2024-08-31,2027-08-16,192,311.45,396.88,55,Refrigerated (2–8°C),WH-A,In Stock,2024-10-07
INV003709,MED001862,SUP0050,BAT526022,2025-12-13,2027-03-08,912,152.0,189.0,199,Frozen (-20°C),WH-B,In Stock,2026-03-24
INV004929,MED001862,SUP0048,BAT701825,2025-03-31,2027-08-18,208,19.91,26.16,126,Room Temperature,WH-A,In Stock,2025-09-24
INV001516,MED001863,SUP0055,BAT193806,2026-01-01,2027-08-24,234,223.12,312.24,93,Refrigerated (2–8°C),WH-B,In Stock,2026-04-15
INV001806,MED001864,SUP0022,BAT477818,2025-02-10,2028-01-26,507,161.0,213.04,62,Refrigerated (2–8°C),WH-C,In Stock,2025-05-13
INV002847,MED001864,SUP0039,BAT680437,2023-07-31,2024-09-23,891,265.99,332.06,81,Frozen (-20°C),WH-D,In Stock,2023-11-08
INV002908,MED001864,SUP0049,BAT105046,2025-05-26,2026-07-20,259,486.45,657.75,163,Frozen (-20°C),WH-E,In Stock,2025-09-18
INV001201,MED001866,SUP0048,BAT366086,2026-05-15,2027-05-10,279,390.09,518.17,33,Refrigerated (2–8°C),WH-A,In Stock,2026-07-20
INV001374,MED001866,SUP0028,BAT203442,2026-02-11,2027-07-06,729,48.41,60.06,106,Room Temperature,WH-E,In Stock,2026-04-23
INV002905,MED001866,SUP0070,BAT356422,2024-08-11,2025-10-05,338,310.37,411.85,119,Frozen (-20°C),WH-D,In Stock,2025-01-19
INV004567,MED001866,SUP0018,BAT900183,2024-05-26,2026-11-12,532,186.79,224.4,26,Room Temperature,WH-A,In Stock,2024-07-31
INV004690,MED001866,SUP0063,BAT258279,2025-06-09,2028-03-25,428,422.7,537.79,44,Frozen (-20°C),WH-E,In Stock,2025-11-22
INV000405,MED001867,SUP0048,BAT891787,2024-08-26,2027-08-11,301,110.57,147.78,139,Room Temperature,WH-B,In Stock,2024-10-29
INV003975,MED001868,SUP0022,BAT370799,2023-11-29,2026-06-16,26,320.25,390.7,188,Frozen (-20°C),WH-C,Low Stock,2024-03-26
INV004713,MED001869,SUP0068,BAT102088,2024-08-17,2025-08-12,609,104.11,138.16,65,Refrigerated (2–8°C),WH-C,In Stock,2025-01-16
INV000236,MED001870,SUP0062,BAT791309,2026-04-15,2027-04-10,544,249.75,300.54,166,Frozen (-20°C),WH-C,In Stock,2026-05-01
INV004161,MED001870,SUP0023,BAT949073,2024-05-09,2026-01-29,565,365.05,448.62,188,Refrigerated (2–8°C),WH-A,In Stock,2024-09-27
INV004316,MED001870,SUP0065,BAT983613,2025-05-31,2027-05-21,324,213.21,291.56,145,Room Temperature,WH-B,In Stock,2025-07-23
INV003011,MED001871,SUP0069,BAT133099,2024-05-28,2026-05-18,646,488.24,675.73,175,Room Temperature,WH-E,In Stock,2024-09-17
INV003656,MED001871,SUP0006,BAT815106,2025-01-01,2026-12-22,108,526.66,659.46,149,Room Temperature,WH-C,Low Stock,2025-02-22
INV004975,MED001871,SUP0026,BAT618750,2024-03-17,2026-01-06,377,243.39,300.92,157,Refrigerated (2–8°C),WH-B,In Stock,2024-09-13
INV000324,MED001872,SUP0004,BAT837623,2025-07-10,2027-12-27,145,569.28,778.4,169,Refrigerated (2–8°C),WH-E,Low Stock,2025-12-16
INV002394,MED001872,SUP0017,BAT616699,2026-01-26,2028-03-16,223,563.84,723.31,77,Frozen (-20°C),WH-E,In Stock,2026-06-09
INV004392,MED001872,SUP0040,BAT310523,2026-04-20,2028-12-05,722,500.3,658.36,103,Refrigerated (2–8°C),WH-B,In Stock,2026-05-25
INV000499,MED001873,SUP0071,BAT268132,2023-12-09,2026-03-28,460,492.55,644.41,100,Refrigerated (2–8°C),WH-A,In Stock,2024-02-01
INV001061,MED001873,SUP0017,BAT329412,2025-08-03,2027-07-24,888,310.51,421.05,183,Room Temperature,WH-A,In Stock,2025-12-11
INV000456,MED001874,SUP0075,BAT465004,2025-07-01,2027-02-21,620,275.58,352.96,74,Room Temperature,WH-C,In Stock,2025-09-11
INV002392,MED001874,SUP0057,BAT439327,2025-12-30,2028-06-17,637,125.04,174.04,42,Room Temperature,WH-A,In Stock,2026-06-18
INV002456,MED001874,SUP0030,BAT959206,2025-12-03,2028-10-18,976,489.57,593.98,101,Room Temperature,WH-B,In Stock,2026-04-06
INV002806,MED001874,SUP0021,BAT207789,2025-08-16,2028-02-02,762,586.95,803.77,86,Frozen (-20°C),WH-A,In Stock,2025-12-27
INV003812,MED001874,SUP0014,BAT651967,2023-09-06,2024-12-29,353,179.57,233.5,174,Frozen (-20°C),WH-B,In Stock,2023-12-01
INV002275,MED001875,SUP0026,BAT582100,2024-07-20,2026-09-08,674,316.4,409.84,124,Refrigerated (2–8°C),WH-A,In Stock,2024-12-02
INV002953,MED001876,SUP0074,BAT149152,2024-10-26,2026-06-18,662,386.22,473.15,29,Refrigerated (2–8°C),WH-E,In Stock,2025-03-26
INV004492,MED001876,SUP0056,BAT698004,2024-09-07,2027-03-26,269,49.17,68.36,112,Frozen (-20°C),WH-E,In Stock,2025-02-22
INV001642,MED001877,SUP0003,BAT909539,2024-10-25,2027-09-10,377,335.87,436.7,86,Room Temperature,WH-C,In Stock,2024-12-06
INV004127,MED001877,SUP0013,BAT608049,2023-10-07,2026-01-24,241,43.45,58.77,114,Refrigerated (2–8°C),WH-B,In Stock,2023-12-17
INV000234,MED001878,SUP0070,BAT772985,2023-11-18,2026-03-07,859,567.39,756.7,44,Room Temperature,WH-D,In Stock,2023-12-11
INV000213,MED001879,SUP0073,BAT217659,2023-11-24,2026-04-12,207,324.31,399.84,171,Frozen (-20°C),WH-D,In Stock,2024-04-16
INV000346,MED001879,SUP0002,BAT924758,2026-06-25,2028-07-14,424,93.18,122.77,63,Room Temperature,WH-A,In Stock,2026-07-20
INV003973,MED001879,SUP0054,BAT571076,2024-03-03,2025-06-26,335,418.07,547.61,147,Room Temperature,WH-E,In Stock,2024-06-24
INV000326,MED001880,SUP0026,BAT945619,2024-04-13,2026-02-02,940,40.44,49.72,107,Frozen (-20°C),WH-B,In Stock,2024-06-12
INV003893,MED001880,SUP0030,BAT761446,2025-04-13,2028-02-27,289,507.51,685.47,87,Room Temperature,WH-E,In Stock,2025-09-02
INV004594,MED001880,SUP0001,BAT620122,2026-05-14,2027-11-05,809,408.66,509.59,77,Frozen (-20°C),WH-C,In Stock,2026-07-20
INV002085,MED001881,SUP0024,BAT547871,2023-10-05,2026-01-22,518,534.33,727.98,161,Frozen (-20°C),WH-A,In Stock,2024-02-18
INV002388,MED001881,SUP0031,BAT752161,2024-06-11,2026-01-02,888,392.76,474.98,111,Room Temperature,WH-B,In Stock,2024-11-09
INV003305,MED001881,SUP0012,BAT679994,2024-08-15,2026-10-04,818,445.39,573.89,102,Frozen (-20°C),WH-E,In Stock,2025-01-15
INV003537,MED001881,SUP0044,BAT973673,2025-01-01,2027-03-22,738,35.13,42.51,194,Room Temperature,WH-E,In Stock,2025-01-28
INV000268,MED001882,SUP0011,BAT804758,2024-04-20,2026-02-09,244,74.58,95.06,103,Room Temperature,WH-E,In Stock,2024-06-04
INV002267,MED001882,SUP0044,BAT968253,2023-11-05,2026-04-23,440,115.14,149.16,74,Refrigerated (2–8°C),WH-A,In Stock,2024-02-20
INV001390,MED001883,SUP0020,BAT576287,2025-07-27,2027-02-17,293,439.93,612.65,188,Refrigerated (2–8°C),WH-C,In Stock,2025-09-16
INV001458,MED001883,SUP0004,BAT599651,2024-07-12,2025-07-07,88,275.87,379.95,85,Frozen (-20°C),WH-E,In Stock,2024-08-24
INV004796,MED001883,SUP0006,BAT854024,2024-02-02,2025-09-24,76,190.34,263.6,68,Room Temperature,WH-E,In Stock,2024-05-03
INV000289,MED001884,SUP0053,BAT746002,2026-01-12,2027-07-06,918,88.31,108.15,50,Frozen (-20°C),WH-D,In Stock,2026-02-18
INV001945,MED001884,SUP0022,BAT248990,2024-03-23,2025-05-17,747,270.75,374.51,165,Frozen (-20°C),WH-C,In Stock,2024-07-10
INV003570,MED001886,SUP0013,BAT127168,2025-11-08,2028-01-27,350,405.15,565.37,52,Refrigerated (2–8°C),WH-B,In Stock,2026-02-10
INV004201,MED001886,SUP0066,BAT374424,2025-10-17,2026-11-11,530,486.32,593.1,177,Frozen (-20°C),WH-C,In Stock,2025-12-28
INV002730,MED001887,SUP0016,BAT941304,2024-11-27,2026-01-21,628,201.01,264.46,159,Room Temperature,WH-C,In Stock,2025-04-11
INV004179,MED001887,SUP0027,BAT442754,2024-08-04,2025-07-30,170,486.62,621.24,69,Frozen (-20°C),WH-E,In Stock,2024-12-08
INV000785,MED001888,SUP0016,BAT730823,2025-11-03,2027-01-27,378,177.31,231.31,171,Room Temperature,WH-C,In Stock,2025-12-18
INV004384,MED001888,SUP0057,BAT646154,2025-02-01,2027-11-18,259,459.56,581.99,28,Refrigerated (2–8°C),WH-C,In Stock,2025-05-29
INV003306,MED001889,SUP0070,BAT626864,2024-11-16,2027-01-05,251,216.08,285.49,92,Refrigerated (2–8°C),WH-E,In Stock,2025-02-09
INV001127,MED001890,SUP0034,BAT949602,2024-10-06,2027-09-21,349,263.28,338.45,184,Frozen (-20°C),WH-A,In Stock,2024-10-28
INV003969,MED001890,SUP0007,BAT644094,2023-08-31,2025-05-22,722,300.66,413.93,197,Refrigerated (2–8°C),WH-E,In Stock,2023-10-13
INV002957,MED001891,SUP0008,BAT205125,2025-05-31,2026-09-23,247,566.81,693.06,52,Refrigerated (2–8°C),WH-B,In Stock,2025-10-12
INV003760,MED001891,SUP0060,BAT933267,2025-11-09,2028-09-24,975,9.2,11.63,178,Refrigerated (2–8°C),WH-B,In Stock,2025-12-28
INV000675,MED001892,SUP0003,BAT602811,2025-07-03,2027-03-25,142,534.39,705.14,138,Refrigerated (2–8°C),WH-B,In Stock,2025-10-18
INV001423,MED001892,SUP0052,BAT586144,2026-02-26,2028-04-16,145,254.66,306.84,123,Room Temperature,WH-C,In Stock,2026-04-21
INV001609,MED001892,SUP0031,BAT741491,2024-03-20,2025-05-14,810,324.45,430.16,178,Room Temperature,WH-A,In Stock,2024-06-07
INV001674,MED001892,SUP0028,BAT115658,2026-04-02,2028-04-21,688,529.96,717.19,200,Frozen (-20°C),WH-C,In Stock,2026-05-12
INV002503,MED001892,SUP0020,BAT412276,2024-02-17,2025-12-08,83,386.37,530.36,65,Frozen (-20°C),WH-D,In Stock,2024-07-02
INV003448,MED001892,SUP0056,BAT940349,2024-08-07,2025-10-31,571,132.74,169.19,194,Frozen (-20°C),WH-D,In Stock,2024-12-08
INV000682,MED001893,SUP0028,BAT628687,2026-03-19,2028-02-07,189,405.75,495.61,137,Refrigerated (2–8°C),WH-D,In Stock,2026-07-20
INV001113,MED001893,SUP0008,BAT347062,2026-04-26,2027-06-20,926,423.34,572.83,181,Room Temperature,WH-C,In Stock,2026-07-20
INV002231,MED001893,SUP0025,BAT567296,2023-10-09,2025-07-30,963,178.27,220.99,33,Room Temperature,WH-D,In Stock,2023-10-26
INV001917,MED001894,SUP0068,BAT884096,2024-03-01,2025-04-25,997,348.48,467.7,117,Frozen (-20°C),WH-A,In Stock,2024-07-01
INV003239,MED001895,SUP0030,BAT624111,2026-01-31,2027-03-27,826,123.05,169.25,31,Frozen (-20°C),WH-C,In Stock,2026-04-24
INV004525,MED001895,SUP0021,BAT508821,2026-02-20,2028-05-10,362,171.94,209.57,30,Refrigerated (2–8°C),WH-B,In Stock,2026-07-20
INV000036,MED001896,SUP0031,BAT270395,2024-07-17,2026-08-06,183,470.52,603.37,110,Frozen (-20°C),WH-B,In Stock,2024-08-07
INV002477,MED001896,SUP0033,BAT676010,2025-10-15,2028-01-03,184,546.81,681.18,161,Room Temperature,WH-C,In Stock,2025-12-05
INV003599,MED001896,SUP0036,BAT122716,2025-04-16,2027-07-05,127,180.55,220.48,69,Refrigerated (2–8°C),WH-C,In Stock,2025-05-18
INV000734,MED001897,SUP0056,BAT396668,2025-01-10,2027-07-29,529,264.29,325.87,105,Frozen (-20°C),WH-D,In Stock,2025-04-02
INV001738,MED001897,SUP0073,BAT787232,2024-08-05,2025-07-31,186,97.34,135.4,69,Frozen (-20°C),WH-B,In Stock,2024-11-11
INV001039,MED001898,SUP0016,BAT302212,2023-09-19,2026-02-05,530,457.77,569.13,156,Refrigerated (2–8°C),WH-A,In Stock,2023-10-09
INV002594,MED001898,SUP0073,BAT832657,2025-01-23,2026-11-14,734,295.5,399.87,126,Refrigerated (2–8°C),WH-A,In Stock,2025-02-23
INV003683,MED001898,SUP0024,BAT174039,2026-04-21,2028-03-11,294,375.81,490.01,171,Frozen (-20°C),WH-B,In Stock,2026-05-21
INV000556,MED001899,SUP0017,BAT744129,2026-05-02,2028-08-19,509,485.75,668.75,151,Room Temperature,WH-C,In Stock,2026-07-20
INV002717,MED001899,SUP0003,BAT326964,2025-08-31,2028-01-18,798,6.78,8.51,84,Room Temperature,WH-D,In Stock,2026-02-05
INV001790,MED001901,SUP0052,BAT372667,2025-04-03,2027-08-21,164,273.52,376.37,55,Refrigerated (2–8°C),WH-E,In Stock,2025-05-23
INV002035,MED001901,SUP0065,BAT622010,2026-01-11,2028-08-28,491,499.99,652.07,87,Frozen (-20°C),WH-D,In Stock,2026-06-09
INV002867,MED001901,SUP0065,BAT202467,2025-11-04,2027-10-25,159,465.18,582.64,160,Frozen (-20°C),WH-A,Low Stock,2025-11-30
INV003502,MED001901,SUP0046,BAT968257,2024-05-21,2027-04-06,584,559.18,712.24,76,Room Temperature,WH-D,In Stock,2024-08-29
INV004718,MED001901,SUP0025,BAT578218,2024-05-30,2026-10-17,886,443.02,587.41,159,Frozen (-20°C),WH-B,In Stock,2024-09-23
INV004846,MED001901,SUP0038,BAT426767,2023-12-27,2026-06-14,766,466.03,637.92,98,Refrigerated (2–8°C),WH-B,In Stock,2024-06-05
INV000242,MED001903,SUP0041,BAT116418,2024-09-17,2027-03-06,770,557.68,702.6,126,Frozen (-20°C),WH-B,In Stock,2024-11-07
INV004103,MED001905,SUP0043,BAT111676,2023-11-11,2026-07-28,299,597.59,796.2,96,Refrigerated (2–8°C),WH-B,In Stock,2024-05-08
INV001003,MED001906,SUP0044,BAT569217,2024-04-14,2026-02-03,368,514.29,661.47,184,Frozen (-20°C),WH-D,In Stock,2024-07-12
INV000656,MED001907,SUP0064,BAT905849,2024-05-13,2026-07-02,159,582.24,762.29,26,Frozen (-20°C),WH-C,In Stock,2024-08-17
INV001827,MED001907,SUP0035,BAT567785,2024-04-22,2027-02-06,811,512.38,680.3,92,Refrigerated (2–8°C),WH-A,In Stock,2024-08-19
INV002986,MED001907,SUP0006,BAT467544,2023-10-01,2026-06-17,390,595.99,805.63,110,Frozen (-20°C),WH-B,In Stock,2024-03-15
INV003277,MED001907,SUP0027,BAT303552,2024-04-24,2026-07-13,236,595.78,730.37,80,Frozen (-20°C),WH-C,In Stock,2024-08-28
INV002606,MED001908,SUP0041,BAT499961,2025-02-17,2027-04-08,498,331.6,400.31,140,Frozen (-20°C),WH-A,In Stock,2025-04-01
INV004205,MED001908,SUP0029,BAT773039,2025-03-07,2027-10-23,760,381.48,515.53,86,Room Temperature,WH-D,In Stock,2025-07-08
INV002176,MED001909,SUP0052,BAT260057,2024-04-12,2025-12-03,979,528.2,727.21,184,Refrigerated (2–8°C),WH-E,In Stock,2024-05-16
INV003433,MED001909,SUP0036,BAT993336,2024-04-15,2026-10-02,888,305.14,377.44,50,Refrigerated (2–8°C),WH-C,In Stock,2024-07-29
INV000939,MED001910,SUP0018,BAT602955,2026-05-05,2028-08-22,714,246.26,325.87,56,Frozen (-20°C),WH-A,In Stock,2026-07-20
INV001756,MED001910,SUP0032,BAT307567,2024-10-01,2025-10-26,585,261.71,331.71,74,Frozen (-20°C),WH-A,In Stock,2024-12-30
INV002090,MED001910,SUP0009,BAT335388,2024-09-22,2026-09-12,601,347.48,478.73,179,Frozen (-20°C),WH-D,In Stock,2024-11-10
INV004421,MED001911,SUP0017,BAT503523,2024-10-08,2026-03-02,414,559.35,751.07,70,Room Temperature,WH-B,In Stock,2025-02-13
INV000509,MED001912,SUP0046,BAT430463,2025-05-15,2027-04-05,782,261.2,351.36,187,Frozen (-20°C),WH-B,In Stock,2025-09-12
INV000664,MED001912,SUP0049,BAT192744,2023-08-03,2025-08-22,936,251.64,329.94,94,Frozen (-20°C),WH-E,In Stock,2024-01-28
INV002045,MED001912,SUP0032,BAT999462,2024-10-28,2026-03-22,910,529.8,688.91,77,Refrigerated (2–8°C),WH-B,In Stock,2025-04-03
INV003922,MED001912,SUP0029,BAT246274,2026-05-31,2029-05-15,887,115.33,143.95,125,Frozen (-20°C),WH-C,In Stock,2026-06-15
INV000293,MED001913,SUP0041,BAT238394,2025-09-20,2028-03-08,374,411.35,556.37,164,Room Temperature,WH-A,In Stock,2026-01-20
INV003440,MED001913,SUP0064,BAT384698,2025-08-21,2028-02-07,378,528.23,646.29,97,Room Temperature,WH-E,In Stock,2025-10-21
INV003512,MED001913,SUP0059,BAT935799,2025-02-18,2028-01-04,801,367.84,467.28,196,Room Temperature,WH-D,In Stock,2025-07-18
INV000090,MED001914,SUP0065,BAT380150,2023-07-26,2025-04-16,857,350.05,466.26,175,Room Temperature,WH-D,In Stock,2023-10-25
INV000868,MED001914,SUP0070,BAT514254,2025-12-13,2027-03-08,218,217.16,268.13,52,Refrigerated (2–8°C),WH-C,In Stock,2026-02-25
INV001862,MED001914,SUP0018,BAT176377,2026-02-19,2028-01-10,522,583.05,713.39,105,Refrigerated (2–8°C),WH-D,In Stock,2026-05-30
INV004509,MED001914,SUP0006,BAT119506,2023-12-10,2026-01-28,674,455.85,552.89,71,Refrigerated (2–8°C),WH-B,In Stock,2024-05-27
INV001405,MED001915,SUP0026,BAT765030,2025-05-07,2027-01-27,363,590.22,766.67,179,Frozen (-20°C),WH-E,In Stock,2025-06-12
INV001503,MED001915,SUP0071,BAT711931,2025-02-07,2027-05-28,430,163.09,227.73,75,Frozen (-20°C),WH-D,In Stock,2025-07-17
INV002622,MED001915,SUP0016,BAT810783,2026-03-19,2027-06-12,373,263.53,356.92,181,Refrigerated (2–8°C),WH-D,In Stock,2026-07-08
INV003096,MED001915,SUP0007,BAT921187,2024-10-14,2026-04-07,693,450.16,619.59,149,Frozen (-20°C),WH-C,In Stock,2025-03-11
INV001584,MED001916,SUP0074,BAT824023,2025-03-20,2027-08-07,102,452.62,546.83,128,Refrigerated (2–8°C),WH-A,Low Stock,2025-06-19
INV004084,MED001917,SUP0029,BAT345335,2025-03-27,2027-05-16,283,248.01,308.96,171,Refrigerated (2–8°C),WH-E,In Stock,2025-08-02
INV000718,MED001918,SUP0031,BAT411870,2024-09-23,2026-02-15,646,528.28,714.95,106,Refrigerated (2–8°C),WH-A,In Stock,2025-01-28
INV004149,MED001918,SUP0014,BAT868924,2024-12-10,2026-04-04,481,273.52,341.56,65,Refrigerated (2–8°C),WH-B,In Stock,2025-04-08
INV004835,MED001919,SUP0056,BAT755728,2025-10-04,2027-10-24,561,527.84,637.37,41,Room Temperature,WH-B,In Stock,2025-12-29
INV004967,MED001919,SUP0058,BAT829632,2024-07-31,2026-06-21,687,264.44,358.57,176,Room Temperature,WH-A,In Stock,2024-11-26
INV000220,MED001920,SUP0015,BAT133782,2025-11-25,2028-06-12,246,45.04,59.4,77,Refrigerated (2–8°C),WH-E,In Stock,2025-12-14
INV000706,MED001920,SUP0069,BAT948228,2025-12-25,2028-06-12,61,124.39,160.77,158,Room Temperature,WH-B,Low Stock,2026-06-18
INV004484,MED001920,SUP0011,BAT582539,2025-08-23,2026-08-18,86,122.79,150.68,119,Refrigerated (2–8°C),WH-A,Low Stock,2025-09-23
INV001053,MED001921,SUP0014,BAT130710,2024-10-21,2025-11-15,142,596.16,818.1,51,Frozen (-20°C),WH-D,In Stock,2024-11-07
INV002039,MED001921,SUP0066,BAT695960,2024-03-06,2025-04-30,883,270.68,369.5,182,Refrigerated (2–8°C),WH-E,In Stock,2024-07-19
INV004440,MED001921,SUP0025,BAT194001,2026-07-13,2028-08-01,133,288.73,379.91,29,Refrigerated (2–8°C),WH-C,In Stock,2026-07-20
INV003339,MED001922,SUP0037,BAT619432,2024-04-30,2026-08-18,410,284.3,357.85,56,Frozen (-20°C),WH-D,In Stock,2024-10-23
INV000760,MED001923,SUP0045,BAT570103,2025-12-30,2026-12-25,294,284.2,365.94,74,Frozen (-20°C),WH-B,In Stock,2026-02-24
INV002579,MED001923,SUP0032,BAT575587,2025-06-09,2028-05-24,583,340.94,456.65,162,Room Temperature,WH-A,In Stock,2025-08-25
INV002598,MED001923,SUP0070,BAT734652,2025-10-28,2028-01-16,87,231.81,317.66,77,Frozen (-20°C),WH-C,In Stock,2026-04-24
INV000111,MED001924,SUP0036,BAT134305,2025-08-17,2027-02-08,455,513.99,627.0,85,Frozen (-20°C),WH-C,In Stock,2025-12-23
INV000431,MED001924,SUP0046,BAT142383,2024-10-11,2027-09-26,237,162.29,202.34,41,Frozen (-20°C),WH-B,In Stock,2025-02-27
INV000686,MED001924,SUP0048,BAT288006,2023-08-16,2026-05-02,688,240.84,314.18,51,Frozen (-20°C),WH-A,In Stock,2024-01-03
INV002534,MED001924,SUP0052,BAT318321,2025-08-07,2027-06-28,303,511.78,632.99,62,Frozen (-20°C),WH-A,In Stock,2025-12-29
INV004720,MED001925,SUP0022,BAT315029,2026-03-04,2028-02-22,400,72.14,90.45,67,Refrigerated (2–8°C),WH-A,In Stock,2026-07-20
INV000619,MED001926,SUP0069,BAT256189,2024-11-09,2026-01-03,753,295.89,356.2,61,Frozen (-20°C),WH-A,In Stock,2024-12-03
INV003023,MED001926,SUP0009,BAT836963,2023-10-22,2025-09-11,947,148.65,198.76,126,Room Temperature,WH-A,In Stock,2024-03-10
INV003486,MED001926,SUP0018,BAT807214,2024-11-27,2026-11-17,913,449.7,552.59,146,Frozen (-20°C),WH-C,In Stock,2025-05-22
INV004653,MED001926,SUP0002,BAT811828,2025-06-16,2027-09-04,743,149.14,192.26,155,Room Temperature,WH-A,In Stock,2025-08-16
INV003820,MED001928,SUP0017,BAT396609,2024-05-09,2026-05-29,757,284.52,359.64,106,Frozen (-20°C),WH-E,In Stock,2024-10-15
INV003186,MED001929,SUP0017,BAT913641,2026-02-21,2027-09-14,685,106.28,134.86,57,Refrigerated (2–8°C),WH-A,In Stock,2026-07-20
INV002804,MED001931,SUP0013,BAT716139,2024-10-14,2026-07-06,780,59.56,82.09,171,Room Temperature,WH-A,In Stock,2025-03-14
INV001019,MED001932,SUP0017,BAT765104,2026-01-26,2028-09-12,99,135.08,188.55,34,Refrigerated (2–8°C),WH-E,In Stock,2026-07-08
INV001396,MED001932,SUP0057,BAT124993,2024-09-15,2026-09-05,683,167.63,226.17,69,Frozen (-20°C),WH-B,In Stock,2025-02-22
INV001897,MED001932,SUP0071,BAT161645,2023-12-18,2026-05-06,734,289.11,349.48,137,Frozen (-20°C),WH-B,In Stock,2024-04-10
INV003883,MED001933,SUP0009,BAT265615,2023-08-13,2026-07-28,632,240.63,311.7,134,Room Temperature,WH-D,In Stock,2024-01-22
INV001657,MED001934,SUP0025,BAT158077,2026-06-20,2027-12-12,399,531.3,646.95,126,Room Temperature,WH-D,In Stock,2026-07-20
INV001152,MED001935,SUP0013,BAT343545,2025-03-20,2027-06-08,49,313.02,408.5,169,Frozen (-20°C),WH-D,Low Stock,2025-06-30
INV004740,MED001935,SUP0013,BAT922506,2023-11-14,2024-12-08,255,386.36,487.38,93,Frozen (-20°C),WH-A,In Stock,2024-03-14
INV001077,MED001936,SUP0036,BAT424348,2024-08-14,2025-09-08,532,501.33,613.92,112,Refrigerated (2–8°C),WH-E,In Stock,2025-01-24
INV001473,MED001936,SUP0046,BAT793722,2025-10-23,2026-10-18,307,235.71,292.68,112,Refrigerated (2–8°C),WH-E,In Stock,2026-04-08
INV001573,MED001936,SUP0033,BAT860548,2023-08-27,2026-03-14,64,91.76,113.05,66,Frozen (-20°C),WH-E,Low Stock,2023-10-03
INV004131,MED001936,SUP0058,BAT320994,2023-12-18,2026-03-07,975,303.15,370.8,176,Refrigerated (2–8°C),WH-D,In Stock,2024-01-05
INV004286,MED001936,SUP0055,BAT710210,2025-06-03,2026-05-29,822,209.15,258.34,69,Room Temperature,WH-A,In Stock,2025-10-16
INV004895,MED001936,SUP0072,BAT863945,2026-03-06,2028-02-24,168,42.15,57.81,139,Frozen (-20°C),WH-E,In Stock,2026-07-20
INV002218,MED001937,SUP0009,BAT975387,2024-09-15,2026-07-07,744,580.3,742.89,165,Refrigerated (2–8°C),WH-B,In Stock,2024-11-22
INV000638,MED001938,SUP0020,BAT701568,2023-07-31,2025-08-19,41,441.42,574.22,145,Refrigerated (2–8°C),WH-E,Low Stock,2023-08-26
INV001048,MED001938,SUP0010,BAT701828,2025-11-30,2028-08-16,325,122.9,148.7,106,Refrigerated (2–8°C),WH-D,In Stock,2026-04-05
INV001306,MED001938,SUP0039,BAT340500,2024-01-09,2026-08-26,829,526.19,633.1,124,Refrigerated (2–8°C),WH-C,In Stock,2024-07-06
INV002400,MED001938,SUP0053,BAT864336,2023-12-13,2025-09-03,458,192.46,249.65,93,Frozen (-20°C),WH-B,In Stock,2024-05-22
INV002661,MED001938,SUP0048,BAT527826,2026-05-01,2027-12-22,737,327.94,425.86,122,Room Temperature,WH-C,In Stock,2026-05-28
INV002077,MED001939,SUP0012,BAT171292,2026-03-14,2027-10-05,146,582.1,756.11,187,Refrigerated (2–8°C),WH-C,Low Stock,2026-07-20
INV002974,MED001939,SUP0044,BAT512373,2025-04-06,2026-05-31,607,97.98,133.51,183,Room Temperature,WH-B,In Stock,2025-05-11
INV000439,MED001940,SUP0011,BAT327114,2026-01-25,2028-08-12,888,106.49,145.47,148,Frozen (-20°C),WH-B,In Stock,2026-06-09
INV000484,MED001940,SUP0062,BAT414164,2023-08-08,2026-07-23,817,360.22,489.67,99,Frozen (-20°C),WH-C,In Stock,2023-12-11
INV000726,MED001940,SUP0073,BAT223050,2023-08-18,2026-06-03,445,497.22,645.8,141,Room Temperature,WH-B,In Stock,2024-01-14
INV001372,MED001940,SUP0012,BAT422038,2024-07-10,2027-02-25,756,322.9,390.53,37,Refrigerated (2–8°C),WH-D,In Stock,2024-10-13
INV004289,MED001940,SUP0062,BAT414207,2024-11-06,2026-03-31,587,455.95,572.56,69,Refrigerated (2–8°C),WH-A,In Stock,2025-03-11
INV002025,MED001941,SUP0041,BAT534230,2024-11-09,2026-07-02,463,287.13,390.2,152,Room Temperature,WH-C,In Stock,2025-01-10
INV003425,MED001941,SUP0052,BAT499609,2024-08-25,2026-03-18,982,494.4,609.61,178,Room Temperature,WH-C,In Stock,2024-09-14
INV000067,MED001942,SUP0025,BAT189771,2024-11-26,2027-10-12,500,456.11,610.33,167,Frozen (-20°C),WH-D,In Stock,2025-03-25
INV002143,MED001942,SUP0045,BAT967341,2025-07-25,2028-01-11,359,232.45,285.05,53,Room Temperature,WH-E,In Stock,2025-12-25
INV003321,MED001942,SUP0019,BAT726467,2024-09-10,2027-06-27,769,544.77,757.69,167,Refrigerated (2–8°C),WH-A,In Stock,2024-11-05
INV000680,MED001944,SUP0075,BAT464733,2025-07-11,2026-12-03,799,148.88,195.64,181,Room Temperature,WH-E,In Stock,2025-12-01
INV001161,MED001944,SUP0002,BAT357859,2024-04-26,2026-10-13,893,405.64,508.29,81,Room Temperature,WH-D,In Stock,2024-08-15
INV004080,MED001944,SUP0046,BAT861239,2023-10-29,2026-02-15,50,290.71,372.29,163,Refrigerated (2–8°C),WH-C,Low Stock,2024-03-31
INV002533,MED001945,SUP0029,BAT161188,2023-09-21,2025-08-11,605,421.95,535.09,185,Refrigerated (2–8°C),WH-C,In Stock,2023-11-02
INV004809,MED001945,SUP0007,BAT874864,2025-04-22,2027-10-09,309,26.06,32.32,148,Refrigerated (2–8°C),WH-B,In Stock,2025-08-17
INV000640,MED001946,SUP0028,BAT239158,2025-07-24,2027-04-15,663,14.48,19.31,48,Room Temperature,WH-D,In Stock,2025-10-08
INV002585,MED001946,SUP0047,BAT805315,2025-10-01,2027-07-23,628,586.57,734.41,145,Refrigerated (2–8°C),WH-E,In Stock,2026-01-22
INV002618,MED001946,SUP0062,BAT931896,2026-03-20,2028-06-07,941,76.92,104.0,54,Refrigerated (2–8°C),WH-B,In Stock,2026-07-20
INV000410,MED001947,SUP0068,BAT597923,2023-08-08,2024-10-31,456,543.18,718.49,86,Frozen (-20°C),WH-B,In Stock,2023-11-19
INV001239,MED001947,SUP0033,BAT856646,2023-12-30,2026-01-18,812,344.68,482.2,74,Frozen (-20°C),WH-E,In Stock,2024-02-12
INV000082,MED001948,SUP0003,BAT901909,2025-01-22,2027-07-11,781,284.95,379.07,69,Refrigerated (2–8°C),WH-B,In Stock,2025-02-16
INV000741,MED001948,SUP0058,BAT440698,2024-04-10,2025-10-02,820,173.36,235.71,189,Frozen (-20°C),WH-A,In Stock,2024-05-07
INV000880,MED001948,SUP0047,BAT517589,2025-09-01,2027-01-24,451,305.65,411.71,133,Room Temperature,WH-D,In Stock,2026-01-14
INV002166,MED001948,SUP0029,BAT461172,2026-02-05,2027-01-31,301,99.88,121.75,47,Frozen (-20°C),WH-B,In Stock,2026-02-22
INV002496,MED001948,SUP0046,BAT359540,2026-01-01,2028-12-16,651,286.76,396.01,196,Room Temperature,WH-C,In Stock,2026-05-12
INV002504,MED001948,SUP0026,BAT881133,2024-10-22,2026-08-13,217,175.54,229.91,193,Frozen (-20°C),WH-D,In Stock,2025-01-14
INV002931,MED001948,SUP0017,BAT276982,2024-03-27,2025-10-18,939,25.34,34.97,148,Frozen (-20°C),WH-C,In Stock,2024-04-30
INV000904,MED001949,SUP0016,BAT797802,2024-04-24,2026-09-11,742,58.81,78.71,150,Room Temperature,WH-E,In Stock,2024-10-18
INV000932,MED001950,SUP0014,BAT920755,2024-03-29,2025-08-21,745,355.35,483.76,103,Room Temperature,WH-E,In Stock,2024-08-25
INV001553,MED001950,SUP0066,BAT421282,2025-03-13,2027-10-29,428,477.58,654.01,85,Frozen (-20°C),WH-C,In Stock,2025-07-08
INV003499,MED001950,SUP0031,BAT822911,2024-11-21,2025-11-16,58,211.56,269.23,200,Frozen (-20°C),WH-A,Low Stock,2024-12-23
INV000693,MED001951,SUP0005,BAT551313,2024-03-20,2026-03-10,322,268.32,323.91,121,Room Temperature,WH-E,In Stock,2024-07-28
INV002950,MED001951,SUP0061,BAT862961,2026-01-26,2027-08-19,444,290.61,399.99,143,Refrigerated (2–8°C),WH-C,In Stock,2026-07-20
INV004730,MED001951,SUP0016,BAT596192,2024-06-16,2026-10-04,345,184.01,248.0,157,Refrigerated (2–8°C),WH-E,In Stock,2024-09-10
INV004956,MED001951,SUP0058,BAT615727,2024-07-21,2025-09-14,716,296.82,383.9,153,Room Temperature,WH-A,In Stock,2024-08-11
INV001014,MED001952,SUP0055,BAT382956,2024-12-18,2027-08-05,85,46.21,59.2,61,Refrigerated (2–8°C),WH-D,In Stock,2025-02-16
INV001537,MED001953,SUP0018,BAT303941,2025-11-23,2028-05-11,427,259.01,340.25,63,Room Temperature,WH-A,In Stock,2026-01-26
INV003109,MED001954,SUP0071,BAT449207,2023-10-17,2026-09-01,229,460.16,640.73,47,Frozen (-20°C),WH-D,In Stock,2023-12-18
INV001446,MED001955,SUP0018,BAT624900,2025-05-05,2027-02-24,774,403.81,486.13,187,Refrigerated (2–8°C),WH-D,In Stock,2025-08-27
INV003575,MED001955,SUP0016,BAT174035,2024-06-15,2026-08-04,970,256.75,346.99,173,Refrigerated (2–8°C),WH-B,In Stock,2024-09-19
INV003759,MED001955,SUP0028,BAT275600,2025-09-19,2027-12-08,103,243.53,316.86,46,Room Temperature,WH-D,In Stock,2025-10-10
INV002128,MED001956,SUP0019,BAT251202,2025-02-07,2027-06-27,28,439.46,576.4,175,Room Temperature,WH-D,Low Stock,2025-06-21
INV002377,MED001956,SUP0026,BAT813970,2023-07-29,2024-09-21,235,436.87,607.35,198,Refrigerated (2–8°C),WH-D,In Stock,2023-12-03
INV004158,MED001956,SUP0025,BAT175458,2024-03-02,2026-01-21,793,536.99,704.89,196,Frozen (-20°C),WH-A,In Stock,2024-05-26
INV004343,MED001956,SUP0004,BAT893213,2023-08-01,2025-03-23,63,422.43,533.38,82,Frozen (-20°C),WH-D,Low Stock,2023-12-04
INV000382,MED001957,SUP0035,BAT868677,2024-01-27,2025-12-17,187,243.46,339.01,54,Refrigerated (2–8°C),WH-D,In Stock,2024-05-08
INV001101,MED001957,SUP0075,BAT712885,2025-10-24,2026-12-18,30,142.86,190.44,65,Refrigerated (2–8°C),WH-D,Low Stock,2025-11-19
INV002493,MED001957,SUP0015,BAT935303,2024-10-02,2026-02-24,750,156.23,213.49,178,Refrigerated (2–8°C),WH-C,In Stock,2024-12-18
INV002843,MED001957,SUP0027,BAT468010,2026-05-18,2027-10-10,855,240.62,297.97,53,Room Temperature,WH-A,In Stock,2026-06-17
INV000609,MED001958,SUP0034,BAT286572,2026-01-08,2027-03-04,950,368.13,454.89,76,Refrigerated (2–8°C),WH-A,In Stock,2026-05-28
INV003742,MED001958,SUP0061,BAT746000,2024-07-01,2026-02-21,618,534.25,721.66,90,Frozen (-20°C),WH-E,In Stock,2024-09-18
INV004057,MED001958,SUP0053,BAT189484,2023-10-01,2025-12-19,403,533.0,744.0,125,Frozen (-20°C),WH-D,In Stock,2023-12-22
INV003872,MED001959,SUP0065,BAT349517,2026-05-25,2028-09-11,931,544.63,661.6,26,Room Temperature,WH-C,In Stock,2026-07-20
INV002332,MED001960,SUP0040,BAT877195,2024-10-27,2025-11-21,748,47.08,59.33,169,Room Temperature,WH-B,In Stock,2025-01-22
INV003115,MED001960,SUP0019,BAT600809,2023-08-19,2025-09-07,30,442.29,539.89,137,Room Temperature,WH-B,Low Stock,2023-11-25
INV003488,MED001960,SUP0010,BAT910131,2023-12-13,2025-05-06,714,59.33,75.74,158,Frozen (-20°C),WH-E,In Stock,2024-01-18
INV000885,MED001961,SUP0033,BAT908735,2025-07-03,2027-10-21,650,419.39,557.86,119,Refrigerated (2–8°C),WH-B,In Stock,2025-11-20
INV001291,MED001961,SUP0047,BAT910237,2026-01-19,2028-12-04,188,283.65,366.52,107,Refrigerated (2–8°C),WH-B,In Stock,2026-03-29
INV002653,MED001961,SUP0046,BAT515741,2025-07-08,2026-09-01,545,52.77,64.53,137,Refrigerated (2–8°C),WH-E,In Stock,2025-12-06
INV002685,MED001961,SUP0005,BAT423565,2026-05-14,2028-04-03,673,391.88,474.74,99,Refrigerated (2–8°C),WH-E,In Stock,2026-06-21
INV000988,MED001962,SUP0018,BAT215507,2023-11-20,2025-10-10,869,180.34,221.61,60,Frozen (-20°C),WH-D,In Stock,2024-03-06
INV001259,MED001962,SUP0034,BAT850755,2024-03-24,2027-01-08,662,430.28,554.07,161,Frozen (-20°C),WH-A,In Stock,2024-09-10
INV002550,MED001962,SUP0045,BAT616934,2025-08-21,2028-02-07,313,329.12,413.26,30,Frozen (-20°C),WH-A,In Stock,2026-01-29
INV003659,MED001962,SUP0012,BAT157253,2025-10-07,2028-05-24,468,94.99,122.13,189,Room Temperature,WH-E,In Stock,2026-02-10
INV000411,MED001964,SUP0006,BAT815706,2025-05-08,2027-04-28,395,326.44,410.19,90,Frozen (-20°C),WH-C,In Stock,2025-06-21
INV000817,MED001964,SUP0044,BAT972957,2023-11-09,2025-08-30,813,566.41,767.57,85,Frozen (-20°C),WH-D,In Stock,2024-04-05
INV002104,MED001964,SUP0069,BAT231753,2026-03-18,2027-12-08,661,212.99,265.95,105,Refrigerated (2–8°C),WH-A,In Stock,2026-05-06
INV003193,MED001964,SUP0021,BAT542232,2025-02-02,2026-02-27,422,383.53,505.85,31,Room Temperature,WH-A,In Stock,2025-06-21
INV003465,MED001964,SUP0016,BAT793410,2024-07-27,2025-11-19,800,149.58,202.59,62,Frozen (-20°C),WH-B,In Stock,2025-01-05
INV001593,MED001965,SUP0015,BAT702485,2023-07-26,2026-03-12,734,498.83,599.97,53,Room Temperature,WH-C,In Stock,2023-10-02
INV004132,MED001965,SUP0069,BAT688199,2024-02-16,2025-09-08,235,329.62,420.58,185,Room Temperature,WH-B,In Stock,2024-03-06
INV000949,MED001966,SUP0035,BAT224562,2025-11-29,2028-02-17,507,430.02,543.97,199,Refrigerated (2–8°C),WH-E,In Stock,2026-05-03
INV001334,MED001966,SUP0047,BAT353013,2026-04-28,2029-02-11,431,384.65,528.14,39,Refrigerated (2–8°C),WH-C,In Stock,2026-07-20
INV000560,MED001967,SUP0004,BAT972460,2024-07-14,2026-01-05,853,553.76,717.57,111,Refrigerated (2–8°C),WH-A,In Stock,2024-10-21
INV001651,MED001967,SUP0054,BAT103223,2024-09-30,2026-09-20,624,84.69,102.61,113,Refrigerated (2–8°C),WH-E,In Stock,2025-01-17
INV001737,MED001967,SUP0016,BAT776772,2026-03-07,2027-07-30,468,132.97,171.34,200,Frozen (-20°C),WH-B,In Stock,2026-04-07
INV002260,MED001967,SUP0056,BAT388292,2023-11-15,2026-03-04,651,472.44,600.88,153,Frozen (-20°C),WH-E,In Stock,2024-02-23
INV002819,MED001967,SUP0060,BAT986345,2025-01-18,2027-06-07,630,442.33,553.27,151,Room Temperature,WH-E,In Stock,2025-04-29
INV001669,MED001968,SUP0008,BAT527629,2023-09-06,2026-01-23,158,385.94,498.42,126,Refrigerated (2–8°C),WH-A,In Stock,2024-01-20
INV000796,MED001969,SUP0042,BAT290272,2023-09-14,2026-06-30,305,63.75,78.32,124,Refrigerated (2–8°C),WH-C,In Stock,2023-10-13
INV003303,MED001969,SUP0074,BAT975971,2025-03-26,2026-11-16,811,414.76,578.05,79,Frozen (-20°C),WH-D,In Stock,2025-08-14
INV002467,MED001970,SUP0045,BAT885489,2023-09-19,2026-03-07,599,425.71,526.79,123,Frozen (-20°C),WH-B,In Stock,2024-03-17
INV003535,MED001970,SUP0016,BAT970872,2024-11-04,2026-08-26,812,375.68,503.09,124,Room Temperature,WH-B,In Stock,2025-01-22
INV003545,MED001970,SUP0047,BAT827048,2025-10-10,2028-03-28,194,76.99,105.55,173,Refrigerated (2–8°C),WH-C,In Stock,2026-03-22
INV000850,MED001971,SUP0058,BAT770043,2025-04-04,2026-05-29,106,333.98,402.92,197,Frozen (-20°C),WH-E,Low Stock,2025-06-01
INV001836,MED001971,SUP0032,BAT966859,2023-10-14,2025-06-05,731,120.65,154.11,187,Room Temperature,WH-C,In Stock,2024-01-21
INV000106,MED001973,SUP0010,BAT247594,2024-10-25,2027-07-12,990,222.64,302.38,167,Room Temperature,WH-C,In Stock,2025-02-18
INV000715,MED001973,SUP0036,BAT922370,2024-05-12,2026-04-02,732,493.71,594.53,119,Frozen (-20°C),WH-A,In Stock,2024-09-25
INV002680,MED001973,SUP0055,BAT854074,2024-06-26,2027-06-11,263,108.41,139.29,50,Frozen (-20°C),WH-C,In Stock,2024-10-27
INV000756,MED001974,SUP0063,BAT594392,2023-08-30,2025-10-18,248,180.42,246.43,76,Refrigerated (2–8°C),WH-A,In Stock,2024-02-10
INV001599,MED001974,SUP0050,BAT382737,2024-06-13,2026-09-01,448,15.2,18.95,59,Refrigerated (2–8°C),WH-D,In Stock,2024-08-23
INV001997,MED001974,SUP0001,BAT682355,2025-12-18,2027-02-11,624,566.91,709.9,80,Refrigerated (2–8°C),WH-E,In Stock,2026-05-28
INV003022,MED001974,SUP0039,BAT174247,2023-07-29,2025-07-18,229,258.84,352.49,67,Refrigerated (2–8°C),WH-B,In Stock,2023-08-17
INV003468,MED001974,SUP0042,BAT619855,2026-05-12,2027-12-03,950,473.4,599.12,92,Refrigerated (2–8°C),WH-C,In Stock,2026-06-09
INV003595,MED001974,SUP0010,BAT905021,2025-07-17,2027-01-08,572,171.07,207.17,193,Refrigerated (2–8°C),WH-C,In Stock,2025-11-26
INV000930,MED001975,SUP0032,BAT181290,2025-01-24,2026-04-19,112,331.28,401.91,200,Frozen (-20°C),WH-A,Low Stock,2025-06-24
INV003081,MED001975,SUP0053,BAT745161,2025-11-18,2027-02-11,125,502.69,674.44,109,Refrigerated (2–8°C),WH-B,In Stock,2026-01-21
INV003289,MED001975,SUP0045,BAT936625,2025-08-02,2028-07-17,697,437.85,536.61,200,Room Temperature,WH-D,In Stock,2025-09-06
INV000017,MED001976,SUP0028,BAT665492,2024-09-04,2027-06-21,408,391.68,504.34,196,Frozen (-20°C),WH-D,In Stock,2024-12-07
INV000060,MED001976,SUP0040,BAT213349,2023-09-11,2025-06-02,693,241.01,323.68,121,Room Temperature,WH-E,In Stock,2024-02-20
INV001820,MED001976,SUP0029,BAT301628,2026-05-23,2028-12-08,435,149.3,202.52,58,Refrigerated (2–8°C),WH-D,In Stock,2026-06-14
INV004965,MED001976,SUP0048,BAT452129,2024-04-28,2027-03-14,912,579.64,698.3,147,Frozen (-20°C),WH-B,In Stock,2024-06-16
INV003634,MED001977,SUP0027,BAT513283,2024-04-10,2026-06-29,104,248.15,338.26,143,Frozen (-20°C),WH-A,Low Stock,2024-08-02
INV004471,MED001977,SUP0045,BAT630637,2024-09-26,2026-02-18,77,345.69,420.55,178,Room Temperature,WH-D,Low Stock,2025-01-11
INV002312,MED001979,SUP0044,BAT692389,2024-07-31,2027-03-18,478,168.99,205.33,186,Frozen (-20°C),WH-A,In Stock,2025-01-27
INV002823,MED001979,SUP0044,BAT143681,2023-09-06,2025-04-28,649,583.37,768.23,153,Refrigerated (2–8°C),WH-D,In Stock,2023-10-12
INV003166,MED001980,SUP0009,BAT347044,2025-02-08,2026-02-03,940,556.09,682.46,181,Frozen (-20°C),WH-B,In Stock,2025-03-24
INV003483,MED001980,SUP0020,BAT145851,2025-02-20,2026-09-13,624,268.86,336.02,57,Room Temperature,WH-B,In Stock,2025-03-28
INV003558,MED001980,SUP0019,BAT397436,2026-02-21,2027-06-16,283,262.2,329.81,71,Room Temperature,WH-D,In Stock,2026-06-04
INV004032,MED001980,SUP0060,BAT998362,2023-10-31,2025-11-19,655,576.02,720.83,149,Refrigerated (2–8°C),WH-B,In Stock,2024-03-02
INV002248,MED001981,SUP0064,BAT520991,2024-08-29,2025-10-23,470,354.86,445.55,104,Room Temperature,WH-A,In Stock,2025-01-14
INV004300,MED001982,SUP0056,BAT563935,2024-06-24,2026-10-12,491,301.23,393.91,90,Frozen (-20°C),WH-A,In Stock,2024-11-10
INV000226,MED001983,SUP0054,BAT684357,2026-07-10,2027-11-02,248,125.99,167.48,90,Refrigerated (2–8°C),WH-C,In Stock,2026-07-20
INV001078,MED001983,SUP0045,BAT402418,2024-03-02,2025-02-25,949,92.54,123.65,200,Frozen (-20°C),WH-C,In Stock,2024-07-22
INV003259,MED001983,SUP0014,BAT710820,2026-05-19,2027-12-10,776,277.2,377.01,172,Room Temperature,WH-C,In Stock,2026-06-18
INV004848,MED001984,SUP0006,BAT561601,2025-10-15,2026-12-09,120,305.33,411.71,186,Refrigerated (2–8°C),WH-E,Low Stock,2026-03-27
INV003263,MED001985,SUP0021,BAT891624,2024-06-24,2026-06-14,585,40.94,52.48,174,Refrigerated (2–8°C),WH-D,In Stock,2024-11-09
INV003974,MED001985,SUP0019,BAT981869,2024-03-17,2025-08-09,776,376.16,515.18,168,Frozen (-20°C),WH-C,In Stock,2024-08-04
INV004583,MED001985,SUP0053,BAT126564,2025-11-18,2028-11-02,625,413.52,549.21,191,Frozen (-20°C),WH-B,In Stock,2026-01-20
INV000488,MED001986,SUP0069,BAT123205,2024-08-04,2025-10-28,275,430.54,579.26,57,Room Temperature,WH-A,In Stock,2024-10-30
INV000563,MED001986,SUP0020,BAT394083,2023-09-22,2025-07-13,641,506.23,665.29,161,Refrigerated (2–8°C),WH-B,In Stock,2024-01-11
INV001166,MED001986,SUP0058,BAT441203,2024-12-08,2027-08-25,118,281.52,355.78,70,Room Temperature,WH-C,In Stock,2025-04-10
INV002124,MED001986,SUP0003,BAT295338,2024-04-07,2026-03-28,357,473.58,660.16,92,Refrigerated (2–8°C),WH-A,In Stock,2024-05-26
INV004061,MED001986,SUP0072,BAT896152,2024-01-28,2026-12-13,677,109.64,146.67,152,Frozen (-20°C),WH-E,In Stock,2024-02-26
INV001684,MED001988,SUP0025,BAT308078,2024-09-08,2026-10-28,91,572.74,723.28,58,Frozen (-20°C),WH-B,In Stock,2024-11-21
INV002199,MED001988,SUP0016,BAT509681,2023-10-06,2025-09-25,684,333.13,456.18,122,Refrigerated (2–8°C),WH-D,In Stock,2024-03-23
INV002528,MED001988,SUP0015,BAT789565,2025-09-04,2026-11-28,293,153.45,188.8,68,Refrigerated (2–8°C),WH-C,In Stock,2026-02-13
INV003261,MED001988,SUP0038,BAT686749,2026-04-30,2028-06-18,57,338.39,466.12,145,Frozen (-20°C),WH-B,Low Stock,2026-05-16
INV000696,MED001989,SUP0049,BAT746908,2025-07-12,2028-06-26,328,21.75,26.3,40,Refrigerated (2–8°C),WH-C,In Stock,2025-10-07
INV001432,MED001989,SUP0030,BAT842501,2024-11-17,2026-06-10,576,534.88,675.39,145,Room Temperature,WH-D,In Stock,2025-04-06
INV002431,MED001989,SUP0055,BAT132640,2025-07-28,2028-06-12,385,455.26,561.4,184,Refrigerated (2–8°C),WH-D,In Stock,2025-12-30
INV000413,MED001990,SUP0069,BAT659106,2023-08-05,2026-03-22,215,379.56,471.65,196,Frozen (-20°C),WH-D,In Stock,2023-09-05
INV003617,MED001990,SUP0020,BAT520978,2026-07-10,2027-11-02,639,40.72,49.73,119,Frozen (-20°C),WH-E,In Stock,2026-07-20
INV004279,MED001990,SUP0024,BAT103380,2025-06-03,2026-05-29,920,571.45,774.93,112,Frozen (-20°C),WH-D,In Stock,2025-11-09
INV004437,MED001990,SUP0050,BAT284350,2025-01-09,2027-09-26,566,8.77,11.53,96,Frozen (-20°C),WH-B,In Stock,2025-03-16
INV001237,MED001991,SUP0059,BAT822460,2024-12-01,2027-10-17,582,29.18,36.92,142,Room Temperature,WH-B,In Stock,2025-04-29
INV003399,MED001992,SUP0057,BAT880750,2023-12-28,2025-11-17,862,486.44,606.94,185,Refrigerated (2–8°C),WH-C,In Stock,2024-04-11
INV003580,MED001992,SUP0055,BAT165725,2025-12-06,2028-07-23,481,270.14,366.99,161,Room Temperature,WH-B,In Stock,2026-05-10
INV003712,MED001992,SUP0043,BAT628740,2024-07-25,2026-04-16,484,133.05,183.2,73,Frozen (-20°C),WH-A,In Stock,2024-12-01
INV000378,MED001993,SUP0026,BAT475308,2025-11-06,2027-07-29,40,300.33,372.87,165,Refrigerated (2–8°C),WH-C,Low Stock,2026-01-01
INV000773,MED001993,SUP0038,BAT539673,2025-10-21,2028-07-07,894,434.32,548.43,102,Refrigerated (2–8°C),WH-A,In Stock,2026-03-26
INV001542,MED001993,SUP0052,BAT153777,2025-03-27,2026-11-17,843,335.23,458.9,62,Room Temperature,WH-B,In Stock,2025-05-08
INV000746,MED001994,SUP0060,BAT809298,2024-10-22,2027-06-09,953,318.73,423.73,151,Room Temperature,WH-C,In Stock,2024-12-15
INV002837,MED001994,SUP0035,BAT869724,2025-02-14,2027-08-03,850,287.59,353.54,172,Room Temperature,WH-C,In Stock,2025-05-23
INV000164,MED001995,SUP0024,BAT620306,2026-05-04,2028-03-24,273,437.61,532.04,46,Frozen (-20°C),WH-B,In Stock,2026-07-20
INV000579,MED001995,SUP0062,BAT502460,2023-12-03,2025-09-23,833,261.53,365.11,176,Frozen (-20°C),WH-C,In Stock,2024-02-09
INV001000,MED001995,SUP0017,BAT836789,2024-02-05,2025-11-26,918,65.1,88.63,153,Room Temperature,WH-A,In Stock,2024-06-03
INV002256,MED001995,SUP0017,BAT492546,2024-12-16,2026-04-10,994,303.52,378.57,48,Refrigerated (2–8°C),WH-C,In Stock,2025-02-08
INV002573,MED001995,SUP0064,BAT548694,2025-11-28,2028-09-13,348,210.04,279.72,39,Frozen (-20°C),WH-D,In Stock,2026-04-01
INV003984,MED001995,SUP0019,BAT471831,2023-11-10,2025-11-29,470,337.16,417.74,55,Refrigerated (2–8°C),WH-A,In Stock,2024-03-30
INV004905,MED001995,SUP0024,BAT232077,2024-12-29,2027-03-19,667,257.05,310.64,166,Frozen (-20°C),WH-D,In Stock,2025-04-26
INV000888,MED001996,SUP0011,BAT643725,2024-08-10,2026-08-30,849,155.46,195.95,134,Frozen (-20°C),WH-D,In Stock,2024-10-06
INV001253,MED001996,SUP0054,BAT530224,2024-08-10,2027-03-28,633,87.45,115.78,82,Room Temperature,WH-E,In Stock,2024-09-01
INV001284,MED001997,SUP0059,BAT904308,2025-02-01,2026-01-27,213,431.42,543.14,194,Refrigerated (2–8°C),WH-A,In Stock,2025-04-08
INV001983,MED001997,SUP0035,BAT692493,2025-12-10,2028-06-27,985,267.62,327.03,143,Frozen (-20°C),WH-E,In Stock,2026-02-10
INV003744,MED001997,SUP0070,BAT338926,2024-11-13,2026-02-06,253,21.46,27.45,164,Frozen (-20°C),WH-B,In Stock,2025-04-16
INV004701,MED001997,SUP0033,BAT373924,2026-03-04,2028-03-23,732,510.62,625.92,71,Refrigerated (2–8°C),WH-E,In Stock,2026-06-14
INV004943,MED001997,SUP0003,BAT857917,2025-07-04,2028-04-19,946,13.48,16.33,95,Room Temperature,WH-E,In Stock,2025-08-18
INV000962,MED001998,SUP0045,BAT483791,2026-01-24,2028-09-10,932,45.29,58.14,136,Frozen (-20°C),WH-A,In Stock,2026-03-10
INV002879,MED001998,SUP0030,BAT553208,2025-10-27,2028-07-13,321,428.8,576.92,147,Refrigerated (2–8°C),WH-D,In Stock,2026-01-07
INV004601,MED001998,SUP0058,BAT444080,2026-02-13,2027-12-05,269,472.26,603.03,125,Room Temperature,WH-C,In Stock,2026-05-31
INV004721,MED001998,SUP0075,BAT688572,2023-11-19,2026-01-07,858,537.39,693.7,198,Room Temperature,WH-E,In Stock,2023-12-04
INV001789,MED001999,SUP0057,BAT123501,2026-05-17,2029-01-01,987,557.04,725.07,99,Room Temperature,WH-E,In Stock,2026-07-20
INV002195,MED001999,SUP0020,BAT236082,2024-09-08,2027-05-26,900,382.08,487.85,175,Refrigerated (2–8°C),WH-D,In Stock,2025-02-22
INV003997,MED001999,SUP0067,BAT133577,2025-06-01,2027-07-21,191,138.03,187.05,54,Refrigerated (2–8°C),WH-E,In Stock,2025-08-12
INV004428,MED001999,SUP0058,BAT702021,2024-10-29,2025-12-23,656,491.28,621.91,101,Refrigerated (2–8°C),WH-A,In Stock,2025-01-06
INV000466,MED002000,SUP0016,BAT832162,2026-06-16,2028-08-04,705,12.03,14.94,27,Frozen (-20°C),WH-A,In Stock,2026-07-20
INV001402,MED002000,SUP0015,BAT796117,2024-05-16,2026-07-05,773,85.68,109.34,35,Refrigerated (2–8°C),WH-D,In Stock,2024-06-24
INV001972,MED002000,SUP0021,BAT799047,2023-08-20,2024-10-13,887,300.2,368.4,191,Frozen (-20°C),WH-A,In Stock,2024-02-10
INV002147,MED002000,SUP0012,BAT691978,2024-03-01,2026-08-18,502,373.73,490.88,99,Room Temperature,WH-D,In Stock,2024-03-24
