Medicine_ID,Generic_Name,Revenue,Profit,Inventory_Value,Waste_Value
MED107689,Esomeprazole Magnesium,274.08,346366.91000000015,972303.6399999999,74331.4
MED131786,Lidocaine Hci,0.0,324387.5800000001,892608.0,0.0
MED120674,Tacrolimus,0.0,260357.67999999996,706405.39,211042.38
MED100309,Cevimeline Hydrochloride,0.0,252019.3,819718.7,177995.04
MED021777,Asenapine Maleate,0.0,237853.61999999997,631548.97,191639.42
MED013319,Aripiprazole,0.0,228481.3699999999,661828.12,23351.76
MED058126,Levothyroxine Sodium,0.0,225864.19000000006,629375.7,0.0
MED067514,Succinylcholine Chloride,0.0,221815.2400000001,559315.4199999999,0.0
MED010826,Enalapril Maleate,0.0,212547.29999999996,533900.5700000001,37275.55
MED119866,Benzalkonium Chloride,0.0,207731.1399999999,524010.63,0.0
MED056437,Titanium Dioxide,0.0,207476.80000000005,592848.96,2390.52
MED024596,Tramadol Hydrochloride,0.0,206431.93999999997,556590.87,19898.55
MED096650,"Berberis Vulg, Dulcamara, Equisetum Hyemle, Eupatorium Purp",0.0,205293.70000000007,576146.2,10528.56
MED045703,Cimetidine,0.0,202959.9,570527.1,0.0
MED117869,Menthol,0.0,201348.44999999995,572117.31,0.0
MED000911,Gabapentin,254.68,200625.72,592145.76,0.0
MED106182,Benzalkonium Chloride,0.0,199655.8200000001,528960.78,0.0
MED075347,Drospirenone And Ethinyl Estradiol,0.0,197330.8899999999,529840.5800000001,0.0
MED134071,Levofloxacin,0.0,196395.19999999995,561778.35,0.0
MED047420,Alprazolam,0.0,196195.31999999995,541249.68,104533.2
MED005058,Pregabalin,0.0,195995.61,535676.22,0.0
MED078427,Quetiapine,0.0,195471.7199999999,546786.56,86969.52
MED078790,Lurasidone Hydrochloride,0.0,194290.14,520148.64,0.0
MED100463,"Chlorpheniramine Maleate, Dextromethorphan Hbr",0.0,192413.79999999996,498434.18000000005,0.0
MED135113,Diltiazem Hydrochloride,0.0,192329.43999999997,494305.28,49315.84
MED036956,Mammary Drops,0.0,191791.15000000008,495814.65,117570.42
MED033251,Aluminium Sulphuricum,0.0,191715.81000000008,508715.61,0.0
MED039767,"Butalbital, Acetaminophen And Caffeine",0.0,189111.20000000007,521520.5,95701.7
MED135665,Guaifenesin,0.0,189067.4,483144.00000000006,7659.6
MED021439,"Dextromethorphan Hydrobromide, Guaifenesin, Phenylephrine Hydrochloride",0.0,188363.4,562235.64,40715.68
MED028947,Menthol 5% Numbing,0.0,187201.6,525734.0,0.0
MED014965,"Homosalate, Octisalate, Octocrylene, Avobenzone",0.0,186795.41,818575.35,202980.57
MED089903,Acetaminophen,0.0,186533.2799999999,514880.16,19134.06
MED053176,Lidocaine Hydrochloride,0.0,186063.33000000007,524581.47,0.0
MED069626,"Homosalate, Octisalate, Zinc Oxide",0.0,185743.33999999994,526162.15,57313.76
MED038621,Deutetrabenazine,0.0,184369.99999999997,487229.05,0.0
MED025883,Nicotine Polacrilex,0.0,183842.15000000008,518262.9,19334.16
MED060200,Formalinum,0.0,183269.44000000006,670960.98,26629.56
MED000613,Adenosine,0.0,182969.28000000003,520739.28,101790.6
MED077380,Pravastatin Sodium,0.0,181183.91999999995,513736.56000000006,0.0
MED067679,Morphine Sulfate,0.0,180700.55999999997,500228.4,0.0
MED036144,Difelikefalin,0.0,180105.03999999998,469030.19000000006,22100.32
MED120830,Montelukast Sodium,0.0,178982.72999999998,621122.37,124755.84
MED128380,Abacavir,0.0,178238.76,559826.54,41181.27
MED051672,Progesterone,0.0,178166.71999999997,538360.64,110224.7
MED034239,Calcium Carbonate,0.0,177662.2,526022.36,0.0
MED040325,Losartan Potassium,0.0,177081.12,477007.0,0.0
MED110273,Zinc Oxide,1152.29,176813.57999999996,564252.39,25570.35
MED011952,Loratadine,0.0,176315.46000000005,451148.10000000003,0.0
MED108698,Allopurinol,0.0,175795.68000000005,509665.56,68071.77
MED122790,Loratadine,0.0,175650.7199999999,508761.96,107233.2
MED135391,Fluconazole,0.0,175637.15000000008,477682.53,78973.92
MED104166,Aluminum Chlorohydrate,0.0,174377.75999999995,511762.7,0.0
MED093808,Buspirone Hydrochloride,0.0,173995.9200000001,490040.16,0.0
MED109100,Lurasidone Hydrochloride,0.0,173836.45000000007,464565.5,0.0
MED089760,Zinc Oxide,0.0,171956.26,448915.88,0.0
MED132323,Pantoprazole Sodium,0.0,171698.56,488573.44,38433.04
MED101224,Levetiracetam,0.0,170509.63999999996,478760.94,25788.06
MED036891,Benzocaine,0.0,169892.44000000006,471282.26,41378.26
MED094429,Naproxen Sodium,0.0,169883.36999999994,480970.96,259947.52
MED086568,Clomipramine Hydrochloride,0.0,169769.16000000003,444374.04,53080.62
MED124956,Levocetirizine Dihydrochloride,0.0,168087.8799999999,483945.81000000006,0.0
MED096309,Alcohol,0.0,167570.09999999998,426271.0500000001,0.0
MED012694,Omega-3-Acid Ethyl Esters,0.0,167555.85000000003,510656.19,0.0
MED073742,Calcarea Phosphorica,0.0,167168.86000000004,456701.56,58702.0
MED035971,"Avobenzone, Homosalate, Octisalate, And Octocrylene",0.0,166803.08999999997,421388.99,0.0
MED127776,Dasatinib,0.0,166540.32999999996,508604.91,58492.35
MED072847,Pramipexole Dihydrochloride,0.0,165845.6100000001,549798.48,47905.44
MED093995,Trihexyphenidyl Hydrochloride,0.0,165771.55999999994,437804.92,88338.81
MED036165,"Amanita Muscaria Fruiting Body, Garlic, Aristolochia Clematitis Whole, Simaba Cedron Seed, Goldenseal, Okoubaka Aubrevillei Bark, And Vincetoxicum Hirundinaria Leaf",3837.46,165456.50000000006,419058.2,0.0
MED007479,"Avobenzone, Octisalate And Octocrylene",0.0,165408.31999999995,442645.63,0.0
MED132014,"Comfrey Root, Tribasic Calcium Phosphate",0.0,165360.53000000003,535509.35,0.0
MED040909,Denosumab-Bmwo,0.0,165267.83000000007,531476.7999999999,0.0
MED075335,Clostridium Tetani Toxoid Antigen (Formaldehyde Inactivated) And Corynebacterium Diphtheriae Toxoid Antigen (Formaldehyde Inactivated),0.0,165260.97000000003,461643.56,0.0
MED011633,Venlafaxine Hydrochloride,0.0,165245.39000000013,549387.3899999999,65759.1
MED025424,Docusate Sodium 50Mg And Sennosides 8.6Mg,0.0,165216.83999999997,447255.9,89216.4
MED041007,Dextromethorphan Hydrobromide,0.0,164853.41999999993,420285.9,0.0
MED064571,Dimethyl Fumarate,0.0,164609.27999999997,480496.32,0.0
MED089559,Burts Bees Spf 30 Untinted Lip Balm Coco Loco,0.0,163541.51999999996,428648.36,100634.45
MED037395,Oxymetazoline Hydrochloride,299.2,162307.36,427712.62,0.0
MED051593,Azacitidine,61.74,161424.12,530566.53,0.0
MED049069,Camphor And Menthol,0.0,161375.48999999993,489021.2100000001,0.0
MED093255,Arnica Montana,0.0,160549.64000000013,543708.39,65917.6
MED015096,"Carduus Marianus, Berberis Vulgaris, Chelidonium Majus, Echinacea Purpurea, Zingiber Officinale, Bryonia (Alba), Glandula Suprarenalis (Bovine), Spleen (Suis), Atropinum Sulphuricum, Magnesia Phosphorica, Lycopodium Clavatum",0.0,159454.63999999996,446536.68,101776.26
MED047241,"Croton Tiglium, Natrum Muriaticum, Plantago Major, Rhus Toxicodendron, Sarsaparilla (Smilax Regelii)",0.0,159403.71999999997,418338.62,14717.67
MED065538,Glimepiride,0.0,158271.49999999994,418060.12000000005,58097.18
MED063862,Lamotrigine,272.65,156146.39999999997,404128.8,20206.44
MED083346,Zinc Oxide,0.0,155949.75,414834.75,22627.35
MED041069,"Benzalkonium Chloride, Lidocaine Hci",0.0,155754.85000000003,427728.7,0.0
MED019889,"Acetaminophen, Dextromethorphan Hbr, Guaifenesin, Phenylephrine Hcl",659.03,155642.08000000002,425716.08,98070.72
MED118402,"Arsenic Trioxide,Cinchona Officinalis Bark, Podophyllum",0.0,155569.99999999994,405299.8,0.0
MED129408,Diethylpropion Hydrochloride,1810.68,154971.66000000003,413909.88,0.0
MED080364,"Avobenzone, Homosalate, Octisalate, Octocrylene",0.0,154798.77000000002,581381.64,0.0
MED021667,Carvedilol,0.0,154662.43000000005,437676.22,0.0
MED105937,Oxycodone Hydrochloride,1589.91,154226.8,407015.7,0.0
MED119546,Psyllium Husk,1800.66,153741.07999999996,436811.87,352232.1
MED078872,Sodium Chloride,321.32,153319.5,425438.76,7167.44
MED039446,Octinoxate,0.0,153239.41999999998,446880.94,0.0
MED032601,Diphenhydramine Hcl,0.0,153163.56000000006,397530.98,42550.97
MED023560,Staph/Strep/Respiratory Nosode Combination,0.0,152957.9699999999,488232.36,0.0
MED024120,Phendimetrazine Tartrate,0.0,152815.00999999995,484960.17,0.0
MED052115,Quetiapine Fumarate,0.0,152740.89,433375.14,64979.42
MED103630,Lachesis Muta Venom,0.0,152719.6,605289.1799999999,0.0
MED127931,"Dextromethorphan Hbr, Guaifenesin",0.0,152223.5,387244.0,0.0
MED114004,Lorazepam,0.0,151753.25,404962.6,58850.68
MED090723,Furosemide,0.0,150837.1200000001,471994.56,93415.59
MED094390,Benzalkonium Chloride,0.0,150303.6799999999,537570.24,0.0
MED009934,Esterified Estrogens And Methyltestosterone,0.0,150224.84999999998,490061.5,0.0
MED093709,Zinc Gluconate,0.0,149598.75000000006,391005.93,38601.05
MED093557,"Acetaminophen, Dextromethorphan Hydrobromide, And Doxylamine Succinate",0.0,149259.24,410445.36,0.0
MED102520,Hydrocortisone,0.0,149023.54,447711.06,97691.4
MED108606,Acetaminophen,0.0,148972.96000000008,422669.74,0.0
MED019685,Magnesia Iodata,0.0,148932.94999999995,380769.5,0.0
MED052849,Rabeprazole Sodium,0.0,148894.52000000002,395569.21,1763.31
MED124856,Cladribine,1522.8,148748.64000000007,378664.8,0.0
MED073445,Megnesium Oxide,669.53,148080.45,406807.8,86896.36
MED006106,Sodium Fluoride,0.0,147997.63999999996,449649.06,0.0
MED019917,Salicylic Acid 2%,0.0,147745.7999999998,566742.8400000001,117174.68
MED133325,Pantoprazole,0.0,147440.25000000006,439634.87,55429.86
MED030683,Salicylic Acid,0.0,147427.98000000004,404801.46,15629.4
MED010521,Cilostazol,0.0,146900.52000000002,389083.5,55425.0
MED065636,Erlotinib,1010.3,146895.84000000003,380278.08,0.0
MED038629,"Octinoxate, Titanium Dioxide, Zinc Oxide",0.0,146782.40000000002,458427.62,55190.31
MED073331,Meclizine,0.0,146403.84000000003,384764.16,17489.28
MED026172,Enalapril Maleate,7704.98,146348.63000000003,460588.99,177530.66
MED087409,Sodium Fluoride,0.0,146335.83000000002,378341.28,29730.24
MED033399,"Acetaminophen, Diphenhydramine Hcl",0.0,146313.02000000008,438645.64,0.0
MED054487,Triamcinolone Acetonide,0.0,145991.58000000007,450706.62,10264.54
MED015134,Fluoxetine Hydrochloride,0.0,145810.55999999988,387864.48,0.0
MED036386,Bumetanide,0.0,145789.96000000002,395780.4,0.0
MED101584,Naproxen Sodium,0.0,145756.8,374605.56,97119.96
MED043739,Somatropin,0.0,145225.7699999999,442578.92,67669.28
MED000447,Hexylresorcinol And Menthol,0.0,144976.22999999998,399312.02,24877.94
MED032806,Chlorhexidine Gluconate 4%,1959.81,144367.86,549257.66,0.0
MED039401,Alcohol,0.0,144264.14999999997,391500.6,0.0
MED047886,Amoxicillin,0.0,144217.32000000018,539267.7799999999,112582.0
MED022444,Aluminum Chlorohydrate,0.0,144133.8500000001,401496.1,0.0
MED092620,Articaine Hydrochloride And Epinephrine Bitartrate,0.0,144064.8,419481.12000000005,0.0
MED103004,Dantrolene Sodium,0.0,143388.53999999998,468041.65,57742.35
MED077859,Learning Disability Drops,0.0,142853.19999999995,391939.0,77377.86
MED104755,Naproxen,0.0,142836.10000000003,407059.3,10062.14
MED030557,"Dimethicone, Octinoxate, And Octisalate",0.0,142638.6600000001,518995.14,0.0
MED021018,Ceftriaxone Sodium,0.0,142387.5,433110.0,112608.6
MED088950,Loratadine,0.0,142364.70999999985,548429.9400000001,0.0
MED038657,Pyridostigmine Bromide,0.0,142354.28000000003,404200.88,0.0
MED069023,"Homosalate, Titanium Dioxide, Zinc Oxide",0.0,142345.08000000002,363234.24,32050.08
MED092332,Naproxen,0.0,141986.10000000003,398488.82,33123.92
MED015516,Glycerin,0.0,141950.87999999995,422761.68,112504.48
MED028151,Enoxaparin Sodium,0.0,141901.55000000005,431793.88,0.0
MED101279,Manganum Oxydatum Nigrum,5769.88,141801.70000000013,462615.41,0.0
MED094759,Chlorpheniramine Maleate,0.0,141780.43000000005,369225.14,76597.76
MED080286,Cosibelimab,0.0,141777.24999999994,416162.67,0.0
MED129246,Norelgestromin And Ethinyl Estradiol,0.0,141717.0,436809.78,0.0
MED008252,Levothyroxine Sodium,0.0,140983.50000000006,368047.96,0.0
MED086386,Sodium Chloride,0.0,140871.3200000001,430899.48,41413.68
MED081691,Ranolazine,0.0,140704.03999999998,419384.92,0.0
MED002369,Diclofenac Sodium,0.0,140581.6200000001,509033.58,39068.04
MED114311,Loratadine,0.0,140377.4699999999,405363.37000000005,0.0
MED005755,Hydromorphone Hydrochloride,0.0,140224.24,515857.42,0.0
MED071379,Loratadine,2879.55,139596.47999999998,395903.88,0.0
MED130310,Meloxicam,0.0,139585.60000000003,486652.32,90493.2
MED039374,Furosemide,0.0,139576.94,370663.56,29604.42
MED136240,Dapagliflozin,0.0,139531.24,503513.46,56741.67
MED063596,Acetaminophen And Diphenhydramine Hydrochloride,0.0,139447.96,482022.28,222627.12
MED036935,Bryonia,0.0,139060.71999999997,349720.16000000003,7858.88
MED076489,Medroxyprogesterone Acetate,0.0,138702.2,412757.8,73933.54
MED055542,"Acetaminophen, Guaifenesin, Phenylephrine",0.0,138616.5,388554.0,2005.44
MED113888,"Acetaminophen, Dextromethorphan Hbr, Guaifenesin, Phenylephrine Hcl, Acetaminophen, Dextromethorphan Hbr, Phenylephrine Hcl, Triprolidine Hcl",0.0,138468.96000000008,442380.96,0.0
MED054498,Zinc Pyrithione,0.0,138439.71000000002,446073.98,279248.66000000003
MED121899,"Calendula Officials, Stellaria Media, St. Johns Wort, Rosemary Oil, Plantago Major, Commiphora Myrrha, Comfrey Leaf, Salvia Officinalis, Sunflower Oil",0.0,138427.7400000001,392012.84,25400.4
MED039936,Lisinopril,0.0,138299.88999999998,493045.87,700.96
MED090872,Glo Skin Beauty Clear Skin Spot Treatment,0.0,138225.90999999997,364037.94,16458.12
MED004962,Diphenhydramine Hcl,0.0,138012.5,349562.5,1118.6
MED042737,Buspirone Hydrochloride,0.0,137940.0,389978.16,43107.09
MED124295,Calcium Carbonate,0.0,137937.03000000003,477681.36,57389.28
MED105374,Droxidopa,0.0,137931.05000000005,537244.2,51053.04
MED012344,Nicotine Polacrilex,0.0,137750.91000000003,451255.86,0.0
MED079956,"Acetaminophen, Dextromethorphan Hbr, Guaifenesin, Phenylephrine Hcl",518.0,137586.75,529729.25,84321.68
MED062980,Oxygen,0.0,136936.43999999994,370188.18,64693.08
MED022090,"Camphor (Synthetic), Menthol, Methyl Salicylate",0.0,136916.99999999994,406426.82,20718.07
MED025114,Meloxicam,0.0,136485.91000000003,372680.33,23205.5
MED115832,Varenicline Tartrate,0.0,136387.94,363090.13,35977.64
MED005070,"Octinoxate, Zinc Oxide, Titanium Dioxide",0.0,136244.88999999996,521465.55,61672.8
MED008699,Phenylephrine Hydrochloride,0.0,136072.24,405788.5,34433.75
MED039006,Aluminum Zirconium Trichlorohydrex Gly,0.0,135958.80000000005,356197.17,0.0
MED021289,Pirfenidone,416.91,135538.62000000005,430198.65,0.0
MED013149,Perphenazine,2541.29,135420.6000000001,419356.98,1051.02
MED136274,Hydroxyzine Hydrochloride,0.0,135293.75999999995,386391.6,75131.7
MED131433,Ibuprofen,0.0,134901.90000000002,550349.52,3418.32
MED035030,Isopropyl Alcohol,0.0,134892.58999999997,364030.31,0.0
MED120283,Chlorthalidone,0.0,134832.59999999998,337339.8,5028.1
MED094352,Pramipexole Dihydrochloride,0.0,134757.47999999998,365765.4,0.0
MED079825,Aspirin 81 Mg,0.0,134630.30000000005,467374.6,0.0
MED109203,"Avobenzone, Homosalate, Octyl Salicylate",165.31,134494.9200000001,432816.02,88663.12
MED026445,Sodium Chloride,0.0,134380.80000000005,477744.0,0.0
MED032697,"Olmesartan Medoxomil, Amlodipine And Hydrochlorothiazide",0.0,133857.79000000004,359743.23,0.0
MED123517,Tramadol Hydrochloride,0.0,133795.2,361074.56,42789.68
MED002015,Titanium Dioxide,0.0,133604.64000000007,392090.4,54875.9
MED097294,Bolor Sanitizing Hand Wipes,0.0,133533.0,344170.28,76386.92
MED115612,Vancomycin Hydrochloride,0.0,133424.16000000003,450611.52,0.0
MED096658,"Calc Fluor, Kali Mur, Nat Mur, Silicea",0.0,133421.51999999996,418070.44,0.0
MED069181,Celecoxib,0.0,133299.40000000002,370021.9,77106.36
MED050683,Morphine Sulfate,0.0,133080.84000000003,335232.12,0.0
MED069736,L-Glutamine,0.0,132991.63999999996,429499.16000000003,130736.48
MED123086,Guanfacine,0.0,132934.34999999992,521462.8,0.0
MED000326,Sulfur,0.0,132892.44,372917.94,0.0
MED011302,Acetaminophen And Codeine Phosphate,0.0,132724.09000000003,375906.99,0.0
MED121654,Pregabalin,0.0,132350.40000000008,469702.8,97295.58
MED041431,Zongertinib,0.0,132255.06,448552.44,0.0
MED061037,"Artemisia Vulgaris, Cina, Sabadilla, Spigelia Anthelmia, Filix Mas, Baryta Carbonica, Calcarea Carbonica, Sulphur, Terebinthina",0.0,131962.43000000005,339109.5,91356.0
MED048349,Ezetimibe And Simvastatin,705.26,131667.74,356978.98,0.0
MED093466,Pravastatin Sodium,0.0,131302.08000000007,391383.72,0.0
MED024910,Ibuprofen,0.0,131041.44,376378.44,0.0
MED096102,Zinc Oxide,0.0,130989.24999999994,416116.82,89417.66
MED097267,"Olive Oil, Rice Bran Oil, Natural Beeswax, Bitter Leaf Extract",0.0,130910.06,469202.31,29011.32
MED032858,Theophylline,0.0,130884.79999999992,413982.25,52730.7
MED020844,Olmesartan Medoxomil,0.0,130874.31000000011,405280.53,0.0
MED045189,Diphenhydramine Hcl,536.91,130507.82999999996,360499.0,8020.0
MED026432,Thiothixene,0.0,130424.31000000006,367328.79,76937.32
MED011494,Penicillin V Potassium,0.0,130302.6000000001,412019.76,38681.18
MED068212,Alcohol,0.0,130243.75,512426.25,78474.42
MED018660,Tacrolimus,0.0,130088.46000000002,449759.31,28078.05
MED129047,Simethicone,0.0,130061.0,353613.2,31100.92
MED025855,Sodium Fluoride,0.0,129955.23000000004,388946.34,39979.8
MED032410,Metoclopramide Hydrochloride,831.04,129929.93999999994,498389.92,18776.8
MED063079,"Oxybenzone, Octinoxate, Octisalate, And Homosalate",0.0,129910.09000000004,334931.46,0.0
MED062634,Heparin Sodium,0.0,129768.65999999996,342900.09,0.0
MED059620,Polyethylene Glycol 400,0.0,129702.58000000002,358905.82,0.0
MED101939,Diethylpropion Hydrochloride,0.0,129560.14999999997,391053.31,30593.94
MED103547,Dna,0.0,129222.76,376571.61,0.0
MED038774,Naproxen,524.34,129195.47999999995,500841.87,326088.96
MED056122,"Titanium Dioxide, Zinc Oxide",0.0,128971.70000000011,416140.14,36426.06
MED133081,"Acetaminophen, Dextromethorphan Hydrobromide, Phenylephrine Hydrochloride",0.0,128967.75000000006,337444.65,71674.29
MED007325,Pulmo Mercurius,1047.22,128796.99000000003,342996.57,0.0
MED092031,Hydrocodone Bitartrate And Acetaminophen,0.0,128599.66999999998,440164.34,0.0
MED101821,Hydrogen Peroxide,296.84,128430.71999999996,361292.8000000001,0.0
MED065332,Amoxicillin,0.0,128345.01,345137.99,73459.81
MED066794,Nortriptyline Hydrochloride,0.0,128329.08000000002,453831.28,39205.32
MED073506,Desipramine Hydrochloride,0.0,128300.56,326828.04,0.0
MED121241,"Docusate Sodium, Sennosides",1043.15,128084.31999999996,536345.68,14657.22
MED095865,Titanium Dioxide,0.0,128063.72000000007,456868.2,100065.0
MED026691,Duloxetine,0.0,127962.95999999996,415425.12,0.0
MED032786,"Dextroamphetamine Saccharate, Amphetamine Aspartate Monohydrate, Dextroamphetamine Sulfate, And Amphetamine Sulfate",0.0,127929.53999999998,392515.72,0.0
MED038959,Docusate Sodium And Sennosides,4380.68,127534.46,366597.68,42294.34
MED018936,Famciclovir,0.0,127375.05,426493.11,0.0
MED109207,Caffeine,0.0,127183.41999999998,522181.92,32973.6
MED097467,Liothyronine Sodium,0.0,126854.24,340059.49,0.0
MED075249,Tolvaptan,0.0,126763.00000000012,433033.95,0.0
MED082065,Phenylphrine Hcl,91.54,126751.31999999996,424766.22,0.0
MED127758,Agnus Castus,197.92,126701.11999999994,397754.68,43857.23
MED054246,Fluphenazine Hydrochloride,0.0,126477.12,402238.4,0.0
MED071372,Haloperidol,0.0,126408.75,339699.75,41460.79
MED001074,Letrozole,0.0,126347.13,365192.1,0.0
MED100210,"Zinc Oxide, Titanium Dioxide, Octinoxate",0.0,126344.39999999997,415888.2,77236.38
MED062322,Titanium Dioxide,0.0,126301.90999999996,357760.07,49969.46
MED010636,Docosanol,0.0,126099.19,377899.65,29174.4
MED083788,Rosmarinus Officinalis Rosemary Leaf Oil,0.0,126062.52000000008,436566.2,0.0
MED078401,Salicylic Acid,0.0,126024.62,472968.26,0.0
MED022538,Sepia Officinalis Juice,0.0,126008.15999999992,406322.28,61719.84
MED037869,Rivastigmine Tartrate,0.0,126005.0,472548.76,12818.26
MED069637,Permethrin,0.0,125998.7,451061.18,30949.56
MED032545,Captopril,0.0,125994.07999999996,455489.12,0.0
MED014521,Ivermectin,0.0,125394.71999999996,314527.2,0.0
MED022033,Colloidal Oatmeal,0.0,125365.64999999997,320715.18,6423.48
MED008297,Protamine Sulfate,0.0,125335.08000000002,346549.32,9873.2
MED079766,Metoclopramide Hydrochloride,0.0,125155.68000000004,366394.08,24661.14
MED081820,Denosumab-Bmwo,0.0,124819.8,345474.9,0.0
MED020018,Etomidate,0.0,124711.06000000006,359668.92,8620.56
MED022059,Alcohol,0.0,124632.09000000008,347670.58,0.0
MED062007,Fluticasone Propionate,0.0,124537.91999999998,328291.08,0.0
MED135541,Lorazepam,0.0,124268.94000000006,337521.46,0.0
MED122353,Acetaminophen 80 Mg,0.0,124184.76,337849.47000000003,13493.22
MED000545,Roflumilast,0.0,124173.41000000005,408755.34,30820.86
MED022880,Nuance Salma Hayek Renewed Radiance Moisturizing Day Cream Broad Spectrum Spf 30 Sunscreen,0.0,124136.60000000003,409435.68,68096.52
MED102034,Arnica Montana,0.0,123908.5,476795.5,84317.52
MED005870,Sodium Fluoride,0.0,123783.2,360967.32,68372.64
MED130146,Amoxicillin,0.0,123740.90000000008,453200.56,0.0
MED023625,Naproxen Sodium,0.0,123710.58000000002,360584.0,53156.0
MED000936,Cuprum Metallicum,0.0,123572.4599999999,416157.72,0.0
MED110602,Bismuth Subsalicylate,2912.27,123550.56000000006,394498.24,0.0
MED120254,Temazepam,0.0,123533.76000000008,359929.92,0.0
MED060756,Eyelid Cleansing Wipes,0.0,123493.44,450791.72,111256.78
MED136832,"Niacinamide, Adenosine",0.0,123356.86,381938.92,0.0
MED035182,White Petroleum,0.0,123318.3,308472.15,22663.26
MED070856,Lidocaine Hydrochloride,0.0,123023.96000000002,367946.08,59058.32
MED100797,Ranitidine,0.0,122965.79999999992,427505.4,0.0
MED125059,Clotrimazole Usp1%,0.0,122889.07999999997,323203.76999999996,104842.26000000001
MED069434,Ustekinumab-Ttwe,891.23,122730.3,359835.0,0.0
MED000320,Methadone Hydrochloride,0.0,122498.45999999996,576315.6,4772.8
MED132913,Levothyroxine Sodium,0.0,122401.01999999996,348779.76,6429.12
MED052101,Acetaminophen,0.0,122378.7,392125.2,25298.4
MED024855,Losartan Potassium,0.0,122080.0,403357.5,23049.0
MED008641,Alcohol,0.0,121889.56999999998,442790.32,70812.0
MED067858,Miconazole Nitrate,0.0,121858.5199999999,435096.41,53213.23
MED008350,Itraconazole,0.0,121821.99,318254.35,0.0
MED063421,Cephalexin,0.0,121766.09999999998,364949.3,38690.9
MED005674,Lidocaine,570.36,121704.65999999996,324421.02,45877.72
MED095589,Aspirin,570.38,121591.68,332950.31,48873.44
MED133205,Advanced Coconut Water And Lime Dry Spray 72H Antiperspirant Deodorant,0.0,121404.00000000006,401874.42,47461.99
MED118074,Buprenorphine,0.0,121395.54000000004,546341.16,0.0
MED053138,Isotretinoin,0.0,121362.5,342133.0,0.0
MED129541,Naproxen Sodium,0.0,121314.96000000002,367573.96,0.0
MED124349,Athletes Foot Powder Spray Talc Free,0.0,121311.08000000007,350414.56999999995,0.0
MED012254,"Acetaminophen, Phenylephrine Hydrochloride, Dextromethorphan Hydrobromide",0.0,121243.86999999994,413361.19,110491.39
MED131952,Famotidine,0.0,121153.5,511630.74,0.0
MED036637,Silicea,959.24,121148.2,341721.0,0.0
MED087067,Sildenafil,0.0,121118.54000000004,315403.04,0.0
MED123159,Sodium Monofluorophosphate,0.0,120981.12,320499.36,0.0
MED066870,Azithromycin,0.0,120968.26,346870.3,0.0
MED113878,Sodium Fluoride,0.0,120926.08000000002,344643.2,0.0
MED058179,Arnica Montana Flower Extract,0.0,120910.08000000002,426612.96,11530.08
MED005943,"Acetaminophen, Dextromethorphan Hydrobromide, And Phenylephrine Hydrochloride",0.0,120572.43,483380.7,0.0
MED109879,Ipecacuanha,0.0,120521.0,345144.38,0.0
MED061451,Hydrochlorothiazide,0.0,120507.99999999994,352556.4,0.0
MED018550,Tadalafil,0.0,120487.5,310545.9,43377.84
MED048283,Guaifenesin And Dextromethorphan Hbr,0.0,120441.65999999996,350734.89,0.0
MED072785,Nicotine Polacrilex,0.0,120348.34999999998,437755.25,0.0
MED120229,"Acetaminophen, Dextromethorphan Hbr, Doxylamine Succinate",0.0,120235.26,336921.84,46129.68
MED087521,Lycopus Virginicus,0.0,120061.47999999998,432351.48,19652.34
MED059074,Allopurinol,0.0,120003.90000000002,311436.81,14650.29
MED054522,Canker Cover,0.0,119974.14,378607.13,0.0
MED089672,Terconazole,0.0,119930.74,302467.25,0.0
MED034906,Solanum Dulcamara Top,0.0,119897.68000000012,405396.78,74140.56
MED117217,Lidocaine Hci,0.0,119833.60000000003,365413.12,0.0
MED132595,Flu Immune Drops,0.0,119755.02000000002,307842.81,0.0
MED038474,Telmisartan And Amlodipine,0.0,119732.61999999994,408345.71,87063.28
MED055933,Toiletseatspray,0.0,119710.40000000002,416944.0,0.0
MED013256,Amlodipine Besylate,961.82,119430.33000000002,311154.6,0.0
MED006514,Diphenhydramine Hcl,0.0,119200.57999999997,491038.18,0.0
MED001473,Natrum Phosphoricum,0.0,118913.38000000005,319062.45999999996,6201.6
MED076391,Mercurius Solubilis,0.0,118821.19999999995,305396.9,0.0
MED079968,Benzocaine And Menthol,0.0,118435.03999999998,349392.96,0.0
MED052080,Escitalopram Oxalate,0.0,118426.68000000004,360097.11,0.0
MED135442,Dasatinib,0.0,118334.18,317669.68,76825.16
MED110826,Koneuk Sunscreen Spf50,0.0,118223.0,378063.0,3780.63
MED004711,Miconazole Nitrate,0.0,117976.31999999996,339805.12,0.0
MED009486,Paroxetine Hydrochloride,0.0,117830.99999999988,439173.9,0.0
MED045314,Hemorrhoidal Pain Relief Ointment,0.0,117778.95999999996,427946.5,0.0
MED065410,Emtricitabine And Tenofovir Disoproxil Fumarate,915.86,117725.52000000008,498097.16,0.0
MED124463,Sodium Fluoride 0.24%,0.0,117698.13,359249.88,0.0
MED040721,Febuxostat,0.0,117489.99000000003,306463.38,0.0
MED054251,Ustekinumab-Stba,0.0,117413.43,343878.64,0.0
MED014282,Trospium Chloride,0.0,117351.17000000004,345156.78,215073.1
MED114830,Povidone Iodine,0.0,116942.83999999992,452328.08,0.0
MED108179,Sodium Chloride,0.0,116704.94999999995,496175.25,560.65
MED027601,Brexpiprazole,0.0,116646.18000000004,461599.47,0.0
MED101785,Cefuroxime,0.0,116644.31999999996,365802.58,7139.66
MED011431,Valacyclovir Hydrochloride,0.0,116468.61999999994,361339.33,64388.72
MED037834,"Leucine, Phenylalanine, Lysine, Methionine, Isoleucine, Valine, Histidine, Threonine, Tryptophan, Alanine, Glycine, Arginine, Proline, Serine, Tyrosine, Dextrose",0.0,116448.74999999994,395154.13,79366.77
MED131682,Octinoxate And Titanium Dioxide,0.0,116373.06000000006,352873.42,0.0
MED024547,Isopropyl Alcohol,3302.79,115919.1000000001,416394.0,21030.0
MED091115,Zinc Oxide,0.0,115917.47999999992,383600.88000000006,0.0
MED015282,"Olive Extract, Sulfur",0.0,115734.82000000008,368367.08,53133.68
MED134145,Topiramate,2709.84,115563.29000000002,314306.47,306717.44999999995
MED122103,Estradiol,1008.36,115544.0,375618.1,18386.9
MED101232,Lacosamide,0.0,115483.05999999994,321453.88,68815.64
MED048044,Naproxen,0.0,115477.18000000004,373352.14,0.0
MED040540,Furosemide,0.0,115159.75,321612.03,46666.8
MED051927,Trandolapril And Verapamil Hydrochloride,0.0,115113.3,320700.5,0.0
MED022842,Cyclobenzaprine Hydrochloride,0.0,115106.10000000003,367777.8,0.0
MED091847,Metoprolol Succinate Er Tablets,978.87,114748.19999999995,291359.88,96128.94
MED046285,Acidum Formicum,0.0,114667.19999999995,367207.2,0.0
MED097027,Silicone Stick With Spf,0.0,114527.07999999996,336837.76,16228.8
MED101559,Cetirizine Hydrochloride,0.0,114525.32,326493.96,39564.6
MED054803,Pantoprazole Sodium,0.0,114481.38,350056.76,78956.02
MED021875,"Avobenzone, Homosalate, Octinoxate, Octisalate, Octocrylene",0.0,114366.45999999985,448901.44000000006,0.0
MED067839,Sodium Chloride And Eucalyptus Globulus Leaf,0.0,114240.71999999996,455660.72,42467.12
MED009114,"Hypericum Perforatum, Lachesis Muta Venom, Lytta Vesicatoria, Echinacea Angustifolia, Sodium Chloride, And Plantago Major",0.0,114119.31999999996,361216.6,0.0
MED105684,Methocarbamol,3880.82,114050.09999999998,307967.7,64271.52
MED006582,"Tetrahydrozoline Hci, Zinc Sulfate",0.0,113691.65999999992,456879.18000000005,108442.14
MED045253,Naproxen Sodium,0.0,113620.76000000008,287609.08,0.0
MED012111,Fludrocortisone Acetate,0.0,113409.50999999997,303300.56,73745.84
MED079189,Triamcinolone Acetonide,0.0,113254.44000000006,459133.48,0.0
MED077344,Levothyroxine Sodium,0.0,113161.91000000005,295801.31,50071.63
MED095829,Norethindrone,33.61,113136.22000000004,485500.8,0.0
MED095909,Pregabalin,0.0,112965.77999999996,394734.41,0.0
MED091131,"Aluminium Metallicum, Argentum Metallicum, Arsenicum Album, Aurum Metallicum, Calendula Officinalis, Condurango, Jacaranda Caroba, Robinia Pseudoacacia, Sabina",0.0,112952.62,407430.65,23911.35
MED064410,"Acetaminophen, Diphenhydramine Hcl",0.0,112918.07999999996,422742.76,96597.24
MED080080,Ibuprofen And Pseudoephedrine Hcl,0.0,112895.15000000002,376775.2,0.0
MED134648,"Diphenhydramine Hydrochloride 2%, Zinc Acetate 0.1%",0.0,112839.63000000006,302840.22,0.0
MED006562,Omeprazole,0.0,112837.15999999992,346048.60000000003,0.0
MED013324,Naproxen Sodium,0.0,112797.36,362382.84,93234.42
MED117005,Enfortumab Vedotin,0.0,112647.76,348636.32,100889.62
MED080513,Spironolactone,0.0,112579.75,296618.7,76644.54
MED130592,Axatilimab-Csfr,0.0,112415.0400000001,292546.08,0.0
MED087595,Zinc Oxide,0.0,112275.59000000008,329615.65,0.0
MED008541,"Avobenzone, Octocrylene, Octinoxate, Octisalate, Oxybenzone",0.0,112219.24999999994,402651.21,83585.13
MED091761,Metoclopramide,0.0,112055.76,335977.76,31395.98
MED082938,"Berb. Vulgd3, Carduus Md2, Chelidoniumd2, Cholestrinumd3, Hydrastisd3, Ptelead3",0.0,111708.31999999996,445715.04,0.0
MED022064,Alcohol,0.0,111663.99999999994,347746.0,0.0
MED054878,Ezetimibe And Simvastatin,0.0,111621.59999999992,353033.28,0.0
MED136689,Diclofenac Potassium,0.0,111588.40000000002,429413.6,53537.28
MED034001,"Diphenhydramine Hydrochloride, Zinc Acetate",591.75,111406.09999999998,370428.3,62607.6
MED109665,Phenobarbital,6830.84,111309.63,292692.26,27718.32
MED046435,Crocus Sativus,0.0,111110.08000000002,386283.62,62435.57
MED116907,Pramipexole Dihydrochloride,3849.5,111032.99999999994,413069.04,43853.22
MED094087,Duloxetine,0.0,110946.45,357714.0,41554.8
MED106881,Esomeprazole,0.0,110709.83999999992,458091.36,30260.1
MED006756,Acitretin,0.0,110706.88999999996,290682.66000000003,0.0
MED052090,Budesonide,0.0,110463.8000000001,499237.56,0.0
MED023205,"Octisalate, Titanium Dioxide",4754.26,110446.32,277055.22000000003,16695.51
MED037382,Potassium Chloride,0.0,110400.95,290387.35,61607.04
MED070236,Salicylic Acid,0.0,110361.51,279804.93,0.0
MED040056,Oxycodone And Acetaminophen,0.0,110345.0,287627.8,0.0
MED078754,Cefdinir,0.0,110169.0500000001,381816.59,85811.22
MED120584,Testosterone,0.0,110142.63,287811.42,42353.52
MED119149,Lenalidomide,0.0,110099.79000000004,402939.09,1738.68
MED051085,Divalproex Sodium,0.0,110091.24000000003,304315.11,51789.21
MED050674,Phentermine Hydrochloride,0.0,109946.98000000004,352462.0,0.0
MED055934,Hand Sanitizer Refill,0.0,109925.19999999995,418212.1,22674.15
MED017097,Pyrazinamide Tablet,0.0,109869.15999999996,331863.68,0.0
MED105801,Buspirone Hydrochloride,0.0,109815.75000000006,485854.05,0.0
MED011291,Docetaxel Anhydrous,0.0,109700.15000000002,321003.62,0.0
MED014992,Calc Sulph,0.0,109616.21999999996,287572.32,38410.96
MED117746,Darbepoetin Alfa,0.0,109439.04999999992,367971.1,79680.96
MED081005,Desloratadine,0.0,109417.7,472020.36,0.0
MED068585,Erythromycin,0.0,109393.46000000002,469009.53,0.0
MED038804,Acetaminophen,0.0,109381.82999999996,469300.02,0.0
MED062925,Freaks Of Nature Peak Performance Spf50,0.0,109232.52000000002,358471.1,0.0
MED107513,Nicotine Polacrilex,0.0,109203.08000000002,303563.12,0.0
MED048516,Nitroglycerin,0.0,109181.00000000006,505494.4,0.0
MED079645,Pioglitazone,0.0,108958.07999999996,435909.76,78806.0
MED046431,Calcium Carbonate,0.0,108945.23999999992,315246.66000000003,17331.54
MED070243,Zinc Oxide,0.0,108928.19999999995,321885.60000000003,57123.36
MED102787,Quetiapine Fumarate,0.0,108545.29999999992,469029.15,62373.51
MED025119,Azathioprine,0.0,108487.04000000004,279562.37,17229.49
MED078899,Benzalkonium Chloride,0.0,108400.65000000008,275200.59,0.0
MED050786,Dextromethorphan Hydrobromide And Guaifenesin,0.0,108150.86000000004,271363.4,0.0
MED136366,Simethicone,0.0,108117.78000000004,294983.32,0.0
MED005559,Pseudoephedrine Hydrochloride,0.0,107992.76000000013,486016.08,27566.88
MED006919,Hydrochlorothiazide,0.0,107935.19999999995,403076.43,35760.9
MED107201,"Homosalate, Octisalate, Octocrylene, Zinc Oxide",0.0,107888.59999999998,282093.48000000004,0.0
MED048341,Hydroxyzine Pamoate,0.0,107883.72000000004,281902.53,0.0
MED117565,Alcohol,7161.18,107805.30000000005,360519.15,0.0
MED040848,Trolamine Salicylate 10%,0.0,107769.95,279702.77,14907.02
MED073431,Apomorphine Hydrochloride,0.0,107730.0,273475.17000000004,95423.11
MED024045,Pyrithione Zinc,0.0,107661.87000000004,317118.72,62480.64
MED129821,Doxycycline Hyclate,0.0,107633.78999999998,298502.51,0.0
MED073584,Nicotine Transdermal System,0.0,107563.5,322841.55,36548.1
MED101900,Ceftriaxone,0.0,107547.83999999992,388423.04,0.0
MED117348,Nitrofurantoin Monohydrate/Macrocrystalline,0.0,107435.58000000002,284250.54,0.0
MED036520,Betaxolol Hydrochloride,0.0,107420.76000000008,353261.16,0.0
MED053217,Menthol 2%,0.0,107388.96000000002,321522.39,80997.96
MED136738,Cold Sore Treatment,0.0,107337.94000000006,333068.19999999995,0.0
MED035581,Calcium Carbonate,3707.66,107334.71999999996,282906.56,0.0
MED036265,Medicated Callus Removers,0.0,107294.25,272711.25,51425.55
MED122580,Dextroamphetamine Sulfate,0.0,107285.20999999996,295380.08,62185.28
MED109040,Diclofenac Sodium Gel,0.0,107239.68,272865.06,0.0
MED108997,Oxycodone Hydrochloride,0.0,107156.2,374202.36,50505.84
MED101252,Viburnum Opulus,0.0,107129.31,374278.65,0.0
MED033894,Aspen,2566.5,107072.56,287501.52,92408.88
MED072820,Salicylic Acid,0.0,107003.59999999998,340225.30000000005,0.0
MED059239,Tiagabine Hydrochloride,0.0,106784.48000000004,368041.3,0.0
MED062883,Fluconazole,0.0,106734.24,356896.8,0.0
MED117464,Lidocaine Hydrochloride,0.0,106595.27999999996,273965.04000000004,24954.18
MED109275,Arformoterol Tartrate,0.0,106544.94,319996.08,0.0
MED121881,Estradiol,2423.5,106501.97999999997,301940.37,16197.12
MED083017,"Heart (Bovine), Lung (Bovine)",5208.3,106419.57999999996,422431.74,0.0
MED068623,Ruta Graveolens,0.0,106382.60999999991,385893.36,0.0
MED119976,Selexipag,0.0,106319.36,510675.20000000007,0.0
MED032116,Acyclovir,1341.32,106242.16000000005,322746.16000000003,0.0
MED054442,Brivaracetam,324.45,106238.88,265666.17,23304.05
MED079111,Vancomycin Hydrochloride,0.0,106237.2,291175.68,0.0
MED022997,Demeclocycline,0.0,106232.8,352737.24000000005,0.0
MED116897,Sulphur 12X,0.0,106080.45999999996,301480.87,62116.84
MED065036,"Avobenzone 3%, Homosalate 9%, Octisalate 4.5%, Octocrylene 9%",0.0,105937.2,327661.74,34979.14
MED034797,"Acetaminophen, Chlorpheniramine Maleate, And Dextromethorphan Hydrobromide",0.0,105891.81999999999,296787.28,82778.08
MED025811,Xenon,0.0,105859.55999999994,318932.98000000004,0.0
MED035590,Glimepiride,0.0,105831.43999999994,435290.24,0.0
MED117977,Olea Europaea Flower,0.0,105822.99,296956.44,0.0
MED121651,Levofloxacin,164.97,105760.64999999997,294299.74000000005,37823.1
MED038950,Levetiracetam,0.0,105730.94,384361.57,6687.97
MED002908,Doxorubicin Hydrochloride,0.0,105567.69999999995,305996.10000000003,63411.24
MED119717,72H Shower Clean Antiperspirant Deodorant,0.0,105544.8,405885.6,0.0
MED005953,Nortriptyline Hydrochloride,1601.59,105505.08000000002,408520.53,80772.12
MED115099,Ledum Palustre,0.0,105486.75,281515.98,0.0
MED066277,Ethyl Alcohol,0.0,105483.83999999994,359618.84,155739.88
MED009203,Cetirizine Hydrochloride,0.0,105416.87999999996,375403.65,0.0
MED055382,Hydrocortisone,0.0,105238.2,311861.8,56570.28
MED053802,Baptisia Tinctoria Root,0.0,105217.51,274342.61,0.0
MED001842,Stannous Fluoride,0.0,105152.01000000001,337219.17,21611.92
MED115584,Potassium Chloride,0.0,105151.22999999998,304091.10000000003,0.0
MED136886,Abbasi Co Minoxidil Shampoo,436.88,105027.84000000004,263617.92,0.0
MED066857,Diltiazem Hydrochloride,769.09,104970.25,388347.08,26920.08
MED037810,Topiramate,0.0,104937.63000000006,506294.04,34201.48
MED106139,Venlafaxine Hydrochloride,0.0,104668.53000000004,369237.64,0.0
MED073433,Risperidone,0.0,104521.3,315276.26,47848.58
MED002039,Titanium Dioxide,0.0,104484.87,272487.96,39513.32
MED060003,Lithium Carbonicum,0.0,104478.75,274096.0,0.0
MED037786,Vancomycin Hydrochloride,0.0,104476.05,262387.35000000003,0.0
MED094600,Sildenafil,0.0,104466.71999999996,401617.6,3411.8
MED130147,Amlodipine Besylate,0.0,104454.20999999996,395105.97,0.0
MED118771,Glipizide And Metformin Hcl,0.0,104387.36,374871.42,0.0
MED062618,Sodium Sulfate,0.0,104381.2,323661.8,0.0
MED041452,Capsaicin 0.025%,0.0,104333.24999999994,366861.53,40077.31
MED117359,Air Compressed,0.0,104253.80999999994,282598.89,0.0
MED047370,Alogliptin Benzoate And Pioglitazone Hydrochloride,0.0,104194.10000000003,435853.18,7757.12
MED132288,Impure Calcium Carbonate,0.0,104088.15000000008,433902.51,13862.7
MED130680,Miconazole Nitrate,0.0,104070.15000000002,286607.19,30691.05
MED042523,"Titanium Dioxide, Zinc Oxide",0.0,104039.64000000009,273207.48,46690.28
MED111172,Salicylic Acid,0.0,103953.97999999998,366377.88,70971.78
MED090411,"Helianthemum Nummularium Flower, Clematis Vitalba Flower, Impatiens Glandulifera Flower, Prunus Cerasifera Flower, And Ornithogalum Umbellatum Whole",0.0,103928.8,279523.84,0.0
MED025398,Ethosuximide,0.0,103643.86000000004,259662.16,0.0
MED108260,Bupropion Hydrochloride,0.0,103554.20999999996,408247.31,0.0
MED035490,"Rumex Crispus Root, Antimony Potassium Tartrate, Bryonia Alba Root, Matricaria Chamomilla Whole, Pulsatilla Vulgaris, Calcium Sulfide, Ipecac, Goldenseal, Phosphorus, Ferrosoferric Phosphate",0.0,103453.83999999992,396517.52,0.0
MED092612,"Octinoxate, Octocrylene, Titanium Dioxide",0.0,103415.12999999996,396447.09,0.0
MED093754,Levorphanol Tartrate,845.46,103378.75,323725.9,0.0
MED009283,"Thyroid, Unspecified",0.0,103313.07999999996,270041.72000000003,6790.99
MED118353,Isopropyl Alcohol,4299.53,103189.25000000006,396154.5,68302.5
MED082081,Diphenhydramine Hydrochloride 50Mg,0.0,103174.5,335238.75,5688.9
MED100493,"Desonide Ointment, 0.05%",0.0,103126.87000000004,384670.58,0.0
MED028081,Carvedilol,0.0,103088.86,389529.42,40847.31
MED046849,Ropinirole Hydrochloride,0.0,103073.04000000004,352220.4,0.0
MED100805,Metformin Hydrochloride,0.0,102939.60000000003,316248.24,0.0
MED095430,Clobetasol Propionate,0.0,102923.86000000004,351269.58,0.0
MED100129,Chlorhexidine Gluconate 4%,0.0,102816.0,306652.5,0.0
MED001027,Isopropanol And Compound Double-Stranded Quaternary Ammonium Salts,0.0,102782.64,373414.38,0.0
MED117011,Zinc Oxide,0.0,102768.64,389288.72,24708.74
MED024347,"Homosalate, Octocrylene, Octisalate, Avobenzone",2421.17,102729.62000000004,463666.84,0.0
MED048405,Lidocaine And Menthol,0.0,102576.76000000008,475710.28,42436.71
MED135907,Remimazolam Besylate,2833.81,102485.69999999995,267809.7,0.0
MED134625,Phenobarbital,0.0,102098.40000000002,322373.76,41003.68
MED133903,Isopropyl Alcohol,0.0,102057.75,356843.34,53851.98
MED105608,"Chlorpheniramine Maleate, Acetaminophen, Dextromethorphan Hydrobromide",0.0,101878.0,289924.8,60273.84
MED015740,"Titanium Dioxide, Zinc Oxide",0.0,101774.24,289207.68,0.0
MED008689,Lidocaine Hydrochloride,0.0,101664.0,376305.06,8528.16
MED028343,Benazepril Hydrochloride,0.0,101662.56,335678.44,0.0
MED109131,Levothyroxine Sodium Anhydrous,0.0,101662.26000000008,471174.3599999999,0.0
MED134894,Oatmeal,0.0,101614.00000000006,398804.4,41153.22
MED107485,"Acetaminophen, Caffeine, Pyrilamine Maleate",5558.86,101587.21999999997,290096.38000000006,2532.6
MED009938,Methazolamide,0.0,101583.24,287967.6,55018.2
MED135716,Labetalol Hydrochloride,0.0,101530.70999999996,264245.67,50037.13
MED032575,Clonidine Hydrochloride,0.0,101502.21999999991,453336.87000000005,0.0
MED074252,Idarubicin Hydrochloride,0.0,101488.75,382993.38,0.0
MED078317,Metoprolol Succinate Er Tablets,0.0,101441.72999999992,332050.65,0.0
MED079439,Desogestrel And Ethinyl Estradiol,0.0,101403.71999999996,275092.84,86236.0
MED130370,Allopurinol,0.0,101403.09999999996,254802.82000000004,31235.76
MED062162,Infant 4.2% Sodium Bicarbonate,0.0,101379.59999999998,440388.9,101670.03
MED008685,Ampicillin Sodium And Sulbactam Sodium,0.0,100955.40000000008,383970.6,59564.67
MED076108,Norepinephrine Bitartrate,0.0,100848.0,318095.22,0.0
MED015885,"Menthol, Zinc Oxide, White Petrolatum",0.0,100769.62999999998,324513.01,80194.2
MED011813,Diazepam,0.0,100521.53999999998,281427.3,51559.2
MED106848,Levofloxacin,0.0,100502.95999999996,293154.32,27397.6
MED124847,Naproxen And Esomeprazole Magnesium,0.0,100440.00000000006,253224.0,83563.92
MED131539,Acetaminophen And Diphenhydramine Citrate,0.0,100431.97999999998,294910.34,0.0
MED130200,Verapamil Hydrochloride,0.0,100339.1999999999,374329.8000000001,0.0
MED123158,Sodium Monofluorophosphate,0.0,100314.88,268834.1,0.0
MED012650,Prazosin Hydrochloride,1215.31,100311.64,267924.8,11710.0
MED096196,Zinc Oxide,1650.96,100310.7,276782.94,92973.42
MED039191,"Acetaminophen, Dextromethorphan Hydrobromide, Guaifenesin ,Phenylephrine Hcl",1955.79,100258.02000000002,456832.84,26640.36
MED020576,Desipramine Hydrochloride,3158.46,100189.21999999996,424429.44,25091.52
MED089541,Doxycycline,0.0,100065.02000000002,301847.11,15027.95
MED100753,Cyclobenzaprine Hydrochloride,0.0,100059.32999999996,392405.82,0.0
MED133108,Tranylcypromine Sulfate,0.0,100020.25,357694.04,34204.72
MED090890,"Atropa Belladonna, Sanguinaria Canadensis Root, Spigelia Anthelmia",2477.85,99967.83999999995,380475.2,0.0
MED018692,Celecoxib,0.0,99946.57000000002,374947.08,178034.76
MED123420,Lisinopril,0.0,99936.61000000004,372512.83,91592.36
MED121417,Ethyl Alcohol,0.0,99929.16000000005,382760.28,43798.44
MED136622,Omeprazole,0.0,99903.7,448243.9,0.0
MED130838,Promethazine Hci,3918.64,99885.0,428689.4,90920.04
MED026375,Amitriptyline Hydrochloride,0.0,99773.31,402116.13,0.0
MED136378,Nicotine Polacrilex,0.0,99758.74999999994,383950.6,0.0
MED134960,Metformin Hydrochloride,0.0,99733.59999999998,306960.48000000004,34142.85
MED116899,Isosorbide Mononitrate,0.0,99606.74,276655.96,57386.84
MED128207,Megestrol Acetate,0.0,99591.96999999996,299992.85000000003,50407.2
MED059770,"Carbidopa, Levodopa And Entacapone",0.0,99566.15999999996,327098.4,0.0
MED105291,Trofinetide,0.0,99502.47999999998,415126.88,0.0
MED078675,Levetiracetam,0.0,99295.63,293607.72,53759.16
MED049609,410 N,0.0,99191.40000000002,260531.04,36150.24
MED076819,Nitrofurantion,856.38,99161.37,270063.31,0.0
MED123168,Bacitracin Zinc,0.0,99146.56000000006,350587.62,0.0
MED077264,Sunscreen,0.0,99093.28,256616.72,38853.94
MED078208,Baclofen,0.0,99047.48000000004,304346.84,34712.37
MED076012,Calcium Chloride,0.0,98954.95999999996,396571.24,74020.65
MED090792,Menthol,0.0,98844.68000000004,252502.12,0.0
MED027235,Hydrocodone Apap,0.0,98678.39999999997,294821.10000000003,0.0
MED023032,Carisoprodol,0.0,98654.40000000002,277689.6,89092.08
MED015763,Onabotulinumtoxina,0.0,98620.77999999996,450416.58,0.0
MED078778,"Amlodipine, Valsartan And Hydrochlorothiazide",0.0,98606.31999999996,289158.92000000004,0.0
MED116154,"Carbidopa, Levodopa And Entacapone",0.0,98541.44999999995,285892.83,0.0
MED116650,Promethazine Hydrochloride And Dextromethorphan Hydrobromide,0.0,98533.51000000004,256936.87,46387.8
MED036838,Alcohol,0.0,98512.82999999999,349270.5,0.0
MED063772,Meclizine Hydrochloride,0.0,98439.66000000005,465420.01,41291.37
MED076766,Rumex Crispus Root,0.0,98328.12,285734.68,0.0
MED124636,Spray Antiperspirant Odaban,0.0,98206.50000000004,257588.2,0.0
MED121289,Titanium Dioxide,0.0,98096.66999999998,296806.16000000003,20395.36
MED073536,Cisatracurium Besylate,0.0,97923.14999999997,283466.7,0.0
MED129384,Morphine Sulfate,0.0,97726.78999999998,440034.32,23689.6
MED001973,Liquid Wart Corn Removal Mask,3202.23,97712.15999999996,433174.56,61882.08
MED033472,Loratadine,0.0,97709.0,292940.42,0.0
MED021106,Calcium Fluoride,0.0,97610.58999999995,376769.4,58268.4
MED087231,Acyclovir,0.0,97509.54000000004,260983.86,0.0
MED115203,Thlaspi Bursa Pastoris,0.0,97410.85999999996,253363.68,65897.28
MED006164,Mercurius Dulcis,0.0,97405.2,288549.0,13358.75
MED069326,"Acetaminophen 325 Mg, Diphenhydramine Hcl 12.5 Mg, Phenylephrine Hcl 5 Mg",0.0,97371.19999999995,428784.4,1692.57
MED108276,Diclofenac Sodium,0.0,97350.0,381164.19,0.0
MED025584,Cevimeline Hydrochloride,0.0,97340.2,360810.3,56439.6
MED083489,Cosyntropin,0.0,97210.7,326543.45,42235.56
MED014783,Amoxicillin And Clavulanate Potassium,0.0,97199.83000000002,360248.98,23752.68
MED006563,Lidocaine Hydrochloride,0.0,97136.94,394882.30000000005,23283.68
MED078797,Carboxymethyl Cellulose 0.5%,0.0,97100.77000000002,380402.2,42642.2
MED096358,Oxycodone Hydrochloride,0.0,97075.86000000004,304672.62,0.0
MED110036,Meloxicam,0.0,97063.38,263662.38,0.0
MED066157,Teriflunomide,0.0,97038.71999999996,358979.84,0.0
MED128585,Chamomilla,0.0,96943.14000000009,270431.42,0.0
MED073072,Phentermine Hydrochloride,0.0,96921.59999999998,390635.52,42725.76
MED082059,Magnesium Hydroxide,0.0,96847.87,244551.44,0.0
MED065200,Acetaminophen,0.0,96840.17000000004,385722.71,0.0
MED078146,Borax,0.0,96798.74000000002,281525.16000000003,25712.4
MED091597,Zinc Oxide,0.0,96780.67,245102.73,27267.3
MED106914,Budesonide,0.0,96750.61,438020.88,41259.36
MED092134,Oxybutynin Chloride,0.0,96681.41999999998,279608.01,40891.29
MED009514,Lisdexamfetamine Dimesylate,0.0,96606.25,349556.25,100672.2
MED000805,Tofacitinib,0.0,96531.3,442088.34,0.0
MED131691,Octinoxate And Titanium Dioxide,0.0,96531.14999999997,304556.25,57070.0
MED020536,"Coxsackie Nosode A3, A4, A5, A7, B1, B3, B5",5961.0,96477.91999999993,288478.96,0.0
MED096060,Juniper Clean Hand Soap Jasmine,0.0,96443.75999999997,261299.2,0.0
MED091325,Alcohol,0.0,96329.33999999995,392610.06000000006,54379.78
MED052222,Nabumetone,0.0,96209.3,338758.95,39105.06
MED049371,Titanium Dioxide,0.0,96195.09999999998,279149.0,0.0
MED016794,"Isoleucine, Leucine, Lysine Acetate, Methionine, Phenylalanine, Threonine, Tryptophan, Valine, Alanine, Arginine, Aspartic Acid, Glutamic Acid, Glycine, Histidine, Proline, Serine, Taurine, And Tyrosine",0.0,96172.83,250488.42,0.0
MED093456,"Acetaminophen, Dextromethorphan Hydrobromide, Doxylamine Succinate",0.0,96088.22999999998,353109.12,0.0
MED122240,Prochlorperazine Maleate,0.0,96060.07,266861.86,0.0
MED092711,Methylphenidate Hydrochloride,0.0,96009.36000000004,255040.56,56367.66
MED033634,Enalaprilat,0.0,95918.19999999995,263425.28,80937.92
MED025177,Alclometasone Dipropionate,0.0,95769.59999999998,279035.10000000003,0.0
MED093601,Benzocaine,0.0,95682.59999999992,429772.46,0.0
MED131767,Povidone-Iodine,0.0,95624.01999999996,371822.48,0.0
MED036692,Memantine,0.0,95602.71000000002,372715.35,0.0
MED088298,"Menthol, Methyl Salicylate",0.0,95553.51,263161.27,105050.12
MED136414,Pectin,0.0,95451.30000000005,360550.2,0.0
MED109824,Gabapentin,0.0,95441.25000000006,335025.47,24484.2
MED046168,Diclofenac Sodium,0.0,95384.50999999998,260484.35,38153.5
MED048453,Alfuzosin Hydrochloride,0.0,95310.0,303924.0,74461.38
MED021172,Fexofenadine Hcl,1136.97,95184.0,327406.52,94110.8
MED080765,Alprazolam,0.0,95167.33000000002,267945.86,0.0
MED037766,Tranexamic Acid,0.0,95085.47000000004,263522.27,0.0
MED018436,"Acetaminophen, Dextromethorphan Hydrobromide, Phenylephrine Hydrochloride, Diphenhydramine Hydrochloride",4920.73,95055.5,248467.75,65478.56
MED115441,Flucytosine,0.0,95031.72000000004,363420.03,9945.36
MED047794,Calcium Carbonate,0.0,95018.88000000003,242491.26,40749.22
MED076194,Calcium Polycarbophil,0.0,94850.55000000005,377293.1,105987.68
MED033997,Tretinoin,85.94,94691.31999999996,273422.66000000003,60399.78
MED117346,Acetaminophen,666.39,94676.39999999997,297362.52,107290.14
MED050657,Prednisone,0.0,94579.65,244116.18,0.0
MED025251,Pain Reliever,0.0,94514.94000000006,278814.50999999995,0.0
MED019345,Vorinostat,0.0,94461.95000000008,371578.46,0.0
MED127582,Fondaparinux Sodium,0.0,94396.75,282664.2,63303.24
MED066203,"Camphor, Eucalyptus Oil, Menthol",0.0,94349.43000000004,363446.79,0.0
MED053982,Pomalidomide,0.0,94301.56,375519.63,11119.02
MED001430,Doxycycline,0.0,93991.58999999995,312921.63,0.0
MED135725,Gabapentin,0.0,93983.22000000004,309032.58,13211.43
MED022938,Atomoxetine Hydrochloride,1927.91,93938.57000000008,410576.1,0.0
MED072920,Argentum Nitricum,0.0,93892.37,283941.57,108743.58
MED068799,Meloxicam,0.0,93891.92999999996,312899.61,0.0
MED089401,Alcohol,0.0,93888.30000000005,383757.3,0.0
MED066155,Aspirin,0.0,93627.07999999999,300353.11,0.0
MED040576,Minocycline Hydrochloride,0.0,93626.78999999998,248724.3,0.0
MED132938,Lisinopril And Hydrochlorothiazide,0.0,93591.47999999992,332248.92000000004,90233.07
MED034455,Diazepam,0.0,93585.4499999999,387329.25000000006,31452.3
MED093324,Sumatriptan Succinate,0.0,93472.4,253108.4,0.0
MED133762,Antidandruff Shampoo,0.0,93386.43999999994,325093.04000000004,0.0
MED101966,Clobetasol Propionate,0.0,93357.45000000008,309306.6,72115.2
MED088102,Isopropyl Alcohol,0.0,93290.8,268809.9,0.0
MED034113,Amanita Muscaria Fruiting Body,0.0,93191.7,426287.85,75832.11
MED051954,Salicylic Acid,0.0,93176.60000000003,316798.8,46747.14
MED021732,Nortriptyline Hydrochloride,941.62,93147.0,247246.75,32059.5
MED130923,Strychnos Ignatii Seed,0.0,93134.74000000003,277856.72,43092.48
MED069562,"Avobenzone, And Octisalate",0.0,93080.79,247466.65,0.0
MED123248,Dexchlorpheniramine Maleate,0.0,93044.52000000002,380999.96,0.0
MED001813,Selenium Sulfide,0.0,93014.82000000004,259267.2,0.0
MED067456,Dexamethasone,0.0,92996.27999999996,414316.24,0.0
MED053420,Morphine Sulfate,0.0,92995.0,348398.75,17917.65
MED068896,Alcohol,0.0,92946.15000000002,337906.34,0.0
MED100403,Simethicone,0.0,92854.26999999999,297580.73,221248.5
MED134554,Desipramine,0.0,92843.51999999996,368365.96,21116.52
MED062802,Nicotine Transdermal System Patch,970.94,92647.8,359863.56,4184.46
MED094816,Avatrombopag Maleate,0.0,92545.2,339259.8,0.0
MED066316,Salicylic Acid,0.0,92411.6,257391.85,0.0
MED037515,Oxygen,0.0,92240.18999999994,389603.97,0.0
MED136524,Pregabalin,0.0,92201.2,297043.04,0.0
MED092770,Loratadine,0.0,92088.77999999996,448890.54,72026.95
MED028373,Kali Muriaticum,0.0,92072.96999999996,233615.88,37891.72
MED021940,Naproxen Sodium,0.0,92031.5,274651.75,67431.74
MED117420,Potassium Sulfate,0.0,92020.02,230541.84,18221.52
MED110235,Furosemide,0.0,92015.1,399292.88,45087.8
MED015219,Ultimate Erection Enhancer,0.0,91947.90000000002,458219.7,0.0
MED032801,Famotidine,0.0,91894.26,370643.46,0.0
MED065607,Venlafaxine Hydrochloride,0.0,91851.89000000004,234105.08,0.0
MED029292,Zinc Oxide,0.0,91834.27999999996,343934.31,0.0
MED037769,Potassium Phosphates,0.0,91788.66000000005,384987.6,0.0
MED073464,Acetaminophen 500 Mg,0.0,91709.33999999995,389197.08,0.0
MED109770,"Avobenzone, Homosalate, Octisalate",112.65,91656.40000000002,423346.6,0.0
MED074040,Gallium Fluoratum,0.0,91588.62,404278.89,35353.02
MED020521,"Aurum Metallicum, Baryta Carbonica, Calcarea Carbonica, Lachesis Mutus, Lycopodium Clavatum, Natrum Muriaticum, Nux Vomica, Phosphorus",0.0,91538.0,336783.25,0.0
MED027453,Chloroxylenol,0.0,91494.35000000003,401969.44,0.0
MED025303,Metformin Hydrochloride,0.0,91455.41999999998,388643.16,0.0
MED114426,Tiagabine Hydrochloride,0.0,91405.58000000002,391643.77,0.0
MED040426,Rocuronium Bromide,0.0,91398.75999999998,244713.72,16291.14
MED096041,Apis Mellifera,1027.43,91321.0,420057.75,0.0
MED107815,Zinc Oxide,0.0,91303.93000000002,247339.59,16090.17
MED094843,Lidocaine Hydrochloride,0.0,91290.7,288864.0,11260.8
MED026419,Zinc Oxide,0.0,91258.43999999994,317582.44,51578.17
MED047760,Tamoxifen Citrate,0.0,91256.07000000008,351651.0,68182.0
MED001025,"Acetaminophen, Guaifenesin, Phenylephrine Hcl",0.0,91112.32,260133.25,53218.75
MED008740,Baclofen,0.0,91087.5,293816.25,7723.17
MED065020,Estradiol,0.0,91087.32,244332.3,0.0
MED040439,Glycopyrrolate,0.0,90992.15999999996,260109.76,8541.74
MED026145,Divalproex Sodium,0.0,90922.68000000004,250461.6,0.0
MED121982,"Lidocaine, Menthol",0.0,90551.56,355915.78,0.0
MED132306,Cortisone Acetate,2148.8,90451.2,383505.92,0.0
MED079490,Nadolol,0.0,90412.75999999998,249252.68,48695.06
MED025155,"Dextromethorphan Hbr, Guaifenesin",0.0,90395.75,385015.25,0.0
MED033301,Pulsatilla Nigricans,0.0,90391.70000000004,249846.94,50072.1
MED019719,Titanium Sulphuratum,0.0,90367.2,248193.0,0.0
MED041166,Tretinoin,0.0,90308.40000000002,445217.5,60667.0
MED090536,Benzoyl Peroxide,0.0,90308.25,337034.25,19972.4
MED010888,Fesoterodine Fumarate,0.0,90306.16000000005,264637.03,0.0
MED064922,Pregabalin,0.0,90304.91999999998,406684.5,97960.5
MED106762,Febuxostat,856.24,90259.32,371284.6,15791.15
MED129121,Colloidal Oatmeal,0.0,90208.59999999998,415788.98,0.0
MED013187,"Methyl Salicylate, Menthol, Capsaicin",0.0,90199.19999999995,295902.7,0.0
MED009148,Octinoxate And Titanium Dioxide,0.0,90156.3,279912.85,165853.46000000002
MED014142,Sodium Fluoride,0.0,90130.99999999994,445366.8,0.0
MED067082,"Titanium Dioxide, Zinc Oxide",0.0,90111.44999999995,257221.25,0.0
MED063246,Prednisolone,0.0,89967.23999999999,285232.86,0.0
MED096834,Sturgeon Extract,8415.1,89913.56,349663.04,0.0
MED119657,Advanced Care Dry Spray Sheer Cool 48H Antiperspirant Deodorant,0.0,89901.83999999997,274080.96,0.0
MED056371,Lorazepam,0.0,89724.95000000001,269622.76,26594.48
MED015292,Bendamustine Hydrochloride,0.0,89685.52000000002,323584.44,51425.4
MED002323,Fluoxetine Hydrochloride,0.0,89657.51999999999,226393.83,15598.83
MED040192,Labetalol Hydrochloride,1721.23,89512.28999999998,338669.1,96165.3
MED117163,Chlorthalidone,0.0,89499.07999999999,255199.28,67973.64
MED075758,Guaifenesin And Phenylephrine Hcl,0.0,89445.24,279547.9,103911.7
MED076745,Cetirizine Hydrochloride,1073.25,89438.71999999997,288582.84,56909.97
MED092455,Doxorubicin Hydrochloride,0.0,89159.27999999994,232019.55,24972.75
MED062844,Acetaminophen,0.0,89140.5,346096.6,59957.58
MED080805,Lidocaine,0.0,89093.54999999999,276741.14,0.0
MED060980,"Capsicum Annuum, Cetraria Islandica, Fucus Vesiculosus, Glandula Suprarenalis Suis, Thyroidinum (Suis), Cadmium Iodatum, Hydrangea Arborescens, Phosphoricum Acidum, Phosphorus, Pulsatilla (Pratensis), Strontium Carbonicum, Uranium Nitricum, X-Ray",0.0,89016.83999999997,331317.60000000003,0.0
MED124758,Zinc Oxide,0.0,89006.44,288710.44,0.0
MED065769,Omeprazole,0.0,88977.20000000001,261357.2,62323.64
MED029098,Cephalexin,0.0,88826.39999999997,322804.28,116242.66
MED087195,Phenylephrine Hydrochloride,0.0,88711.92000000004,304245.84,0.0
MED041515,"Avobenzone, Homosalate, Octisalate, Octocrylene",0.0,88555.20000000001,264844.8,0.0
MED125385,Doxepin Hydrochloride,0.0,88553.92000000001,236818.4,0.0
MED098468,Sodium Chloride,0.0,88547.04000000004,337990.38,9297.47
MED120628,"Benzocaine 20%, Menthol 0.5%",0.0,88535.20000000001,245814.4,0.0
MED009659,Tobramycin And Dexamethasone,0.0,88529.45999999999,235631.07,76493.61
MED087711,Rhamnus Cathartica,0.0,88481.25,225571.5,0.0
MED116074,Diltiazem Hydrochloride,0.0,88437.35999999999,271956.45,0.0
MED096891,Phenazopyridine,0.0,88406.01000000001,222453.0,57780.0
MED061677,Sertraline Hydrochloride,0.0,88218.25,395986.25,90438.15
MED120042,Cetuximab,0.0,88170.39000000001,387941.4,0.0
MED092432,Triple Antibiotic Ointment,0.0,88074.00000000003,221630.85,0.0
MED130283,Apixaban,0.0,88052.38000000006,268650.34,0.0
MED052037,Ondansetron,0.0,87987.10999999999,284453.12,19470.08
MED036253,Rifabutin,0.0,87983.49999999994,264128.15,52260.65
MED092347,Felodipine,0.0,87971.19999999995,327982.80000000005,0.0
MED053743,Fosaprepitant Dimeglumine,0.0,87917.03999999998,307889.04,0.0
MED120248,Lanolin,0.0,87904.39000000001,224996.87,0.0
MED000137,Levetiracetam,0.0,87806.88,255965.76,0.0
MED034907,Antacid,0.0,87721.47999999998,297717.84,0.0
MED105632,Simvastatin,777.06,87551.52000000002,367976.22,21557.19
MED132700,Ranolazine,0.0,87532.79999999999,249047.5,0.0
MED107300,Titanium Dioxide And Zinc Oxide,0.0,87532.46000000002,287534.12,3901.82
MED099065,Dimenhydrinate,0.0,87523.5,252934.2,18284.4
MED082706,Lidocaine Hydrochloride,0.0,87523.01000000001,310683.22,0.0
MED109596,Lidocaine 4% Plus Menthol 1% Pain Cream,0.0,87465.84000000003,275532.18,32801.45
MED046238,Cicuta Virosa,0.0,87442.73999999999,395604.0,0.0
MED108325,Chloroxylenol,1055.28,87371.31,292607.27,51940.21
MED021968,"Acetaminophen, Chlorpheniramine Maleate, Dextromethorphan Hydrobromide, And Phenylephrine Hydrochloride",0.0,87345.26999999999,243567.63,0.0
MED032581,Tadalafil,0.0,87335.40000000002,361688.85,0.0
MED034654,Ibuprofen,0.0,87331.19999999995,366807.58,0.0
MED021030,Valsartan And Hydrochlorothiazide,0.0,87293.90000000008,292182.69999999995,0.0
MED019632,Strontium Carbonicum,0.0,87256.39999999997,275641.52,60408.45
MED027943,20% Benzocaine And 3% Resorcinol Cream,0.0,87212.70000000004,239674.95,66280.48
MED027383,Zinc Oxide,0.0,87097.76000000007,342989.04,0.0
MED052876,Albuterol Sulfate,0.0,86991.56,277993.96,0.0
MED101813,Nicotine Polacrilex,0.0,86908.08000000002,291979.59,0.0
MED103379,Adrenalin(R),0.0,86899.40999999997,303918.18,0.0
MED049051,Darbepoetin Alfa,0.0,86855.99999999997,224184.36,0.0
MED011014,Pramipexole Dihydrochloride,0.0,86851.29999999993,422031.8000000001,0.0
MED067349,Acetaminophen,0.0,86847.04999999996,220551.75000000003,0.0
MED006269,Argentum Iodatum,0.0,86772.81000000006,265561.1,0.0
MED101331,Platinum Metallicum,0.0,86684.33000000002,312078.3,0.0
MED042495,Ibuprofen And Famotidine,0.0,86586.75,218819.5,1207.28
MED059776,Camphor And Eucalyptus Oil And Menthol,1059.15,86515.88,245420.12,0.0
MED013982,Maraviroc,895.53,86515.0,379943.85,0.0
MED108541,Losartan Potassium And Hydrochlorothiazide,0.0,86452.60000000003,269431.5,78858.0
MED090296,Polyethylene Glycol 3350,0.0,86425.76000000001,345048.74,91601.66
MED092955,Vasopressin,0.0,86350.43999999997,222881.04,24922.8
MED118246,Sevelamer Hydrochloride,0.0,86308.42000000001,236483.28,0.0
MED120859,Chlorhexidine Gluconate,0.0,86285.41999999998,342758.78,54415.06
MED096713,"Avobenzone, Homosalate, Octisalate, Octocrylene",0.0,85966.38,218328.46,0.0
MED124755,Tolnaftate,0.0,85767.84999999998,397004.1,0.0
MED104756,Allopurinol,0.0,85693.27999999997,322279.68,0.0
MED122686,Pregabalin,0.0,85685.94000000006,380422.71,0.0
MED122253,Scopolamine Transdermal System,0.0,85637.76000000001,252130.32,0.0
MED063077,Octinoxate And Titanium Dioxide,0.0,85602.77999999997,215815.68,38036.48
MED004580,Isopropyl Alcohol,0.0,85495.52000000002,323950.0,0.0
MED027764,Alprazolam,0.0,85453.91999999998,405465.96,34562.62
MED000872,Silver Sulfadiazine,0.0,85412.59000000003,243304.4,0.0
MED033690,Cefuroxime Axetil,527.94,85323.78000000003,278151.84,0.0
MED078906,Benzocaine,0.0,85265.72999999998,258361.62,0.0
MED007935,Diphenhydramine Hydrochloride,0.0,85243.80000000005,354429.19999999995,41159.52
MED047580,Semecarpus Anacardium Juice,0.0,85227.12,308754.0,0.0
MED091478,Benzonatate,0.0,85122.35999999999,346642.44,0.0
MED106372,Dimenhydrinate,0.0,85122.27000000002,395782.11,0.0
MED012876,Eltrombopag,0.0,85101.94000000006,359786.96,0.0
MED128311,Lansoprazole,0.0,85033.0,214799.0,0.0
MED061551,Hepatitis B Vaccine (Recombinant) Adjuvanted,0.0,85012.72000000006,227591.26,0.0
MED031286,Risankizumab-Rzaa,0.0,84946.16000000003,371640.48,0.0
MED032711,Pramipexole Dihydrochloride,0.0,84941.12999999995,403798.95,77083.5
MED100346,Amoxicillin And Clavulanate Potassium,0.0,84912.95999999999,255840.97,25962.72
MED123680,Salicylic Acid 2%,0.0,84887.09999999998,362123.28,0.0
MED002124,1% Clotrimazole,0.0,84885.52999999997,307256.63,11455.64
MED115002,Iridium Metallicum,0.0,84848.40000000002,294021.98,0.0
MED082121,Alcohol Antiseptic,0.0,84823.20000000001,244319.24,35602.67
MED135910,Lidocaine,0.0,84806.07999999996,332230.72000000003,0.0
MED060629,Chlordiazepoxide And Amitriptyline Hydrochloride,3101.67,84760.82999999996,381475.71,106240.71
MED082819,Nitrofurantoin (Monohydrate/Macrocrystals),824.5,84722.4,243761.4,0.0
MED055082,Benzalkonium Chloride,0.0,84715.25,229280.94,0.0
MED059609,Labetalol Hydrochloride,1142.99,84699.65000000002,386392.2,0.0
MED000465,Pantoprazole,0.0,84507.20000000003,308576.51,16578.54
MED119893,Technetium Tc 99M Medronate,0.0,84399.59999999992,373773.84,0.0
MED026353,Atorvastatin Calcium,9848.36,84294.75999999994,367528.12,0.0
MED001037,Avobenzone Homosalate Octisalate Octocrylene,949.07,84267.04000000004,271078.08,0.0
MED035994,Octinoxate And Titanium Dioxide,0.0,84265.53000000003,328576.97,45767.62
MED050912,Lisdexamfetamine Dimesylate,0.0,84155.53999999995,228317.11,7844.53
MED080894,Doxazosin,0.0,84144.08999999997,371104.48,0.0
MED102451,Aurum 20X,0.0,84082.45999999996,334092.05,0.0
MED054744,Zinc Oxide,0.0,84058.19999999995,343817.8,0.0
MED091240,Rivastigmine Tartrate,0.0,84044.76000000007,385358.33,22188.67
MED002509,Titanium Dioxide,0.0,83808.40000000002,282256.0,0.0
MED040913,Menthol,1029.44,83753.5,227347.3,119030.0
MED091951,Medicated Callus Removers,0.0,83746.78000000003,322217.9,65200.75
MED080956,Azacitidine,0.0,83734.71000000002,264517.24,22410.96
MED100475,Sennosides,0.0,83638.61999999994,386364.16,91078.4
MED062742,Epoetin Alfa,0.0,83625.28999999998,233746.39,89071.95
MED006121,Kali Carbonicum,0.0,83576.72000000003,227709.12,0.0
MED094891,Mirtazapine,0.0,83558.15999999997,347479.32,41717.15
MED063047,Nitrogen,73.83,83556.47000000003,219689.56,924.36
MED103288,Ioversol,0.0,83464.52999999997,270728.94,0.0
MED137005,Aripiprazole,0.0,83464.38000000003,228358.98,38436.66
MED086599,Etodolac,0.0,83371.43999999994,378342.72,0.0
MED009975,Alcohol,882.55,83306.23999999996,260805.6,0.0
MED061196,Pregabalin,0.0,83294.99999999997,220324.53,37851.54
MED014979,Allantoin,0.0,83286.0,279291.6,0.0
MED031848,Naproxen Sodium,0.0,83247.78000000003,355481.94,43234.29
MED009868,Oxygen,0.0,83239.19999999998,209184.8,0.0
MED088252,Baclofen,0.0,83153.39999999997,255717.99,0.0
MED007673,Varenicline,840.83,83134.88,319413.37,44283.24
MED090764,Tolterodine Tartrate,2163.3,83132.75,334345.5,53565.3
MED107347,Theophylline Anhydrous,5068.68,83061.46,333427.97,0.0
MED049277,Niraparib Tosylate Monohydrate And Abiraterone Acetate,8471.11,83058.80000000005,259685.6,17513.68
MED006470,Menthol,0.0,83046.25,388001.25,0.0
MED063752,Pioglitazone Hydrochloride,0.0,83034.72,225681.36,74596.02
MED033228,Scandium Muriaticum,0.0,83005.25,320668.3,37760.94
MED007867,Clindamycin Hydrochloride,0.0,82976.4,238157.4,58012.7
MED000837,"Zinc Oxide, Titanium Dioxide, Homosalate, Octisalate, Octocrylene",823.06,82927.64000000001,229406.2,0.0
MED115477,Levocetirizine Dihydrochloride,7295.88,82914.0,325558.76,110926.16
MED025678,Zinc Oxide,753.02,82879.24,337190.75,55047.36
MED010725,Aluminum Zirconium Tetrachlorohydrex Gly,0.0,82842.54999999999,300095.95,0.0
MED037146,Armadillidium Vulgare,720.61,82818.40000000002,300033.16,0.0
MED135152,Furosemide,0.0,82813.27000000002,332733.24,0.0
MED046196,Sodium Fluoride,0.0,82766.21999999997,279138.84,0.0
MED063682,Magnesium Sulfate,0.0,82758.52000000002,363693.39,0.0
MED131002,Sapropterin Dihydrochloride,0.0,82690.00999999998,224830.92,0.0
MED095181,Ibuprofen,0.0,82682.59,219395.07,0.0
MED049396,Octinoxate And Titanium Dioxide,0.0,82666.62,241425.8,69045.9
MED082903,Tramadol Hydrochloride,0.0,82662.16000000003,212386.18,8830.06
MED034638,Aripiprazole,0.0,82656.34999999998,361810.0500000001,28260.6
MED059117,Cetirizine Hydrochloride,0.0,82532.84000000003,374368.54,89371.8
MED110359,Nitrofurantoin (Monohydrate/Macrocrystals),0.0,82498.5,355945.38,0.0
MED032938,Euphrasia Officinalis,0.0,82458.32000000007,374030.28,40016.34
MED131552,Amitriptyline Hydrochloride,0.0,82422.0,349723.5,34972.35
MED039486,Diazepam,0.0,82334.5,342672.0,0.0
MED077097,Methoxy Polyethylene Glycol-Epoetin Beta,0.0,82222.53999999998,210382.82,0.0
MED114633,Meloxicam,0.0,82163.27000000002,376031.41,21513.12
MED093671,Human Immunoglobulin G,0.0,82081.56,385607.64,19652.18
MED034344,Olanzapine And Fuoxetine,0.0,82058.78999999998,285439.74,0.0
MED131670,Sulfur,0.0,81984.26999999995,305718.2,0.0
MED081681,Oxymetazoline Hydrochloride,0.0,81976.20000000001,257315.62,29851.0
MED105229,Benzalkonium Chloride,0.0,81915.89000000001,267939.56,0.0
MED066543,Oxaprozin,0.0,81900.71999999997,397789.92,29633.34
MED066779,Estradiol Gel 0.1%,5368.94,81846.18,220819.68,31151.84
MED124521,Zolpidem Tartrate,0.0,81834.36000000002,210851.52,0.0
MED095276,Cetirizine Hydrochloride,0.0,81780.23999999999,226285.56,0.0
MED095533,"Diphenhydramine Hcl 2%, Zinc Acetate 0.1%",0.0,81759.6,232436.1,0.0
MED034531,Levothyroxine Sodium,0.0,81715.12,236931.12,0.0
MED000404,Methocarbamol,0.0,81652.37,330605.94,6538.56
MED088945,Diltiazem Hydrochloride,577.82,81632.82,400864.74,0.0
MED090442,Ziprasidone,0.0,81632.39999999997,239728.8,38600.4
MED041058,Ibritumomab Tiuxetan,0.0,81594.54000000001,220289.61,0.0
MED109945,"Potassium Nitrate, Sodium Fluoride",0.0,81501.48000000004,306766.08,0.0
MED049290,"Dextromethorphan Hbr, Guaifenesin",0.0,81452.80000000005,240364.8,0.0
MED083780,Avabenzone 3% Homosalate 10% Octisalate 5%,0.0,81433.88999999996,267262.02,29394.3
MED033499,Nicotine Polacrilex,0.0,81401.81,319817.12,50944.32
MED129936,Carbo Sulfur Comp.,0.0,81334.97999999998,275513.67,7727.46
MED121183,Pyrantel Pamoate,0.0,81305.75000000003,251066.0,93555.12
MED096640,"Anguillare Ichthy, Crataegus Oxy, Passiflora, Hypophysis Posterium, Glonine, Morgan Pure, Spartium Scop, Viscum Album",0.0,81302.1,249771.61,0.0
MED039975,Ceftriaxone,0.0,81259.68000000005,283902.96,61054.4
MED129073,Amantadine Hydrochloride,0.0,81198.12,376626.5,0.0
MED053000,Nicotine Transdermal System,0.0,81114.48000000004,288702.67,0.0
MED116276,Aluminum Hydroxide And Magnesium Carbonate,0.0,81032.71999999997,229726.8,42267.15
MED020341,Ziprasidone Mesylate,0.0,80991.09999999998,377771.75,45286.75
MED088210,Cefazolin,0.0,80876.76000000001,295712.8,0.0
MED046256,Collinsonia Canadensis,0.0,80860.49999999997,253879.32000000004,0.0
MED045866,Sildenafil,0.0,80839.62,359954.94,0.0
MED087799,Anacardium Occidentale,0.0,80832.26000000001,216179.3,0.0
MED062882,Salicylic Acid,766.9,80831.38,284148.06,0.0
MED005807,Pramipexole,0.0,80831.09999999998,244380.64,0.0
MED092229,Divalproex Sodium,0.0,80751.63999999997,296921.45,0.0
MED075327,Baptisia Tinctoria Root,0.0,80628.9,209764.22,44136.94
MED021681,Calcium Sulfide,0.0,80612.73000000001,251556.16,2975.04
MED036400,Misoprostol,0.0,80580.89999999997,320615.1,0.0
MED104484,Propafenone Hydrochloride,1841.9,80577.75,252491.25,0.0
MED048190,"Chikungunya Vaccine, Recombinant",0.0,80573.77999999997,340533.48,29372.16
MED090791,"Acetaminophen, Dextromethorphan Hbr, Phenylephrine Hcl",0.0,80561.90999999997,241803.21,0.0
MED115620,Calcium Carbonate,0.0,80540.39999999997,218771.9,0.0
MED074953,Flucytosine,609.88,80487.54000000004,255894.78,0.0
MED001458,Allantoin,0.0,80486.19,341918.23,0.0
MED081589,Meclizine Hydrochloride,0.0,80434.20000000007,265214.4,47015.28
MED035955,Lonicera Japonica Top,0.0,80387.99999999994,364347.3000000001,0.0
MED097099,Zinc Oxide,0.0,80316.61000000004,345177.91,25708.76
MED019619,Stramonium,0.0,80298.75,311141.25,0.0
MED082683,Povidone-Iodine,0.0,80167.04999999999,371803.8000000001,0.0
MED087998,"Dextromethorphan Hbr, Guaifenesin",0.0,80162.27999999997,339731.48,74222.86
MED054669,"Piperonyl Butoxide, Pyrethrum Extract",0.0,80154.36000000002,218090.73,39144.49
MED040435,Metoprolol Tartrate,0.0,80074.92000000001,228393.29,0.0
MED034035,Nicotine Polacrilex,0.0,80072.79999999999,208900.32,0.0
MED121278,"Eucalyptol, Menthol, Unspecified Form, Methyl Salicylate, And Thymol",0.0,79941.36000000002,247690.08,14122.68
MED026802,Folic Acid,0.0,79912.58000000002,369872.06,0.0
MED046706,Acetaminophen,0.0,79904.25000000006,377718.75,0.0
MED024061,Oxygen,0.0,79852.5,276608.25,74581.78
MED032617,Suvorexant,0.0,79824.40000000002,313040.88,55219.14
MED064555,Oxycodone Hydrochloride,0.0,79811.6,212251.52,0.0
MED116506,Aspirin,0.0,79799.19999999995,264716.4,4072.56
MED066562,"Neomycin Sulfate, Polymyxin B Sulfate, Hydrocortisone",0.0,79749.24000000005,221549.92,0.0
MED050945,Advanced Ultraclear Black And White Dry Spray 72H Antiperspirant Deodorant,0.0,79727.20000000001,212308.4,0.0
MED125088,Lidocaine 4%,0.0,79723.78999999998,321858.71,14238.22
MED125790,Uptravi,98.04,79696.0,387304.0,0.0
MED075384,Levothyroxine Sodium,0.0,79678.32,315466.17,39075.87
MED119351,Anacardium Orientale,0.0,79651.44,294639.84,0.0
MED090461,Candida Albicans,0.0,79599.51999999999,216845.09,0.0
MED129159,Stannous Fluoride,0.0,79598.40000000002,243277.44,0.0
MED117999,Docusate Sodium And Sennosides,0.0,79558.54999999999,358605.75,35138.55
MED109134,Nicotine Polacrilex,0.0,79542.28000000003,380777.65,0.0
MED049436,Tobacco Leaf,0.0,79518.30000000002,205271.9,0.0
MED009561,Fenofibrate,669.14,79503.05000000005,313752.97,48300.91
MED115788,Arsenic Trioxide,0.0,79481.21999999997,255822.84000000003,0.0
MED021789,Sodium Monofluorophosphate,0.0,79372.08000000002,231570.9,0.0
MED101898,Doxycycline Hyclate,0.0,79366.65000000002,277930.38,0.0
MED090726,Meclizine,0.0,79333.47999999995,210207.36,0.0
MED067574,Goldenseal - Potassium Dichromate - Pulsatilla Vulgaris,0.0,79302.95999999999,240240.6,15309.45
MED092457,"Cyclophosphamide Injection, Solution",0.0,79185.91999999998,347182.44,15365.73
MED100374,Doxazosin,3648.57,79185.60000000003,343400.85,68680.17
MED012413,"Avobenzone, Homosalate, Octisalate, And Octocrylene",0.0,79141.5,287804.16,14129.92
MED110556,Capsaicin,4419.7,79032.59999999998,225750.75,40541.25
MED019139,"Dextromethorphan Hydrobromide, Guaifenesin And Phenylephrine Hydrochloride",0.0,79015.73999999999,208579.74,15956.92
MED081618,Doxepin Hcl,1315.71,79015.46999999997,326354.46,0.0
MED114274,Acetaminophen,0.0,78989.04000000004,365065.92,0.0
MED060585,Eltrombopag,0.0,78944.1,210600.17,81541.57
MED011247,Lidocaine Hydrochloride And Epinephrine Bitartrate,0.0,78928.96000000002,314354.48,0.0
MED109467,Glycerin,0.0,78904.79999999996,257735.4,0.0
MED101842,Tranexamic Acid,0.0,78900.11999999997,245914.17,43613.7
MED010973,Divalproex Sodium,0.0,78881.25000000003,208835.48,66716.16
MED002322,Carbamazepine,0.0,78799.38000000003,231138.27,45070.44
MED000202,Omeprazole,0.0,78787.19999999995,258448.0,52636.5
MED079272,Acetaminophen,0.0,78716.75,349463.0,0.0
MED048429,Ethyl Alcohol 70% V/V,46.83,78666.69,292846.41,0.0
MED056554,Methylprednisolone,0.0,78646.77000000002,252372.06,1286.3
MED083644,Zinc Pyrithione,0.0,78481.61999999997,221143.89,0.0
MED081532,Telmisartan,0.0,78393.38,269797.71,93111.06
MED128896,Cetylpyridinium Chloride,0.0,78370.98999999993,301335.24000000005,0.0
MED114841,Cetylpyridinium Chloride,0.0,78366.86000000002,258484.71,0.0
MED131280,Finasteride,0.0,78345.48999999999,210015.93,54320.43
MED029270,Ivermectin,0.0,78257.60000000003,322281.6,75927.36
MED037913,Argentum Muriaticum,0.0,78184.43999999997,225416.26,32517.26
MED109059,Metformin Hcl,0.0,78172.29000000001,215936.28,0.0
MED120499,Chlordiazepoxide Hydrochloride,0.0,78116.04000000001,201112.04,97964.37
MED024029,Nicotine Polacrilex Lozenge 4 Mg,0.0,78095.82,200045.5,0.0
MED065695,"Octisalate, Octocrylene",0.0,78094.69999999995,276644.0,40498.4
MED050993,Isosorbide Mononitrate,0.0,78048.36000000004,296880.03,59012.85
MED083132,Nicotine,0.0,78035.0,269920.0,0.0
MED067274,Dopamine Hydrochloride In Dextrose,0.0,78019.20000000001,227287.2,0.0
MED123207,Zinc Oxide,0.0,78015.25999999995,384693.26,114753.94
MED123541,Nortriptyline Hydrochloride,0.0,78013.88000000003,205173.2,0.0
MED053283,Gabapentin,0.0,77959.92000000001,237718.41,0.0
MED038572,Sorbutuss,0.0,77929.29000000004,250665.57,0.0
MED133407,Duloxetine,0.0,77927.68,333533.12,0.0
MED081278,Pregabalin,0.0,77823.99999999997,211268.6,38361.93
MED134053,Dexmedetomidine Hydrochloride,651.56,77818.73000000001,241823.45,27103.5
MED060040,Rosmarinus Officinalis,0.0,77772.20000000001,220063.31,0.0
MED135314,Glycopyrrolate,0.0,77666.51999999999,244183.72,0.0
MED063889,Alcohol,1910.54,77665.5,285312.19,0.0
MED130834,Calcium Sulfide,0.0,77624.49000000002,246805.62,0.0
MED073566,Nilotinib,0.0,77607.81,241126.92,39332.76
MED083436,"Avobenzone, Homosalate, Octisalate",0.0,77470.94000000006,263871.98,83509.24
MED117069,Oxygen,0.0,77292.80000000005,316953.6,88152.72
MED062347,Naproxen Sodium 220Mg,0.0,77280.96000000002,220196.7,0.0
MED089574,Ondansetron Hydrochloride,0.0,77249.52000000002,246665.76,0.0
MED069160,Acetaminophen And Codeine Phosphate,0.0,77247.54999999999,196516.45,21197.28
MED038740,Glimepiride,0.0,77231.70000000001,246261.99,89171.79
MED040014,Hydralazine Hydrochloride,0.0,77225.96000000002,365477.91,41834.1
MED134045,Oxycodone Hydrochloride,0.0,77140.14000000001,306438.06,64969.2
MED014345,"Ammonia, Lidocaine Hydrochloride, Triamcinolone Acetonide, Povidone-Iodine",0.0,77073.75,300467.5,69398.3
MED027574,Acyclovir,0.0,77046.48000000001,206755.92,16819.43
MED136026,Aluminum Zirconium Tetrachlorohydrex Gly (Anhydrous),0.0,76995.95000000001,357463.01,72781.44
MED073499,Loperamide Hcl,0.0,76969.47999999998,207198.04,0.0
MED060661,Hydrochlorothiazide,0.0,76954.11000000004,275199.15,58206.25
MED067670,Ofloxacin,932.86,76946.04000000001,207563.04,0.0
MED019940,Acetaminophen,0.0,76734.40000000002,197119.45,21990.21
MED071170,"Ensulizole, Octisalate, Zinc Oxide",3913.8,76729.91999999998,301265.68,0.0
MED100897,Duloxetine,1688.72,76706.57999999999,318109.14,86276.46
MED018474,Ibuprofen,3501.34,76655.04000000001,218883.84,48283.2
MED027045,Helleborus Niger Root,0.0,76540.5,208104.75,0.0
MED107942,Furosemide,0.0,76537.55999999997,216841.24,0.0
MED106896,Venlafaxine,0.0,76518.96000000002,245014.0,0.0
MED021026,Pravastatin Sodium,0.0,76432.39999999997,196837.39,0.0
MED028752,"Homosalate, Octocrylene, Octisalate, Zinc Oxide",0.0,76415.16999999998,192380.89,21676.72
MED103294,Mesalamine,0.0,76376.78999999998,248034.99,0.0
MED093806,Zinc Gluconate,0.0,76296.68,271721.88,0.0
MED025943,Buprenorphine Hydrochloride,0.0,76258.04000000004,266385.04,4665.98
MED022388,Ricinus Communis Seed,0.0,76217.13,275119.14,51070.02
MED021918,Cinis Radix Comp 30X,0.0,76211.82000000004,204473.79,0.0
MED120629,Spironolactone,0.0,76206.23999999999,265397.4,0.0
MED093539,Aluminum Zirconium Tetrachlorohydrex Gly,0.0,76163.41000000003,325691.62,0.0
MED040861,Ranolazine,0.0,76160.35999999999,211774.57,0.0
MED135224,Mirabegron,0.0,76148.93,202586.45,0.0
MED094443,Ibuprofen,0.0,76107.53999999998,359430.72000000003,0.0
MED042506,"Avobenzone, Homosalate, Octisalate, Octocrylene",0.0,76083.59999999998,254671.32,0.0
MED065618,Sirolimus,135.56,76051.49000000002,212845.96,45103.96
MED078812,Aesculus Hippocastanum,0.0,75944.88000000003,232816.32,0.0
MED006612,Cetirizine Hcl,0.0,75942.18000000002,253163.07,48897.54
MED066279,Copper Cu 64 Dotatate,452.64,75837.29999999999,273966.0,43763.4
MED039504,Escitalopram,1891.54,75829.80000000005,345647.4,82367.04
MED046162,Tolnaftate,0.0,75818.54999999993,359992.24000000005,0.0
MED082952,"Belladonna, Colocynthis, Coleus Arom, Dioscorea Vill, Lupulinum, Rhus Tox",0.0,75796.16000000003,339160.0,35445.0
MED035452,Meclizine Hcl 25Mg Chewable Tablets,658.35,75784.16999999998,331161.49,7384.39
MED107084,Hydrocortisone,0.0,75752.79999999996,210197.92,64544.47
MED040778,Mometasone Furoate Monohydrate,0.0,75741.47999999998,206185.14,54184.2
MED105786,Hand Sanitizing Towelettes,0.0,75689.53999999998,301989.24,38025.54
MED047497,"Avobenzone, Homosalate, Octisalate, Octocrylene",0.0,75631.29000000004,236439.0,0.0
MED073734,Calcarea Iodata,2179.8,75555.56999999998,196130.48,0.0
MED066592,Ceftriaxone Sodium,0.0,75541.18,316722.18,0.0
MED102674,Dexamethasone Sodium Phosphate,0.0,75536.08000000002,191942.56,0.0
MED090334,Metoprolol Tartrate,0.0,75525.88999999996,290503.03,0.0
MED102990,"Pertuzumab, Trastuzumab, And Hyaluronidase-Zzxf",0.0,75518.40999999997,252346.33,0.0
MED065214,Lamotrigine,0.0,75447.35999999996,232098.72,0.0
MED042000,Povidone-Iodine Cloth,0.0,75424.20999999999,190406.83,2478.18
MED082278,Gabapentin,0.0,75411.25999999995,201376.63,0.0
MED083725,Isopropyl Alcohol,0.0,75357.36000000004,205835.94,0.0
MED012719,Brexpiprazole,0.0,75335.0,361298.73,61051.74
MED076463,Lidocaine Hydrochloride,0.0,75149.02999999997,295967.21,60619.79
MED096992,Sodium Bicarbonate,0.0,75108.41999999998,279674.64,7035.84
MED039326,Cyanocobalamin,0.0,74929.95999999996,227217.9,7125.3
MED066150,Folic Acid,0.0,74927.64000000001,331875.0,0.0
MED005331,"Lidocaine Hcl, Benzalkonium Chloride",0.0,74888.88,272656.08,24515.13
MED037432,Dextromethorphan Hbr,0.0,74881.79999999999,233877.0,73583.75
MED133339,Kit For The Preparation Of Technetium Tc 99M Albumin Aggregated,891.52,74812.26000000001,273907.83,38407.74
MED106929,Omeprazole,0.0,74809.78999999998,360132.41000000003,102511.61
MED039481,Olanzapine,1532.74,74677.47000000003,250061.91,0.0
MED109527,Carboxymethylcellulose Sodium,0.0,74643.95999999999,199097.28,0.0
MED041563,Salicyclic Acid 3%,0.0,74584.65000000002,215815.8,0.0
MED080002,"Zinc Oxide, Titanium Dioxide",0.0,74579.0,301937.95,0.0
MED116887,"Acetaminophen, Pseudoephedrine",754.76,74545.71999999997,311034.06,0.0
MED108532,Famotidine,0.0,74543.45999999996,267863.52,0.0
MED129712,"Artemisia Vulgaris, Cina, Sabadilla, Spigelia Anthelmia, Filix Mas, Baryta Carbonica, Calcarea Carbonica, Cinchona Officinalis, Natrum Phosphoricum, Sulphur, Terebinthina, Proteus (Vulgaris)",0.0,74536.80000000005,356756.4,65862.72
MED109274,Baclofen,0.0,74501.25999999998,221429.16,7274.88
MED087578,Mercurius Iodatus Flavus,0.0,74424.35999999999,219433.86,75257.1
MED037326,Pramoxine Hydrochloride,0.0,74399.82,366572.7,0.0
MED115434,Edaravone,0.0,74282.56,203028.82,1130.45
MED012736,Hydralazine Hydrochloride,0.0,74261.17999999993,304998.78,1833.66
MED037905,"Leucine, Phenylalanine, Lysine, Methionine, Isoleucine, Valine, Histidine, Threonine, Tryptophan, Alanine, Glycine, Arginine, Proline, Serine, Tyrosine, Dextrose",742.13,74188.79999999999,279024.0,54060.9
MED035276,"Avobenzone, Homosalate, Octisalate, Octocrylene",0.0,74179.64999999997,239457.9,0.0
MED135070,Lenalidomide,0.0,74140.92000000001,239981.96,0.0
MED010657,Oxymetazoline Hydrochloride,0.0,74129.44000000003,194340.52,0.0
MED130969,Benzalkonium Chloride,0.0,74094.49999999997,257606.3,0.0
MED032220,Pyrithione Zinc,0.0,74091.09999999998,369723.65,81158.85
MED106645,Citalopram,0.0,74050.33999999997,256586.2,0.0
MED108348,Cyanocobalamin,1052.6,74003.67000000001,250102.32,0.0
MED049716,Omeprazole,0.0,73974.75999999998,251624.96,50435.84
MED033042,Lycopodium Clavatum,0.0,73959.48999999999,193130.31,34129.62
MED010987,"Dextromethorphan Hydrobromide, Guaifenesin",0.0,73905.19999999998,216831.9,23168.34
MED104241,Pregabalin,0.0,73854.08000000002,215840.76,0.0
MED054958,Benzalkonium Chloride,0.0,73786.98999999999,278993.7,0.0
MED076441,Venlafaxine Hydrochloride,0.0,73733.12,266833.92,43256.28
MED050076,Minocycline Hydrochloride,0.0,73729.86000000002,253929.84,88638.5
MED005500,Trimethobenzamide Hydrochloride,0.0,73722.06,250612.2,51850.8
MED087351,Ketotifen Fumarate,0.0,73712.34000000003,301160.46,8749.31
MED088096,Metformin Hydrochloride,0.0,73659.29999999999,212807.0,41718.6
MED117160,Simvastatin,0.0,73638.73999999999,256525.87,34607.2
MED022335,"Glycerin, Naphazoline Hcl",0.0,73593.00000000006,299397.54,0.0
MED096676,Morphine Sulfate,0.0,73536.25000000003,254148.4,55398.64
MED114477,Ondansetron,0.0,73466.40000000002,190747.2,0.0
MED135344,Brivaracetam,0.0,73434.75,245051.0,0.0
MED050016,Calendula Officinalis,0.0,73309.59999999998,318500.0,0.0
MED103531,Potassium Carbonate,0.0,73272.41999999998,207936.51,178.78
MED105888,Essence Black Pepper And Cedarwood Scent 48H Fresh And Dry Antiperspirant,0.0,73236.80000000005,299038.53,58261.98
MED048762,"Dextrose Monohydrate, Trisodium Citrate Dihydrate, Anhydrous Citric Acid, Sodium Phosphate, Monobasic, Unspecified Form, Sodium Chloride, Mannitol, And Adenine",0.0,73220.4,232965.4,0.0
MED095964,Benzalkonium Chloride,0.0,73208.38,185759.14,31709.49
MED127675,Pantoprazole Sodium,0.0,73177.72,184122.4,0.0
MED037363,Betamethasone Dipropionate,0.0,73160.00999999998,243836.34,42727.58
MED014402,Aripiprazole,0.0,73155.59999999998,344047.2,47101.7
MED031971,Penciclovir,0.0,73122.59999999998,210496.08,14928.8
MED073867,Natrum Sulphuratum,0.0,73109.79000000001,222705.47,0.0
MED001089,Methocarbamol,0.0,73081.43999999994,242140.32,14012.75
MED066248,Acetaminophen,0.0,73043.96000000002,272755.78,53220.64
MED091228,"Titanium Dioxide, Zinc Oxide",0.0,73015.83000000005,207841.64,0.0
MED040288,"Diclofenac Potassium, Film Coated",69.66,73011.06,199008.0,50688.0
MED116185,Quetiapine Fumarate,774.94,72917.75,229622.0,0.0
MED072761,Loratadine,0.0,72867.98999999999,251629.82,0.0
MED050069,Acetic Acid,0.0,72798.77999999997,286829.42000000004,0.0
MED039296,Tolnaftate,0.0,72789.48000000004,309009.6,2985.6
MED064764,Levetiracetam In Sodium Chloride,0.0,72782.62000000002,239798.14,6838.35
MED076774,Nicotine Polacrilex,401.04,72769.67999999996,259580.64,0.0
MED095816,Sodium Fluoride,2006.2,72696.65999999997,314071.14,41517.36
MED035760,"Acetaminophen, Dextromethorphan Hbr, Doxylamine Succinate",0.0,72667.38,239616.56,17026.48
MED106501,Pregabalin,0.0,72631.35999999999,339783.36,22316.28
MED082917,"Avobenzone,Homosalate,Octocrylene,Octisalate",0.0,72589.44,305046.72000000003,113814.78
MED042663,Alcohol,3100.53,72585.12,227550.0,0.0
MED123059,Levothyroxine Sodium,0.0,72577.87000000002,184419.92,6232.88
MED102582,"Avobenzone 3% , Homosalate 10%,Octisalate 5%",456.48,72571.84000000003,329731.96,54672.78
MED092606,Micafungin,0.0,72569.13999999996,312239.23,0.0
MED011270,Losartan Potassium,0.0,72549.99999999997,184100.0,0.0
MED109844,Rabeprazole Sodium,0.0,72549.17999999998,300356.60000000003,70408.8
MED064434,Clobetasol Propionate,0.0,72501.84,242436.36,0.0
MED027354,"Avobenzone, Homosalate, Octisalate",0.0,72494.83999999997,293785.58,0.0
MED008151,Nifedipine,0.0,72462.50000000003,190653.1,0.0
MED116951,"Human Growth Hormone, Hypophysis Suis, Hepar Suis",0.0,72418.22999999998,275065.86000000004,0.0
MED000605,Fexofenadine Hcl,584.23,72408.23999999999,272765.04,34943.78
MED004551,Castor Oil,0.0,72376.07,188864.65,0.0
MED129167,Isopropyl Alcohol,0.0,72282.98999999999,279600.36,79413.12
MED007280,Medical Air,0.0,72247.56999999998,193956.68,72885.6
MED035505,Pantoprazole,0.0,72244.32000000004,251594.88,0.0
MED090583,Zinc Oxide,0.0,72199.20000000001,218555.24,0.0
MED065033,"Avobenzone 3%, Homosalate 14%, Octisalate 4.5%, Octocrylene 9%",0.0,72196.60000000003,329808.08,97281.52
MED077485,Hydrogen Peroxide,1560.71,72176.75999999998,257871.6,0.0
MED106987,Ethyl Alcohol,0.0,72167.04000000001,241691.78,12133.78
MED116527,Fexofenadine Hcl,0.0,72137.79999999999,181280.4,24232.38
MED081114,"Butalbital, Acetaminophen And Caffeine",0.0,72131.63000000006,357407.06999999995,62271.51
MED047095,"Mineral Oil, Petrolatum, Phenylephrine Hydrochloride",0.0,72067.38,249346.02,0.0
MED094474,Fluoxetine Hydrochloride,0.0,72055.59999999998,208132.9,0.0
MED124219,Silicea,0.0,72035.45999999999,185804.22,0.0
MED051993,Glipizide,0.0,72016.56,247548.84000000003,0.0
MED041954,Zinc Oxide,0.0,71971.59999999995,259821.8,0.0
MED050929,Nourishing Secrets Soothing Ritual Dry Spray Lavender Jasmine 48H Antiperspirant,751.72,71946.32,264663.3,82655.1
MED066037,Diphenoxylate Hydrochloride And Atropine Sulfate,0.0,71916.03,250970.47,43585.11
MED080679,Spironolactone,0.0,71876.15999999997,179865.63,24727.29
MED126438,"Camphor (Synthetic), White Petrolatum, Octinoxate, Oxybenzone",0.0,71640.0,348000.0,12528.0
MED117284,Adalimumab-Ryvk,0.0,71638.13999999998,246423.79,25170.14
MED003174,Anticoagulant Citrate Phosphate Dextrose (Cpd) And Adsol Preservation,0.0,71499.88,200907.24,14171.88
MED006448,Letermovir,0.0,71459.69999999998,185218.8,2849.52
MED019034,Azithromycin,209.36,71419.16,210920.92,0.0
MED064471,Guaifenesin,0.0,71327.79999999999,304738.74,0.0
MED002074,Undecylenic Acid 25% Fungal Nail Renewal,0.0,71268.85999999999,241384.46,0.0
MED123249,Medroxyprogesterone Acetate,0.0,71233.64999999997,220099.5,0.0
MED067054,Prednisone,0.0,71221.5,221540.76,7033.04
MED118303,Diphenhydramine Hcl,0.0,71219.30000000005,265681.79,0.0
MED106792,Cetirizine Hcl,0.0,71215.14000000001,217235.37,0.0
MED104065,"Dextromethorphan Hbr, Phenylephrine Hcl",0.0,71215.13999999998,216193.89,0.0
MED061295,Pulmo Bryonia,0.0,71187.47999999998,265355.1,0.0
MED129642,Salsolinol (Hydrochloride),0.0,71155.70000000001,303641.8,34307.58
MED109993,"Eucalyptol, Menthol, Methyl Salicylate, Thymol",0.0,71093.75,295925.0,57291.08
MED083821,Acetaminophen 325 Mg And Dextromethorphan Hbr 10 Mg Oral Liquid Day Time Kids,0.0,71087.90000000002,329595.36,0.0
MED047767,Clarithromycin,644.85,71077.01999999996,347418.68,30557.8
MED013498,Dextromethorphan Hbr,0.0,71015.07999999996,198709.96,0.0
MED092970,Coal Tar,0.0,70933.5,267778.5,0.0
MED009328,Lenalidomide,0.0,70895.35999999999,340019.08,0.0
MED015555,"Homosalate, Octocrylene, Octinoxate, Octisalate, Avobenzone",0.0,70850.04999999999,185952.63,3735.06
MED133688,"Lidocaine, Petrolatum",2035.72,70836.34999999998,185754.0,79672.8
MED036968,Benzalkonium Chloride,220.76,70819.38,238937.94,0.0
MED097233,Estradiol,0.0,70688.09999999998,225356.5,0.0
MED026093,Epinephrine,1874.92,70637.84000000003,313364.74,3499.11
MED047609,Antimony Potassium Tartrate,0.0,70566.21000000002,237914.82,0.0
MED035149,Hydrocortisone Butyrate,0.0,70534.59999999998,239596.16000000003,0.0
MED122379,Meloxicam,0.0,70482.02999999997,273643.48,76947.2
MED041192,Cyclobenzaprine Hydrochloride,0.0,70459.26999999999,189744.43,45685.39
MED035931,Silicon Dioxide,0.0,70423.50000000006,314007.3,0.0
MED012567,"Calcarea Carbonica, Kali Phosphoricum, Lycopodium Clavatum, Passiflora Incarnata, Gallicum Acidum",0.0,70416.54000000001,230028.66,0.0
MED020247,Zinc Oxide,848.54,70400.69,233650.1,41584.0
MED054306,Propranolol Hydrochloride,609.05,70307.09999999995,261843.81000000003,0.0
MED037162,Aurum Muriaticum Natronatum,0.0,70298.09999999998,230394.0,66288.8
MED089660,Hydrogen Cyanide,0.0,70290.55000000002,213483.97,0.0
MED032944,Kali Aceticum,0.0,70254.79999999999,195734.0,0.0
MED024894,Amlodipine Besylate,0.0,70244.21999999997,190267.92,56435.4
MED015863,Delay Serum,0.0,70166.13999999996,335091.9,15440.1
MED109035,Escitalopram,0.0,70164.54000000001,242518.71,18035.92
MED133831,Escitalopram,1679.86,70086.1,237020.7,5739.0
MED039147,Loratadine,0.0,70057.68,277724.58,0.0
MED094019,Potassium Chloride,0.0,69991.22,180089.66,0.0
MED093395,Bupropion Hydrochloride,0.0,69954.00000000003,179046.87,86106.51
MED007581,Dapagliflozin,0.0,69943.12,249662.32,44664.36
MED063492,Meloxicam,0.0,69921.90000000002,250981.95,33464.26
MED079166,Castor Oil,0.0,69916.51000000001,178062.59,76488.78
MED104463,Ozanimod Hydrochloride,0.0,69892.20000000001,278667.9,0.0
MED096794,Lidocaine Hydrochloride,0.0,69890.4,240944.4,10393.68
MED000551,Trolamine Salicylate,0.0,69877.5,242559.24,0.0
MED090181,"Glycerin, Naphazoline Hydrochloride",0.0,69866.86999999994,212859.02,0.0
MED073425,Famotidine,0.0,69866.51000000007,265713.21,0.0
MED124781,Sunscreen,0.0,69858.44000000006,194097.16,0.0
MED022095,Ziprasidone,0.0,69833.28000000003,308190.96,0.0
MED114525,Miconazole Nitrate,0.0,69821.37,291441.96,0.0
MED007918,Nifurtimox,2837.48,69819.82000000004,252468.2,24016.0
MED012449,Purified Water,0.0,69798.85,186416.34,28789.38
MED110476,Chlorpromazine Hydrochloride,0.0,69793.33000000002,182137.08,0.0
MED097246,Zinc Oxide,0.0,69791.40000000002,199847.12,0.0
MED116985,Titanium Dioxide,0.0,69778.52999999997,345429.72000000003,8450.88
MED018657,Clopidogrel,2467.32,69756.44,185649.88,29934.67
MED012864,Mirabegron,7615.11,69715.68,290613.76,19949.92
MED129744,Fluocinolone Acetonide,0.0,69701.64000000001,204690.3,37399.65
MED109510,Benzalkonium Chloride Wipes,0.0,69631.87000000002,256649.47,0.0
MED136866,Alcohol Antiseptic,0.0,69599.77999999991,335928.87000000005,0.0
MED046053,Alendronate Sodium,0.0,69543.24000000003,290081.89,23874.46
MED026724,Hydromorphone Hydrochloride,0.0,69487.25000000003,217156.91,0.0
MED120615,Hydroxychloroquine Sulfate,0.0,69472.4,202162.65,0.0
MED068588,Testosterone Cypionate,0.0,69461.82000000004,205818.94,22459.07
MED118275,Viburnum Opulus Bark,0.0,69456.88000000005,307707.04000000004,0.0
MED007417,Diphenhydramine Hcl,0.0,69441.12000000002,224423.7,63091.0
MED136931,Albuterol Sulfate,0.0,69405.83999999997,290882.06,33155.25
MED092933,Adenosine,0.0,69400.79999999999,189766.8,0.0
MED080856,Lidocaine,0.0,69308.32,310659.44,18214.56
MED130072,Ferula Assa-Foetida Resin,0.0,69258.18000000005,307223.1,62200.65
MED023290,Rivastigmine Tartrate,0.0,69233.1,207667.26,0.0
MED091288,Fluphenazine Hydrochloride,0.0,69183.5,193922.51,24334.39
MED110715,Skin Tag Remover Liquid,0.0,69158.32,286353.76,54388.62
MED124416,Anticavity Mouthwash,0.0,69107.34,226770.97,22216.01
MED062501,Lidocaine,0.0,69084.18000000002,220633.71,19887.45
MED012223,Zinc Oxide,0.0,69071.80000000002,202262.54,11189.89
MED132525,Alcohol,4928.55,69053.6,195089.72,64907.67
MED079290,Amoxicillin And Clavulanate Potassium,1631.26,68908.80000000002,214185.6,82779.84
MED123892,Sodium Fluoride,0.0,68907.74000000005,222762.04,32311.9
MED127782,Isradipine,0.0,68739.84000000003,239733.0,19807.0
MED000077,Clobazam,0.0,68626.80000000002,188698.95,0.0
MED073307,Nifedipine,0.0,68474.56000000003,180223.12,0.0
MED129586,Atovaquone,0.0,68470.26999999999,226332.06000000003,23286.36
MED014216,"Avobenzone, Homosalate, Octisalate, Octocrylene",0.0,68469.16000000003,223154.05,0.0
MED082175,Diclofenac Potassium,0.0,68445.23000000004,210675.1,66224.0
MED021905,Cold Flu Relief Elderberry,1461.9,68421.35999999999,260041.2,0.0
MED101956,Promethazine Hydrochloride,0.0,68375.63,182128.23,9761.85
MED097440,L-Menthol,0.0,68341.35,172379.9,7912.52
MED033835,Levetiracetam Injection,0.0,68209.56000000006,282888.04,39886.6
MED035825,Ethyl Alcohol,0.0,68186.15,194667.53,0.0
MED023508,Anti-Diarrhea Drops,0.0,68099.45000000001,264052.75,0.0
MED030933,Menthol,0.0,68095.52000000008,339911.52,13582.53
MED052325,Hydrocortisone,0.0,68065.91999999995,199825.92,0.0
MED006115,Ratanhia,0.0,68055.84000000003,335909.68,14837.0
MED075963,Levothyroxine Sodium,0.0,68044.35000000003,198713.3,0.0
MED022985,Carbamazepine,0.0,68037.48000000004,304352.1,0.0
MED032136,Cisplatin,680.59,68022.53,231186.59,29649.58
MED088393,Docetaxel,0.0,67988.32000000004,214752.4,0.0
MED128314,Naproxen Sodium,0.0,67967.04000000001,260523.72,0.0
MED131479,Bisacodyl,0.0,67882.04000000001,240222.6,41653.8
MED053045,Tofacitinib,0.0,67851.41999999998,299387.34,6708.96
MED135276,Terbinafine Hydrochloride,0.0,67807.73000000001,236201.95,40770.95
MED088758,Ferrum Phosphoricum 6,0.0,67763.08000000005,225307.39,0.0
MED110457,"Arnica Mont, Baptisia, Bryonia, Eupatorium Perf, Gelsemium, Ipecac, Rhus Tox",0.0,67749.03000000003,309867.04,60919.04
MED000559,Antiperspirant Above Dermaclinical Women,821.18,67737.66999999998,253121.31,0.0
MED088093,Fosdenopterin Hydrobromide,0.0,67728.54000000001,178154.43999999997,16327.8
MED086970,Lisdexamfetamine Dimesylate Oral,187.69,67470.35999999999,195795.63,20581.56
MED130029,Fluoxetine Hydrochloride,0.0,67466.24999999999,246193.96000000002,12512.04
MED120450,Amoxicillin And Clavulanate Potassium,0.0,67458.93000000002,198768.02,0.0
MED041497,Carvedilol Phosphate,0.0,67455.78,222624.36,0.0
MED000064,Losartan Potassium And Hydrochlorothiazide,0.0,67452.23999999999,171312.84,0.0
MED080517,Metronidazole,0.0,67381.09000000005,275670.22,6584.0
MED027699,"Zinc Oxide, Titanium Dioxide, Homosalate, Octisalate, Octocrylene",2594.95,67271.76000000001,222114.24,81505.44
MED102678,Norgestrel And Ethinyl Estradiol,0.0,67261.19999999995,326935.8,0.0
MED032144,Levothyroxine Sodium,0.0,67096.62,288013.32,0.0
MED000884,Diclofenac Sodium And Misoprostol,0.0,67056.00000000003,253939.2,0.0
MED075460,Cadmium Sulfide,0.0,67038.84,185049.36,27054.0
MED047406,Aspirin,0.0,67022.77000000002,251274.95,0.0
MED068702,Ethyl Alcohol,0.0,67019.08000000002,287757.9,0.0
MED034033,Acetaminophen,0.0,66931.79999999999,221699.4,0.0
MED020044,Famciclovir,2013.74,66765.59999999995,231636.24,0.0
MED124106,Divalproex Sodium,0.0,66760.80000000002,221926.96000000002,131409.12
MED075783,Thioridazine Hydrochloride,0.0,66742.38,186684.48,19404.48
MED128217,Pregabalin,0.0,66677.79999999999,183741.28,0.0
MED064210,Talazoparib,0.0,66661.88,318042.08,11643.8
MED006534,Magnesium Hydroxide,0.0,66650.15000000005,213017.07,17225.1
MED123635,Hydrocortisone,0.0,66644.40000000002,242949.2,0.0
MED005209,Clozapine,0.0,66609.06,169068.06,60618.24
MED037749,Solarcaine Burn Pain Relief 4Oz,0.0,66606.03999999998,326028.51,0.0
MED027586,Liothyronine Sodium,0.0,66579.4,167272.63999999998,2709.6
MED103171,Suzetrigine,0.0,66576.84000000003,200638.2,0.0
MED101513,Mercurius Aceticus,0.0,66555.51000000001,200273.43,0.0
MED131822,Ofloxacin,0.0,66481.56,242053.2,0.0
MED091698,Cadmium Bromatum,0.0,66456.81999999995,229904.27,90763.81
MED079835,Alcohol,350.52,66428.37000000005,202874.49,0.0
MED067753,Gabapentin,0.0,66382.04999999999,264624.57,0.0
MED094141,Dextromethorphan Hbr Guaifenesin Phenylephrine Hcl,0.0,66317.93999999997,203221.98,0.0
MED026153,Amoxicillin,0.0,66309.18,203990.99,0.0
MED088731,Nitrofurantoin Monohydrate/Macrocrystalline,0.0,66266.55000000002,256574.2,0.0
MED010043,Titanium Dioxide,0.0,66217.85999999996,229483.08,26731.9
MED047718,Olmesartan Medoxomil / Amlodipine Besylate / Hydrochlorothiazide,0.0,66182.38000000006,319399.46,60945.48
MED021705,Aspirin,0.0,66095.90999999997,198877.26,0.0
MED128080,Quetiapine,0.0,65982.84,202677.86,7718.69
MED089483,"Acetaminophen, Dextromethorphan Hbr, Guaifenesin, Doxylamine Succinate, Phenylephrine Hcl",0.0,65956.40999999997,294236.01,0.0
MED122734,Lisdexamfetamine Dimesylate,0.0,65952.29999999999,192375.2,0.0
MED121797,Naloxone Hydrochloride,0.0,65948.30000000002,173939.09,0.0
MED089828,"Avobenzone, Homosalate, Octisalate, Octocrylene",1402.28,65822.68000000002,231136.95,5623.05
MED102388,Ethyl Alcohol,0.0,65798.43000000002,216181.14,53915.68
MED134856,Benzoyl Peroxide,0.0,65679.6,254327.64,63149.38
MED026672,Venlafaxine Hydrochloride,0.0,65650.04999999999,195356.25,57191.25
MED064900,Tenofovir Disoproxil Fumarate,0.0,65620.23000000001,280587.06,14911.62
MED054176,Aminocaproic Acid,519.07,65556.72,173553.0,2265.25
MED077529,Oxygen,0.0,65556.47999999998,217286.4,0.0
MED013158,Clomipramine Hydrochloride,0.0,65542.35999999993,259050.9,58044.6
MED094496,Salicylic Acid,0.0,65513.79000000004,294439.59,35288.64
MED008478,Acetaminophen,0.0,65510.48000000001,168598.40000000002,0.0
MED096776,Menthol,0.0,65477.100000000006,199613.7,83428.29
MED132294,"Urtica Dioica, Berberis Vulgaris, Boldo, Juniperus Communis, Aloe Socotrina, Chelidonium Majus",0.0,65447.16,180380.58,44551.83
MED062183,Ampicillin,0.0,65441.04999999999,178887.4,0.0
MED033078,Ruthenium,2081.04,65438.90999999997,298624.68,13469.32
MED068126,"Acetaminophen, Dextromethorphan Hydrobromide, Guaifenesin, Phenylephrine Hydrochloride, Triprolidine Hydrochloride",0.0,65431.61,270525.24,116138.7
MED013313,Metronidazole,1343.61,65417.72,176506.66,16313.0
MED104604,Etravirine,0.0,65415.04000000001,172571.04,0.0
MED065373,Lisinopril,824.22,65406.48000000004,185478.67,0.0
MED007895,Sertraline Hydrochloride,0.0,65404.95999999996,307242.9,0.0
MED100648,Venlafaxine Hydrochloride,0.0,65363.38999999999,210367.79,0.0
MED005118,Loperamide Hydrochloride,797.91,65332.580000000045,178466.84999999998,0.0
MED061441,"Avobenzone, Homosalate, Octisalate And Octocrylene",0.0,65326.56000000003,230124.96,931.68
MED008897,Nicotine Polacrilex,0.0,65240.53,254820.85,2009.1
MED083003,"Ginkgo Biloba, Leonurus Cardiaca, Cactus Grandiflorus (N), Heart (Bovine), Taurine, Ubidecarenonum (Coq 10), Aurum Muriaticum Natronatum, Magnesia Phosphorica",0.0,65207.24000000005,302537.75999999995,13648.32
MED053718,Pregabalin,0.0,65068.00000000003,186008.0,3255.14
MED096262,Esomeprazole Magnesium,0.0,64983.29999999996,242157.00000000003,0.0
MED118046,Silicon Dioxide,0.0,64953.84,181695.6,29913.3
MED056030,Tolnaftate 1% Fungal Nail,0.0,64903.40999999997,176219.23,41026.65
MED095220,"Octinoxate, Octisalate, Oxybenzone, And Titanium Dioxide",0.0,64816.59999999998,268094.60000000003,2536.03
MED046591,Aluminium Sulphuricum,0.0,64757.59999999998,265905.10000000003,41411.45
MED105338,Hydrochlorothiazide,1802.4,64665.399999999965,253031.82,0.0
MED131469,Cetylpyridinium Chloride,0.0,64655.76000000001,191792.64,39920.64
MED075726,Quetiapine Fumarate,0.0,64630.44,237262.56,45302.56
MED087470,Conium Maculatum,0.0,64479.07999999999,244021.34,75908.22
MED076926,Zinc Oxide,0.0,64478.95999999999,189229.04,0.0
MED079701,Metformin Hydrochloride,0.0,64465.04000000001,250542.46,43685.81
MED076965,Titanium Dioxide,0.0,64460.0,267003.0,45147.78
MED014988,"Avobenzone,Homosalate,Octocrylene,Octisalate",0.0,64458.0,272079.0,0.0
MED008695,Sodium Chloride,3016.84,64438.399999999965,304512.0,2928.0
MED109583,Methyl Salicylate 2%,0.0,64386.08999999997,272570.13,0.0
MED015658,Zinc Oxide,0.0,64369.19999999998,242545.8,0.0
MED131172,Benzoyl Peroxide,0.0,64348.899999999965,185450.98,0.0
MED047189,Topiramate,0.0,64328.100000000006,161708.4,0.0
MED013434,Flecainide Acetate,0.0,64321.10000000004,226386.32,18374.04
MED121915,Quetiapine,0.0,64288.35999999999,217384.46,46494.41
MED078143,Bismuthum Subnitricum,0.0,64191.25000000003,259408.3,90355.7
MED050836,Medicated Corn Removers,0.0,64190.0,191666.1,0.0
MED023705,"Avobenzone,Homosalate,Octocrylene",0.0,64140.899999999965,270522.60000000003,14581.36
MED007926,Brivaracetam,0.0,64120.34999999998,276527.65,69506.95
MED039248,"Avobenzone, Homosalate, Octisalate, And Octocrylene",0.0,64093.119999999966,163174.08000000002,51320.88
MED061519,Nystatin,493.53,64075.62000000005,167946.65999999997,0.0
MED042759,Sodium Chloride,0.0,64061.19999999998,253412.48,0.0
MED000260,Metoprolol Succinate,0.0,64048.600000000006,183645.0,0.0
MED092803,Phenazopyridine Hydrochloride,599.4,64025.57999999999,172056.93,59026.83
MED079863,Levothyroxine Sodium,0.0,63980.16,192871.08,43772.16
MED101207,Lac Defloratum,0.0,63920.090000000026,258527.88,0.0
MED047992,Metformin Hydrochloride,0.0,63871.5,189754.84000000003,35592.68
MED024643,Etranacogene Dezaparvovec,0.0,63856.59,192997.77,0.0
MED052677,Gabapentin,0.0,63853.67999999999,187122.96,46082.52
MED079786,Nilotinib,0.0,63836.15999999997,179381.76,45779.72
MED118034,Hydrocortisone Cream 1%,0.0,63831.81,308225.49,0.0
MED074066,Manganum Fluoratum,0.0,63824.03999999998,164788.47,22811.25
MED125152,Undecylenic Acid 25% Fungal Nail Repair Pen,371.63,63823.28,206864.48,41840.68
MED103577,Methyl Salicylate,196.7,63814.80000000002,245347.6,47687.28
MED054728,"Homosalate, Octisalate, Octocrylene, Zinc Oxide",420.95,63766.22999999998,304674.26,24662.3
MED066738,Magnesium Hydroxide,0.0,63737.65,160680.35,25879.49
MED005686,Acetaminophen,0.0,63725.71999999997,306544.46,14909.75
MED132947,Gabapentin,0.0,63723.15,192665.85,0.0
MED006736,Metformin Hcl,0.0,63669.0,191691.0,33697.26
MED128294,Guanfacine,0.0,63597.59999999998,214516.8,39923.96
MED077562,"Octisalate, Titanium Dioxide",0.0,63567.03000000003,248191.68,16129.84
MED033139,Etherum,0.0,63448.20000000001,176842.91999999998,85211.44
MED100977,Venlafaxine Hydrochloride,0.0,63410.34,171188.63999999998,59940.0
MED041923,Zinc Oxide,0.0,63404.09999999998,182329.05,0.0
MED132704,Chlorpromazine,0.0,63369.36000000005,302685.48,0.0
MED008093,Ibuprofen,0.0,63307.06,172265.64,17694.96
MED015084,"Caulophyllum Thalictroides, Hypophysis Suis, Hypothalamus Suis, Pineal Gland (Suis), Cimicifuga Racemosa, Natrum Muriaticum, Cinchona Officinalis, Adrenocorticotrophin",3953.88,63232.399999999965,176360.80000000002,10306.8
MED045922,"Famotidine, Calcium Carbonate, And Magnesium Hydroxide Tablet, Chewable",0.0,63192.48000000004,212491.44,91800.03
MED055036,Quetiapine Fumarate,0.0,63165.39000000003,170209.24,0.0
MED132385,Tobramycin,0.0,63099.0,182023.8,0.0
MED096398,Ethyl Alcohol,0.0,63085.63999999999,224341.16,57077.95
MED041184,Nitrofurantoin (Monohydrate/Macrocrystals),0.0,63068.06999999998,204991.41,13483.27
MED066929,Sildenafil Citrate,0.0,63029.360000000015,187903.08,50543.55
MED021778,Asenapine Maleate,0.0,63021.0,259399.0,105080.64
MED046605,Haemophilus B Conjugate Vaccine (Meningococcal Protein Conjugate),0.0,63013.340000000026,166137.13999999998,0.0
MED036172,Helium Oxygen Mixture,0.0,62919.06,196611.54,0.0
MED065434,Oseltamivir Phosphate,0.0,62907.57000000004,172941.38999999998,11399.15
MED075125,Acetaminophen,0.0,62881.50000000003,179183.59999999998,44069.48
MED064270,Bellis Perennis,0.0,62850.12000000005,309209.0,110593.0
MED041553,"Avobenzone, Homosalate, Octisalate,",6650.64,62742.53000000004,300985.74000000005,112003.2
MED074499,Diphenhydramine Hcl,0.0,62739.12,170545.52,0.0
MED133662,"Bacitracin Zinc, Neomycin Sulfate, And Polymyxin B Sulfate",0.0,62730.0,178992.0,0.0
MED136146,"Brompheniramine Maleate, Pseudoephedrine Hydrochloride And Dextromethorphan Hydrobromide",0.0,62726.4,223287.84,47207.46
MED115464,"Acetaminophen, Dextromethorphan Hbr, Phenylephrine Hcl",0.0,62697.56999999998,201065.65,22640.1
MED092636,Acetaminophen,0.0,62668.31999999995,298222.32,0.0
MED007752,Gabapentin,0.0,62610.21000000005,224264.82,21511.62
MED059552,Dexmedetomidine Hydrochloride,0.0,62539.55999999997,202080.42,0.0
MED115916,Fluticasone Propionate And Salmeterol,0.0,62512.69999999998,239970.4,3341.36
MED062956,Golimumab,0.0,62439.30000000005,307810.8,41663.28
MED100293,Diclofenac Potassium,0.0,62387.79999999998,168958.86,0.0
MED062101,Simvastatin,0.0,62349.90999999997,290107.68,0.0
MED093433,Beclomethasone Dipropionate,0.0,62327.34999999998,168248.7,94314.06
MED062028,Colchicine,0.0,62311.82999999999,203333.34,0.0
MED042450,"Titanium Dioxide, Zinc Oxide",140.31,62298.23999999999,169383.28,0.0
MED095848,Pegloticase,0.0,62277.27999999997,264296.08,0.0
MED020109,Diphenhydramine Hydrochloride,0.0,62186.0,250006.25,0.0
MED062038,Metoprolol Succinate,0.0,62174.83999999997,273692.72000000003,65070.32
MED005012,Benzethonium Chloride,0.0,62150.00000000003,241349.92,0.0
MED076809,"Octinoxate, Titanium Dioxide",0.0,62112.63999999999,228079.84,72430.76
MED102505,Omeprazole,184.19,62028.03,230745.45,33836.4
MED060378,Calcium Carbonate,0.0,61997.69999999995,201094.2,40646.7
MED075025,Diltiazem Hydrochloride,0.0,61966.59999999998,206648.56,13713.52
MED107543,Oxymetazoline Hydrochloride,1928.66,61909.97999999998,162336.57,0.0
MED128826,Etherum,0.0,61909.68000000008,218830.44,33079.02
MED020934,Colchicine,0.0,61880.5,212245.0,74864.6
MED045541,"Potassium Nitrate, Sodium Fluoride",0.0,61875.84000000008,283938.72,22751.5
MED095955,Ketotifen Fumarate,0.0,61844.19,165784.15,52697.05
MED120396,Prednisone,1389.26,61829.60000000004,285294.56,29231.0
MED088189,Guanfacine,0.0,61818.12,177839.76,39367.36
MED053130,Isosorbide Dinitrate,0.0,61776.65000000002,273740.3,77514.58
MED102771,Bisoprolol Fumarate And Hydrochlorothiazide,0.0,61680.96000000002,209855.36,0.0
MED133790,Lurasidone Hydrochloride,0.0,61636.77000000002,182762.76,7450.76
MED053307,Lisdexamfetamine Dimesylate,0.0,61621.0,242340.0,34620.0
MED011205,Zidovudine,0.0,61603.67000000001,220798.33,0.0
MED124343,Magnesium Citrate,0.0,61462.72000000003,277418.24,0.0
MED115433,Pentamidine Isethionate,0.0,61446.330000000016,296118.24,0.0
MED032731,Repaglinide,0.0,61436.75999999998,218201.27,39347.77
MED004948,Ibuprofen Mini 200 Mg,0.0,61403.25,289664.0,35133.44
MED063082,Olipudase Alfa-Rpcp,0.0,61400.42999999999,165624.41,65670.32
MED104407,Povidone-Iodine,0.0,61335.29999999999,167349.0,0.0
MED122845,"Acetaminophen, Dextromethorphan Hydrobromide, Guaifenesin, And Phenylephrine Hydrochloride",0.0,61306.5,192153.5,53802.98
MED123193,Clotrimazole,0.0,61286.37000000001,230659.55000000002,0.0
MED007250,"Benzalkonium Chloride, Lidocaine Hcl",765.34,61243.73999999996,178124.16000000003,29161.92
MED119305,Acidum Benzoicum,0.0,61212.05999999997,222414.4,0.0
MED013702,Perphenazine,0.0,61132.88999999999,192158.89,13445.52
MED107040,Prednisolone Sodium Phosphate,0.0,61127.19999999998,168278.56,32806.6
MED060107,Mercurius Corrosivus,0.0,61078.15999999997,156420.16,0.0
MED076141,"Camphor (Synthetic), Eucalyptus Oil, And Menthol",0.0,61023.600000000006,200265.12,91029.6
MED032499,Galantamine,0.0,60979.22999999998,153239.58,0.0
MED108958,Ciprofolxacin,0.0,60958.03,205882.6,0.0
MED136131,Simethicone 125 Mg,0.0,60936.75,178007.58,0.0
MED000464,Hydrocodone Bitartrate And Acetaminophen,0.0,60909.79999999999,203913.0,0.0
MED098233,"Benzalkonium Chloride, Lidocaine Hydrochloride",0.0,60884.4,165382.28,0.0
MED093976,Acyclovir,0.0,60872.140000000014,188064.24,48556.56
MED114890,Benzalkonium Chloride,0.0,60855.60000000004,181969.2,0.0
MED118883,Warfarin Sodium,0.0,60726.399999999965,230322.4,14806.44
MED132566,Perampanel,0.0,60712.56,160411.5,0.0
MED035142,Miconazole Nitrate,2742.39,60683.99999999997,190578.88,5144.16
MED064693,Pregabalin,0.0,60665.11000000005,276176.89,0.0
MED022028,Nitrogen,0.0,60654.879999999976,231831.6,0.0
MED128185,Tapentadol Hydrochloride,0.0,60648.92999999999,212805.36,0.0
MED081039,Colchicine,0.0,60647.99999999994,244171.2,0.0
MED035303,Sulindac,0.0,60614.28,154790.82,36155.52
MED136998,Human Immunoglobulin G,0.0,60546.919999999984,255000.29,49808.07
MED091727,Anagallis Arvernsis,0.0,60486.0,198239.9,0.0
MED121166,"Dextromethorphan Hbr, Guaifenesin",0.0,60380.5,203891.06,0.0
MED082635,Metolazone,0.0,60272.75999999998,277125.9,97887.6
MED010371,Chimaphila Umbellata,338.37,60071.35000000004,243076.31,0.0
MED021466,Atenolol,0.0,60041.57999999999,169083.78,103683.45
MED041096,"Camphor, Menthol",0.0,60038.40000000002,202233.12,30849.12
MED061286,Carbo Betulae 20,0.0,60031.98000000004,299068.54,0.0
MED038651,Menthol,0.0,60007.52999999997,242379.69,31899.91
MED050977,Men Care Eucalyptus Birch 72H Antiperspirant,0.0,59979.80000000005,280005.9,50783.1
MED039456,Losartan Potassium,0.0,59975.09999999998,178434.51,31687.06
MED081304,"Povidone, Polyvinyl Alcohol",0.0,59956.4,172763.58,16208.94
MED014850,Nicotine Polacrilex,0.0,59938.42000000001,190683.64,16774.24
MED090363,Alcohol,0.0,59915.15999999997,151761.06,37407.26
MED036555,Zinc Oxide,0.0,59880.09999999998,201877.55,0.0
MED041528,Oxycodone Hydrochloride,0.0,59877.48000000004,231768.86,23335.09
MED117962,Venlafaxine,0.0,59837.96000000002,167105.12,69780.16
MED040161,Fluoxetine Hydrochloride,826.69,59786.640000000014,294167.25,0.0
MED075844,Pyrithione Zinc,0.0,59707.44000000003,211133.52,0.0
MED089813,Calcium Carbonate,0.0,59687.75999999998,191359.08,0.0
MED022161,Sodium Sulfate,0.0,59681.09,149921.59,58321.9
MED108441,Lorazepam,0.0,59603.51000000001,230979.85,0.0
MED064567,Prednisone,0.0,59601.360000000015,171760.68,0.0
MED012874,Colchicine,888.36,59599.67999999997,255366.72,0.0
MED030620,"Octinoxate, Oxybenzone, Petrolatum",0.0,59589.75,270806.7,107157.92
MED039318,Lisdexamfetamine Dimesylate,0.0,59565.00000000006,293254.17,0.0
MED033148,Aluminum Metallicum,0.0,59519.02000000002,152319.31,0.0
MED053720,Modafinil,0.0,59384.390000000014,178679.41,0.0
MED095268,Nicotine Polacrilex,0.0,59364.54999999999,183493.45,20142.89
MED034719,Amitriptyline Hydrochloride,0.0,59297.48000000001,171528.83,0.0
MED116833,Sertraline Hydrochloride,0.0,59266.80000000005,269194.5,47343.0
MED011397,Methylprednisolone,0.0,59209.92000000001,163889.27999999997,43817.62
MED104259,First Aid Burn Cream,721.99,59150.52000000002,199129.36,0.0
MED088026,Acetaminophen,0.0,59149.399999999965,233940.95,95153.51
MED102921,Furosemide,307.06,59140.15999999997,160931.16,0.0
MED072908,Ephedrine Sulfate,0.0,59106.79999999999,195633.45,0.0
MED051440,"Dextromethorphan Hbr, Guaifenesin",0.0,59090.59999999998,285176.0,61677.6
MED021773,Milnacipran Hydrochloride,0.0,59044.76000000001,232540.44,0.0
MED025587,Acetaminophen,0.0,59025.24000000002,204387.96,19230.05
MED020651,Chlorthalidone,0.0,59020.80000000005,242618.1,89265.15
MED121385,Timolol Hemihydrate,0.0,58981.70000000004,207632.9,103255.28
MED036063,Magnesium Oxide,2225.68,58938.640000000014,251222.0,0.0
MED102971,Olmesartan Medoxomil And Hydrochlorothiazide,0.0,58891.55999999997,205652.72,31073.9
MED130743,Dexlansoprazole,0.0,58836.95999999999,200614.96,0.0
MED073342,Capsaicin,0.0,58836.80999999997,151388.73,0.0
MED083471,Zinc Oxide,0.0,58818.65999999997,179048.76,56283.26
MED072990,Clindamycin Phosphate,930.51,58791.130000000034,225878.84,6959.04
MED090396,"Octinoxate, Titanium Dioxide",0.0,58663.65000000002,264998.4,0.0
MED096377,Zinc Oxide,0.0,58659.07999999999,154756.80000000002,26611.2
MED123353,Ibuprofen,1197.6799999999998,58648.05000000002,243471.42,12023.28
MED095677,Palopegteriparatide,0.0,58508.600000000006,180876.48,87389.76
MED008741,Metoprolol Tartrate,0.0,58474.679999999935,217414.78000000003,0.0
MED129585,"Viburnum Opulus, Magnesia Phosphorica, Folliculinum, Pulsatilla (Pratensis), Borax, Mercurius Solubilis, Nitricum Acidum, Silicea, Thuja Occidentalis",0.0,58456.02000000002,159913.24,23251.48
MED024875,Ibuprofen,0.0,58431.24000000002,158170.74,48255.48
MED136231,Tirzepatide,0.0,58375.07999999999,153819.0,62192.25
MED028585,Acellular Tissue Engineered Vessel,868.6,58351.04000000001,156327.96,0.0
MED131445,Diphenhydramine Hcl,0.0,58306.25,231168.25,0.0
MED073135,Cabergoline,0.0,58300.30000000002,169434.24,68625.6
MED116137,Bimatoprost,0.0,58288.80000000002,220758.4,6222.72
MED007953,Cetirizine Hydrochloride,1145.72,58268.080000000016,249833.88,0.0
MED055763,Wart Remover,0.0,58254.0,159961.0,0.0
MED121531,Methimazole,0.0,58233.390000000014,170255.75,33671.75
MED074716,Saxagliptin And Metformin Hydrochloride,0.0,58213.43999999997,154008.27000000002,0.0
MED123430,Lisinopril,0.0,58182.600000000006,151074.84,57038.46
MED022038,Lidocaine Hydrochloride,0.0,58176.72000000003,154438.19999999998,39871.3
MED134191,Betamethasone Dipropionate,0.0,58175.19,158739.21,0.0
MED081294,Metformin Hydrochloride,0.0,58115.52000000002,169928.63999999998,75523.84
MED027307,"Methenamine, Sodium Phosphate, Monobasic, Methylene Blue, And Hyoscyamine Sulfate",0.0,58078.630000000005,169377.97,39853.64
MED136271,Emtricitabine And Tenofovir Disoproxil Fumarate,0.0,58015.28000000003,209060.56,21944.28
MED048141,Gadoquatrane,0.0,57978.12,177649.58000000002,16693.29
MED101062,Burn Relief,0.0,57913.9,151254.22,0.0
MED076888,"Amanita Muscaria Fruiting Body, Strychnos Ignatii Seed, Lachesis Muta Venom, Magnesium Phosphate, Dibasic Trihydrate, Phosphorus, And Zinc Valerate Dihydrate",0.0,57899.63999999999,152354.18,85424.02
MED076662,"Aconitum Nap, Arnica, Bellis, Calendula, Echinacea, Gelsemium, Hamamelis, Hypericum, Ledum, Phosphorus, Rhus Toxicodendron, Ruta, Staphysag., Symphytum, Hydrastis Canadensis.",0.0,57887.37,164719.54,40010.74
MED025896,Mometasone Furoate,0.0,57843.19999999998,184006.4,54914.41
MED055772,Olmesartan Medoxomil,0.0,57808.48000000004,266692.0,0.0
MED041307,Cholic Acid,0.0,57796.28999999995,213202.24,460.48
MED039393,Loteprednol Etabonate,134.22,57742.19,215622.26,50138.34
MED055196,"Octinoxate, Octocrylene, Octisalate, Avobenzone",0.0,57712.46000000002,158016.81999999998,907.1
MED034152,Rasagiline,0.0,57646.20000000003,183982.8,525.12
MED118053,Fagus Sylvatica Whole,0.0,57628.92000000001,241161.72,16789.74
MED092274,Azathioprine,0.0,57547.65999999997,255677.64,0.0
MED010128,Organophosphate Combination,0.0,57505.19999999998,199448.31,15360.64
MED015009,"Aesculus, Beta Vulgaris, Calc Fluor, Negundium Americana, Paeonia Off, Ratanhia, Sedum Acre, Sulphur",0.0,57473.09999999998,145854.45,13988.38
MED068310,Sodium Fluoride,0.0,57421.92000000001,191103.84,0.0
MED133953,Ciprofloxacin Hydrochloride,0.0,57419.71000000002,256000.11,0.0
MED131284,Nicotine,0.0,57409.0,183898.0,0.0
MED003559,Venetoclax,0.0,57396.56,264760.64,97695.52
MED054354,Lisinopril,0.0,57342.44999999998,229946.64,0.0
MED068726,"Avobenzone, Homosalate, Octisalate, Octocrylene",0.0,57312.360000000015,240981.94,0.0
MED066266,Magnesium Citrate,0.0,57300.81,237010.62,27631.78
MED050513,"Avobenzone,Homosalate,Octisalate,Octocrylene",0.0,57290.31,167019.93,0.0
MED128334,Lansoprazole,0.0,57245.850000000006,188163.0,0.0
MED015946,Cetirizine Hcl,0.0,57159.360000000015,233179.11,0.0
MED019472,Echinacea Angustifolia,0.0,57154.67999999999,213056.55,25847.85
MED036450,Losartan Potassium,0.0,57143.85000000004,213053.7,3207.26
MED113986,Salicylic Acid,0.0,57071.27000000002,152225.88999999998,0.0
MED071251,"Octinoxate, Oxybenzone, Octisalate",0.0,57051.42999999999,153071.94,3268.44
MED033981,"Cinnamomum, Echinacea (Angustifolia), Hydrastis Canadensis, Lappa Major, Trifolium Pratense, Viscum Album",0.0,57037.47,190678.74,0.0
MED061511,Valacyclovir,0.0,56969.49999999997,252198.22,58761.55
MED124715,Glycerin,0.0,56959.12,152683.76,0.0
MED096723,Ensartinib,0.0,56920.34999999998,163813.80000000002,0.0
MED100867,"Diphenhydramine Hydrochloride, Naproxen Sodium",0.0,56906.09999999998,200332.05,7811.69
MED029126,Isopropyl Alcohol,0.0,56894.73999999999,190268.34,0.0
MED134352,Meclizine Hcl,0.0,56851.59999999998,187454.8,26898.1
MED008287,Epinephrine,0.0,56810.31,274466.04000000004,41887.56
MED008430,"Octocrylene, Octisalate, And Avobenzone",0.0,56746.100000000006,165597.0,0.0
MED086573,Lamotrigine,0.0,56726.18000000002,198887.08,0.0
MED059800,Benzalkonium Chloride,0.0,56683.4,171236.01,0.0
MED066836,Nitroglycerin,0.0,56682.08000000002,247810.72999999998,14268.0
MED069482,Cyclophosphamide,0.0,56676.06,254658.18,0.0
MED109003,Fluconazole,0.0,56673.20999999996,260214.39,0.0
MED080943,Haloperidol,0.0,56637.00000000003,241809.25,0.0
MED113925,Carboxymethylcellulose Sodium,0.0,56622.12,154848.72,0.0
MED134181,Norethindrone Acetate And Ethinyl Estradiol,0.0,56567.06999999998,143594.73,5686.92
MED005858,Hydrogen Peroxide,0.0,56555.79999999999,159059.2,13712.0
MED034396,Gold Trichloride,0.0,56521.640000000014,204767.94,0.0
MED025154,"Acetaminophen, Diphenhydramine",0.0,56511.49000000005,211114.54,28919.8
MED038206,Dexmethylphenidate Hydrochloride,0.0,56489.09999999998,246350.46,45680.88
MED000148,Chlorpromazine Hydrochloride,0.0,56477.16000000003,188650.14,61284.65
MED046777,Pyrithione Zinc,0.0,56455.65000000002,143270.9,69415.76
MED105200,Ondansetron,0.0,56446.830000000016,155492.25999999998,0.0
MED031049,Oxycodone And Acetaminophen,5978.34,56435.40000000002,239478.12,56068.29
MED106890,Estradiol And Progesterone,0.0,56346.84,175849.02,27584.16
MED053300,Gabapentin,0.0,56336.880000000005,191060.88,26433.18
MED089410,"Apis Mellifica, Chamomilla, Cimicifuga Racemosa, Cuprum Metallicum, Ignatia Amara, Kali Iodatum, Magnesia Phosphorica, Oophorinum (Suis), Platinum Metallicum, Sepia, Thuja Occidentalis",0.0,56278.23999999999,200729.44,0.0
MED068601,Levofloxacin,709.04,56266.73999999996,240074.46,17396.7
MED034210,Sodium Fluoride,0.0,56265.90000000002,143373.24,38721.24
MED076212,Potassium Chloride,0.0,56174.79999999996,206495.6,55875.28
MED068059,Doxepin Hydrochloride,0.0,56143.19999999998,154371.45,0.0
MED056021,Salicylic Acid 17% Tag Wart Remover,0.0,56142.45000000001,177379.97999999998,0.0
MED081937,Pralatrexate,0.0,56124.0,152964.0,0.0
MED053809,Isopropyl Alcohol,0.0,56089.79999999999,159529.5,0.0
MED120608,Tretinoin,0.0,56077.0,141802.5,20662.65
MED048155,Estradiol,0.0,56034.21000000002,244129.86,5631.6
MED079475,Diflunisal,1518.54,56022.51000000004,220973.4,0.0
MED123738,Zolpidem Tartrate,0.0,56016.95999999999,142441.80000000002,0.0
MED101303,Docusate Sodium,0.0,55958.75,263720.35,0.0
MED002017,Glycerin,0.0,55912.0,165152.0,0.0
MED096133,Omeprazole Magnesium,0.0,55905.62000000002,260011.46,0.0
MED106873,Nicotine Polacrilex,0.0,55888.5,168862.5,21330.0
MED032913,Cuprum Aceticum,0.0,55878.25,168321.55,60329.11
MED113589,Salicylic Acid,0.0,55765.56,147697.56,0.0
MED107430,Salicylic Acid,256.84,55759.65000000002,143017.28999999998,85468.5
MED088879,Nitrogen,0.0,55755.9,215717.4,42091.2
MED101862,Antacid Tablets,0.0,55702.130000000005,197463.64,0.0
MED021754,Verapamil Hydrochloride,0.0,55679.25000000003,231217.0,0.0
MED077472,Isopropyl Alcohol,0.0,55623.50000000006,273882.8,0.0
MED096953,Octinoxate And Zinc Oxide,0.0,55603.25,169085.1,0.0
MED106514,Lacosamide Oral Solution,0.0,55571.390000000014,229295.61,0.0
MED104590,"Benzalkonium Chloride, Lidocaine Hydrochloride",0.0,55558.02000000002,261733.8,21933.0
MED082768,Ethyl Alcohol,0.0,55468.73000000004,196047.58,65590.78
MED097213,"Titanium Dioxide, Zinc Oxide",0.0,55467.72,172200.84,1979.32
MED134215,Acarbose,0.0,55393.79999999999,204954.64,56743.64
MED097003,Womens Liquid Minoxidil 1Pk,0.0,55391.70000000004,241059.0,25695.3
MED066457,Ethyl Alcohol,0.0,55386.20999999999,198600.38,58389.28
MED052097,Quetiapine Fumarate,0.0,55370.79000000001,164428.02000000002,0.0
MED061772,Matricaria Chamomilla,0.0,55352.5,146921.25,2350.74
MED128341,Furosemide,0.0,55323.66000000003,150225.44999999998,0.0
MED095127,Sucralfate,0.0,55276.340000000026,222844.86,27799.56
MED108878,Tretinoin,0.0,55242.85999999999,165185.26,0.0
MED029591,Metformin Hydrochloride,0.0,55224.92999999999,143655.63,39364.71
MED093067,Sirolimus,0.0,55116.600000000006,146746.6,0.0
MED033066,Oleander,0.0,55113.74000000005,233167.62,1216.95
MED092819,Prazosin Hydrochloride,0.0,54936.0,207242.0,7993.62
MED044827,Zinc Oxide,1148.58,54924.48000000001,186512.04,0.0
MED109121,Diazepam,0.0,54915.29999999999,211724.26,17233.37
MED133047,"Acetaminophen, Dextromethorphan Hydrobromide, Guaifenesin, And Phenylephrine Hydrochloride",0.0,54750.29999999999,158698.32,0.0
MED074025,Mercurius Bromatus,0.0,54747.81999999998,179863.91,0.0
MED121652,Buprenorphine Hydrochloride,0.0,54724.19,140441.06,0.0
MED114713,Deferasirox,0.0,54680.67000000001,162698.33,0.0
MED018601,Insulin Glargine,0.0,54654.600000000064,261370.2,0.0
MED051800,"Latanoprostene Bunod Ophthalmic Solution, 0.024%",0.0,54640.0,146332.0,8779.92
MED118486,Lamotrigine,0.0,54627.57999999996,180473.02,0.0
MED092118,Sulfur,0.0,54626.95999999999,137605.28,554.86
MED106793,Eribulin Mesylate,0.0,54625.65000000002,228648.22,136399.2
MED012453,Povidone Iodine Prep Solution 10%,0.0,54538.380000000005,164050.38,38325.16
MED041952,Salicylic Acid,0.0,54529.600000000006,217732.28,46972.7
MED008227,Ioversol,0.0,54519.07999999999,175446.04,67216.34
MED119650,Aluminum Zirconium Tetrachlorohydrex Gly,0.0,54514.07999999996,206919.36,0.0
MED053623,Amitriptyline Hydrochloride,3820.64,54486.35999999999,149135.22,0.0
MED012073,Mucus Relief Dm,0.0,54471.20000000001,270760.63,0.0
MED048579,Ketorolac Tromethamine,0.0,54446.94999999998,198474.3,14468.22
MED075550,Glimepiride,0.0,54408.080000000016,271668.62,10171.68
MED067879,Cyanocobalamin,0.0,54399.72999999998,164454.07,10127.67
MED001455,Valacyclovir,0.0,54329.879999999976,198110.25,5323.5
MED020673,Ketorolac Tromethamine,0.0,54220.79999999999,164352.0,26964.0
MED103167,Octinoxate,0.0,54145.419999999984,155551.13,85634.42
MED025244,Zinc Oxide,2759.5,54113.49000000002,245167.35,0.0
MED010348,Baryta Muriatica,0.0,54088.92999999999,200374.02,0.0
MED063346,Pilocarpine Hydrochloride,0.0,54073.49999999997,150821.7,0.0
MED058901,Diphenhydramine Hcl,0.0,54071.94,192243.72,5310.6
MED130400,Prednisone,0.0,54059.29999999999,154681.78,14426.28
MED093236,Pregabalin,0.0,54057.95999999999,147258.76,0.0
MED095671,Baclofen,452.19,54023.76000000001,173203.16,0.0
MED065362,Triamcinolone Acetonide,0.0,54005.380000000005,144341.56,0.0
MED011184,Cefuroxime Axetil,0.0,53970.84000000008,264592.58,3523.63
MED063595,"Aesculus Hippocastanum, Arnica Montana, Belladonna, Calendula Officinalis, Crotalus Horridus, Echinacea, Graphites, Heloderma Horridum, Lachesis Mutus, Naja Tripudians, Phosphorus, Rhus Toxicodendron, Ruta Graveolens, Sulfur",0.0,53943.51999999999,191959.68,0.0
MED061073,Benzalkonium Chloride,0.0,53933.03999999998,269409.36000000004,14237.08
MED066052,Sodium Fluoride,0.0,53911.55000000002,144565.96,33453.28
MED128612,Cocculus Indicus,105.68,53754.0,169194.9,18011.07
MED052490,Aluminum Chloride,0.0,53640.93000000005,215218.86,0.0
MED103578,"Acetaminophen, Dextromethorphan Hydrobromide, Guaifenesin And Phenylephrine Hydrochloride",0.0,53628.630000000005,134822.19,0.0
MED062441,"Acetaminophen, Dextromethorphan Hydrobromide, Phenylephrine Hcl",0.0,53596.919999999984,149723.08000000002,4234.25
MED052133,Dimethicone,0.0,53564.16,196703.52,37871.08
MED108381,Sertraline Hydrochloride,0.0,53562.31999999998,203195.84,0.0
MED119573,"Octinoxate, Titanium Dioxide And Zinc Oxide",0.0,53524.80000000002,191237.76,0.0
MED085556,Sodium Polystyrene Sulfonate,0.0,53524.52000000002,181741.84,0.0
MED117324,Carboxymethylcellulose Sodium And Glycerin,0.0,53515.15,164486.65,8667.56
MED014089,Sodium Monofluorophosphate,0.0,53470.50000000003,244145.4,50721.68
MED104877,Nortriptyline Hydrochloride,0.0,53447.75999999998,154036.8,0.0
MED087499,Ferrum Sulphuricum,0.0,53439.53999999995,248476.36,11557.04
MED008997,"Dextromethorphan Hydrobromide, Guaifenesin",0.0,53427.5,175276.99000000002,0.0
MED061486,Propranolol Hydrochloride,0.0,53425.44,265369.26,0.0
MED090767,Risedronate Sodium,0.0,53415.46000000002,190207.92,0.0
MED129461,Clobetasol Propionate,0.0,53372.84,164126.32,0.0
MED063849,Ivabradine,907.18,53305.330000000016,145887.43,0.0
MED061327,Magnesium Hydroxide,0.0,53304.13999999999,142937.72,36632.28
MED066849,Flumazenil,0.0,53299.56,143078.88,2581.32
MED089262,Bevacizumab,0.0,53252.25,198236.75,12644.29
MED036710,Menthol,0.0,53246.15999999997,248146.74,0.0
MED060013,Lycopus Virginicus,0.0,53222.640000000014,236480.36,45670.97
MED130968,Nitrogen,0.0,53221.28000000003,155892.65999999997,0.0
MED082275,Amoxicillin And Clavulanate Potassium,0.0,53186.12,152791.99,0.0
MED109470,Oxygen,0.0,53150.15999999999,174106.06,45630.92
MED062346,"Dextromethorphan Hbr, Guaifenesin",283.39,53133.390000000014,177974.44,39502.68
MED076157,Dextroamphetamine Sulfate,996.42,53095.27999999997,258641.84000000003,0.0
MED069286,Diclofenac Sodium,0.0,53050.29999999999,228796.45,78504.47
MED125114,Dextromethorphan Polistirex,1526.63,53038.79999999999,155285.1,19171.0
MED041122,Antiperspirant Above Invisible Masculino Aerosol,0.0,53032.19999999998,211383.9,32520.6
MED064266,Iomeprol Injection,0.0,53020.0,135215.0,0.0
MED110553,Doxycycline Hyclate,0.0,53019.75999999998,168475.88,0.0
MED027934,Ipratropium Bromide And Albuterol,0.0,52950.23999999996,167149.43000000002,29674.24
MED054045,Nelarabine,0.0,52929.9,135304.4,34708.52
MED079449,Lansoprazole,0.0,52915.20000000004,242918.4,0.0
MED024487,"Apis Mellifica, Lachesis Mutus, Phosphorus, Thymus Gland, Zinc Met",0.0,52825.48000000001,167517.79,0.0
MED031965,Alpelisib,0.0,52824.16999999996,204026.27,17356.97
MED020588,Phenazopyridine Hydrochloride,0.0,52817.37,144995.16,0.0
MED094009,Carbamazepine,0.0,52756.33999999997,205658.46,42278.22
MED045431,Norethindrone Acetate/Ethinyl Estradiol And Ferrous Fumarate,0.0,52741.879999999976,198105.92,0.0
MED101401,Boron,0.0,52731.140000000014,199721.06,55004.18
MED130365,Hydroxychloroquine Sulfate,0.0,52628.47,144503.16999999998,0.0
MED109486,Ishancare Anti-Itch Cream,0.0,52564.67999999999,132337.80000000002,0.0
MED100214,Secukinumab,0.0,52543.639999999956,155842.32,47168.0
MED021355,"Octinoxate, Oxybenzone",0.0,52496.4,218418.78,0.0
MED077743,Amphetamine Extended-Release,1127.21,52460.98999999999,162879.89,0.0
MED013365,Methocarbamol,0.0,52427.25999999998,162928.92,26680.5
MED029168,Zinc Oxide,0.0,52415.110000000015,142102.13999999998,0.0
MED092614,"Octinoxate, Octocrylene, Titanium Dioxide",1077.0,52406.600000000006,205206.85,0.0
MED065176,Esmolol Hydrochloride In Sodium Chloride,0.0,52405.79999999999,161087.7,5652.2
MED027623,Magnesium Sulfate,0.0,52359.0,189069.0,56720.7
MED109881,Acyclovir,0.0,52351.65,184946.19,46673.33
MED095779,"Chelidonium Majus, Berberis Aquifolium, Berberis Vulgaris, Dioscorea Villosa, Calcarea Sulphurica, Cupressus Lawsoniana, Hepar Sulphurica Calcareum, Cholesterinum, Fel Tauri, Lycopodium Clavatum, Magnesia Sulphurica",0.0,52329.41,149920.39,6791.68
MED056160,Zinc Oxide,0.0,52322.76999999999,143838.36,72587.16
MED053957,Cephalexin,0.0,52310.27999999997,160082.76,17400.3
MED032969,Natrum Nitricum,0.0,52303.94,168869.47999999998,0.0
MED065787,Ondansetron,0.0,52280.74000000002,146672.05,0.0
MED107390,"Acetaminophen, Diphenhydramine Hcl Phenylephrine Hcl",0.0,52233.0,201445.5,12962.58
MED019195,Spironolactone,0.0,52043.20000000001,196270.8,81184.74
MED107581,Timolol Maleate,0.0,52016.580000000016,151933.32,81849.6
MED120075,Titanium Dioxide,0.0,51978.4,146200.0,0.0
MED054469,Dihydroergotamine Mesylate,0.0,51952.590000000026,252347.13,17486.42
MED124290,Povidone Iodine Prep Pad,0.0,51942.95999999999,149259.06,0.0
MED005353,Fluorouracil,2988.51,51903.54000000001,207816.7,22614.2
MED021536,"Avobenzone, Homosalate, Octisalate, Octocrylene",0.0,51861.50999999995,178747.68000000002,31635.04
MED050165,Thyroid,0.0,51840.00000000003,245154.0,23289.63
MED051957,Deutetrabenazine,0.0,51830.24999999997,234566.50000000003,14235.76
MED060133,Pix Liquida,0.0,51826.860000000015,249318.72,56739.2
MED129454,Gabapentin,0.0,51816.24000000002,151592.6,0.0
MED114302,Docosanol,3096.05,51739.98999999999,138603.63,49011.93
MED109507,Olmesartan Medoxomil-Hydrochlorothiazide,0.0,51694.62,156092.76,0.0
MED040108,Diltiazem Hydrochloride,0.0,51689.41999999996,168426.2,0.0
MED031358,Pemigatinib,0.0,51646.73000000001,207910.09,88759.76
MED046826,Acetazolamide,0.0,51639.93000000002,190292.04,0.0
MED096416,Atorvastatin Calcium,0.0,51628.08,129918.66,83871.54
MED133043,Esomeprazole Magnesium,0.0,51613.52000000002,140560.24,18896.07
MED026683,Oxycodone And Acetaminophen,0.0,51570.17999999999,194048.99,0.0
MED130940,Everolimus,0.0,51545.0,139171.5,0.0
MED121806,Fluconazole,0.0,51514.72,145706.94,26241.93
MED075626,"Pertuzumab, Trastuzumab, And Hyaluronidase-Zzxf",0.0,51490.00000000003,193404.8,39444.4
MED077461,Valganciclovir,1469.52,51467.580000000016,162179.82,5690.52
MED069242,"Adonis Ver, Cactus Grand, Convallaria, Crataegus Oxy, Iberis Amara, Laurocerasus, Viscum Alb",0.0,51465.919999999984,133781.12,36105.7
MED054286,Acarbose,0.0,51371.51000000001,201633.34,0.0
MED091734,Spironolactone,0.0,51362.94,176178.84,25386.0
MED119883,Potassium Citrate,0.0,51341.09999999998,152632.05000000002,13631.29
MED009725,Doxycycline Monohydrate,0.0,51304.07999999999,135201.0,0.0
MED108272,Bupropion Hydrochloride,0.0,51260.30000000002,222946.4,6740.24
MED037745,Kit For The Preparation Of Technetium Tc 99M Exametazime For Leukocyte Labeling,0.0,51242.49000000005,141118.37999999998,0.0
MED007197,Dapsone,0.0,51235.73000000001,151039.72,5727.4
MED095937,"Brompheniramine Maleate, Pseudoephedrine Hydrochloride And Dextromethorphan Hydrobromide",0.0,51233.28,238002.22,0.0
MED069475,Menthol Flavor Cough Drop,666.18,51150.0,137671.93,25031.26
MED000206,Sodium Fluoride,0.0,51143.129999999976,154147.77000000002,28118.16
MED036052,Cetirizine Hydrochloride,0.0,51142.0,208031.2,0.0
MED133841,Etoposide,0.0,51135.48999999996,242263.41,0.0
MED014110,Alcohol Antiseptic,3738.74,51128.28,244112.4,0.0
MED053051,Fluphenazine Hydrochloride,0.0,51105.79999999999,210919.1,0.0
MED041137,Aspirin,0.0,51096.9,143538.3,15355.26
MED134389,Metformin Hydrochloride,0.0,51090.54999999999,204396.36,0.0
MED011629,Topiramate,0.0,51062.63999999999,188903.82,32633.02
MED021117,Raloxifene Hydrochloride,1876.12,51040.28999999998,164911.69,0.0
MED072854,Lamotrigine,0.0,50855.84,178295.32,19477.64
MED036425,Aluminum Zirconium Trichlorohydrix Gly 20%,0.0,50850.80000000002,180738.8,0.0
MED001853,"Octisalate, Octocrylene, Zinc Oxide",0.0,50808.100000000006,136024.0,17211.2
MED009995,"Avobenzone,Homosalate,Octisalate",0.0,50727.75,188176.65,0.0
MED092149,Tizanidine,0.0,50659.90999999997,157030.15,0.0
MED034885,Pantoprazole Sodium,0.0,50642.70999999996,141345.2,1259.2
MED132478,Alcohol,0.0,50637.01,128546.68,0.0
MED125197,Quetiapine,0.0,50618.47000000003,235347.49,42721.51
MED054141,"Brompheniramine Maleate, Dextromethorphan Hydrobromide",0.0,50616.72,165987.36,0.0
MED111184,Lidocaine,227.74,50588.37000000002,133233.21,36131.04
MED061310,Pyrithione Zinc,0.0,50585.40000000005,214752.45,0.0
MED100663,Methimazole,0.0,50575.17999999999,168751.75999999998,0.0
MED025124,Gabapentin,1389.87,50531.25,209816.53,0.0
MED093485,Ketorolac Tromethamine,0.0,50528.40000000002,168369.53999999998,0.0
MED096950,Aluminum Zirconium Tetrachlorohydrex Gly,0.0,50522.25,141271.65,0.0
MED076570,Menthol,0.0,50495.379999999976,179120.24,0.0
MED089333,Paliperidone,0.0,50485.600000000006,161484.4,0.0
MED119983,Propranolol Hydrochloride,0.0,50483.16,203682.96,57013.82
MED002110,Zinc Oxide,0.0,50466.87000000002,142583.06999999998,14935.62
MED132272,Fluoride Treatment,0.0,50449.78,170105.65,0.0
MED040393,"Cactus Grandiflorus, Hamamelis Virginiana, Valeriana Officinalis, Arteria Suis, Heart (Suis), Arnica Montana, Aurum Metallicum, Baryta Muriatica, Cholesterinum, Lecithin, Magnesia Muriatica, Oxalicum Acidum, Phosphorus",0.0,50362.97,158935.63,8439.06
MED098460,Coola Guava Mango Sunscreen,0.0,50344.57999999999,153994.06,30171.25
MED097024,Ginsenoside Compound K,0.0,50330.27000000002,174110.36,0.0
MED060196,Thlaspi Bursa Pastoris,0.0,50281.100000000006,141356.3,104550.32
MED069648,Zinc Oxide,0.0,50260.0,205503.2,0.0
MED027060,"Arnica Montana, Ferrum Phosphoricum, Hypericum Perforatum, Thuja Occidentalis, Ledum Palustre",1021.68,50230.57000000001,188693.44,0.0
MED133222,Extreme Blast 48H Antiperspirant Deodorant,0.0,50202.99999999997,233452.18,19288.88
MED091655,Artemisia Vulgaris,0.0,50185.07999999999,131908.68,0.0
MED090344,Phenazopyridine Hydrochloride,0.0,50158.0,178095.0,0.0
MED045506,Topiramate,0.0,50133.330000000016,183622.14,42374.34
MED024100,Homeopathic Liquid,0.0,50115.94,227177.72,68074.16
MED037311,Methimazole,239.47,50086.25999999998,136903.07,23619.06
MED018710,Norethindrone Acetate And Ethinyl Estradiol,0.0,50071.32000000001,166439.52,11380.48
MED075706,"Avobenzone, Homosalate, Octocrylene,",0.0,50009.05000000002,172456.37,0.0
MED066871,Carbamazepine,0.0,49965.30000000005,178287.47999999998,15969.06
MED089368,Mexiletine Hydrochloride,0.0,49961.69999999998,151773.66,0.0
MED037937,Sodium Fluoride,0.0,49851.06,153822.47999999998,0.0
MED079999,Olanzapine,528.67,49803.29000000001,184174.84,36190.48
MED040943,Levothyroxine Sodium,0.0,49784.24000000002,153060.16,11859.0
MED136260,Famotidine,158.88,49747.44000000002,129163.6,0.0
MED023297,Menthol,0.0,49735.00000000003,234666.88,31471.36
MED021243,Metformin Hydrochloride,1744.6,49728.84,200006.1,0.0
MED037002,Clotrimazole,0.0,49700.46999999997,243542.3,0.0
MED134300,"Agaricus Musc, Mag Phos, Stramonium, Tarentula Hisp",0.0,49688.4,212284.9,0.0
MED062757,Bacitracin,493.64,49683.10000000004,163020.44999999998,26826.15
MED119863,Benzalkonium Chloride,2112.67,49682.56,125377.54,70261.91
MED081757,Daptomycin,0.0,49626.82999999996,171923.18000000002,0.0
MED036294,Everolimus,0.0,49623.840000000026,207820.08,0.0
MED121160,"Alfalfa, Avena Sativa, Chamomilla, Eschscholtzia Californica, Gelsemium Sempervirens, Nux Moschata, Passiflora Incarnata, Piper Methysticum, Valeriana Officinalis",0.0,49603.330000000016,126970.97,0.0
MED083814,Fluconazole,0.0,49566.39,129474.89,0.0
MED063181,Oxygen,0.0,49539.81,124698.22,32014.44
MED022633,Comfrey Root,0.0,49512.16,165951.24,18880.68
MED038586,Norethindrone And Ethinyl Estradiol,0.0,49503.44999999998,208411.73,76400.31
MED040130,Prazosin Hydrochloride,0.0,49491.9,170467.02000000002,57717.18
MED029252,Ethyl Alcohol,0.0,49489.29999999999,158698.82,19883.81
MED041421,Pregabalin,0.0,49488.35999999999,165810.86000000002,0.0
MED034702,Metformin Hydrochloride Extended-Release Tablets,0.0,49463.629999999976,140643.77000000002,0.0
MED063012,Silicon Dioxide,1707.28,49416.0,201428.2,0.0
MED025866,Aspirin,0.0,49397.04000000001,133358.4,0.0
MED136944,"Brompheniramine Maleate, Pseudoephedrine Hydrochloride, And Dextromethorphan Hydrobromide",918.78,49363.29999999999,174192.6,0.0
MED081197,Acetaminophen,0.0,49362.55999999997,212990.96,0.0
MED102025,"Arnica Montana, Calendula Officinalis, Hypericum Perf, Symphytum Off, Bellis Per, Ledum Palustre, Sulphuricum Ac, Calc Fluor, Ferrum Phos, Rhus Tox, Nat Sulphuricum",0.0,49311.92999999997,244700.11,0.0
MED094718,Mirtazapine,0.0,49250.48000000001,129973.34,0.0
MED128194,Oxygen,0.0,49233.59999999995,230077.12,38714.9
MED117757,"Carboxymethylcellulose Sodium, Glycerin And Polysorbate 80",0.0,49199.67000000001,151167.44999999998,46542.65
MED102114,Air,0.0,49184.80000000002,169036.0,0.0
MED110534,Diphenhydramine Hydrochloride,0.0,49181.30000000002,152326.3,0.0
MED123896,Risperidone,929.79,49173.28,171952.32,13262.28
MED052338,"Zinc Oxide, Titanium Dioxide",0.0,49128.86000000001,194706.22,69582.62
MED095869,Nite Time Cold And Flu Relief,0.0,49117.79999999996,191597.76,0.0
MED051390,Quetiapine,3167.25,49095.70999999999,184815.25,52634.75
MED034733,Docusate Sodium,0.0,49034.850000000006,167460.25,0.0
MED107150,Amlodipine Besylate And Benazepril Hydrochloride,0.0,49011.03,186177.6,30508.8
MED013742,Loxapine,0.0,48913.71999999997,140590.44,88222.86
MED118357,Diphenhydramine Hcl,0.0,48911.67999999999,152008.98,0.0
MED050599,Cadmium Bromatum,0.0,48910.29000000001,207395.76,6768.16
MED111225,Deflazacort,0.0,48893.99999999997,138651.02000000002,5921.04
MED092023,Alogliptin And Pioglitazone,0.0,48831.52000000002,172930.4,67124.3
MED084291,Asciminib,444.6,48774.12,150368.58,0.0
MED063575,Denosumab,0.0,48757.16000000003,170316.43,0.0
MED061994,Dextromethorphan Polistirex,580.21,48755.0,210773.5,0.0
MED045962,Loratadine,0.0,48745.80000000002,138627.18,4228.28
MED092415,Treprostinil,0.0,48692.94,144858.99,0.0
MED023120,Memantine Hydrochloride,0.0,48687.15000000001,127740.1,76225.24
MED044275,Diltiazem Hydrochloride,0.0,48655.20000000001,155486.15,39111.98
MED020832,Esomeprazole,829.31,48648.29999999999,132022.8,0.0
MED037469,Omeprazole,3894.7,48601.62,235538.82,47291.42
MED128742,Helleborus Niger,2101.84,48564.71999999999,129030.84,0.0
MED036261,Miconazole Nitrate,0.0,48528.600000000006,131996.4,53860.6
MED078124,Bromoethanum,0.0,48524.01999999999,180633.26,17617.58
MED073941,Mercurius Vivus,0.0,48424.01999999999,124278.18,8466.64
MED077960,Zonisamide,0.0,48412.98000000001,141455.16,0.0
MED120054,Lidocaine,0.0,48406.380000000034,228148.56,0.0
MED053136,Topiramate,0.0,48340.50000000003,178769.4,0.0
MED136232,Norgestrel And Ethinyl Estradiol,3267.98,48302.82000000001,143129.4,25295.8
MED053906,Paricalcitol,0.0,48277.75,132950.5,0.0
MED100791,Eculizumab,543.22,48273.65,155622.36000000002,46154.16
MED124993,"Titanium Dioxide, Zinc Oxide",0.0,48240.869999999966,141903.45,0.0
MED000978,Rizatriptan Benzoate,0.0,48232.25000000003,152985.24999999997,0.0
MED133216,Advanced Care Cucumber And Cactus Water Antiperspirant Deodorant,0.0,48227.31999999998,145351.24000000002,0.0
MED123610,"Allantoin, Titanium Dioxide, Octocrylene, And Avobenzone",0.0,48204.78000000003,176726.93999999997,0.0
MED081868,Sulindac,0.0,48202.110000000015,173650.26,0.0
MED091011,"Arsenicum Alb, Avena, Bryonia, Capsicum, Carbo An, Carduus Mar, Chelidonium Maj, Hepar Suis, Kali Iod, Lapis, Radium Brom, Taraxacum, Thuja Occ",0.0,48195.66000000003,145619.68,13459.28
MED048811,Menthol,0.0,48100.79999999999,149450.4,72460.8
MED050921,Aluminum Chlorohydrate,0.0,48043.380000000005,129678.78,0.0
MED102589,Sodium Phenylbutyrate,0.0,48035.71999999997,207340.48,0.0
MED060442,Calcium Carbonate,0.0,48004.13999999999,134969.48,42378.28
MED012841,Diphenhydramine Hydrochloride,0.0,47998.29999999999,201291.08,0.0
MED114917,Cetylpyridinium Chloride,1405.46,47982.06,141280.51,20718.76
MED101650,Ibuprofen,0.0,47941.47,149303.28,0.0
MED007116,Tc 99M Medronate,0.0,47937.79000000001,145522.78999999998,0.0
MED035770,Simethicone,0.0,47935.16,185575.52,0.0
MED041906,"Propylene Glycol, Glyceryl Stearate Se, Humulus Lupulus (Hops) Cone Extract",112.48,47916.71999999997,217436.94,21783.3
MED103929,"Eucalyptol, Menthol, Methyl Salicylate, Thymol",0.0,47910.72,151374.96,96902.91
MED010183,Hydrocortisone,0.0,47760.52000000002,195767.2,50314.0
MED087017,Ibuprofen,1558.24,47750.199999999975,190228.79,0.0
MED009767,Sodium Fluoride,0.0,47747.630000000005,204063.82,42155.78
MED025722,Diphenhydramine Hydrochloride,0.0,47743.32000000004,178408.08,0.0
MED104325,Sulfur Iodide,0.0,47700.94,209238.32,0.0
MED089853,Simvastatin,0.0,47689.40000000001,120622.7,35504.04
MED124223,Carbo Vegetabilis 3X (Hpus),0.0,47683.99999999997,162484.40000000002,50620.14
MED036329,Cilostazol,0.0,47679.360000000015,176596.63999999998,0.0
MED128463,Methyl Salicylate,0.0,47573.64,127768.41000000002,23431.1
MED035986,Octinoxate And Titanium Dioxide,0.0,47573.50000000003,173791.15,0.0
MED010721,Aluminum Chlorohydrate,0.0,47545.55000000002,131490.9,3815.28
MED055001,20% Benzocaine,0.0,47530.44,145942.11000000002,42893.38
MED105829,Lymph System Booster,0.0,47499.53,129791.09,87506.21
MED010971,Meloxicam,0.0,47451.90000000001,125666.1,0.0
MED118031,Sting Relief Wipes,0.0,47433.48000000001,220115.28,45691.8
MED050708,Icosapent Ethyl,0.0,47430.28,141881.82,0.0
MED081146,Mirabegron,0.0,47420.79999999999,185748.48,23418.72
MED080073,"Calc Phos, Calc Sulph, Castanea Sativa, Flos, Ilex Aquifolium, Flos, Kali Phos, Nat Mur, Nat Phos, Nat Sulph, Olea Europaea, Flos, Ornithogalum Umbellatum, Flos",0.0,47393.51999999999,176646.0,0.0
MED061226,Diphenhydramine Hcl,0.0,47386.88999999999,122725.98,0.0
MED021957,Hydrogen Peroxide,0.0,47378.5,183770.86,0.0
MED041473,"Guaifenesin, Dextromethorphan Hbr",0.0,47347.05000000005,223381.99,49751.0
MED072911,Capsicum,0.0,47304.52000000002,173698.24,34098.48
MED042704,Ethyl Alcohol,2617.92,47226.4,127083.97,100329.45
MED105901,Advanced Sport Defense Dry Spray 72H Antiperspirant Deodorant,0.0,47202.25,162054.66,0.0
MED116808,Acyclovir,0.0,47151.72,163957.91999999998,17845.76
MED105868,Beloved Catcus Flower And Basil Hand Sanitizer,0.0,46986.81000000003,160708.08,22555.52
MED121391,Timolol Maleate,0.0,46973.69999999998,127480.5,9691.5
MED014536,Benzalkonium Chloride,0.0,46953.20000000001,178199.12,26621.21
MED047804,Alendronate Sodium,0.0,46909.0,145965.68,69393.52
MED106226,Treprostinil,0.0,46872.42000000004,228765.66,0.0
MED037628,Methimazole,0.0,46858.10999999999,203262.29,0.0
MED079608,Brinzolamide,365.07,46825.34999999998,173867.07,0.0
MED019714,Hamamelis Virginica,0.0,46819.80000000002,184187.85,0.0
MED106546,Enoxaparin Sodium,0.0,46749.75,200727.2,36759.68
MED002337,Chlorhexidine Digluconate,0.0,46739.0,145229.7,0.0
MED009055,"Helianthemum Nummularium Flower, Clematis Vitalba Flower, Impatiens Glandulifera Flower, Prunus Cerasifera Flower, And Ornithogalum Umbellatum",0.0,46738.32000000002,121837.3,0.0
MED079569,Sulfur,0.0,46730.95000000001,131990.66999999998,0.0
MED061468,Methylprednisolone Acetate,0.0,46727.12,149043.18000000002,11213.28
MED118069,Secale Cereale Whole,0.0,46714.51000000001,158431.78,0.0
MED096697,"Juglans Nigra, Berberis Vulgaris, Abrotanum (Artemisia Abrotanum), Sabadilla, Spigelia Anthelmia, Teucrium Marum, Filix Mas, Cuprum Metallicum, Chelone Glabra",0.0,46639.62,175568.1,9840.1
MED025598,Salicylic Acid,0.0,46625.04000000001,219376.08,0.0
MED010135,Trofinetide,0.0,46577.16,209619.9,94828.05
MED123545,Fludeoxyglucose F18,0.0,46464.42000000001,214320.24,0.0
MED042020,"Menthol, Capsaicin",1850.24,46396.45999999999,183526.2,8611.2
MED122385,Celecoxib,0.0,46366.17999999999,137699.94,42532.8
MED116177,Duloxetine,1717.18,46309.5,191196.74,14473.06
MED018604,Isoproterenol Hydrochloride,0.0,46305.28,126882.56,21058.24
MED007399,Oxygen,0.0,46294.08,119871.36,95254.92
MED096678,"Cal Phos, Ferr Phos, Kali Phos, Kali Sulph, Nat Sulph",0.0,46278.30000000002,182998.5,10594.65
MED012908,Brivaracetam,0.0,46231.90000000001,117726.95,0.0
MED066600,Tramadol Hydrochloride,0.0,46152.66000000002,158239.5,1994.08
MED034863,"Pheniramine Maleate, Phenylephrine Hcl",0.0,46103.84,161807.34,7964.61
MED050906,Zinc Oxide,0.0,46089.56000000003,135772.56,20903.4
MED028440,"Nat Phos, Nat Sulph, Silicea",0.0,46074.360000000015,179727.04,27825.76
MED080419,Divalproex Sodium,809.1,46066.95000000001,115728.27,0.0
MED080303,Ethyl Alcohol,0.0,46062.72,139747.52,70270.77
MED014757,Cromolyn Sodium,0.0,46047.09999999998,218482.44,40935.18
MED092782,Isopropyl Alcohol,0.0,46025.75999999998,208588.38,22260.42
MED104326,"Octinoxate, Octocrylene, And Titanium Dioxide",0.0,46005.23999999999,118500.76,0.0
MED054060,Dapagliflozin And Saxagliptin,0.0,45949.56,210895.56,0.0
MED105110,Diltiazem Hydrochloride,0.0,45940.31999999999,122763.79,33566.39
MED070109,Prednisone,0.0,45911.22,158409.74,0.0
MED063997,Fertility Drops,721.72,45883.80000000002,158573.15999999997,0.0
MED028137,Diethylpropion Hydrochloride,0.0,45852.40999999997,183395.62,0.0
MED011155,Fluticasone Furoate,0.0,45731.58000000003,117607.38,0.0
MED079418,Irbesartan,0.0,45709.94,197378.96,0.0
MED027882,Maralixibat Chloride,0.0,45698.71999999997,140659.24000000002,0.0
MED065171,Loperamide Hcl,0.0,45660.97999999998,155227.0,26996.0
MED013612,Glycopyrrolate,1811.16,45576.850000000006,183008.05,0.0
MED059138,Spironolactone,0.0,45524.16000000003,158798.87999999998,0.0
MED005108,"Dextrose Monohydrate, Trisodium Citrate Dihydrate, Sodium Chloride, Sodium Phosphate, Monobasic, Monohydrate, Citric Acid Monohydrate, And Adenine",0.0,45462.81000000003,146319.41999999998,0.0
MED116688,Omeprazole,0.0,45438.90000000002,184793.4,0.0
MED054359,Meloxicam,0.0,45430.76999999999,143141.68,2749.2
MED108943,Sodium Sulfacetamide 10% And Sulfur 5% Emollient Cream,2221.06,45413.42999999999,222805.17,0.0
MED069803,Salicylic Acid,0.0,45386.06999999998,205426.44,63940.68
MED128749,Iris Versicolor,54.18,45380.72,215217.87,0.0
MED065218,Cephalexin,0.0,45370.76000000001,155288.68,0.0
MED029327,Isosorbide Mononitrate,0.0,45302.26,127277.28,0.0
MED094319,"Menthol, Camphor",0.0,45258.25,185431.75,0.0
MED065323,Hyoscyamine Sulfate,0.0,45226.080000000016,128245.44,11671.46
MED036886,Repository Corticotropin,0.0,45041.97,181276.15,0.0
MED081056,Oxycodone And Acetaminophen,0.0,45016.82999999999,154885.35,0.0
MED135750,Aripiprazole,0.0,44952.31999999999,200034.82,0.0
MED035506,Atomoxetine,2803.11,44950.92,113218.64,19669.34
MED089973,Alcohol,0.0,44877.13999999999,120283.1,0.0
MED129837,Clobetasol Propionate,0.0,44832.69999999998,143789.0,0.0
MED082604,Benzalkonium Chloride,0.0,44734.06,177955.26,43062.06
MED046193,"Acetaminophen, Dextromethorphan Hydrobromide, Doxylamine Succinate, And Phenylephrine Hydrochloride",0.0,44710.12,146928.6,0.0
MED052636,Loratadine And Pseudoephedrine Sulfate,0.0,44668.51999999999,161264.48,0.0
MED041035,Sildenafil,0.0,44632.28000000003,172184.03999999998,0.0
MED048506,Norepinephrine Bitartrate,0.0,44598.84,166982.36000000002,16993.78
MED032912,Cryptomeria Japonica,0.0,44501.45,112261.95,0.0
MED110127,Flutamide,0.0,44498.97,161103.78,25478.7
MED083853,Zero Waste Toothpaste Tablets Peppermint,0.0,44496.27000000002,180818.82,0.0
MED091406,Estrogen,0.0,44460.380000000005,211949.37,0.0
MED018743,Carbon Dioxide,885.69,44429.75999999998,160490.88,0.0
MED073784,Collinsonia Canadensis,0.0,44406.70999999999,149809.47,0.0
MED113580,"Piperonyl Butoxide, Pyrethrum Extract",0.0,44366.7,125990.55,36483.75
MED041924,"Acetaminophen, Dextromethorphan Hbr, Phenylephrine Hcl",0.0,44354.70000000001,153071.4,11705.46
MED124399,"Capsaicin, Menthol",0.0,44352.84,127778.28,0.0
MED133164,Aluminum Zirconium Tetrachlorohydrex Gly,0.0,44311.57999999999,212206.74,0.0
MED088340,Febuxostat,0.0,44288.15999999997,216130.74,7632.87
MED022486,Saponaria Officinalis Root,0.0,44242.75,174288.5,29393.52
MED109223,Docosanol,0.0,44207.66000000003,185228.68,0.0
MED131621,Silicon Dioxide,0.0,44175.52000000002,153737.96,0.0
MED070100,Urea,0.0,44160.83999999998,112835.12,4211.92
MED046802,Petrolatum,0.0,44135.42000000001,211219.51,28769.13
MED087850,Strontium Nitricum,0.0,44131.71000000002,153135.15,0.0
MED089002,Liraglutide,0.0,43958.69999999998,163638.63,26711.93
MED060082,Osmium Metallicum,0.0,43957.880000000034,147049.9,0.0
MED066431,Desmopressin Acetate,0.0,43947.72000000003,136492.31999999998,0.0
MED023603,Naproxen,0.0,43931.78999999999,115985.83,0.0
MED013832,Sildenafil Citrate,0.0,43891.44000000003,159060.69999999998,39965.0
MED042363,"Camphor, Menthol",0.0,43862.100000000006,120730.65,22525.4
MED075004,Lamotrigine,0.0,43853.95000000001,154390.3,53098.72
MED081910,Cinacalcet,0.0,43829.74999999999,112574.18,511.12
MED027929,"Acetaminophen, Dextromethorphan Hydrobromide, Doxylamine Succinate, Phenylephrine Hydrochloride",0.0,43806.4,168757.6,0.0
MED033289,Manganum Nitricum,0.0,43795.95000000001,147214.65,10949.85
MED012943,Azathioprine,0.0,43776.0,138386.88,0.0
MED110674,"Arnica Montana Hpus, Silicea Hpus",0.0,43757.19999999998,132216.80000000002,0.0
MED070134,Alcohol,0.0,43724.45000000001,142791.11,0.0
MED114576,Busulfan,0.0,43724.09999999999,128443.42,18556.16
MED054039,Sirolimus,0.0,43711.79999999999,124638.2,0.0
MED007381,"Methyl Salicylate, Menthol",0.0,43687.80000000002,205849.8,0.0
MED010771,Advanced Care Coconut Water And Lime 72H Antiperspirant Deodorant,0.0,43680.67999999999,138287.92,14441.46
MED102427,Allopurinol,0.0,43674.9,169912.5,0.0
MED064838,"Potassium Chloride, Dextrose Monohydrate And Sodium Chloride",0.0,43638.600000000006,152750.52,35067.24
MED013911,Calcium Carbonate 10Gr (648 Mg),0.0,43617.0,138446.0,7337.0
MED126970,Dimethicone,0.0,43615.98000000001,158184.84,1619.64
MED042291,Minoxidil,0.0,43588.01999999999,198441.78000000003,0.0
MED061352,Belimumab,0.0,43505.54999999999,152659.65,59718.1
MED040680,Quetiapine Fumarate,0.0,43494.50000000003,132315.75999999998,0.0
MED023269,Lorazepam,0.0,43479.01999999999,163468.37,1754.58
MED043829,Labetalol,0.0,43476.44000000003,144207.63999999998,35363.02
MED039411,Labetalol Hydrochloride,0.0,43426.53000000003,214273.29,0.0
MED046083,Apixaban,1110.09,43383.56,109158.94,9577.37
MED038852,Fosinopril,0.0,43367.36,114035.2,8214.4
MED006154,Ipecacuanha,0.0,43330.350000000006,114132.69,18741.0
MED096383,Hydrocortisone Spray,0.0,43296.40000000002,127395.38,36011.46
MED054969,Coal Tar,0.0,43272.32000000001,197411.76,29286.36
MED104776,Minoxidil,782.39,43267.0,118363.0,13527.2
MED049653,A And D Ointment,0.0,43256.73000000001,162712.77,32179.24
MED060903,"Aconitum Napellus, Arsenicum Album, Belladonna, Coniinum, Gelsemium Sempervirens, Hypericum Perforatum, Kali Bichromicum, Lacticum Acidum, Phosphoricum Acidum, Rhus Tox, Uricum Acidum",0.0,43240.76,131071.86,0.0
MED054589,Ethyl Alcohol 70%V/V,0.0,43227.12,165121.76,99677.16
MED130232,Estradiol,0.0,43225.289999999986,146806.09,68256.92
MED008011,"Aconitum Napellus, Asafoetida, Chamomilla, Crocus Sativus, Hyoscyamus Niger, Ignatia Amara, Staphysagria, Valeriana Officinalis",0.0,43198.2,123636.05,0.0
MED025833,"Avobenzone, Homosalate, Octisalate, And Octocrylene",0.0,43168.23999999999,121787.53,22458.57
MED122150,Gabapentin,1026.22,43165.63999999999,163448.74000000002,0.0
MED094603,Pravastatin Sodium,0.0,43136.100000000006,183331.5,0.0
MED010193,Diclofenac Sodium,0.0,43134.55000000005,206507.21,0.0
MED049676,Norethindrone Acetate And Ethinyl Estradiol And Ferrous Fumarate,0.0,43131.44,145538.25,93765.75
MED080309,Ethyl Alcohol,1041.72,43123.86,117418.86,0.0
MED089331,Anamirta Cocculus Seed,0.0,43066.34999999998,132083.25,43564.3
MED131384,Eszopiclone,0.0,43049.7,109563.3,589.05
MED052462,Omeprazole,2060.71,42986.240000000005,108176.64,28273.44
MED100410,Simethicone,0.0,42975.23999999999,143358.6,0.0
MED062458,Epinephrine,493.15,42963.25,162819.22999999998,0.0
MED073716,Sodium Fluoride,0.0,42957.85999999999,115894.68,3604.38
MED046356,Plumbum Metallicum,0.0,42918.0,169942.4,0.0
MED096745,Menthol,0.0,42915.56000000001,198548.84,3948.48
MED066818,Telotristat Ethyl,5540.35,42915.100000000006,133768.05,0.0
MED028363,Alcohol,0.0,42909.74999999999,127971.9,60668.16
MED097286,Hydroxocobalamin,0.0,42909.35999999999,119644.98,0.0
MED021627,Hydrochlorothiazide,512.94,42901.74000000002,153948.88999999998,0.0
MED121962,Rosuvastatin Calcium,0.0,42873.54000000002,124403.26,13338.95
MED001336,Nicotine Polacrilex,968.87,42853.16,201367.32,0.0
MED036034,"Acetaminophen, Dextromethorphan Hbr, Guaifenesin",0.0,42815.03999999998,200800.56,0.0
MED118461,Diltiazem Hydrochloride,0.0,42744.15,141841.95,21111.36
MED134394,Acetaminophen,0.0,42734.4,212688.9,0.0
MED067000,Losartan Potassium,78.93,42713.96999999999,130007.8,0.0
MED132284,"Titanium Dioxide, Zinc Oxide",0.0,42653.169999999984,172707.78,45965.28
MED041956,Zinc Oxide,0.0,42513.84000000004,122897.22,0.0
MED123341,"Ascorbic Acid, Cholecalciferol, .Alpha.-Tocopherol Acetate, Dl-, Folic Acid, Pyridoxine Hydrochloride, Cyanocobalamin, Biotin, Calcium Carbonate, Ferrous Fumarate, Magnesium Oxide, Lactic Acid And Doconexent",0.0,42510.03000000003,131321.77,30334.01
MED013377,Clonazepam,0.0,42483.84,120064.0,30820.0
MED082068,Adenosine,693.89,42468.12000000002,148199.34999999998,0.0
MED008429,"Octocrylene, Octisalate, And Avobenzone",0.0,42439.919999999984,166055.04,53766.72
MED047172,Treprostinil,0.0,42398.70000000001,159520.35,0.0
MED026433,Meloxicam,0.0,42392.55999999998,122485.24,76343.54
MED115098,Kali Phosphoricum,0.0,42346.75,167155.25,0.0
MED067320,Duloxetine,0.0,42272.48999999999,165456.24000000002,0.0
MED039463,Nystatin And Triamcinolone Acetonide,0.0,42190.31999999998,205960.4,0.0
MED134092,"Aluminum Hydroxide, Magnesium Hydroxide, Simethicone",0.0,42105.600000000006,122883.84,46081.44
MED076215,Meloxicam,0.0,42088.500000000015,124099.74,0.0
MED113919,Ibuprofen,0.0,42065.140000000014,209661.68,0.0
MED021256,Azithromycin,0.0,42056.98000000001,120042.12,23117.16
MED116906,Pramipexole Dihydrochloride,0.0,42023.90999999999,113580.31,0.0
MED128658,Lactuca Virosa,0.0,41965.8,112293.36,60622.14
MED105231,Acetylcholine Chloride,0.0,41962.91999999996,165198.27000000002,39985.75
MED073825,Juglans Cinerea,0.0,41936.04000000001,140329.44,0.0
MED110490,Diltiazem Hydrochloride,0.0,41935.42999999999,105898.44,32325.12
MED032885,China Officinalis,0.0,41929.20000000001,149980.68,67535.16
MED128900,Yttrium Fluoratum,0.0,41920.68000000002,132530.52,34442.96
MED134547,Eye Allergy Itch Relief,0.0,41907.83999999997,167768.64,40866.72
MED035525,Dexamethasone Sodium Phosphate,0.0,41841.42000000001,177608.00999999998,366.58
MED045539,Acetaminophen And Diphenhydramine Hydrochloride,0.0,41772.06000000001,125307.51,27894.29
MED008636,Alcohol,0.0,41762.44000000003,124121.52,17136.18
MED052517,Nicotine Polacrilex,0.0,41758.27999999997,206251.8,44797.8
MED011094,Sodium Fluoride,0.0,41739.25,108964.80000000002,0.0
MED099095,Helium,0.0,41733.75,145305.25,77307.25
MED046929,Escitalopram,1914.1,41709.360000000015,140366.16,25521.12
MED125109,Salicylic Acid Spot,0.0,41687.72999999998,132831.09,1523.61
MED009189,"Spongia Officinalis Skeleton, Roasted",0.0,41646.94000000002,120804.58,0.0
MED121292,Dimethicone,0.0,41626.07999999999,112868.82,4256.61
MED042245,Titanium Dioxide,0.0,41611.28000000003,134291.52,0.0
MED102066,Ropinirole,1446.07,41594.57999999999,141662.7,35235.9
MED077887,Metab,0.0,41543.16000000003,144818.4,0.0
MED078995,"Octinoxate, Octocrylene, Titanium Dioxide",0.0,41542.56,138593.52,0.0
MED079226,Finasteride,0.0,41506.95999999999,114218.88,63894.72
MED045916,Nebivolol Hydrochloride,0.0,41448.54999999999,115536.85,0.0
MED089583,Amlodipine Besylate,0.0,41439.899999999965,200643.00000000003,0.0
MED067779,Naproxen Sodium,0.0,41432.7,130485.45,51569.1
MED028635,Lidocaine Hydrochloride,0.0,41431.5,156721.95,0.0
MED118859,"Calcium Carbonate,Magnesium Hydroxide And Simethicone",824.92,41421.43000000002,169620.62999999998,4043.4
MED083252,Ethyl Alcohol,0.0,41400.32000000001,125127.74,0.0
MED130236,Chlorthalidone,0.0,41378.53,198193.22,0.0
MED010542,Paroxetine Hydrochloride Hemihydrate,0.0,41355.629999999976,148449.33000000002,80618.55
MED089895,"Acetaminophen, Dextromethorphan Hydrobromide, Guaifenesin, Phenylephrine Hydrochloride",0.0,41350.53000000001,105376.64,91111.68
MED042756,Ropinirole,0.0,41329.66000000002,125517.57,11501.61
MED116646,Digoxin,4730.56,41323.25999999998,142693.92,15050.88
MED093178,Zinc Oxide,649.85,41314.56,138369.44,58747.37
MED089376,"Estrogens, Conjugated",0.0,41271.12000000002,116622.99,5759.16
MED131180,Lidocaine Hydrochloride,0.0,41267.519999999975,107766.96,3514.14
MED091304,Candesartan Cilexetil,0.0,41262.40000000002,184236.32,45125.45
MED055740,Zinc Oxide,0.0,41242.67999999999,161700.84,76159.44
MED077148,Memantine Hydrochloride,0.0,41240.98,117933.42,45722.85
MED119179,Rifampin,0.0,41223.600000000006,167436.0,0.0
MED011914,Meloxicam,0.0,41211.81,129639.15,60260.4
MED101237,Salvia Officinalis,0.0,41200.080000000016,111959.52,0.0
MED056086,Tolnaftate,0.0,41176.69,154811.63999999998,26436.72
MED087264,Metformin Hydrochloride,0.0,41168.9,176252.12,41288.28
MED023583,Clindamycin Hydrochloride,592.54,41154.23999999999,200998.56,0.0
MED032642,Venlafaxine Hydrochloride,1149.32,41139.35999999999,171674.01,0.0
MED040126,Doxycycline Hyclate,0.0,41126.40000000002,135297.12,39864.33
MED075060,Onion,0.0,41121.26,121767.84,30058.56
MED027221,Fluconazole,0.0,41087.390000000014,148348.83,0.0
MED010274,Succinylcholine Chloride,0.0,41078.75,169818.16,6707.36
MED078140,Beryllium Oxydatum,0.0,41071.20000000001,104751.18,0.0
MED135256,Metformin Hydrochloride,0.0,41052.55,126980.7,35620.56
MED028108,Aluminum Chlorohydrate,0.0,41051.77999999997,174292.86000000002,9592.23
MED039981,Famotidine,0.0,40950.0,153100.34999999998,48939.77
MED035297,Potassium Sulfate,0.0,40943.75,128118.75,29313.57
MED045367,Hamamelis Virginiana,0.0,40934.63999999999,115665.48,15495.27
MED014691,Respiratory Syncytial Virus Vaccine,0.0,40891.65000000001,103783.44,11091.36
MED038872,"Diclofenac Sodium Topical Gel, 1%",0.0,40883.06,125253.5,9622.75
MED090901,Hydromorphone Hydrochloride,0.0,40872.93000000002,170293.71,0.0
MED024420,Olmesartan Medoxomil And Hydrochlorothiazide,0.0,40847.79999999999,165417.48,26568.45
MED104642,Atomoxetine Hydrochloride,140.89,40804.28999999999,112309.56,26379.32
MED014140,Minoxidil,0.0,40742.74000000002,191119.12,48312.64
MED010564,Lidocaine,0.0,40742.03000000003,143851.61,51797.84
MED020384,Topiramate,0.0,40740.83999999998,128157.12,0.0
MED042702,Ethyl Alcohol,0.0,40740.57000000001,133850.61,5093.25
MED096086,Atorvastatin Calcium,0.0,40737.00000000003,153931.09999999998,32034.31
MED032541,Montelukast Sodium,0.0,40725.990000000005,117003.48,39285.84
MED119960,"Aconitum Nap, Antimon Crud, Antimon Sulph, Antimon Tart, Aralia Rac, Bryonia, Chelidonium Maj, Cuprum Met, Drosera, Hepar Sulph Calc, Kali Carb, Spongia.",0.0,40718.99999999999,124473.3,43862.02
MED005551,Sulfacetamide Sodium,0.0,40692.68999999998,145912.63999999998,0.0
MED065736,Buprenorphine Hydrochloride And Naloxone Hydrochloride Dihydrate,1666.41,40685.07999999996,169232.62000000002,0.0
MED090270,"Acetaminophen, Dextromethorphan Hbr, Guaifenesin, Phenylephrine Hcl",0.0,40680.87,120960.39,0.0
MED028308,Valacyclovir Hydrochloride,0.0,40675.84000000001,106641.92,82064.29
MED102893,Valacyclovir,695.59,40617.75999999998,114284.32,0.0
MED035381,"Docusate Sodium, Sennosides",0.0,40607.94,111358.41,2238.36
MED088711,Benzalkonium Chloride,0.0,40600.55999999998,126662.12,0.0
MED067199,Pramipexole Dihydrochloride,0.0,40593.06000000003,128383.65,46536.15
MED022947,Nilotinib,0.0,40557.100000000006,180201.1,0.0
MED014296,"Homosalate, Octisalate, Octocrylene, Zinc Oxide",0.0,40549.54000000001,146581.74,0.0
MED078068,"Drosera, Arnica Montana, Bryonia, Ipecacuanha, Cetraria Islandica, Coccus Cacti, Corallium Rubrum, Stannum Metallicum, Camomilla, Coffea Crudea",835.93,40545.54000000001,151038.09,0.0
MED091535,Metoprolol Succinate,0.0,40545.03999999999,116489.3,0.0
MED093210,"Calc Carb, Calc Fluor, Causticum, Cineraria, Euphrasia, Naphthalinum, Nat Mur, Phos, Quassia, Silicea",0.0,40543.350000000006,173765.85,0.0
MED130466,Slap Happy,0.0,40467.140000000014,197379.35,26775.35
MED011128,Pantoprazole Sodium,0.0,40407.90000000002,148999.5,0.0
MED012878,Cisatracurium Besylate,438.36,40398.56,114995.44,14226.24
MED001934,Somatropin,0.0,40385.04000000001,182603.64,0.0
MED127059,Sulfur,0.0,40373.27999999997,163591.92,9259.92
MED124720,Glycerin,0.0,40332.92999999999,162955.32,66844.2
MED100481,Methylphenidate Hydrochloride,0.0,40305.43000000002,145782.88999999998,0.0
MED065949,Nicotine Polacrilex,0.0,40299.19999999998,182846.3,12598.95
MED063503,Bupropion Hydrochloride,0.0,40284.96000000001,128653.49,0.0
MED069350,Gabapentin,0.0,40257.94,160045.8,33130.5
MED117025,Echinacea Angustifolia,0.0,40257.37999999999,108375.05,28309.05
MED136223,Dorzolamide Hydrochloride And Timolol Maleate Preservative Free,875.09,40235.95,100794.33,45700.2
MED045464,Rosuvastatin,0.0,40218.51999999996,171311.24000000002,0.0
MED062222,Neostigmine Methylsulfate,0.0,40213.80999999994,196666.47000000003,0.0
MED107842,Lisinopril,0.0,40206.15,182664.09,73842.93
MED076327,Pyrithione Zinc,0.0,40206.14,103399.27,0.0
MED066920,Benzalkonium Chloride,0.0,40203.54000000001,108047.79,0.0
MED008581,Mesalamine,0.0,40172.0,101226.8,29117.95
MED062227,Potassium Bicarbonate,665.5,40149.89,125843.65,0.0
MED130169,Prednisone,128.3,40107.66,177963.78,0.0
MED028683,Phentermine Hydrochloride,0.0,40085.94,124508.38,0.0
MED127686,Rosuvastatin Calcium,0.0,40084.2,111863.7,62146.5
MED136480,Bumetanide,0.0,40072.59,150554.82,23885.16
MED117823,Witch Hazel,0.0,40059.44,141646.44,6775.08
MED003349,Esmolol Hydrochloride,0.0,40036.860000000015,116783.51999999999,14963.52
MED039659,Loratadine,0.0,40021.20999999999,183658.66,0.0
MED096627,"Baptisia Tincd4, Echinacead3, Euphorbiumd6, Galium Apard12, Rumex C.D3, Sarsaprillad6,Sulphurd6",0.0,40000.32000000001,158862.96,0.0
MED068954,Meb Puri-Mega,0.0,39989.95,116825.55,68106.81
MED071812,Alcohol,2753.2,39982.81999999999,114491.29,22462.42
MED005520,Doxepin Hydrochloride,0.0,39975.06,106718.18,0.0
MED049795,Prednisone,0.0,39974.4,110412.0,13188.1
MED107278,Fluphenazine Hydrochloride,0.0,39931.68000000002,178031.03999999998,31284.44
MED022072,"Oyster Shell Calcium Carbonate, Crude, Causticum, Matricaria Recutita, Cinchona Officinalis Bark, Copper, Lycopodium Clavatum Spore, Magnesium Phosphate, Dibasic Trihydrate, Toxicodendron Pubescens Leaf, Silicon Dioxide, And Sulfur",2974.17,39889.74000000002,119481.12,0.0
MED021223,Enalapril Maleate,0.0,39888.640000000014,195025.6,0.0
MED111187,"Celery Seed, Medicago Sativa Whole,Chicory Root",0.0,39883.720000000016,109355.66,0.0
MED094697,Chlorthalidone,0.0,39833.02000000002,166667.69999999998,0.0
MED032656,Erlotinib,0.0,39827.84000000001,111567.04,22527.96
MED049948,Tramadol Hcl,0.0,39825.0,174522.0,0.0
MED009432,"Dextromethorphan Hbr, Guaifenesin, Phenylephrine Hcl",0.0,39806.15,197230.9,10000.44
MED042161,Colloidal Oatmeal,0.0,39802.01999999999,133484.1,45490.85
MED106545,Ziprasidone Hydrochloride,0.0,39796.45999999999,170948.13999999998,4620.22
MED045521,Calcium Carbonate,0.0,39757.129999999976,183968.05,38617.2
MED069537,Zinc Oxide,0.0,39750.00000000003,134572.3,44688.16
MED025968,"Avobenzone, Homosalate, Octisalate, Octocrylene",0.0,39724.79999999999,123055.2,9229.14
MED120504,Doxycycline Hyclate,0.0,39707.28000000003,147604.94999999998,47085.45
MED012083,"Acetaminophen, Aspirin, Caffeine",0.0,39666.13999999999,134264.54,4073.99
MED061828,Paroxetine,0.0,39606.69999999998,119229.25,65697.75
MED063786,Zinc Oxide,0.0,39555.44999999995,157067.68000000002,2808.96
MED005785,Desogestrel And Ethinyl Estradiol,0.0,39545.69,143814.34,1790.22
MED084310,Acetaminophen,0.0,39526.73000000001,159038.9,0.0
MED048245,"Diphenhydramine Hydrochloride, Menthol",0.0,39506.30000000002,142263.13999999998,14029.41
MED096491,Baclofen,0.0,39491.40000000002,111194.46,7712.1
MED079110,Fosfomycin Tromethamine,0.0,39466.0,151515.0,40909.05
MED035944,Rosa Canina Whole,0.0,39455.330000000016,185522.89,50564.78
MED046880,Diphenhydramine Hydrochloride,4775.89,39441.919999999984,137520.96,51570.36
MED026086,Cefdinir,0.0,39361.15,171520.68,0.0
MED124156,Potassium Dichromate,0.0,39358.87999999999,124802.66000000002,92727.21
MED058457,Enoxaparin Sodium,0.0,39353.92000000004,164827.19999999998,0.0
MED006616,Pseudoephedrine Hcl,0.0,39353.600000000006,110551.28,642.74
MED013991,Acetaminophen,0.0,39290.67000000001,146769.75,0.0
MED136980,Guaifenesin 400Mg,0.0,39278.40000000002,184240.0,0.0
MED039024,Sodium Fluoride,0.0,39270.0,107610.0,0.0
MED010626,"Acetaminophen, Chlorpheniramine Maleate, Dextromethorphan Hbr, Phenylephrine Hcl",0.0,39260.19999999998,159505.22,41251.35
MED066216,Simethicone,0.0,39238.70000000001,156710.68,0.0
MED045323,Lacosamide,0.0,39237.95000000001,104444.75,0.0
MED078672,Potassium Chloride,0.0,39236.16,122492.48,0.0
MED066461,Tranexamic Acid,0.0,39234.76,98247.4,0.0
MED063091,Phenylephrine Hcl And Chlorpheniramine Maleate,0.0,39216.81,127548.81,36526.68
MED103948,Bismuth Subsalicylate,4957.97,39215.65999999997,99902.5,0.0
MED051402,Carbidopa And Levodopa,0.0,39182.64,119151.48,0.0
MED110861,"Titanium Dioxide, Zinc Oxide",0.0,39149.68000000002,107627.12,72531.32
MED077239,Benzalkonium Chloride,0.0,39113.39999999998,118696.8,61951.4
MED022396,Benzoyl Peroxide,1061.18,39094.9,162612.58000000002,22351.54
MED130822,Atorvastatin Calcium,0.0,39092.59999999999,110728.05,0.0
MED066700,Sapropterin Dihydrochloride,120.17,39078.05,109575.04,11552.64
MED008470,Sodium Fluoride,0.0,39069.66,103235.16,6030.92
MED038150,Paroxetine Hydrochloride,0.0,39018.40000000001,109036.64,0.0
MED110226,Lisinopril,0.0,38856.31999999998,154038.80000000002,0.0
MED049976,"Octisalate, Titanium Dioxide",640.22,38842.41000000003,158818.56,3851.52
MED034506,Dulaglutide,0.0,38840.91,167759.16,0.0
MED093511,Sodium Fluoride,0.0,38776.47999999998,190305.36,45236.52
MED094024,Baclofen,0.0,38769.330000000016,142798.88999999998,37953.89
MED104348,Fitusiran,0.0,38744.87000000002,122115.31,74350.65
MED040484,Isopropyl Alcohol 50 % Wintergreen,0.0,38743.47,166450.71,0.0
MED033436,Benzalkonium Chloride,0.0,38724.3,109540.35,0.0
MED062369,"Acetaminophen, Dextromethorphan Hydrobromide, Phenylephrine Hydrochloride",0.0,38710.10999999999,136713.45,61635.8
MED130776,Alcohol,0.0,38682.76000000001,135558.0,0.0
MED054460,Coffea Cruda,0.0,38674.5,113908.42,0.0
MED059919,Chromium Sulphuricum,0.0,38664.59999999998,188362.2,0.0
MED081377,"Bacitracin Zinc, Neomycin Sulfate, Polymyxin B Sulfate",0.0,38645.98,130938.77,23557.2
MED069001,Atorvastatin Calcium,0.0,38630.25,168592.5,6667.5
MED018794,"Avobenzone, Homosalate, Octisalate, Octocrylene",0.0,38618.31999999998,122481.37,0.0
MED026979,Sodium Phenylbutyrate,0.0,38571.35999999999,171588.47999999998,34043.52
MED040578,Ibuprofen Oral,0.0,38544.48000000004,165743.11,0.0
MED109621,Danazol,0.0,38522.80000000002,124398.15,10570.62
MED049011,Dextromethorphan Hbr And Guaifenesin,0.0,38510.73000000001,102354.04,0.0
MED096026,Levofloxacin,0.0,38474.4,112591.68,0.0
MED060641,Irbesartan,0.0,38459.55000000002,183822.75,0.0
MED049140,"Dextromethorphan Hbr, Guaifenesin",0.0,38456.779999999984,115995.39,15783.39
MED036915,Carcinosin Miasm Drops,0.0,38420.73000000001,109459.65,0.0
MED034072,Tizanidine Hydrochloride,0.0,38381.25,149436.75,4331.5
MED071079,"Dextrose Monohydrate, Sodium Chloride, And Potassium Chloride",0.0,38378.60000000002,118703.89,0.0
MED003720,"Camphor (Synthetic), Petrolatum",0.0,38376.26000000001,136546.67,0.0
MED034712,Pertuzumab,0.0,38373.630000000005,110410.62,0.0
MED116903,Carbamazepine,0.0,38368.80000000002,106574.16,0.0
MED000359,Losartan Potassium,0.0,38358.05000000001,125504.82999999999,0.0
MED124722,Glycerin,0.0,38339.85000000002,104459.1,302.78
MED034228,"Diphenhydramine Citrate, Ibuprofen",0.0,38314.77,111231.51,4026.48
MED023517,Digestive Stimulator Formula,0.0,38311.96000000001,103667.11,0.0
MED006520,Phenylephrine Hydrochloride,0.0,38255.939999999995,144801.18,61778.44
MED061179,Guanfacine,0.0,38254.20000000001,141200.09,0.0
MED063840,Erlotinib Hydrochloride,0.0,38238.72,100330.68,21480.72
MED086365,Oxygen,0.0,38225.64999999998,123747.65,0.0
MED065976,Doxepin Hydrochloride,0.0,38196.43000000001,118302.52,4479.16
MED119089,"Acetaminophen, Dextromethorphan Hbr",0.0,38181.0,157462.36000000002,0.0
MED131038,Potassium Chloride,0.0,38163.15,134138.43,104881.9
MED136539,Vilazodone Hydrochloride,0.0,38161.2,101639.3,0.0
MED092827,Cyclobenzaprine,0.0,38133.92,106675.4,6479.2
MED073042,Aripiprazole,0.0,38129.21999999999,122779.98,57181.22
MED032061,Docusate Sodium 100Mg,0.0,38082.24000000005,135636.47999999998,0.0
MED083432,"Avobenzone, Octinoxate, Octisalate, Octocrylene",671.61,38024.51999999996,173099.02000000002,27453.1
MED022613,"Avobenzone, Homosalate, Octisalate, Octocrylene",0.0,37991.600000000006,138757.4,0.0
MED076790,Chloroxylenol,0.0,37971.95999999998,127264.87,80266.64
MED039796,Labetalol Hydrochloride,0.0,37932.44,99048.54,26822.28
MED067919,Paclitaxel,0.0,37930.75,150535.0,85941.8
MED088053,Azithromycin,331.32,37917.5,169354.2,25111.14
MED105113,Oxygen,0.0,37887.9,96503.4,0.0
MED092089,Advanced Shower Clean Dry Spray 72H Antiperspirant Deodorant,0.0,37869.44000000002,104571.1,0.0
MED087194,Lisdexamfetamine Dimesylate,3482.34,37867.5,140718.59999999998,23595.24
MED032143,Bupropion Hydrochloride,0.0,37748.59999999999,118138.24,25095.84
MED123843,Topiramate,0.0,37715.67000000001,117967.25,0.0
MED130768,"Avobenzone, Homosalate, Octisalate, Octocrylene, Oxybenzone",963.0,37692.0,184495.36,0.0
MED038198,Metformin Hcl,345.38,37611.57000000001,142186.94999999998,16832.1
MED107301,Titanium Dioxide And Zinc Oxide,0.0,37576.32000000002,111358.08,84678.54
MED060835,Insulin Aspart,0.0,37572.75999999998,145084.31,55125.98
MED129838,Bromfenac,0.0,37570.95000000001,130719.24,0.0
MED020670,Naja Naja Venom,1901.8,37549.68000000001,115173.68,0.0
MED069005,Progesterone,0.0,37542.4,124199.98,0.0
MED070162,Ethyl Alcohol,0.0,37498.71000000002,122376.93,23700.56
MED105149,Alcohol,0.0,37469.06,110689.53,57737.19
MED132660,Ziprasidone Hcl,0.0,37461.72,124022.91,0.0
MED053588,Potassium Citrate,0.0,37449.71999999999,117202.12,0.0
MED088129,Celecoxib,0.0,37435.85999999999,149133.16,0.0
MED121722,Midodrine Hydrochloride,0.0,37425.25,167760.5,9182.68
MED000128,Metformin Hcl,0.0,37419.20000000001,136536.38999999998,0.0
MED035425,Magnesium Chloride,0.0,37395.75,102441.31,0.0
MED050315,Lupus Nosode,0.0,37367.12000000002,146555.59999999998,0.0
MED073677,"Acetaminophen, Dextromethorphan Hbr And Doxylamine Succinate",0.0,37361.51999999999,97329.16,0.0
MED038637,Dimethicone,0.0,37289.69999999998,101647.35,22265.61
MED108027,Dasatinib,0.0,37272.68999999997,184627.17,0.0
MED129632,"Arsenicum Album, Cocculus Indicus, Ipecacuanha, Kerosotum, Petroleum, Pulsatilla, Sanguinaria Canadensis, Tabacum",0.0,37239.09,176375.22,35808.36
MED078837,Prilocaine Hcl And Epinephrine,0.0,37180.78,122667.93,0.0
MED075420,Clobetasol Propionate,0.0,37146.0,119228.0,46528.0
MED107632,Everolimus,0.0,37144.44,145042.29,13940.67
MED067422,Lisinopril,0.0,37134.720000000016,115852.59,24780.63
MED111367,Acetaminophen And Codeine Phosphate,0.0,37097.27999999997,130917.6,0.0
MED091130,"Aluminium Metallicum, Drosera, Illicium Verum, Mentha Piperita, Senega Officinalis",0.0,37091.03999999999,108251.92,0.0
MED011766,Fluconazole,0.0,37085.970000000016,106248.16,7995.52
MED083233,"Olive Extract, Sulfur",0.0,37071.29999999999,172668.58000000002,0.0
MED011187,Etranacogene Dezaparvovec,0.0,37067.22,149070.78,34047.03
MED131401,Lead,0.0,37063.79999999999,107359.35,9704.8
MED029328,Salicylic Acid,439.14,37055.04000000001,143198.52,1234.47
MED068577,Amoxicillin And Clavulanate Potassium,0.0,37047.04000000001,128865.36,0.0
MED129634,Serotonin (Hydrochloride),0.0,36952.88999999999,99452.47,0.0
MED106797,Acetaminophen,0.0,36910.06,159069.68,44233.28
MED050923,Aluminum Chlorohydrate,0.0,36872.55,93600.65,0.0
MED022029,"Avobenzone 2.5%, Octinoxate 6%, Oxybenzone 3%",0.0,36852.4,175940.0,47689.0
MED018510,Risperidone,0.0,36815.71000000001,130304.32,0.0
MED006330,Praseodymium Metallicum,0.0,36814.65000000002,163622.05,49283.75
MED110106,"Avobenzone, Octisalate, Octocrylene",0.0,36796.05000000002,148179.37,14485.4
MED110028,Ethyl Alcohol,0.0,36726.69,166850.97,74674.56
MED020013,Diphenhydramine Hydrochloride,0.0,36725.0,130072.8,0.0
MED115533,Benzalkonium Chloride,0.0,36653.94,123648.38,14047.24
MED000626,Menthol,0.0,36650.25,136549.35,12571.21
MED123901,Methyl Salicylate,0.0,36609.59999999999,122572.56,0.0
MED109487,Acetaminophen,0.0,36608.00000000003,122108.8,45790.8
MED053022,Neostigmine Methylsulfate,0.0,36601.98000000001,171001.22,0.0
MED073638,Povidone-Iodine,4386.78,36582.60000000002,109933.05,0.0
MED066085,Acetaminophen,450.72,36519.22,141876.78,0.0
MED083102,Diphenhydramine Hydrochloride,1070.52,36516.90000000001,99754.2,0.0
MED097326,"Avobenzone, Homosalate, Octisalate, Octocrylene",0.0,36514.80000000002,132970.31999999998,0.0
MED069092,Ulspira,0.0,36480.64,98360.64,0.0
MED050853,Pyrithione Zinc,0.0,36457.08,118185.98,10026.06
MED014580,Eszopiclone,0.0,36433.8,118581.3,74662.3
MED001036,Titanium Dioxide,0.0,36425.28,156970.4,89328.55
MED096540,Zinc Oxide,0.0,36416.25,121473.0,9537.88
MED124526,Lidocaine,0.0,36384.12000000002,132871.69999999998,19314.1
MED059618,Buspirone Hydrochloride,0.0,36363.600000000006,149379.36000000002,39441.12
MED006349,Stannum Arsenatum,0.0,36349.22999999998,111147.94,6972.38
MED013462,Vardenafil Hydrochloride,0.0,36325.350000000006,127238.85,36313.11
MED111392,Kids Toothpaste For Cavity Protection,149.19,36300.77000000002,172179.58,0.0
MED127810,Rivastigmine,0.0,36278.55,116055.45,0.0
MED035685,Citalopram Hydrobromide,0.0,36251.70000000001,122343.9,22333.92
MED001742,Joint Health Capsules,0.0,36241.54000000001,145853.96,0.0
MED063584,Diclofenac Sodium,0.0,36166.0,119621.72,42482.48
MED062055,Quetiapine,0.0,36129.9,109269.5,0.0
MED119845,Dalbavancin Hydrochloride,0.0,36115.20000000001,112617.6,0.0
MED073400,Neostigmine Methylsulfate,0.0,36048.16000000003,122375.46,23296.86
MED092490,"Menthol, Unspecified Form",799.94,36025.74000000002,107308.61,21856.55
MED034400,Diclofenac Sodium,0.0,36003.92999999999,91063.86,24084.9
MED020366,Lamotrigine,708.54,35999.899999999994,151524.12,44121.0
MED135581,Tramadol Hydrochloride,0.0,35974.399999999994,171151.75,53346.0
MED119429,Testosterone,0.0,35932.25999999998,107026.92,59590.08
MED012830,Benzoin Resin,922.15,35930.67999999999,108826.94,38629.41
MED032218,Dimethicone,0.0,35903.7,115964.1,12148.62
MED020804,"Acetaminophen, Dextromethorphan Hbr, Doxylamine Succinate, Phenylephrine Hcl",0.0,35861.54999999999,102092.7,0.0
MED115083,Robinia Pseudacacia,796.61,35852.740000000005,126490.54,0.0
MED125135,"Avobenzone, Homosalate, Octisalate, Octocrylene Sunscreen",0.0,35778.5,97019.0,0.0
MED040580,Zolpidem Tartrate,0.0,35776.399999999994,108235.72,11261.52
MED104125,Sodium Monofluorophosphate,0.0,35745.850000000006,126618.66,40147.38
MED102297,Olopatadine Hydrochloride Ophthalmic,0.0,35744.53,171452.35,26990.25
MED069322,Morphine Sulfate,0.0,35736.120000000024,167412.36,62539.1
MED104001,Oxycodone Hydrochloride,0.0,35732.34,126882.72,37390.56
MED028810,Shampoo,0.0,35656.75,135679.0,5202.2
MED001867,Sodium Fluoride,0.0,35654.600000000035,151656.74,38026.69
MED059477,Sulfur,0.0,35651.97,133727.22,16192.44
MED029341,"Ammonia Inhalant, Smelling Salts",5298.6,35633.509999999995,129130.32,8589.6
MED080094,Phenylephrine Hydrochloride,2320.72,35594.110000000015,131546.88999999998,0.0
MED132573,Brigatinib,0.0,35576.239999999976,111033.3,0.0
MED114634,Clonidine Hydrochloride,0.0,35574.0,115758.72,12026.88
MED122951,Menthol,0.0,35540.79999999999,156368.85,37399.56
MED026336,Varenicline,0.0,35502.600000000006,108288.46,0.0
MED012230,Rizatriptan Benzoate,0.0,35453.749999999985,115206.49,0.0
MED023570,Lidocaine 4%,0.0,35450.59000000001,94788.4,0.0
MED104938,"Dextrose, Sodium Chloride, And Potassium Chloride",0.0,35395.01999999999,101859.54,6058.56
MED056012,"Avobenzone, Homosalate, Octocrylene, Octisalate",0.0,35378.43999999997,118123.88,0.0
MED129000,Zirconium Muriaticum,0.0,35343.37999999999,118292.46,0.0
MED073897,Kali Bichromicum,0.0,35277.55000000002,176260.7,89274.9
MED080436,Duloxetine,0.0,35275.67999999999,91666.08,69270.39
MED052215,Naproxen,0.0,35236.46000000002,148773.66,67456.38
MED021118,Azithromycin,0.0,35197.83,126755.52,4036.8
MED082115,Alcohol Antiseptic,0.0,35162.82000000001,122299.74,0.0
MED044462,Benzocaine,0.0,35162.64,93559.65,56219.7
MED002285,Kali Phosphoricum,0.0,35156.609999999986,131463.68,0.0
MED115018,Lacosamide,0.0,35156.07999999999,139384.04,0.0
MED061843,Benzalkonium Chloride,0.0,35121.360000000015,105896.0,32550.0
MED066813,Sevelamer Hydrochloride,0.0,35054.19999999998,144880.80000000002,8474.16
MED005197,Fexofenadine Hcl,805.69,35053.20000000001,125469.27,22540.17
MED002349,"Ethylhexyl Methoxycinnamate, Octocrylene, Titanium Dioxide",0.0,35039.42999999999,118235.71,27977.98
MED046754,Bisacodyl,0.0,35032.80000000002,175054.0,0.0
MED079464,Azathioprine,0.0,34939.97,89622.75,41989.5
MED104740,Aluminum Zirconium Trichlorohydrex Gly 20%,0.0,34926.70000000001,131097.44999999998,14066.25
MED133059,Docusate Sodium And Sennosides,1823.67,34845.999999999985,127737.0,0.0
MED108913,Mexiletine Hydrochloride,267.48,34834.470000000016,98296.69,2898.83
MED008811,Passiflora Incarnata Flowering Top,0.0,34830.64,118085.2,0.0
MED081415,"Glucagon Injection, Solution",0.0,34827.749999999985,106867.2,60712.96
MED105037,Isosorbide Mononitrate,0.0,34827.520000000004,96802.4,20517.9
MED029213,Levothyroxine Sodium,0.0,34806.24000000002,172212.47999999998,8770.08
MED028879,"Octyl Methoxycinnamate, Zinc Oxide, Titanium Dioxide",0.0,34697.69999999998,144804.5,31816.2
MED094236,Ephedrine Sulfate,0.0,34674.21999999999,125628.3,21300.3
MED041611,Niacinamide,0.0,34657.999999999985,93224.0,0.0
MED037337,Silver Sulfadiazine,0.0,34651.240000000005,92116.31,1915.1
MED106692,Bupropion Hydrochloride,557.19,34603.67000000001,142915.77,34496.91
MED107910,Cyclobenzaprine Hydrochloride,0.0,34577.28,94942.62,33252.85
MED131664,Octinoxate,1021.84,34536.45000000001,91012.65,0.0
MED115512,Sodium Fluoride,0.0,34520.30999999998,112672.18,0.0
MED077616,Heparin Sodium And Dextrose,0.0,34469.109999999986,160321.07,12633.18
MED062063,Vilazodone Hydrochloride,0.0,34418.96999999999,101136.93,72727.68
MED088249,Celecoxib,0.0,34391.03999999998,97906.56,0.0
MED025300,Trazodone Hydrochloride,0.0,34353.0,113517.0,0.0
MED136840,"Avobenzone, Homosalate, Octisalate, Octocrylene",440.22,34340.34,152798.4,34408.8
MED079015,Sulfamethoxazole And Trimethoprim,4607.55,34339.600000000006,98371.82,11583.03
MED040365,Tadalafil,0.0,34337.21000000001,129655.18,14467.96
MED024358,Rifaximin,3103.76,34325.480000000025,98673.72,0.0
MED024806,Ziprasidone Hydrochloride,0.0,34286.06999999999,115569.24,0.0
MED053755,Zinc Oxide,3298.38,34284.82999999999,98459.96,0.0
MED067313,Heparin Sodium,11502.3,34229.16,148119.3,20330.1
MED122719,Allopurinol,0.0,34172.58,114576.38,2671.47
MED039827,Famotidine,0.0,34156.80000000002,108576.0,33421.05
MED080743,"Arnica Rad, Aconitum Nap, Chamomilla, Belladonna, Symphytum, Bellis, Calendula, Echinacea, Echinacea Purp, Hamamelis, Hypericum, Millefolium, Hepar Sulph Calc, Merc Solub.",0.0,34149.94,88722.04000000001,30684.5
MED060897,Topiramate,0.0,34148.5,140669.0,38403.5
MED033110,Petroselinum Sativum,0.0,34109.92,115623.04,0.0
MED101072,Lidocaine,2605.9,34078.18000000001,108508.48,18050.56
MED012718,Prednisone,549.52,34076.16,112581.12,0.0
MED011250,Fluticasone Propionate,0.0,34070.61,121962.33,52269.57
MED005859,Colestipol Hydrochloride,0.0,34060.8,102643.2,10798.92
MED087214,Levetiracetam,915.89,34056.55999999997,150555.36000000002,53964.12
MED103236,Methazolamide,0.0,34032.95999999999,161575.76,26995.95
MED021871,Ibuprofen 200Mg,0.0,34025.67,117940.83,0.0
MED095391,Bisoprolol Fumarate And Hydrochlorothiazide,0.0,34011.240000000005,117571.62,7007.58
MED066195,"Arnica, Calendula, Chamomilla, Echinacea Angustifolia, Echinacea Purpurea, Hepar Sulph Calc, Hypericum, Lgnatia, Ledum Palustre, Ruta, Silicea, Staphysagria",0.0,33963.29999999999,86686.2,6528.22
MED019440,Clematis Erecta,0.0,33945.090000000004,115590.03,8954.4
MED106887,Lidocaine Hydrochloride And Benzalkonium Chloride,0.0,33876.120000000024,160681.08,24469.2
MED028444,Famotidine,0.0,33867.09999999999,115204.63,0.0
MED083496,Leuprolide Acetate,0.0,33816.23999999999,154468.5,71854.75
MED067359,Alcohol,0.0,33780.880000000005,131847.88,32081.68
MED035310,Guaifenesin,0.0,33776.119999999995,129249.82,0.0
MED073701,"Camphor, Eucalyptus Oil, Menthol",0.0,33761.10000000002,119563.2,19297.92
MED006825,Betamethasone Dipropionate,184.24,33757.43999999999,86368.92,0.0
MED059627,Jock Itch Spray,0.0,33744.880000000005,96454.92,0.0
MED134271,Ethyl Alcohol,0.0,33700.29999999999,108193.6,80860.48
MED053124,Ursodiol,0.0,33680.57000000001,119112.54,0.0
MED062174,Glycopyrrolate,611.35,33624.19999999998,90007.48000000001,3033.96
MED022071,"Calcium Phosphate, Iron, Potassium Phosphate, Unspecified Form, Magnesium Phosphate, Dibasic Trihydrate, And Sodium Phosphate",0.0,33565.44,84925.44,11721.48
MED107392,"Phenylephrine, Dextromethorphan Hydrobromide, Acetaminophen, Doxylamine Succinate",0.0,33530.0,88250.0,3265.25
MED011690,Levothyroxine Sodium,0.0,33508.02000000002,160805.55,0.0
MED118035,"Bacitracin Zinc, Neomycin Sulfate , Polymyxin B Sulfate.",0.0,33504.47999999998,163630.08000000002,0.0
MED087540,Niccolum Sulphuricum,0.0,33483.84,91116.48,19274.64
MED124599,Vasopressin,864.35,33453.44,149338.08,0.0
MED042515,5% Lidocaine Cream,0.0,33448.600000000006,126921.4,0.0
MED045827,Ethacrynic Acid,0.0,33363.740000000005,111522.58,0.0
MED090141,Famotidine,0.0,33361.70000000001,102910.0,31626.0
MED015173,Magnesium Citrate,978.69,33290.39999999998,87794.70000000001,0.0
MED114558,Naproxen Sodium,0.0,33259.520000000004,83211.52,9937.09
MED095759,Alcohol Antiseptic,0.0,33221.28,92760.16,0.0
MED020564,Permethrin,0.0,33216.89,96098.17,0.0
MED075728,Venlafaxine Hydrochloride,0.0,33216.60000000002,114663.1,75124.1
MED013065,"Acetaminophen, Dextromethorphan Hbr, Phenylephrine Hcl",1843.15,33214.5,120868.45,0.0
MED026880,Carvedilol,0.0,33213.369999999995,88295.57,0.0
MED094681,Eszopiclone,0.0,33196.53,140920.47,0.0
MED047237,Prasugrel,0.0,33146.84,129033.28,0.0
MED055408,Lamotrigine,0.0,33089.40000000001,84765.78,0.0
MED039319,Lisdexamfetamine Dimesylate,0.0,33065.79999999999,159540.6,0.0
MED128375,Buprenorphine And Naloxone,0.0,33064.2,91773.0,0.0
MED122847,Ethyl Alcohol,0.0,33055.79999999999,115662.0,0.0
MED010138,Lidocaine 4%,0.0,33049.279999999984,92337.74,0.0
MED133977,Diclofenac Sodium,0.0,32963.72,83059.28,0.0
MED066344,"Avobenzone, Homosalate, Octisalate, Octcrylene",0.0,32950.649999999994,112141.35,0.0
MED025949,Ofloxacin,0.0,32950.34999999999,88948.0,0.0
MED025235,Antacid,0.0,32945.78000000001,110880.3,0.0
MED125065,Ethyl Alcohol,0.0,32938.499999999985,96064.5,18389.49
MED134895,"Avobenzone, Homosalate, Octisalate, And Octocrylene",0.0,32928.69,114802.38,0.0
MED005653,Doxepin Hydrochloride,0.0,32925.359999999986,105642.45,0.0
MED079591,"Homosalate, Octisalate, Avobenzone, Octocrylene, Oxybenzone",0.0,32908.0,159478.4,0.0
MED052602,"Avobenzone, Homosalate, Octisalate, And Octocrylene",0.0,32890.23999999999,142250.56,36085.62
MED089164,Candida Albicans,0.0,32855.56000000001,126260.7,0.0
MED066767,Meclizine Hcl,0.0,32836.40999999999,106096.12,0.0
MED060791,Apis Mellifica,0.0,32828.359999999986,134316.32,33321.44
MED042357,Glycerin,576.2,32698.86000000001,150816.91999999998,0.0
MED053028,Nitisinone,0.0,32698.08,121340.64,0.0
MED119367,Tizanidine,319.43,32693.70000000001,147009.6,38671.2
MED114152,Dasatinib,0.0,32674.719999999987,108883.84,2549.12
MED076912,Malus Pumila Whole,0.0,32655.40000000001,84033.84,25687.2
MED107902,Hydralazine Hydrochloride,0.0,32633.37000000001,83678.76,15214.32
MED077191,Cyclobenzaprine Hydrochloride,0.0,32625.54999999999,134766.25,22632.5
MED094054,Allopurinol,0.0,32621.84,91288.8,12276.0
MED082403,Desloratadine And Pseudoephedrine Sulfate,0.0,32570.700000000023,95954.46,0.0
MED068860,Dexamethasone Sodium Phosphate,0.0,32544.71999999997,152692.15000000002,0.0
MED037543,Aluminum Zirconium Tetrachlorohydrex Gly,0.0,32521.079999999987,156494.76,0.0
MED076403,Alcohol,0.0,32516.399999999998,106890.95,0.0
MED012242,"Titanium Dioxide, Zinc Oxide",0.0,32510.630000000005,98090.51,10423.28
MED088182,Oxycodone And Acetaminophen,487.14,32464.040000000008,161077.7,0.0
MED032723,Aripiprazole,0.0,32457.60000000002,84968.63999999998,0.0
MED117773,Plantago Major,0.0,32441.28,107222.04,33079.14
MED006428,Mitomycin,0.0,32395.33,114630.67,48038.13
MED067209,Naloxone Hydrochloride,0.0,32381.7,106291.51,28944.37
MED059056,Hypromellose Ophthalmic Solution 2% W/V,0.0,32376.819999999992,96026.13,0.0
MED029105,Amoxicillin And Clavulanate Potassium,0.0,32359.919999999984,109244.16,0.0
MED076868,Acetaminophen And Codeine Phosphate,252.11,32332.300000000003,85306.2,1282.8
MED019891,Miconazole Nitrate,0.0,32323.20000000001,136783.08,1848.42
MED096843,Pectin,0.0,32272.800000000003,80714.4,0.0
MED036630,Dextrose And Potassium Chloride,0.0,32258.520000000004,116242.77,0.0
MED130489,Ranolazine,0.0,32247.559999999983,107010.42,7425.99
MED033075,Pix Liquida,0.0,32199.859999999982,91884.24,16822.08
MED132797,"Betula Pendula, Folia, Bos Taurus Thymus, Castanea Vesca, Poplar Bud, Ribes Nigrum Flower Bud, Rna, Viscum Album Stem",0.0,32182.920000000013,117124.26,9904.8
MED054191,Metformin Hydrochloride,0.0,32046.380000000005,93537.91,16927.75
MED005536,Oxycodone Hydrochloride,0.0,32026.679999999997,152956.72,0.0
MED021277,Diltiazem Hydrochloride,894.66,32025.0,112118.0,13233.6
MED019765,Acetaminophen,0.0,32001.92,117244.48,0.0
MED093276,Clonazepam,0.0,31990.399999999998,150614.4,0.0
MED128549,Acetaminophen,0.0,31944.0,99120.78,10649.34
MED048199,Nifedipine,0.0,31943.22,151398.24,8678.88
MED074375,"Chamomile, Mercurius Solubilis, Sulfur",0.0,31942.76999999999,101042.35,32810.8
MED024515,"Acetaminophen, Guaifenesin, And Phenylephrine Hydrochloride",0.0,31901.76000000001,118160.46,0.0
MED041437,Potassium Chloride,0.0,31891.319999999974,158630.40000000002,0.0
MED130974,Isopropyl Alcohol,2372.1,31888.37999999999,87472.86,0.0
MED116190,Chloroxylenol,0.0,31871.51999999999,83603.52,83603.52
MED089372,Flunisolide,0.0,31836.99999999997,147938.2,0.0
MED002160,Zinc Oxide,0.0,31807.819999999992,112604.65,0.0
MED007832,Quetiapine,761.1,31799.069999999992,108651.96,0.0
MED096272,Cyclobenzaprine Hydrochloride,0.0,31781.65000000001,95804.79,0.0
MED104579,Dextromethorphan Polistirex,0.0,31751.64,127508.52,0.0
MED128657,Lactuca Virosa,0.0,31704.28,92097.86,0.0
MED032564,Lacosamide,0.0,31672.959999999992,106119.13999999998,20756.8
MED039087,Colchicine,0.0,31653.050000000003,94065.4,0.0
MED109325,Metformin Hydrochloride,0.0,31643.35000000001,115347.9,0.0
MED040835,Capsaicin,0.0,31636.15999999999,88900.40000000001,6932.6
MED001001,Benzocaine,0.0,31620.060000000005,86126.64,33458.36
MED021857,"Acteaminophen, Dextromethorphan Hbr, Guaifenesin, Phenylephrine Hcl",0.0,31538.079999999987,134406.30000000002,0.0
MED100814,Promethazine Hydrochloride And Dextromethorphan Hydrobromide,0.0,31515.48,84654.72,0.0
MED114001,Oxycodone And Acetaminophen,0.0,31509.60000000001,93028.56,0.0
MED055503,Diclofenac Epolamine,0.0,31497.199999999983,147568.40000000002,24845.7
MED025144,Diltiazem Hydrochloride,0.0,31464.419999999984,126470.79,75646.08
MED026412,Zinc Sulfate,0.0,31448.69,136241.56,30370.96
MED003868,Sodium Fluoride,0.0,31410.030000000013,97806.6,0.0
MED117451,Celestite 6X,0.0,31353.139999999985,124549.6,72331.6
MED063926,Alcohol,387.42,31294.899999999998,81058.18000000001,48147.34
MED105206,Topiramate,0.0,31258.70000000001,84110.7,0.0
MED130218,Lansoprazole,0.0,31256.76000000001,133103.22,29758.85
MED089810,Benzalkonium Chloride,0.0,31253.040000000023,96556.32,46937.1
MED102250,Mupirocin,0.0,31251.119999999995,129741.0,30419.5
MED117268,Warfarin Sodium,0.0,31231.259999999995,103034.7,58349.4
MED076892,"Arsenic Trioxide, Citrullus Colocynthis Fruit Pulp, Ranunculus Bulbosus, And Toxicodendron Pubescens Leaf",0.0,31228.469999999987,81278.40000000001,5003.2
MED042296,Zinc Oxide,0.0,31203.47999999998,129175.2,0.0
MED133991,Benzonatate,0.0,31183.75,140002.06999999998,0.0
MED113650,Tolnaftate,0.0,31176.919999999984,122844.35,38668.35
MED080803,"Camphor (Synthetic), Eucalyptus Oil, And Menthol",0.0,31157.50000000001,78916.54,62060.58
MED055613,Atropine Sulfate,0.0,31135.5,82121.13,0.0
MED061262,Insulin Human,0.0,31134.40000000001,102731.2,0.0
MED079778,"Avobenzone, Homosalate, Octisalate, Octocrylene",0.0,31103.749999999985,78523.40000000001,14294.08
MED121283,Metoprolol Tartrate And Hydrochlorothiazide,0.0,31102.880000000005,97224.42,51258.72
MED019463,Cryptomeria Japonica,0.0,31090.050000000003,111138.3,0.0
MED019333,Diphenhydramine Hydrochloride,0.0,31066.859999999982,84078.90000000001,2312.85
MED136804,Salicylic Acid,0.0,31028.2,108940.95,43576.38
MED019323,Sodium Monofluorophosphate,0.0,31024.00000000001,117269.6,0.0
MED055550,Ceile Spf 30 Prime Protect Radiate Nacre,0.0,31011.74000000002,128081.52,0.0
MED082181,Bosutinib,0.0,30988.160000000036,145940.47999999998,61242.88
MED121892,Menthol,724.11,30967.22,132105.86,0.0
MED119852,Dextrose Monohydrate,0.0,30957.380000000005,95238.99,14220.36
MED014819,Zinc Oxide,0.0,30927.60000000001,102982.66,0.0
MED103376,Sterile Water,1396.24,30919.84,153891.63999999998,0.0
MED061637,Dorzolamide Hydrochloride And Timolol Maleate,0.0,30917.439999999988,81388.96,14165.8
MED134936,"Loratadine, Pseudoephedrine Sulfate",0.0,30889.59999999996,105706.72000000002,10516.74
MED114111,Thuja Occ,0.0,30884.399999999998,78904.42,0.0
MED092228,Guanfacine,0.0,30859.64,112927.04,3145.6
MED105767,Psyllium Husk,0.0,30839.60000000001,97244.5,2487.65
MED076983,Menthol,0.0,30793.679999999997,113920.2,0.0
MED021401,"Phenobarbital, Hyoscyamine Sulfate, Atropine Sulfate, Scopolamine Hydrobromide",0.0,30766.439999999988,105461.46,0.0
MED122106,Warfarin Sodium,0.0,30754.819999999992,103621.32,21972.06
MED103865,Amphotericin B,0.0,30754.62000000001,128097.45,8028.9
MED132079,Metaxalone,0.0,30744.00000000001,117256.32,0.0
MED055690,Lidocaine 4%,0.0,30740.709999999992,96968.9,1502.1
MED066033,Linezolid,0.0,30732.779999999984,122451.42,0.0
MED005604,Lisinopril,0.0,30723.800000000017,98489.0,0.0
MED012279,"Precipitated Calcium Carbonate, Tocopherol Acetate, Aluminium Chlorohydroxy Allantoinate, Dibasic Calcium Phosphate Hydrate",0.0,30696.449999999983,147306.80000000002,9907.36
MED130879,Lidocaine Hydrochloride And Dextrose,0.0,30689.65000000001,77373.59999999999,0.0
MED101300,Iodium,282.49,30678.09,146902.95,0.0
MED133562,Salicylic Acid,0.0,30670.08,79457.28,23648.0
MED134763,"Camphor, Menthol",0.0,30625.919999999984,116466.84,0.0
MED128127,Verapamil Hydrochloride,0.0,30598.95000000001,121902.6,13643.6
MED131781,L-Ascorbic Acid,0.0,30592.75,136843.8,0.0
MED134204,Zolmitriptan,0.0,30554.87999999999,86022.8,0.0
MED019285,Fluocinonide,0.0,30502.44,93983.92,1155.54
MED008610,Benzalkonium Chloride,0.0,30484.56,98512.5,46018.75
MED061582,Ofloxacin,0.0,30484.35000000001,81021.4,8479.96
MED131298,Doxycycline Hyclate,0.0,30461.550000000003,117494.55,0.0
MED071930,Dexmethylphenidate Hydrochloride,0.0,30445.410000000003,147473.82,34552.44
MED105739,Loperamide Hcl,0.0,30410.210000000006,88827.59,16867.72
MED121077,Stannous Fluoride,0.0,30360.06,100575.06,0.0
MED070117,Duloxetine,0.0,30356.840000000026,130607.4,47770.8
MED059957,Letermovir,0.0,30355.020000000004,81678.36,1219.08
MED118518,Aluminum Zirconium Trichlorohydrex Gly 20%,1770.74,30354.380000000005,87094.18000000001,46598.16
MED094956,Levothyroxine Sodium,0.0,30322.40000000001,82545.59999999999,0.0
MED122524,Doxepin Hydrochloride,0.0,30316.85000000002,118370.63,81744.74
MED027828,Eflapegrastim-Xnst,0.0,30268.00000000001,126138.6,30672.0
MED092725,Mycophenolic Acid,0.0,30258.90000000001,96642.0,0.0
MED066197,"Methenamine, Sodium Salicylate",0.0,30255.12000000001,95621.58,0.0
MED061420,Lamotrigine,0.0,30240.0,123456.0,0.0
MED133121,Ursodiol,0.0,30217.410000000003,80610.92,20178.6
MED081543,Atomoxetine,0.0,30199.14000000001,140443.68,41869.36
MED075314,Guaifenesin And Pseudoephedrine Hydrochloride,0.0,30172.37999999999,86195.97,23115.21
MED021982,"Dextromethorphann Hbr, Guaifenesin",0.0,30146.48000000001,89696.87999999999,32773.86
MED054406,Ishancare Baby Eczema Cream,4552.95,30139.79999999999,87495.19,71003.95
MED120147,Docusate Sodium,719.48,30139.2,90838.02,0.0
MED089595,"Potassium Nitrate, Activated Charcoal, Sulfur",0.0,30139.199999999983,119442.96,9625.44
MED082396,Clopidogrel Bisulfate,0.0,30137.889999999985,105095.84,68780.0
MED047065,Semaglutide,0.0,30125.15999999999,89731.78,0.0
MED063755,"Chlorpheniramine Maleate, Dextrometrorphan Hbr",0.0,30115.00000000001,121645.58,4029.27
MED094683,Rosuvastatin Calcium,0.0,30100.56,92614.9,30656.5
MED001232,Oxygen,0.0,30074.160000000003,82789.2,0.0
MED075496,Rosuvastatin Calcium,0.0,30008.15999999999,93380.04,20751.12
MED001110,Zonisamide,3234.3,29985.90000000001,96167.1,11378.55
MED048154,Canagliflozin And Metformin Hydrochloride,0.0,29985.06,146741.28,0.0
MED069785,Wart And Corn Remover,0.0,29980.09,81970.47,0.0
MED075291,Betamethasone Dipropionate,0.0,29953.819999999974,143322.66,0.0
MED134677,"Acetaminophen, Dextromethrophan, Doxylamine Succinate, Phenylephrine Hcl",0.0,29944.53,82970.16,0.0
MED024624,Ibuprofen,0.0,29915.0,110635.9,0.0
MED056273,"Undecylenic Acid, Tolnaftate",0.0,29890.579999999987,141877.89,25758.81
MED088067,Mexiletine Hydrochloride,0.0,29875.15999999999,128857.96,0.0
MED015865,"Acetaminophen, Dextromethorphan Hbr, Guaifenesin, Phenylephrine Hci",920.61,29871.480000000025,109882.22,25665.92
MED130705,Carvedilol,1177.31,29859.800000000017,130739.56,18893.0
MED094801,Tramadol Hydrochloride,0.0,29855.5,78416.0,74089.6
MED005322,Hydroxyzine Hydrochloride,0.0,29847.53999999999,112681.79000000001,43303.26
MED069260,Dalteparin Sodium,0.0,29842.2,85182.34,8033.21
MED090748,Brightening Skni Tint,0.0,29840.280000000013,128275.02,57674.04
MED051248,"Apis Mellifica, Aranea Diadema, Berberis Vulgaris, Equisetum Hyemale, Galium Aparine, Juglans Regia, Manganum Phosphoricum, Nicotinamidum, Nitricum Acidum, Sarsaparilla, Thuja Occidentalis, Urtica Urens",0.0,29838.85000000001,128982.6,41265.0
MED058948,Hydrogen Peroxide,0.0,29816.64,100723.98,71522.49
MED078639,Difluprednate,0.0,29786.40000000001,129358.08,0.0
MED028658,"Menthol 5%, Lidocaine 4%",378.85,29725.430000000026,111957.56,0.0
MED104761,Cyclobenzaprine Hydrochloride,0.0,29721.45,85050.90000000001,75257.16
MED008543,"Guaifenesin, Dextromethorphan Hbr",0.0,29717.76000000001,80778.81,4446.54
MED009087,Senna Leaf,0.0,29702.089999999986,112118.93,0.0
MED092057,Ziprasidone Hydrochloride,0.0,29694.34999999999,93483.46,44034.68
MED052532,Sodium Chloride,544.95,29683.619999999995,76188.18,25052.87
MED109445,Lamotrigine,0.0,29675.51999999999,128233.28,0.0
MED136577,Furosemide,0.0,29666.399999999998,112548.22,0.0
MED055847,Salicylic Acid,648.55,29664.660000000003,77406.5,15237.5
MED074635,Flucytosine,0.0,29663.26000000001,92187.84,0.0
MED035657,Apremilast,2067.58,29622.670000000013,119881.96,22520.52
MED037528,"Dextroamphetamine Saccharate, Amphetamine Aspartate, Dextroamphetamine Sulfate And Amphetamine Sulfate",0.0,29599.72,117743.19,0.0
MED094097,Fluoxetine,0.0,29554.56,105914.88,0.0
MED128846,Ferrum Bromatum,0.0,29523.39,87820.46,0.0
MED082969,Digoxin,1576.98,29517.10000000001,75375.11,0.0
MED001504,"Agraphis Nutans, Castoreum, Formica Rufa, Lemna Minor, Sanguinaria Nitricum, Sticta Pul, Teucrium Marum, Thuja",1852.49,29509.51999999999,111205.12,0.0
MED130719,Thiothixene,456.51,29442.47999999998,136320.88,0.0
MED131975,Pregabalin,0.0,29353.20000000001,89898.75,0.0
MED120304,Abiraterone Acetate,0.0,29352.119999999995,100001.72,20138.04
MED122209,Valsartan And Hydrochlorothiazide,0.0,29352.04999999999,123036.55000000002,21091.98
MED090577,"Chlophedianol Hcl, Pyrilamine Maleate",0.0,29339.10000000001,134775.9,30591.99
MED129286,Dalfampridine,0.0,29326.879999999976,127694.82,0.0
MED006092,Secale Cornutum,0.0,29251.53,111399.75,0.0
MED115017,Cuprum Fluoratum,2372.24,29216.88000000002,106508.16,0.0
MED075780,Mucuna Pruriens Fruit Trichome,0.0,29194.7,82556.2,0.0
MED028193,Titanium Dioxide,0.0,29182.859999999982,83497.82,46416.49
MED057034,Capecitabine,7881.25,29175.45000000001,131658.6,87310.44
MED102973,Quetiapine,0.0,29163.84000000001,109645.92,16393.14
MED013659,"Drosera, Arnica Montana, Bryonia, Ipecacuanha, Cetraria Islandica, Coccus Cacti, Corallium Rubrum, Stannum Metallicum",0.0,29144.64,81200.0,0.0
MED064596,Ropinirole,0.0,29135.76000000001,140939.63999999998,0.0
MED135270,Calamine And Pramoxine Hydrochloride,0.0,29086.119999999995,80589.81,0.0
MED130582,Aspirin,0.0,29048.25,123387.0,2243.4
MED065261,Metformin Hydrochloride,0.0,28954.570000000007,97814.21,0.0
MED020527,"Aralia Quinquefolia, Ginkgo Biloba, Hydrocotyle Asiatica, Cerebrum Suis, Hypophysis Suis, Hypothalamus Suis, Phosphorus, Silicea",0.0,28906.48000000001,72981.76,0.0
MED092209,Nicardipine Hydrochloride,0.0,28886.31,75490.02,12386.1
MED104485,Chlorzoxazone,0.0,28867.62000000001,88733.45999999999,0.0
MED014789,Losartan Potassium,0.0,28819.20000000001,110726.4,25929.6
MED074086,Scandium Oxydatum,0.0,28815.19,76601.48,63769.76
MED101582,"Acetaminophen, Dextromethorphan Hbr, Guaifenesin, Phenylephrine Hcl",0.0,28812.649999999998,141856.65,49048.74
MED011883,Atorvastatin Calcium,0.0,28758.0,129456.0,0.0
MED109541,Zinc Oxide,0.0,28757.880000000005,74125.79999999999,0.0
MED051064,Sodium Phosphates,0.0,28744.039999999997,107758.42,31940.37
MED089921,Zinc Oxide,0.0,28741.34,98832.52,14726.7
MED023550,Drosera Combination,0.0,28674.59,79320.5,15397.0
MED068214,Sacubitril And Valsartan,872.1,28668.40000000001,99413.8,98232.8
MED039586,Baclofen,18.68,28649.790000000008,108981.72,13139.64
MED040085,Benzonatate,785.52,28644.0,83926.92,0.0
MED051862,Lovastatin,2128.35,28607.34,89270.62,38068.02
MED060153,Saccharum Officinale,0.0,28545.569999999992,72171.72,0.0
MED105832,"Octinoxate, Octisalate, Titanium Dioxide, Zinc Oxide",0.0,28539.770000000004,102251.1,3525.9
MED049202,Trandolapril,0.0,28525.639999999985,103234.56,0.0
MED088037,Neostigmine Methylsulfate,0.0,28498.37999999999,117954.66000000002,18189.27
MED115676,"Allium Cepa, Ambrosia Artemisiifolia, Euphrasia Officinalis, Galphimia Glauca, Histaminum Hydrochloricum, Hydrastis Canadensis, Lemna Minor, Luffa Operculata, Natrum Muriaticum, Polyporus Pinicola, Sabadilla",0.0,28498.300000000003,105374.4,0.0
MED002447,Divalproex Sodium,0.0,28485.039999999997,88219.78000000001,0.0
MED035757,Radium Bromide,1403.14,28485.0,88236.0,22059.0
MED026558,Glyburide,0.0,28466.960000000006,99612.92,0.0
MED013597,"Potassium Chloride, Sodium Chloride, Calcium Chloride, And Magnesium Chloride",192.68,28466.490000000005,74120.41,15648.99
MED060404,Simethicone,0.0,28443.680000000008,73591.02,9553.59
MED125500,Siponimod,0.0,28439.960000000006,100221.58,13416.39
MED011130,"Avobenzone 3%, Homosalate 10%, Octisalate 5%, Octocrylene 5%",0.0,28426.72,87907.68000000001,7479.54
MED122670,Paliperidone,0.0,28413.05999999997,110413.73,0.0
MED022622,Omeprazole And Sodium Bicarbonate,0.0,28405.92,72143.6,217.3
MED014439,Bupropion Hydrochloride,0.0,28403.430000000026,117839.25,0.0
MED021352,Titanium Dioxide,0.0,28361.92,84256.74,0.0
MED001690,Sodium Chloride,0.0,28342.0,74100.0,10744.5
MED089185,Metoprolol Tartrate,0.0,28339.2,105274.8,0.0
MED066587,Triamcinolone Acetonide,2815.29,28325.01000000001,83798.89,0.0
MED096082,"Avobenzone, Homosalate, Octisalate, Octocrylene",0.0,28287.23999999999,106550.82,61545.6
MED136795,"Benzalkonium Chloride, Lidocaine",0.0,28285.95000000001,72288.9,0.0
MED035126,Diphenhydramine Hydrochloride,0.0,28231.880000000005,80084.59999999999,0.0
MED108019,"Norethindrone Acetate And Ethinyl Estradiol Tablets Usp, 1 Mg/0.02 Mg And Ferrous Fumarate Tablets, 75 Mg",0.0,28197.0,87701.25,9714.6
MED022616,"Chlorpheniramine Maleate, Dextromethorphan Hydrobromide, Phenylephrine Hydrochloride",1472.24,28193.5,125069.36,0.0
MED036767,Bromfenac Sodium,0.0,28156.539999999994,116115.23000000001,50623.7
MED040513,Aspirin,0.0,28140.0,140108.0,0.0
MED069206,Mag Phos,0.0,28120.880000000005,105144.47,0.0
MED106925,Diphenhydramine Hcl,0.0,28108.59999999999,74465.56,2336.47
MED015767,Ondansetron,0.0,28084.680000000008,75394.8,0.0
MED042084,Bupivacaine Hydrochloride,0.0,28037.059999999983,87836.79000000001,20140.92
MED056363,Ibuprofen,0.0,28033.34000000001,109672.95,14633.55
MED116611,Terconazole,1045.52,28027.79999999999,75499.8,0.0
MED021259,"Phytolacca Decandra, Hypophysis (Suis), Scrophularia Nodosa, Hypothalamus (Suis), Calcarea Carbonica, Cimicifuga Racemosa, Lilium Tigrinum, Sulphur, Causticum, Graphites, Kali Phosphoricum",0.0,27998.40000000001,77592.2,14497.49
MED097037,Conditioner,0.0,27980.53999999998,101905.56,0.0
MED012502,Haloperidol Decanoate,0.0,27973.020000000004,124048.52,0.0
MED015414,Iaha Whitening Serum,1046.62,27972.709999999992,122813.88,0.0
MED051155,Dipyridamole,0.0,27961.64,117381.39,51212.73
MED026810,Dobutamine,901.67,27908.7,125373.9,0.0
MED009346,Allopurinol,0.0,27812.399999999998,131886.59,39315.03
MED130525,Arabica Coffee Bean,0.0,27795.539999999997,86589.54000000001,40830.84
MED089407,Acetaminophen,0.0,27795.2,70128.7,0.0
MED111143,Zinc Oxide,0.0,27779.76000000001,74332.08,30742.28
MED027488,Sodium Monofluorophosphate,0.0,27735.0,95176.2,0.0
MED111131,Zinc Oxide,0.0,27735.0,93540.48,0.0
MED124891,Ampicillin Sodium,0.0,27726.300000000003,109996.11,0.0
MED033942,Penicillin G Potassium,0.0,27657.00000000001,105618.6,86841.96
MED100795,Nicotine Polacrilex,0.0,27629.76000000001,135864.0,0.0
MED077838,Brigatinib,0.0,27606.12000000001,98656.26,0.0
MED110631,Antacid Tablets (Calcium Carbonate),0.0,27593.72,82407.92,0.0
MED063922,Alcohol,0.0,27573.56,75563.76,28983.36
MED132152,Delandistrogene Moxeparvovec-Rokl,0.0,27559.35000000001,119426.58,0.0
MED042386,Soothing Pain Relief Massage,0.0,27537.65000000001,89350.66,18830.62
MED002305,"Calc Fluor, Ferr Phos, Mag Phos",0.0,27517.10000000001,132711.6,0.0
MED028559,Oxymetazoline Hydrochloride,0.0,27513.72,71151.6,57924.7
MED038984,Ibuprofen,0.0,27500.0,92317.28,0.0
MED090251,Rancid Beef,0.0,27495.81000000001,109481.15,7976.3
MED032446,Fludeoxyglucose F18,0.0,27486.31000000001,69057.59,0.0
MED011893,Quetiapine Fumarate,0.0,27484.35000000002,94949.85,0.0
MED067725,Paroxetine Hydrochloride Hemihydrate,1224.02,27466.719999999987,78050.88,0.0
MED007303,Arnica Betula B,287.2,27461.26000000001,107255.62,0.0
MED038160,Stannous Fluoride,0.0,27431.40000000001,93162.06,13347.0
MED136307,Clarithromycin,0.0,27424.539999999997,109649.1,68346.3
MED132814,Argentum Metallicum,0.0,27419.79999999999,75453.8,11398.34
MED071233,Elagolix,0.0,27413.58,88624.44,39957.84
MED132687,Sertraline Hydrochloride,0.0,27406.180000000008,91262.39,16961.12
MED066479,"Thuja Occidentalis, Antimonium Tartaricum, Kali Bichromicum, Mercurius Iodatus Ruber, Spongia Tosta, Hepar Sulphuris Calcareum",0.0,27399.69,98070.75,0.0
MED074370,Guaifenesin,1818.74,27370.0,84105.8,36116.02
MED069266,Camphora,2890.04,27366.270000000004,118727.39,17222.33
MED049006,Aspirin,0.0,27361.759999999995,129537.68,0.0
MED021885,Isopropyl Alcohol,0.0,27332.15999999999,117196.86,40166.06
MED082060,Esomeprazole Magnesium,0.0,27320.760000000024,120670.38,31066.9
MED082219,Bismuth Subsalicylate,0.0,27302.59000000001,69278.37,0.0
MED002420,Epoetin Alfa-Epbx,0.0,27252.59999999999,87173.34,0.0
MED067707,Gabapentin,0.0,27191.040000000008,69366.64,24850.42
MED038903,Tadalafil,0.0,27169.119999999995,90926.08,20352.64
MED034166,Haloperidol,0.0,27168.40000000001,90055.0,1660.0
MED033896,Candida Albicans,0.0,27164.609999999982,98981.19,1564.92
MED050193,Alcohol,0.0,27163.64000000001,117598.04,105598.24
MED025921,Naproxen,0.0,27083.579999999987,127272.1,0.0
MED125039,"Reishi, Schisandra Chinensis Seed, Maritime Pine",0.0,27049.400000000023,126538.65,0.0
MED091356,Dimethicone,0.0,27038.7,72861.1,15132.69
MED129883,Bupivacaine And Meloxicam,760.15,27025.15000000001,108057.55,0.0
MED076588,Alcohol,0.0,26965.90999999999,73098.66,0.0
MED026078,Haloperidol,0.0,26943.020000000004,75123.52,14329.92
MED026984,Lidocaine,0.0,26941.419999999984,84822.74,0.0
MED069438,"Vitamin A, Ascorbic Acid, Vitamin D, .Alpha.-Tocopherol, Thiamine Mononitrate, Riboflavin, Niacin, Pyridoxine Hydrochloride, Folic Acid, Cyanocobalamin, Calcium, Iron, Magnesium, Zinc, Copper, And Doconexent",0.0,26926.73000000001,68847.9,0.0
MED105920,Nourished And Radiant Acne Treatment Serum With 2% Salicylic Acid,0.0,26913.60000000001,76241.76,0.0
MED106529,Promethazine Hydrochloride,1123.96,26882.679999999997,89247.3,0.0
MED066478,"Calcarea Carbonica, Calcarea Iodata, Causticum, Ferrum Iodatum, Fucus Vesiculosus, Kali Iodatum, Natrum Muriaticum, Thyroidinum (Bovine)",0.0,26867.899999999998,68843.76000000001,47929.2
MED038192,Roflumilast,0.0,26866.79999999999,84573.3,12105.59
MED103814,Lamotrigine,0.0,26863.20000000001,81963.0,21856.8
MED117121,Burts Bees Spf 30 Untinted Lip Balm Beaches And Cream,0.0,26862.399999999998,133310.84,31709.86
MED128645,Ibuprofen,0.0,26820.300000000003,74691.12,60077.64
MED102908,Carbon Disulfide,0.0,26811.40000000001,114884.0,0.0
MED134410,Hydroxyzine Pamoate,0.0,26782.300000000003,124233.3,8913.6
MED107733,Candesartan Cilexetil,0.0,26780.119999999995,132103.68,10283.52
MED040549,Clindamycin Phosphate,0.0,26777.51999999999,71720.88,0.0
MED061844,Cinchona Officinalis Bark,0.0,26765.199999999983,123338.6,7848.82
MED025091,Norethindrone And Ethinyl Estradiol,0.0,26760.780000000013,81142.56,0.0
MED019648,Rhus Toxicodendron,0.0,26760.630000000005,68676.0,45008.0
MED131279,Ursodiol,0.0,26725.710000000006,77633.06999999999,0.0
MED038600,Nitroglycerin,0.0,26697.48,106878.24,62732.88
MED095631,Diphenhydramine Hydrochloride,860.16,26689.050000000003,74237.84999999999,0.0
MED087654,Ornithogalum Umbellatum,0.0,26648.67,90897.14,0.0
MED089219,Acetaminophen,0.0,26642.800000000003,89371.2,0.0
MED068521,Lenalidomide,0.0,26628.31,85560.83,29580.51
MED025694,"Avobenzone, Homosalate, Octisalate And Octocrylene",0.0,26611.38000000002,128924.85,0.0
MED010332,Artemisia Vulgaris,0.0,26601.959999999992,96022.08,0.0
MED027546,Sodium Fluoride,0.0,26596.0,121146.0,15490.8
MED042596,"Acid Phos, Lycopodium, Nat Sulph, Opuntia Vulg, Syzygium Jambol, Taraxacum, Uva Ursi",0.0,26566.320000000007,117792.62,43450.88
MED075774,Titanium Dioxide And Zinc Oxide,0.0,26522.649999999998,102968.25,0.0
MED048604,"Hydrocortisone Acetate, Iodoquinol",0.0,26486.95000000001,116986.8,0.0
MED083387,Sunscreen,0.0,26484.240000000005,99547.36,22291.28
MED055540,Diphenhydramine Hydrochloride,0.0,26464.08,121552.24,0.0
MED054710,Zinc Oxide,0.0,26461.469999999987,98189.71,0.0
MED076095,Pramoxine Hci,1116.12,26426.399999999998,118157.76,60133.86
MED054975,"Acetaminophen, Diphenhydramine Hcl, Phenylephrine Hcl",0.0,26335.819999999992,103014.56,0.0
MED079206,Cefdinir,0.0,26316.990000000005,71991.64,0.0
MED066781,Tapentadol Hydrochloride,0.0,26286.910000000003,77032.92,14394.6
MED133720,Buprenorphine And Naloxone,0.0,26234.330000000016,91884.72,43441.2
MED006116,Ranunculus Bulbosus,0.0,26233.23,115551.24,48975.36
MED122523,Acyclovir,0.0,26233.11,81160.56,0.0
MED129301,Sevoflurane,0.0,26229.64000000003,116149.1,0.0
MED060700,Fenofibrate,0.0,26150.410000000003,85372.43,66865.12
MED036126,"Diclofenac Sodium, Capsaicin",0.0,26138.48,81877.28,0.0
MED061694,Lytta Vesicatoria,0.0,26121.50000000001,88519.4,17604.42
MED065901,Aspirin,283.27,26115.319999999974,91092.26,13762.14
MED078340,Miconazole Nitrate,0.0,26103.869999999995,75492.95,0.0
MED079002,"Octinoxate, Octocrylene, Titanium Dioxide",0.0,26003.139999999985,104523.74,0.0
MED087943,Menthol,0.0,25978.320000000007,100609.56,0.0
MED078442,Oxymetazoline Hydrochloride,474.22,25976.60000000001,70824.86,0.0
MED124726,"Acetaminophen, Caffeine, And Pyrilamine Maleate",0.0,25960.44,79099.68000000001,6988.32
MED005815,Barium Sulfate,0.0,25951.50000000001,78113.65,28249.32
MED105456,"Avobenzone, Homosalate, Octisalate, Octocrylene",0.0,25921.73999999999,65721.74,0.0
MED129484,"Bacitracin Zinc, Neomycin Sulfate, Polymyxin B Sulfate",587.14,25888.75,76408.3,4397.6
MED004994,Nilotinib,0.0,25856.28,84614.08,0.0
MED060995,Sodium Bicarbonate,0.0,25847.21000000002,116062.09,2239.14
MED049022,Calcium Carbonate,0.0,25832.42,87213.49,0.0
MED093826,Polyethylene Glycol 3350,0.0,25821.070000000007,83992.81,17144.33
MED028460,Zinc Oxide,4574.18,25797.86,71645.16,29331.24
MED117416,Miconazole Nitrate,0.0,25795.2,66466.56,0.0
MED019426,Chlorinum,0.0,25780.930000000008,100487.94,22497.3
MED029358,Salicylic Acid,0.0,25779.389999999985,119467.53,72205.65
MED100813,Hydrocodone Bitartrate And Acetaminophen,0.0,25760.09999999999,98521.8,0.0
MED008672,Lamotrigine,0.0,25744.149999999998,112057.57,0.0
MED136625,Amlodipine Besylate,0.0,25739.699999999983,89714.1,22365.7
MED027895,Lidocaine 4%,0.0,25728.320000000007,109095.2,3087.6
MED005023,Perflutren,0.0,25699.520000000004,110289.8,44412.0
MED019349,"Dextromethorphan Hydrobromide, Guaifenesin",0.0,25666.730000000003,115343.97,93344.44
MED113941,"Acetaminophen, Dextromethorphan Hbr, Doxylamine Succinate, Guaifenesin, Phenylephrine Hcl",0.0,25655.11999999998,94040.76,0.0
MED045330,"Octinoxate, Zinc Oxide",0.0,25630.0,76353.2,17526.53
MED119709,Colloidal Oatmeal,0.0,25629.46000000002,107119.52,6141.76
MED036775,Cyclobenzaprine Hydrochloride,0.0,25540.75,92603.72,0.0
MED033088,Zincum Metallicum,0.0,25532.79999999999,106992.0,3677.85
MED091410,Anti-Smoking I Drops,0.0,25518.460000000006,85475.84,27458.56
MED095428,Vilazodone Hydrochloride,0.0,25509.28,72949.98000000001,0.0
MED130860,Nexterone (Amiodarone Hci),451.98,25451.050000000003,64649.14,0.0
MED000356,"Octisalate, Homosalate, Zinc Oxide",0.0,25416.73999999999,120498.38,18869.66
MED014404,Sodium Fluoride,0.0,25405.459999999992,84986.6,16298.8
MED036733,Lamotrigine,0.0,25404.0,84428.87999999999,0.0
MED114242,Docusate Sodium,0.0,25385.94,102297.71,11763.66
MED008569,"Calcium Carbonate, Magnesium Hydroxide",0.0,25348.410000000003,113935.16,0.0
MED130175,Irbesartan,503.7,25346.72000000003,107886.8,0.0
MED120633,Diltiazem Hydrochloride,0.0,25314.870000000003,64251.66999999999,0.0
MED107240,Tension Headache Relief,0.0,25302.2,70781.48,41825.42
MED022061,Alcohol,0.0,25295.490000000005,90444.42,2257.08
MED055088,Xenon Xe 129 Hyperpolarized,0.0,25287.569999999992,69249.12000000001,0.0
MED073422,Venlafaxine,0.0,25274.2,111962.55,23306.49
MED023641,Metoprolol Succinate,0.0,25236.399999999998,67835.6,0.0
MED061522,Ibuprofen,10819.12,25230.239999999998,72856.26,81390.94
MED053841,"Avobenzone, Homosalate, Octisalate",0.0,25212.87999999999,108563.84,12160.56
MED007385,Mineral Oil,0.0,25206.92,93450.36,0.0
MED083173,"Erborian Cc Red Correct Spf 25- Octinoxate, Octisalate, Titanium Dioxide, Zinc Oxide Cream",0.0,25202.160000000003,87607.8,0.0
MED135770,Hydrocodone Bitartrate And Acetaminophen,0.0,25183.44000000003,123784.52,0.0
MED129976,"Aluminum Hydroxide, Magnesium Hydroxide, Simethicone",0.0,25173.2,74672.94,0.0
MED054846,Dihydroergotamine Mesylate,0.0,25172.289999999997,66776.27,0.0
MED131923,Brightening Skin Tint,1296.12,25169.999999999985,96190.0,0.0
MED064587,Zinc Oxide,0.0,25155.179999999997,119637.6,0.0
MED026266,Guaifenesin,0.0,25147.28,94053.18,0.0
MED068583,Lisinopril,3273.55,25130.10000000001,101286.61,2551.3
MED110407,Zinc Oxide,0.0,25075.78,69445.1,0.0
MED124966,"Alumina, Bryonia, Colocynthis, China Off, Lycopodium, Thuja Occ, Nux Vom",0.0,25062.51999999999,107490.6,0.0
MED051759,Glyburide,0.0,25058.88,64013.4,47525.1
MED007376,"Acetaminophen, Dextromethorphan Hbr, Doxylamine Succinate",4438.91,25031.36,72122.48,0.0
MED047110,Duloxetine,0.0,25014.779999999984,74792.34000000001,0.0
MED076107,Tofacitinib Citrate,0.0,25008.67,103450.21,0.0
MED028750,Sodium Fluoride,0.0,25006.520000000004,73565.73,0.0
MED063107,Guaifenesin And Dextromethorphan Hbr,0.0,25000.20000000001,66604.5,12386.1
MED059461,Alcohol,2791.71,24983.78999999998,115904.88,0.0
MED024313,Aripiprazole,1432.44,24924.75,76611.25,9175.0
MED068551,Pregabalin,0.0,24922.680000000026,72500.57999999999,0.0
MED019944,"Dextromethorphan Hydrobromide, Acetaminophen, Doxylamine Succinate",0.0,24918.399999999998,81450.72,45816.03
MED079677,Terazosin,0.0,24875.960000000006,68881.28,0.0
MED068964,Red Ginseng,5484.51,24858.23999999999,74047.16,0.0
MED013775,"Aceticum Acidum, Anacardium Orientale, Baryta Iodata, Calcarea Carbonica, Capsicum Annum, Focus Versiculosus, Graphites, Natrum Sulphuricum, Phytolacca Decandra, Stannum Metallicum, Thyroidinum, Zincum Metallicum",0.0,24809.40000000001,66590.7,62958.48
MED024805,Aspirin,0.0,24799.94,85002.44,2192.04
MED088513,Midazolam,0.0,24790.319999999992,64098.240000000005,3715.84
MED073971,Sepia,0.0,24782.5,76761.09999999999,0.0
MED083188,Bivalirudin,1944.78,24772.259999999995,86588.1,0.0
MED063941,Zinc Oxide,0.0,24771.00000000001,85471.49999999999,3418.86
MED005097,"Avobenzone, Octisalate, Octocrylene",0.0,24754.53,113197.53,0.0
MED001582,"Menthol, Camphor",370.96,24743.78,72663.16,33882.26
MED075281,"Glycerin, Petrolatum, Phenylephrine Hydrochloride, And Pramoxine Hydrochloride",589.16,24743.15999999997,120524.94,0.0
MED109641,Alcohol,0.0,24724.08,100613.04,0.0
MED124164,"Abies Nigd5, Anti Crudd8, Condurangod4, Lycopodiumd5, Nux Vomicad5, Ornithogalumd4, Symphytumd4",0.0,24715.47,65403.92999999999,0.0
MED063349,"Avobenzone, Octisalate, And Octocrylene",0.0,24680.64,81300.61,14268.48
MED107817,Baclofen,0.0,24674.76000000001,77943.78,0.0
MED042670,Salicylic Acid 2%,0.0,24674.160000000014,99331.05,21658.65
MED090685,Metformin Hydrochloride,0.0,24669.0,74646.0,0.0
MED076174,Oxybutynin Chloride,0.0,24659.44,63183.48,0.0
MED118778,Lactulose,0.0,24638.949999999983,63765.66,37548.42
MED018429,Alcohol,0.0,24620.44,109736.56,38359.24
MED036495,"Hydrastis Canadensis, Lycopodium Clavatum, Ephedra Vulgaris, Mezereum, Petroleum, Pulsatilla, Thuja Occidentalis",622.84,24611.209999999992,105786.88,0.0
MED068791,Sodium Chloride,0.0,24605.36,108843.2,67796.4
MED116236,Selpercatinib,0.0,24593.439999999995,62860.38,0.0
MED104853,Zinc Oxide,1304.4,24586.079999999987,121285.44,7470.48
MED090556,Cetirizine Hydrochloride,0.0,24575.60000000001,71442.16,8316.74
MED128203,Clotrimazole,0.0,24558.2,116767.39,0.0
MED102727,Sulfamethoxazole And Trimethoprim,0.0,24549.98000000001,69505.66,10655.92
MED014647,Docusate Sodium,0.0,24498.920000000013,75695.28,17771.1
MED069391,"Dextromethorphan Hbr, Guaifenesin",0.0,24477.0,67353.54,11507.64
MED021537,Tolnaftate,0.0,24451.2,93050.4,0.0
MED038985,Salsalate,0.0,24418.800000000003,74318.4,0.0
MED019190,Fluvoxamine Maleate,0.0,24415.740000000005,76819.59,0.0
MED117540,Ciele Lip And Protect Lipstick Spf 60 Kelly,0.0,24407.34999999999,82472.09,65459.91
MED081166,Benzonatate,0.0,24394.52,62716.76,0.0
MED039375,Triamcinolone Acetonide,0.0,24388.76999999999,81783.04000000001,14132.48
MED002187,Body Acne Treatment,0.0,24382.78,70098.7,5572.7
MED093130,Potassium Phosphates,0.0,24368.039999999997,65763.90000000001,61474.95
MED026283,Benzoyl Peroxide,0.0,24366.959999999992,99996.64,44395.06
MED034321,Maraviroc,0.0,24331.800000000017,106173.96,8930.52
MED038406,Zinc Oxide,0.0,24311.550000000003,86105.16,61638.12
MED023460,Zinc Oxide,0.0,24300.0,108570.0,0.0
MED069225,"Ambra Grisea, Ammonium Mur, Arnica Mont, Baptisia Tinc, Belladona, Carbo Veg, Filipendula Ulm, Sacale Corn",0.0,24287.25,71630.0,27109.2
MED002286,Sunitinib Malate,3492.9,24246.5,75883.38,0.0
MED123388,Guaifenesin,0.0,24228.03999999998,115617.5,0.0
MED120484,Pantoprazole,0.0,24163.84,67107.84,0.0
MED128500,Raltegravir,0.0,24161.319999999992,67601.28,986.88
MED022142,Ketorolac Tromethamine,0.0,24155.28,91151.52,0.0
MED094778,Esterified Estrogens And Methyltestosterone,0.0,24147.680000000008,74917.59999999999,0.0
MED093686,Acetaminophen,0.0,24106.120000000024,113543.08,0.0
MED062826,Diphenhydramine Hcl,0.0,24085.84999999999,88835.95000000001,41568.52
MED094473,Sevelamer Carbonate,0.0,24079.11000000001,91024.94,0.0
MED100768,Duloxetine Hydrochloride,0.0,24077.789999999997,96278.49,34745.13
MED033253,Ammonium Bromatum,0.0,24066.240000000005,107652.54,61612.46
MED109516,Benzocaine,0.0,24061.79999999999,83785.8,6184.19
MED050106,Irbesartan,0.0,24051.5,103004.0,35208.64
MED045826,Pregabalin,0.0,24048.0,118242.0,23254.26
MED104570,"Acetaminophen, Aspirin, Caffeine",0.0,24031.56,83554.8,36661.8
MED012947,Minocycline Hydrochloride,1615.25,24005.039999999997,68507.28,10039.86
MED023292,Levocetirizine Dihydrochloride,0.0,24001.2,82034.19,17611.86
MED012054,Pregabalin,0.0,23992.28,82449.32,19498.15
MED012949,Amitriptyline Hydrochloride,0.0,23963.040000000008,78143.04,0.0
MED028799,Sodium Chloride Tablet,737.89,23959.60000000001,117820.0,0.0
MED063046,Datura Stramonium,0.0,23947.37999999999,78494.19,16728.27
MED050238,Salicylic Acid,0.0,23933.92,82523.84,21988.26
MED082869,Oxybutynin Chloride,0.0,23928.279999999984,117545.18,27037.04
MED099357,Oxybutynin Chloride,0.0,23868.64000000001,100805.48,33253.26
MED080402,Atorvastatin Calcium,0.0,23863.19,75330.23,0.0
MED027805,Sodium Borate,0.0,23849.65000000001,106749.2,0.0
MED002143,"Titanium Dioxide, Zinc Oxide",0.0,23848.620000000024,116712.05,0.0
MED038286,Emtricitabine And Tenofovir Disoproxil Fumarate,0.0,23837.759999999995,69035.76000000001,0.0
MED029243,Hydrocortisone 1%,5439.5,23810.48999999999,70914.69,0.0
MED118039,Silicon Dioxide,0.0,23770.800000000003,88357.44,0.0
MED008031,Titanium Dioxide And Zinc Oxide,0.0,23762.09,62787.12,0.0
MED073596,Rivastigmine Tartrate,0.0,23755.839999999986,64501.40000000001,20619.3
MED101994,Sertraline Hydrochloride,0.0,23737.84,107600.16,0.0
MED039591,Prazosin Hydrochloride,0.0,23709.42,83013.35,53557.0
MED116388,Zidovudine,0.0,23689.76999999999,74006.14,39549.84
MED087069,Oxybutynin Chloride,0.0,23639.86000000001,102449.82,14804.13
MED100332,Chlorpromazine Hydrochloride,0.0,23636.990000000005,66736.48,60950.08
MED037885,Cefixime,0.0,23561.86000000001,86920.12,0.0
MED121404,Meclofenamate Sodium,0.0,23557.75,67476.25,7745.1
MED094945,Lidocaine,0.0,23556.389999999985,114494.38,46817.54
MED055278,Prednisone,0.0,23544.780000000013,80754.23999999999,0.0
MED063066,Titanium Dioxide,819.9,23537.92,104459.88,2419.92
MED052995,Acetaminophen,0.0,23506.0,71254.0,0.0
MED040109,Ciprofloxacin Tablets,0.0,23457.7,82569.6,0.0
MED136292,Estradiol,0.0,23457.270000000004,66552.63,63622.64
MED134708,Ropinirole,0.0,23452.65999999999,108748.64,31711.68
MED134234,Salicylic Acid,0.0,23406.08,108498.42,30408.75
MED130970,"Avobenzone, Homosalate, Octisalate, Octocrylene",0.0,23396.10000000001,88894.26,0.0
MED128660,Gnaphalium Polycephalum,0.0,23392.2,63250.2,0.0
MED029756,Phenytoin Sodium,0.0,23314.5,88440.65999999999,26502.42
MED046752,Polyethylene Glycol 3350,0.0,23302.35000000001,68209.65,0.0
MED046946,"Venlafaxine Hydrochloride, Extended Release",0.0,23291.84000000001,73875.23,0.0
MED106814,Methylphenidate Hydrochloride,0.0,23285.280000000013,76804.43,42033.37
MED101178,Dolichos Pruriens,0.0,23220.550000000003,80053.4,64498.0
MED063633,Nitrofurantoin Monohydrate,1113.75,23212.800000000003,58760.64,27952.11
MED014278,Tamsulosin Hydrochloride,0.0,23203.2,82089.6,0.0
MED134776,"Acetaminophen, Guaifenesin, Dextromethorphan Hbr, Phenylephrine Hcl",0.0,23199.2,106774.6,22263.64
MED014612,Desonide,0.0,23188.160000000003,77840.64,167.04
MED128458,Diltiazem Hydrochloride,874.24,23186.069999999992,93146.32,24651.2
MED050080,Fluvoxamine Maleate,0.0,23183.340000000004,64099.02,18932.2
MED064126,Mepivacaine Hydrochloride,0.0,23181.300000000017,72988.15,19861.55
MED092215,Diclofenac Sodium And Misoprostol,0.0,23168.710000000006,115197.63,0.0
MED069912,Azelaic Acid,0.0,23142.189999999988,106616.01,0.0
MED065246,Dapagliflozin And Metformin Hydrochloride,0.0,23135.359999999982,75346.24,14807.04
MED038672,Bupropion Hydrochloride,606.2,23126.0,58056.8,7678.48
MED104362,Diclofenac Sodium,0.0,23086.250000000007,60525.19,0.0
MED073633,Alcohol,0.0,23084.64,80263.56,0.0
MED059070,Cyclobenzaprine Hydrochloride,196.98,23069.79,60593.76,16483.36
MED103609,Docusate Sodium,3212.12,23036.44,104084.19,0.0
MED111272,Salicylic Acid 17% Wart Remover,0.0,23002.2,78963.3,0.0
MED090943,Tobramycin,0.0,22975.65000000001,86297.49,32477.55
MED064027,Clematis Combination,0.0,22965.959999999992,99946.2,41166.8
MED103913,Diclofenac Sodium,0.0,22947.84,93424.8,2626.4
MED099919,Butenafine Hydrochloride,0.0,22930.83,81226.04000000001,0.0
MED064982,Emapalumab-Lzsg,0.0,22870.429999999997,76403.53,0.0
MED118631,Mipaste Plus Melon,0.0,22869.539999999997,71573.76,66551.04
MED052316,Etodolac,940.8,22845.550000000003,84620.9,7253.22
MED093053,Teriflunomide,0.0,22837.76,65493.12,0.0
MED064486,Iodine And Sodium Iodide And Alcohol,0.0,22809.759999999995,107474.64,36309.0
MED087752,Lithium Fluoratum,0.0,22780.35000000001,82014.84,7642.96
MED079024,Valacyclovir,0.0,22779.33,94475.36,0.0
MED006370,Aluminium Carbonicum,0.0,22778.820000000007,80201.88,0.0
MED035188,Oxygen,0.0,22764.00000000001,99052.0,0.0
MED116959,Sodium Monofluorophosphate,0.0,22751.51999999999,86822.18000000001,0.0
MED054407,Lmnoop Itch Relief Cream,0.0,22654.60000000001,82644.38,0.0
MED014840,Carbidopa And Levodopa,0.0,22652.460000000014,63077.94,2855.38
MED051852,Eszopiclone,0.0,22645.84,67242.16,18555.03
MED024398,Famciclovir,179.62,22567.999999999985,82871.6,43507.59
MED087160,Alcohol,0.0,22552.660000000003,85486.24,0.0
MED111088,Pain Relief Patch,805.69,22536.800000000003,105828.8,16836.4
MED054941,Bisacodyl,0.0,22536.72,85122.9,0.0
MED078985,Ascorbic Acid,0.0,22517.0,101924.5,12053.68
MED091875,Petrolatum,0.0,22483.2,103974.4,0.0
MED119294,Baryta Acetica,0.0,22453.44000000001,63285.2,0.0
MED008169,Quetiapine,0.0,22380.75,63159.39,5081.79
MED073923,Dimethicone,0.0,22375.320000000007,93979.56,0.0
MED119798,Sumatriptan,0.0,22362.210000000006,63273.59999999999,0.0
MED112650,Oxygen,0.0,22360.800000000003,92891.7,0.0
MED047156,Insulin Aspart,0.0,22304.15,65021.24,28650.52
MED120357,Petrolatum,0.0,22302.51999999999,68272.18000000001,41828.73
MED021626,Alfuzosin Hydrochloride,0.0,22289.540000000008,65762.31999999999,2324.24
MED040807,Pectin,0.0,22289.39999999998,107836.2,19769.97
MED130570,"Avobenzone 3%, Homosalate 15%, Octisalate 5%, Octocrylene 8%",0.0,22274.76,62399.4,8366.4
MED102597,Lamotrigine Extended Release,0.0,22225.319999999992,67223.52,36005.76
MED038095,Bumetanide,0.0,22221.36,68574.24,0.0
MED066026,Folic Acid,0.0,22192.380000000005,56370.72,0.0
MED034204,Viscum 3%,0.0,22183.03999999998,82174.40000000001,18868.85
MED116418,"Avobenzone, Homosalate, Octisalate, And Octocrylene",0.0,22153.259999999995,67835.26,22701.84
MED036735,Bupropion Hydrochloride,0.0,22138.999999999996,60679.45,0.0
MED114546,Menthol,1315.55,22138.200000000004,56174.58,0.0
MED053571,Ciclopirox,0.0,22136.18,64177.24,8384.2
MED032356,Quetiapine,0.0,22123.53,89991.0,0.0
MED035866,Tizanidine,0.0,22114.160000000003,75780.04,4873.82
MED067324,Hydroxyzine Hydrochloride,0.0,22098.77000000002,78791.09999999999,0.0
MED090973,Lidocaine,0.0,22076.550000000003,63483.45,0.0
MED105086,Bimatoprost,0.0,22054.399999999998,57920.0,0.0
MED087904,Sennosides,0.0,22044.18,60173.76,16363.04
MED059767,Levothyroxine Sodium,0.0,22042.800000000003,74961.22,36525.69
MED032449,Acetaminophen,0.0,22042.499999999985,91147.5,9843.93
MED090935,Topiramate,0.0,22011.0,76655.7,0.0
MED045450,Clomipramine Hydrochloride,0.0,21999.040000000008,99736.28,0.0
MED116754,Baclofen,0.0,21983.98999999999,58852.5,5842.5
MED082747,"Titanium Dioxide, Zinc Oxide",0.0,21979.44,97521.75,0.0
MED018843,Mesalamine,0.0,21971.95,71403.15000000001,0.0
MED123622,Alcohol,2813.3,21970.08,59639.67,13602.03
MED121957,Terbinafine,0.0,21956.020000000004,80412.75,12474.0
MED019603,Nux Vomica,0.0,21934.08,105074.28,0.0
MED103673,Doxazosin Mesylate,248.06,21906.340000000004,57884.88,51362.64
MED091189,Bethanechol Chloride,0.0,21898.26,62639.01,39561.48
MED130750,Duloxetine,0.0,21882.48000000001,77088.0,0.0
MED047625,Clotrimazole,0.0,21861.92,82771.72,49722.58
MED077551,"Octisalate, Titanium Dioxide",0.0,21842.05999999999,60368.3,0.0
MED079534,Pramipexole Dihydrochloride,0.0,21825.0,72072.0,7927.92
MED093078,Nifedipine,0.0,21815.209999999992,70814.68000000001,8480.8
MED002237,"Titanium Dioxide, Zinc Oxide",0.0,21771.540000000008,79810.3,0.0
MED048690,Meloxicam,0.0,21760.440000000017,98540.26,14375.9
MED078990,Daptomycin,0.0,21733.37999999999,82254.18000000001,3447.78
MED059834,Miconazole Nitrate,0.0,21710.69999999999,55354.2,0.0
MED063255,Viola Odorata,0.0,21694.65000000001,98437.53,13447.75
MED088089,Risperidone,0.0,21676.050000000017,66262.68,0.0
MED114768,Lamivudine,0.0,21673.680000000026,69019.01999999999,345.96
MED039673,Caffeine,0.0,21669.56,69212.44,15637.57
MED115632,Ibuprofen,0.0,21662.160000000014,98291.68,37786.66
MED060099,Ledum Palustre,0.0,21644.09,80173.17,0.0
MED082116,Alcohol Antiseptic,0.0,21640.520000000004,99242.8,17385.6
MED062967,Meclizine Hcl,0.0,21600.720000000016,73716.95999999999,14549.4
MED118410,Midodrine Hydrochloride,0.0,21600.200000000004,64118.9,0.0
MED078283,Olmesartan Medoxomil,371.02,21562.079999999987,74875.68000000001,29692.08
MED134718,"Titanium Dioxide, Zinc Oxide",0.0,21514.240000000005,73710.72,0.0
MED049407,Alemtuzumab,0.0,21467.15000000001,54056.62,0.0
MED136789,Lonapegsomatropin-Tcgd,0.0,21429.59,53909.31,0.0
MED036691,Ondansetron,0.0,21398.25,95581.62,54174.42
MED019171,"Zinc Oxide, Titanium Dioxide",0.0,21368.87999999999,65133.990000000005,6761.61
MED007775,Moxifloxacin Hydrochloride,0.0,21347.86,89557.14,15395.22
MED039819,Droxidopa,0.0,21343.499999999985,78259.5,12787.5
MED063990,Nausea/Morning Sickness Drops,0.0,21310.8,64639.32,0.0
MED020580,Cetirizine Hcl,0.0,21296.45000000001,83003.97,0.0
MED063712,"Absinthium, Arnica Montana, Aurum Metallicum, Jateorhiza Palmata, Rosmarinus Officinalis, Stibium Metallicum, Thymus Vulgaris, Valeriana Officinalis",0.0,21295.39,64990.83,11161.86
MED107726,"Belladonna, Calendula Officinalis, Chamomilla, Colocynthis, Magnesia Phosphorica, Nux Vomica, Pulsatilla.",0.0,21286.649999999998,61921.89,28088.28
MED040746,Olanzapine,0.0,21275.98,78832.79,14627.95
MED132115,Ondansetron,0.0,21261.160000000014,66728.68,20454.52
MED066891,Bisoprolol Fumarate And Hydrochlorothiazide,0.0,21258.240000000005,65674.26,0.0
MED127866,Benzethonium Chloride And Benzocaine,0.0,21257.28,99283.14,0.0
MED103907,Sotalol Hydrochloride,0.0,21215.35000000001,65970.15,4467.27
MED079768,Doxycycline Hyclate,0.0,21162.39,59988.19,0.0
MED082463,"Acetaminophen, Dextromethorphan Hbr, Phenylephrine Hcl, Diphenhydramine Hcl",758.34,21154.770000000004,54638.01,0.0
MED009677,"Octinoxate, Titanium Dioixide, Octisalate",0.0,21144.76,57407.35,0.0
MED114504,Dexamethasone Sodium Phosphate,0.0,21133.319999999992,101971.48,76788.24
MED127641,Menthol,0.0,21126.59999999999,93409.8,0.0
MED038324,Lovastatin,0.0,21124.520000000004,88773.62999999999,1935.12
MED051685,Valacyclovir,0.0,21123.84,86709.12,25741.77
MED107279,Levothyroxine Sodium,0.0,21085.679999999997,83369.44,0.0
MED067148,Diltiazem Hydrochloride,228.4,21073.859999999982,52712.850000000006,16075.55
MED075684,Topiramate,291.88,21052.460000000006,54211.3,0.0
MED012416,Salicylic Acid,0.0,21021.23999999999,68678.05,7322.7
MED127955,Tretinoin,0.0,20975.43,60658.27,7026.99
MED053251,Cyclobenzaprine Hydrochloride,0.0,20952.5,75517.74,17922.06
MED079144,Bendamustine Hydrochloride,2203.02,20952.360000000008,54763.02,0.0
MED002230,Ibealee Nail Repair Pen,0.0,20913.120000000003,54581.04,21478.65
MED020279,"Allium Cepa, Calc Carb, Ferrum Phos, Hepar Sulph Calc, Lycopodium, Merc Solub, Pulsatilla, Silicea, Sulphur",0.0,20912.399999999998,93550.8,0.0
MED118527,Sulfamethoxazole And Trimethoprim,0.0,20901.60000000001,88430.4,11299.44
MED027083,Fexofenadine Hydrochloride,0.0,20892.75,101346.27,3777.55
MED059555,Midazolam Hydrochloride,0.0,20883.819999999992,68416.14,9446.58
MED033679,Oxygen,0.0,20799.300000000017,55923.15,0.0
MED008634,Alcohol,0.0,20796.10000000001,102731.85,90645.75
MED087221,Roflumilast,0.0,20783.5,76207.48,42165.56
MED136536,Levothyroxine Sodium,0.0,20774.070000000007,103270.89,54142.02
MED092116,Ultra Dry Invisible Solid 96H Antiperspirant Deodorant,0.0,20762.54999999999,86407.95,84072.6
MED106968,"Dextroamphetamine Saccharate, Amphetamine Aspartate, Dextroamphetamine Sulfate, Amphetamine Sulfate",0.0,20750.399999999998,53410.5,15969.2
MED038626,"Homosalate, Octisalate, Zinc Oxide",0.0,20740.86,52753.32000000001,25147.64
MED083930,Salicylic Acid 1% Milia Remover Essence,0.0,20736.450000000004,63402.99,0.0
MED117838,"Acetaminophen, Dextromethorphan Hydrobromide, Guaifenesin, Phenylephrine Hydrochloride",346.8,20713.009999999995,73232.84,0.0
MED133785,Colchicine,0.0,20681.55999999999,64864.04,0.0
MED102785,Budesonide And Formoterol Fumarate Dihydrate,0.0,20673.380000000005,64449.56,0.0
MED018696,Amoxicillin And Clavulanate Potassium,0.0,20609.179999999997,69105.05,6558.3
MED023149,"Magnesium Sulfate, Unspecified Form",0.0,20570.0,67570.0,0.0
MED075510,Famotidine,0.0,20534.050000000017,70223.20999999999,10313.56
MED095132,Estradiol,0.0,20521.660000000003,56653.75,0.0
MED056000,"Homosalate, Octocrylene, Octisalate, Avobenzone",40.64,20518.86,95640.54,25053.9
MED081462,Hydrochlorothiazide,0.0,20496.45,74424.09,0.0
MED027236,Chlorthalidone,2201.42,20496.0,94723.2,0.0
MED064455,Acetaminophen Chlorpheniramine Maleate Phenylepherine Hydrochloride,0.0,20482.7,80132.22,0.0
MED129432,Tizanidine,0.0,20467.48000000001,97580.72,0.0
MED049393,Octinoxate And Titanium Dioxide,0.0,20462.2,66569.6,5719.36
MED065597,"Acetaminophen, Dextromethorphan Hbr, Doxylamine Succinate Softgels",0.0,20453.10000000001,64748.4,39340.8
MED120117,Gabapentin,0.0,20452.25,62284.75,5154.6
MED032973,Natrum Fluoratum,3687.14,20452.08,55601.5,3646.0
MED096421,Losartan Potassium,0.0,20447.0,83414.1,0.0
MED086009,Sulfur,0.0,20443.14,69376.8,13419.6
MED093445,Norgestimate And Ethinyl Estradiol,0.0,20412.179999999997,68288.24,13567.2
MED122705,Metoprolol Succinate Er,0.0,20411.94,72394.44,22467.24
MED078915,Fexofenadine Hcl And Pseudoephedrine Hcl,0.0,20398.56000000001,61648.86,0.0
MED078336,Menthol,0.0,20390.65000000001,98252.35,0.0
MED033046,Mercurius Corrosivus,0.0,20343.759999999995,84950.24,2922.6
MED075418,Meclizine Hydrochloride,4573.89,20287.50000000001,63069.78,0.0
MED056049,"Titanium Dioxide, Zinc Oxide",0.0,20264.800000000017,77000.4,0.0
MED027684,"Homosalate, Octisalate, Avobenzone",819.96,20264.399999999998,56699.5,52774.15
MED075277,Octinoxate,2685.1,20260.60000000001,89768.79999999999,0.0
MED076844,Daratumumab,0.0,20224.020000000004,80683.32,0.0
MED124153,Tadalafil,0.0,20219.259999999995,91825.16,23316.86
MED102924,Divalproex Sodium,0.0,20206.35000000001,76713.8,0.0
MED087286,"Carbidopa, Levodopa And Entacapone",0.0,20205.180000000008,85703.22,0.0
MED067478,Zinc Oxide,0.0,20202.22,89434.84,0.0
MED080344,"Antimonium Tartaricum, Avena Sativa, Bryonia (Alba), Chamomilla, Drosera (Rotundifolia), Hepar Sulphuris Calcareum, Hydrastis Canadensis, Kali Bichromicum, Passiflora Incarnata, Pulsatilla (Pratensis), Sambucus Nigra, Stannum Metallicum, Sulphur",164.33,20202.000000000007,65346.44,14570.49
MED123889,"Methyl Salicylate, Menthol, Capsaicin",46.02,20185.36000000001,64098.31999999999,0.0
MED124222,Zyncum Metallicum,2851.67,20159.04,55718.88,15443.82
MED014171,Dextroamphetamine Sulfate,0.0,20146.83999999999,50912.4,0.0
MED046984,Hydromorphone Hydrochloride,0.0,20111.48999999999,96110.28,57462.76
MED054358,Icosapent Ethyl,0.0,20098.79999999999,98431.2,0.0
MED064808,"Dextrose Monohydrate, Sodium Chloride, And Potassium Chloride",0.0,20098.34999999999,69289.6,0.0
MED124043,Acetaminophen,0.0,20057.44,52237.12,0.0
MED004956,"Daytime Severe - Acetaminophen, Dextromethorphan Hbr, Guaifenesin, Phenylephrine Hcl, Nighttime Severe-Acetaminophen, Dextromethorphan Hbr, Doxylamine Succinate, Phenylephrine Hcl",0.0,20049.70000000001,55475.2,0.0
MED005180,Ipratropium Bromide,0.0,20036.10000000001,85716.75,0.0
MED040078,Rosuvastatin,0.0,20029.399999999998,80219.94,0.0
MED013674,Zinc Oxide And Octinoxate Sunscreen,0.0,20021.75999999998,87464.06000000001,0.0
MED047060,Oxycodone Hydrochloride,0.0,20007.680000000008,68138.4,0.0
MED096930,Colloidal Oatmeal,0.0,20002.410000000014,84027.51,0.0
MED093657,Acetaminophen,2064.1,19930.78999999998,84019.54000000001,0.0
MED022083,"Bryonia Alba Root,Calcium Sulfide,Pulsatilla Vulgaris Whole,Ferrosoferric Phosphate,Phosphorus,Antimony Potassium Tartrate,Ipecac,Rumex Crispus Root",0.0,19906.340000000004,52624.44,36620.1
MED063631,"Sodium Chloride, Sodium Lactate, Potassium Chloride, And Calcium Chloride",1224.66,19873.619999999988,62391.060000000005,22986.18
MED048090,Famotidine,0.0,19833.899999999987,64754.7,40376.46
MED019022,Diphenhydramine Hydrochloride,0.0,19815.120000000003,62894.52,52680.88
MED124014,Salicylic Acid 3%,0.0,19799.35000000001,81605.4,29226.12
MED115028,Magnesia Muriatica,918.9,19791.380000000005,72917.77,16030.18
MED116718,Atorvastatin Calcium,0.0,19774.289999999997,60157.81,3612.61
MED091428,Mycocan 500X,0.0,19720.000000000007,54078.04,0.0
MED036684,Methylprednisolone,0.0,19719.630000000005,76036.5,12078.0
MED124420,Berdazimer,2581.99,19714.62000000001,72530.4,0.0
MED094571,Iodixanol,0.0,19695.05999999999,56218.82,0.0
MED107445,Lidocaine,0.0,19670.40000000001,86052.48,47956.33
MED020699,Chloroxylenol,0.0,19654.460000000006,89831.56,34074.04
MED023636,Eszopiclone,0.0,19626.420000000013,94190.31,0.0
MED106567,Enoxaparin Sodium,0.0,19626.06,73781.55,0.0
MED091370,Zinc Oxide,0.0,19617.6,58679.560000000005,0.0
MED009415,Tolterodine Tartrate,0.0,19594.63,52598.26,0.0
MED035111,Amidate(Tm) Etomidate,0.0,19593.160000000003,63654.34,17482.53
MED067885,Lidocaine,0.0,19577.789999999997,67435.68000000001,0.0
MED087995,"Acetaminophen, Dextromethorphan Hbr, Doxylamine Succinate, Phenylephrine Hcl",0.0,19570.84,84131.73000000001,0.0
MED075634,Doxycycline,0.0,19564.3,57675.45,0.0
MED075480,Metformin Hydrochloride,0.0,19542.240000000005,82208.16,0.0
MED032017,Levoleucovorin Injection,0.0,19541.480000000003,54467.280000000006,1155.6
MED104685,Levetiracetam,0.0,19541.270000000004,89728.45,0.0
MED028650,Bupivacaine Hydrochloride,0.0,19453.880000000005,64573.56,0.0
MED024353,"Potassium Chloride, Dextrose Monohydrate And Sodium Chloride",972.82,19441.73999999999,82811.64,51697.44
MED078697,"Homosalate, Octinoxate, Oxybenzone, Avobenzone",0.0,19390.279999999984,92181.18,8610.33
MED107428,"Mineral Oil, Petrolatum, Phenylephrine Hcl",0.0,19384.65000000001,66286.68,23883.64
MED123397,Petrolatum,0.0,19377.869999999995,92694.99,0.0
MED009557,Atenolol,0.0,19374.029999999984,69119.55,8836.65
MED114898,"Aspirin, Chlorpheniramine Maleate, Phylephrine Bitartrate",0.0,19363.98,86426.16,0.0
MED032943,Ferrum Sulphuricum,0.0,19355.250000000007,61345.8,0.0
MED013412,Pravastatin Sodium,0.0,19346.0,50634.5,0.0
MED045386,"Zinc Oxide, Titanium Dioxide",0.0,19336.740000000005,51253.5,42166.0
MED091480,Famotidine,0.0,19331.039999999997,85496.40000000001,0.0
MED023134,Histamine Dihydrochloride,0.0,19306.56,66166.38,20758.08
MED074782,Lamotrigine,0.0,19306.48999999999,57826.16,0.0
MED010644,Docusate Sodium,0.0,19282.76999999999,63936.990000000005,0.0
MED054142,Glucagon Injection,0.0,19277.439999999988,95536.0,0.0
MED104536,Brightening Skin Tint,0.0,19249.1,58139.38,2236.13
MED034871,Cyclamen Purpurascens Tuber,0.0,19214.75,77781.61,0.0
MED021231,Dicyclomine Hydrochloride,0.0,19175.679999999997,60092.8,4984.0
MED119734,Atenolol,0.0,19166.40000000001,59422.4,0.0
MED066603,Topiramate,0.0,19159.270000000004,91659.19,53806.76
MED133355,Potassium Acetate,0.0,19116.89,54759.28,0.0
MED040410,Menthol,533.36,19115.52,53903.76,53549.13
MED037487,Olaparib,0.0,19111.740000000005,54902.28,0.0
MED123770,Ibuprofen And Famotidine,0.0,19087.75,71472.5,27029.6
MED042707,"Acetaminophen, Dextromethorphan Hbr, Phenylephrine Hcl",0.0,19086.930000000008,95298.93,0.0
MED005685,Buspirone Hydrochloride,0.0,19062.0,55932.0,0.0
MED129386,Ciprofloxacin,0.0,19035.14,90300.37,0.0
MED130154,Divalproex Sodium,0.0,19012.079999999987,50207.52,16283.52
MED034365,Gold,0.0,19002.6,50944.95,20126.4
MED051355,Sodium Fluoride And Potassium Nitrate,0.0,18994.33999999999,62888.64000000001,45868.32
MED088258,Metoprolol Tartrate,0.0,18977.53000000001,59171.35,6665.75
MED065616,Fesoterodine Fumarate,0.0,18944.800000000017,93229.51,0.0
MED106707,Doxazosin,0.0,18932.550000000003,70656.95,0.0
MED091978,Selumetinib,0.0,18902.460000000006,77064.95999999999,52743.04
MED059748,Candesartan Cilexetil And Hydrochlorothiazide,0.0,18902.25,76818.0,0.0
MED068153,Potassium Chloride,0.0,18897.78,70840.55,57282.55
MED128675,Manganum Muriaticum,8574.19,18821.19,90367.05,0.0
MED039978,Diphenhydramine Hcl,0.0,18820.95000000001,88372.81,13360.9
MED129709,"Echinacea (Angustifolia), Tabebuia Impetiginosa, Abies Nigra, Lycopodium Clavatum, Nux Vomica, Phosphorus, Pulsatilla (Vulgaris), Sepia, Skatolum, Canadida Albicans,",2300.4,18795.959999999992,49618.98,3490.02
MED053324,Carbidopa And Levodopa,0.0,18786.789999999997,53391.72,12455.64
MED119460,Fluvastatin,0.0,18779.5,49542.0,6806.64
MED089000,Cefdinir,0.0,18752.79999999999,89685.20000000001,0.0
MED043163,Cyclobenzaprine Hydrochloride,0.0,18740.259999999995,67311.86,0.0
MED065414,Venlafaxine Hydrochloride,0.0,18726.4,47036.4,0.0
MED034805,Acetaminophen,0.0,18706.73999999999,92607.46,13325.62
MED093385,Esomeprazole Magnesium,0.0,18692.960000000006,85039.63,14115.89
MED113957,Calcium Carbonate,0.0,18680.42,72501.53,7538.67
MED080648,Dasatinib,0.0,18676.14,73963.62,66520.74
MED083484,Glycerin,0.0,18670.68,48004.74,0.0
MED056099,Zinc Oxide,1735.65,18657.48,68058.57,0.0
MED039750,Docetaxel,0.0,18656.249999999996,46770.97,12926.65
MED019456,Coccus Cacti,1333.4,18619.37999999999,72486.81,19528.41
MED066915,Azithromycin Monohydrate,0.0,18610.679999999997,60456.880000000005,15532.4
MED046544,Sodium Fluoride,0.0,18582.0,73957.99,0.0
MED005165,Voriconazole,0.0,18550.840000000004,55168.96,0.0
MED094705,Nabumetone,0.0,18527.999999999996,60360.96,0.0
MED063904,Aluminum Zirconium Trichlorohydrex Gly,0.0,18521.66000000001,64781.02,0.0
MED111206,Lacosamide,0.0,18506.4,63391.68,0.0
MED071088,Dextrose Monohydrate,0.0,18489.75,90352.8,0.0
MED121044,Phenazopyridine Hydrochloride,0.0,18461.7,85613.67,21761.77
MED134678,Docosanol,0.0,18453.11,51148.5,0.0
MED131195,Alcohol,0.0,18451.2,60963.05,30284.87
MED064415,Diltiazem Hydrochloride,0.0,18442.62000000001,77486.64,32681.44
MED107620,Adapalene,0.0,18428.33999999999,50511.060000000005,0.0
MED059207,Bismuth Subsalicylate,0.0,18413.84999999999,78839.67000000001,19637.72
MED010318,Aratinga Arythrogenys,294.53,18406.51999999999,65538.44,23425.93
MED026113,Oxybutynin Chloride,0.0,18379.980000000003,50722.2,0.0
MED031187,Salicylic Acid,0.0,18374.369999999995,80596.95,10538.1
MED100246,Brivaracetam,0.0,18326.84,71882.86,3746.79
MED059635,Ketotifen Fumarate,0.0,18291.64,85618.15000000001,0.0
MED018739,Dextrose Monohydrate,1000.91,18285.60000000001,72556.44,0.0
MED053065,Ziconotide Acetate,2163.48,18273.2,56718.2,1804.67
MED019681,Gallium Metallicum,0.0,18268.91999999999,59772.96,6427.2
MED048183,Acetaminophen,2052.88,18268.26999999999,74125.27,13524.01
MED014603,Tramadol Hydrochloride,0.0,18264.48,65782.08,0.0
MED096732,Sotalol Hydrochloride,0.0,18216.840000000004,50661.54,17904.48
MED025828,Hydrocortisone,0.0,18111.06,51716.61,0.0
MED025859,Iloperidone,0.0,18081.899999999998,48057.45,4675.86
MED015788,Ramelteon,0.0,18072.040000000008,65846.97,26239.77
MED021545,"Centella Asiatica, Iris Versicolor Root, Arctium Lappa Root, Sodium Chloride, Ruta Graveolens Flowering Top, Silicon Dioxide, Taraxacum Officinale, And Thuja Occidentalis Root",0.0,18052.320000000007,52297.44,0.0
MED032194,Ibuprofen,0.0,18047.59,45226.35,9371.7
MED086971,Nimodipine,0.0,18047.119999999995,48564.72,12961.53
MED132169,"Belladonna, Nux Vomica",0.0,18023.06,47735.490000000005,0.0
MED032906,Copaiva Officinalis,0.0,17992.800000000003,55150.72,26561.56
MED026030,Olmesartan Medoxomil And Amlodipine Besylate And Hydrochlorothiazide,0.0,17984.02000000001,61613.66,0.0
MED007153,Diphenhydramine Hcl,0.0,17973.65,54344.24999999999,0.0
MED091773,Hydrocodone Bitartrate And Acetaminophen,0.0,17959.68,65146.88,0.0
MED116491,Insulin Aspart,0.0,17943.12000000001,65407.67999999999,0.0
MED036225,Vipera Berus Venom,0.0,17930.09999999999,52830.96000000001,0.0
MED122778,"Famotidine, Calcium Carbonate And Magnesium Hydroxide",0.0,17899.98000000001,86399.04,0.0
MED018754,Acyclovir,2347.35,17886.959999999992,85297.68000000001,2860.08
MED109369,Amitriptyline Hydrochloride,0.0,17877.020000000004,82700.5,13896.0
MED073889,Rhus Glabra,0.0,17868.46,52696.4,23545.2
MED101320,Oleander,0.0,17867.84999999999,45527.02,37736.3
MED015320,Bodylotion,0.0,17766.659999999996,48571.38,0.0
MED123904,Zinc Oxide,0.0,17766.119999999995,55725.58,0.0
MED109120,Oxycodone Hydrochloride And Acetaminophen,2334.38,17753.719999999987,59202.8,0.0
MED038253,Aprepitant,357.26,17737.39,45578.28,0.0
MED050659,Propranolol Hydrochloride,0.0,17734.4,61364.8,0.0
MED038528,Lamotrigine,0.0,17734.079999999987,66896.62000000001,0.0
MED067130,Famotidine,697.45,17718.01999999999,58485.18000000001,52757.25
MED089785,Amlodipine,0.0,17681.060000000005,52146.3,49564.8
MED041487,Alcohol,1074.59,17661.279999999984,77510.16,15438.15
MED075081,Atorvastatin Calcium,0.0,17642.240000000005,87434.34,0.0
MED103438,Deferiprone,0.0,17634.179999999993,44466.420000000006,9286.16
MED039073,Nicotine Polacrilex,0.0,17586.36,54447.36,35060.8
MED015152,Zinc Oxide,0.0,17582.579999999994,49797.780000000006,0.0
MED106470,Gadoterate Meglumine,0.0,17560.659999999996,59027.82,30160.2
MED025049,Morphine Sulfate,0.0,17559.1,45063.85,0.0
MED110817,Stannous Fluoride,0.0,17557.319999999992,65873.91,0.0
MED064570,Acalabrutinib,0.0,17553.090000000004,46782.87,26959.62
MED117874,Aspirin,0.0,17511.03,74391.75,3290.25
MED082886,Gemfibrozil,0.0,17474.6,57754.060000000005,33148.78
MED029225,Non-Nano Zinc Oxide 25%,0.0,17468.48000000001,81806.08,0.0
MED132655,Risperidone,0.0,17437.5,57887.850000000006,0.0
MED095568,Carvedilol,0.0,17407.390000000007,64944.6,0.0
MED052309,Propranolol Hydrochloride,0.0,17404.619999999995,46724.76,0.0
MED022467,Methylphenidate Hydrochloride,0.0,17322.79999999999,43538.880000000005,0.0
MED103960,Alcohol,0.0,17309.75999999998,64053.600000000006,0.0
MED034039,Diphenhydramine Hcl,0.0,17300.14,50619.61,0.0
MED103278,Amitriptyline Hydrochloride,146.57,17273.069999999992,76620.27,0.0
MED130449,Aripiprazole,0.0,17265.23999999999,46604.58,0.0
MED073428,Terazosin,0.0,17259.200000000004,60337.52,0.0
MED121596,Atorvastatin Calcium,0.0,17258.030000000006,64852.55,0.0
MED131304,Finasteride,0.0,17254.549999999996,57513.2,0.0
MED024110,Alcohol,1760.78,17182.5,44745.600000000006,14632.0
MED129844,Ivabradine,0.0,17080.5,72263.06,24337.3
MED036645,"Arsenicum Album, Hepar Sulphuris Calcareum, Hydrastis Canadensis, Kali Bichromicum, Kali Iodatum, Pyrogenium",0.0,17059.590000000004,62944.23,0.0
MED119166,Carboplatin,0.0,17042.11999999998,65957.48000000001,2707.21
MED025089,Magnesium Hydroxide,8764.9,17032.679999999993,44911.8,44080.1
MED103916,Phentermine Hydrochloride,0.0,17032.679999999993,48985.56,9524.97
MED034935,"Acetaminophen, Dextromethorphan Hydrobromide, Guaifenesin, Phenylephrine Hydrochloride",0.0,17018.739999999998,55356.26,15201.46
MED002289,Lithium Chloride,0.0,16995.839999999997,54768.0,32518.5
MED020893,Nitrogen,0.0,16933.53000000001,68116.68,26130.24
MED128862,Cuprum Sulphuricum,0.0,16909.17,67581.09,0.0
MED082057,Zinc Oxide,0.0,16871.860000000008,63281.01,7652.97
MED000487,Guanfacine,0.0,16867.920000000013,71117.81999999999,353.82
MED056153,Cephalexin,0.0,16849.979999999996,55469.96000000001,0.0
MED009764,Colloidal Oatmeal,2404.11,16830.199999999997,76995.8,0.0
MED062023,Fenofibrate,0.0,16825.199999999997,74797.8,17452.82
MED065358,"Nystatin, Triamcinolone Acetonide",0.0,16820.449999999983,82799.68000000001,45504.64
MED028181,"Homosalate, Zinc Oxide",0.0,16808.40000000001,50530.08,47234.64
MED131241,Paricalcitol,0.0,16805.5,49580.8,5201.92
MED059556,Methocarbamol,130.89,16805.25,72822.75,0.0
MED021384,Cetirizine Hydrochloride,0.0,16800.120000000003,48909.96,4075.83
MED117058,"Acetaminophen, Guaifenesin, Phenylephrine Hcl",0.0,16786.649999999994,69360.75,0.0
MED026295,Chlorpromazine Hydrochloride,0.0,16784.64,67798.44,0.0
MED078996,"Octinoxate, Octocrylene, Titanium Dioxide",0.0,16708.410000000003,42676.47,0.0
MED111239,Cetirizine Hydrochloride 10 Mg,0.0,16685.129999999997,54429.18,26921.96
MED114082,Isoproterenol Hydrochloride,1088.93,16663.98000000001,71420.04,20523.0
MED068226,Citric Acid Monohydrate And Sodium Bicarbonate,0.0,16661.55999999999,52691.48,0.0
MED094396,Alcohol,0.0,16654.15999999999,70722.90000000001,36349.2
MED048347,Acyclovir,0.0,16620.149999999994,79762.40000000001,4901.6
MED033262,Anagallis Arvensis,0.0,16603.0,44396.0,0.0
MED123106,Oxygen,0.0,16591.12000000001,76753.28,34583.6
MED074148,Aloe Socotrina,0.0,16589.12000000001,50540.03999999999,0.0
MED052903,Azithromycin Dihydrate,0.0,16586.880000000005,73741.2,8369.4
MED079967,Stannous Fluoride,0.0,16580.520000000004,71466.56,0.0
MED025616,"Acetaminophen, Dextromethorphan Hbr, Doxylamine Succinate",0.0,16578.86,77472.04999999999,15816.6
MED122072,Regadenoson,0.0,16571.869999999995,76753.25,20132.0
MED001626,Ampicillin,0.0,16568.37000000001,52344.36,0.0
MED035291,Loperamide Hydrochloride,0.0,16499.0,51986.2,0.0
MED000534,Camphor And Menthol,0.0,16492.710000000006,80516.67,13340.04
MED052473,Salicylic Acid,514.15,16489.269999999997,52842.09,0.0
MED051564,"Acetaminophen, Diphenhydramine Hcl",0.0,16474.620000000003,45117.87,9638.44
MED083879,"Zinc Oxide, Titanium Dioxide",0.0,16467.22,81379.51,12671.55
MED103655,Cor (Heart) 30X,0.0,16463.370000000003,55721.82,28705.18
MED026064,Lorazepam,0.0,16461.84000000001,64048.4,0.0
MED134152,Buspirone Hydrochloride,0.0,16408.979999999996,46047.96,18273.0
MED029617,Lisinopril,0.0,16353.300000000005,50579.9,0.0
MED050313,Bird Flu H5N1 Nosode,0.0,16337.020000000004,71753.08,2100.5
MED050870,Zafirlukast,0.0,16280.839999999997,76587.18000000001,49721.52
MED107340,Sodium Fluoride,0.0,16274.72,50812.16,0.0
MED022555,Ceratostigma Willmottianum Whole,4609.44,16263.229999999996,42125.26,10206.12
MED067447,Hydroxyzine Pamoate,0.0,16237.68,46607.64,23571.68
MED097051,Glycopyrrolate,0.0,16222.499999999993,52189.2,0.0
MED026785,Bupropion Hydrochloride,0.0,16222.169999999998,72586.71,0.0
MED073090,Ibuprofen,0.0,16213.319999999992,73332.3,0.0
MED078008,Fluphenazine Hydrochloride,0.0,16201.5,66164.0,0.0
MED096752,Zinc Oxide,0.0,16184.339999999997,53442.27,26793.55
MED040024,"Citronellol, Geraniol, Linalool",439.76,16180.290000000008,73461.78,29484.66
MED111217,Clobazam,0.0,16152.500000000007,58379.74999999999,0.0
MED014130,Triptorelin Pamoate,0.0,16112.950000000004,48179.25,5940.9
MED023401,Aluminum Zirconium Trichlorohydrex Gly,0.0,16100.719999999988,75852.42,31988.88
MED054113,Levothyroxine Sodium,0.0,16094.520000000004,80289.82,0.0
MED032072,Meclizine Hydrochloride,0.0,16093.9,56409.4,54086.66
MED073497,"Acetaminophen, Chlorpheniramine Maleate",0.0,16069.949999999995,69956.25,0.0
MED001988,Undecylenic Acid,0.0,16062.960000000006,67007.12,0.0
MED121486,Vancomycin Hydrochloride,0.0,16060.629999999996,50393.2,6177.6
MED121787,Levetiracetam,0.0,16040.969999999994,57379.41,8377.71
MED071765,Dutasteride And Tamsulosin Hydrochloride,0.0,16032.509999999997,56293.77,0.0
MED067650,Diclofenac Sodium,0.0,15983.520000000004,73549.92,0.0
MED069983,Clotrimazole,0.0,15971.759999999997,71841.42,0.0
MED010200,Rosuvastatin Calcium,0.0,15948.9,64694.7,1757.14
MED111090,"Titanium Dioxide, Zinc Oxide",0.0,15943.940000000002,47694.13,0.0
MED097898,Lacosamide,0.0,15940.96,48918.49,18769.33
MED089497,Dextromethorphan Hydrobromide,0.0,15906.059999999998,68387.91,0.0
MED095970,Progesterone,0.0,15882.719999999994,40264.26,0.0
MED134480,Zinc Oxide,92.05,15862.5,40626.0,0.0
MED075101,Birch Juniper,0.0,15850.80000000001,52407.6,0.0
MED089179,Carbo Animalis,0.0,15838.100000000006,44241.26,13395.76
MED102487,Antimony Potassium Tartrate,899.17,15837.12000000001,66379.04,0.0
MED129512,Oral Semaglutide,0.0,15821.640000000009,42994.76,0.0
MED118210,Methoxy Polyethylene Glycol-Epoetin Beta,0.0,15819.439999999997,49831.6,0.0
MED132266,Sunscreen,0.0,15819.020000000004,46020.28,0.0
MED092718,Everolimus,0.0,15813.600000000011,58924.8,0.0
MED038010,Fluticasone Furoate,0.0,15813.119999999995,66565.44,4016.88
MED083491,Natrum Sulphuricum,0.0,15755.979999999996,43340.21,5020.77
MED062296,Ibuprofen,0.0,15727.039999999994,70294.32,42900.21
MED059225,"Acetaminophen, Dextromethorphan Hydrobromide, Doxylamine Succinate",2514.03,15713.599999999991,60454.66,0.0
MED062990,Pregabalin,0.0,15682.019999999997,42728.64,25909.92
MED028252,Menthol,0.0,15662.75,71147.8,4301.96
MED034771,"Ensulizole,Octinoxate, Oxybenzone, Titanium Dioxide, Zinc Oxide",0.0,15655.640000000009,49336.84,0.0
MED033196,Strontium Phosphoricum,0.0,15651.900000000009,76562.9,32426.64
MED074285,Floxuridine,0.0,15631.68,64430.52,3956.26
MED010656,Oxymetazoline Hydrochloride,0.0,15598.800000000005,67664.4,7330.31
MED000501,Niacin,0.0,15595.600000000006,76019.34,0.0
MED091831,Ciclopirox Olamine,0.0,15562.560000000003,44669.69,0.0
MED042086,Diazoxide Choline,0.0,15553.979999999996,66264.84,0.0
MED082041,"Honeysuckle Flower, Forsythia Fruit, Mentha Herb",0.0,15539.299999999996,54592.16,0.0
MED130643,Fluoride,0.0,15533.239999999998,47829.32,0.0
MED108596,Ampicillin Sodium And Sulbactam Sodium,0.0,15517.240000000003,48609.64,0.0
MED055732,Benzalkonium Chloride,0.0,15502.960000000006,67837.3,0.0
MED078947,Amantadine Hydrochloride,0.0,15497.170000000006,50393.46,19045.02
MED013422,Midazolam Hydrochloride,0.0,15459.919999999993,53138.82,0.0
MED046084,Silodosin,0.0,15459.36,41868.24,0.0
MED022426,Aluminum Chlorohydrate,0.0,15436.600000000006,61604.2,14816.2
MED059470,Fluticasone Propionate,0.0,15436.5,42348.9,0.0
MED132598,B-Balance Liquescence,0.0,15419.430000000008,68595.65999999999,8174.04
MED015154,Glycopyrrolate,0.0,15411.359999999991,61707.52,21311.36
MED087628,Petroleum,0.0,15366.57,39011.25,16160.0
MED047025,Cefdinir,0.0,15363.389999999992,42437.130000000005,0.0
MED033967,"Plantago Major, Xanthoxylum Fraxineum, Colocynthis, Magnesia Phosphorica, Agaricus Muscarius, Hypericum Perforatum, Argentum Nitricum, Carboneum Sulphuratum, Curare, Thallium Metallicum",0.0,15355.5,50518.0,2264.6
MED100835,Losartan Potassium And Hydrochlorothiazide,0.0,15354.920000000006,39496.48,0.0
MED015599,Undecylenic Acid 25% Fungal Nail Repair Renewal,0.0,15337.940000000002,65062.26,0.0
MED114258,Buprenorphine,0.0,15335.61,38540.26,0.0
MED050397,Dextromethorphan Hydrobromide,0.0,15320.22,75688.56,15438.96
MED060454,Salicylic Acid,0.0,15316.659999999996,38856.9,1142.85
MED046548,Veratrum Nigrum,3849.0,15304.5,38670.75,0.0
MED055315,Lidocaine,0.0,15291.839999999997,69000.96,0.0
MED091811,Naproxen,0.0,15283.0,44143.22,3581.6
MED104489,Lenalidomide,0.0,15282.000000000007,57036.96,0.0
MED036620,Loperamide Hydrochloride,0.0,15271.1,41141.36,1675.44
MED054827,Calcium Sulfate Anhydrous,1135.82,15209.799999999996,47297.28,9626.88
MED104821,Everolimus,0.0,15201.899999999989,64994.79,11185.83
MED080877,Acyclovir,0.0,15195.37999999999,73997.46,0.0
MED096946,"Avobenzone, And Octisalate",0.0,15185.040000000008,69225.48,0.0
MED051675,Metformin Hcl,0.0,15183.449999999984,64743.600000000006,18271.2
MED111165,"Titanium Dioxide, Zinc Oxide",0.0,15177.75,54759.67,14187.13
MED137011,Nadolol,0.0,15168.25,54905.75,9560.06
MED084530,Acetaminophen,0.0,15167.980000000003,43838.78,0.0
MED068776,Diphenhydramine Hcl,0.0,15165.499999999993,54238.1,0.0
MED001936,Ciprofloxacin,0.0,15153.120000000004,52444.32,0.0
MED112515,Prazosin Hydrochloride,0.0,15152.4,53138.4,0.0
MED103754,Benzalkonium Chloride,0.0,15130.5,39574.92,21586.32
MED041804,Caffeine,0.0,15088.450000000004,52588.3,10706.6
MED013282,Buprenorphine Hcl,57.29,15087.329999999994,39776.94,0.0
MED014030,Zinc Oxide,0.0,15076.520000000004,52444.48,12242.56
MED068993,Gemfibrozil,0.0,15069.880000000005,55650.7,7504.3
MED001517,Lorazepam,0.0,15068.200000000004,43663.43,19067.0
MED100217,"Octinoxate, Titanium Dioxide",0.0,15063.759999999997,39421.57,0.0
MED069352,Zinc Oxide,2074.08,15056.220000000016,69089.01999999999,0.0
MED066839,Telmisartan,1305.28,15039.96,37769.16,0.0
MED069130,"Avobenzone, Octinoxate, Octocrylene, And Oxybenzone",0.0,15029.439999999988,67686.08,1894.2
MED075285,Gold,0.0,15027.479999999996,40499.94,0.0
MED106394,Olanzapine,0.0,14994.1,38401.38,8055.81
MED115843,Propofol Injectable Emulsion,0.0,14991.899999999994,70455.0,5032.5
MED077525,Aflibercept,1847.18,14955.39,70183.44,13920.08
MED032925,Ferrum Muriaticum,0.0,14953.260000000004,43160.100000000006,26451.18
MED006717,Arformoterol Tartrate,0.0,14941.0,69395.92,0.0
MED124174,"Agraphis Nutans, Castoreum, Formica Rufa, Lemna Minor, Sanguinaria Nitricum, Sticta Pul, Teucrium Marum, Thuja",0.0,14926.589999999997,67111.8,0.0
MED108057,Chloroxylenol,0.0,14918.440000000002,41032.84,15552.77
MED024192,Adapalene,0.0,14905.019999999997,61556.59,46245.56
MED049694,Olmesartan Medoxomil,0.0,14900.159999999987,69674.16,0.0
MED093321,Levothyroxine Sodium,0.0,14894.64,37372.5,0.0
MED093193,Diltiazem Hydrochloride,0.0,14892.839999999997,54818.64,38328.48
MED057561,Regadenoson,0.0,14877.880000000005,68041.62,13749.75
MED128844,Cinnamomum,0.0,14872.5,43969.72,8581.08
MED060433,Hydrogen Peroxide,0.0,14859.18,42425.46,25253.25
MED059949,Vancomycin Hydrochloride,1048.64,14855.5,59910.4,19268.48
MED082374,Hepar Sulphuris Calcareum,0.0,14855.04,42289.92,0.0
MED028026,Benztropine Mesylate,0.0,14831.459999999992,70746.87,19403.15
MED121804,Diltiazem Hydrochloride,0.0,14826.83999999999,45278.52,0.0
MED020507,"Homosalate, Octisalate, Zinc Oxide",0.0,14811.78,44922.96,10447.2
MED042252,Methylphenidate,0.0,14801.5,37877.0,19154.94
MED104814,Pacifica Ultra Cc Cream Radiant Foundation Spf 30 Warm/Tan,0.0,14795.6,43063.28,0.0
MED024429,Finasteride,0.0,14795.57999999998,58355.64000000001,0.0
MED039150,"Piperonyl Butoxide, Pyrethrum Extract",0.0,14790.000000000007,65415.6,0.0
MED101802,Nicardipine Hydrochloride,0.0,14756.799999999996,45429.600000000006,0.0
MED040246,Ketoconazole,0.0,14754.029999999992,64970.67,44832.5
MED039593,"Miconazole Nitrate, Zinc Oxide, White Petrolatum",0.0,14742.299999999996,56391.26,0.0
MED055949,Undecylenic Acid,0.0,14717.4,52793.4,17597.8
MED118555,Penicillin G Benzathine And Penicillin G Procaine,0.0,14711.190000000002,67956.09,31780.46
MED045873,Topiramate,0.0,14710.1,59288.35,17232.6
MED010779,Apollo 48H Sweat And Odor Protection Antiperspirant Deodorant Stick,644.32,14685.149999999994,40132.83,0.0
MED045326,Diclofenac Potassium,0.0,14638.799999999996,53138.8,0.0
MED093632,Calcium Carbonate,0.0,14632.239999999998,65059.68,5877.24
MED067661,Rivastigmine,0.0,14619.839999999997,63414.72,0.0
MED094757,"Thyroid, Porcine",0.0,14603.96,46759.72,0.0
MED041984,Hydromorphone Hydrochloride,0.0,14572.479999999996,47860.28,0.0
MED033819,Colchicine,646.74,14570.6,40085.8,0.0
MED087433,Chlorinum,0.0,14565.649999999994,54896.490000000005,0.0
MED093871,Ethyl Alcohol,0.0,14551.999999999993,43385.7,0.0
MED028569,Menthol,0.0,14549.479999999996,66295.68,0.0
MED049732,Lenalidomide,0.0,14542.000000000016,63263.2,0.0
MED069468,Methotrexate,372.38,14534.040000000008,67663.08,0.0
MED103488,"Dextromethorphan Hydrobromide, Brompheniramine Maleate, Phenylephrine Hydrochloride",3096.9,14531.009999999997,52462.8,38019.6
MED022784,Lenalidomide,0.0,14527.68,43848.33,29627.25
MED046646,Selenium Muriaticum,0.0,14525.82,37780.8,28891.2
MED124299,Zinc Oxide,0.0,14518.68,46329.36,5264.7
MED015633,"Tolnaftate,Clotrimazole",0.0,14489.100000000006,68791.86,41140.23
MED001510,"Hyoscyamus, Tuberculinum, Arsen Lod, Verta Alb",0.0,14480.280000000006,62511.24,22274.12
MED083836,Lidocaine,0.0,14474.399999999994,71649.76,5204.29
MED076506,Tamsulosin Hydrochloride,0.0,14458.829999999994,54014.280000000006,48111.08
MED066104,Stannous Fluoride,0.0,14458.249999999993,49082.55,0.0
MED068267,Menthol,1146.94,14438.89,59204.61,0.0
MED045454,Glimepiride,394.01,14433.099999999991,37445.100000000006,32338.95
MED035494,Air,0.0,14432.9,50081.86,0.0
MED059953,Conium Maculatum,0.0,14420.670000000006,62507.37,40969.25
MED100249,Pregabalin,0.0,14359.250000000007,37747.3,29800.5
MED033445,Methotrexate,2454.28,14344.80000000001,51141.62,44600.25
MED043124,Fludrocortisone Acetate,1382.64,14342.400000000009,56879.28,31599.6
MED012382,"Eucalyptol, Menthol, Methyl Salicylate, Thymol",0.0,14336.669999999998,36817.3,27406.6
MED032471,Miconazole Nitrate,0.0,14335.440000000002,40325.67,10352.76
MED060799,Calcarea Phosphorica,0.0,14247.240000000003,36977.85,0.0
MED133758,Gadopiclenol,0.0,14219.320000000007,49651.56,10312.92
MED055854,Simethicone,0.0,14186.449999999995,67044.0,0.0
MED061191,Tetrabenazine,0.0,14158.530000000006,44634.24,0.0
MED016859,Tropicamide,0.0,14151.200000000004,48649.12,0.0
MED082605,Aluminum Sesquichlorohydrate,0.0,14148.0,44475.81,7356.05
MED021088,Bufo Bufo Cutaneous Gland,0.0,14139.479999999996,66066.96,5388.44
MED079885,Titanium Dioxide And Zinc Oxide,704.18,14120.279999999992,36724.44,0.0
MED008658,Oxygen/Nitrogen 25/75,0.0,14112.0,42915.600000000006,14816.1
MED047606,Isopropyl Alcohol,0.0,14101.620000000004,41388.38,0.0
MED109034,Sucralfate,0.0,14099.730000000003,38794.02,0.0
MED076007,Sterile Water,0.0,14087.160000000003,65460.06,0.0
MED019517,Europium Metallicum,0.0,14074.020000000004,43521.32,17900.8
MED120020,Guaifenesin And Dextromethorphan Hydrobromide,1799.34,14070.32,54419.24,21214.28
MED121510,Metformin,0.0,14069.0,47184.5,0.0
MED104905,Levetiracetam,0.0,14056.58999999999,44074.2,0.0
MED054817,Allantoin,0.0,14023.119999999995,41134.8,0.0
MED090522,Symphoricarpos Albus Fruit,0.0,14021.309999999998,40465.26,31779.0
MED133908,Hydrochlorothiazide,1995.26,14015.159999999996,37050.0,0.0
MED038114,Metronidazole,0.0,14001.400000000009,64211.9,3374.64
MED036550,Mi Paste One Kids Blue Raspberry,0.0,13979.679999999991,35973.340000000004,6598.66
MED014124,Aluminum. Sesquichlorohydrate,0.0,13969.439999999997,36737.36,0.0
MED074710,Bortezomib,0.0,13958.320000000009,38683.38,0.0
MED012559,Bortezomib,0.0,13929.719999999994,49263.87,0.0
MED002058,Hand Moisturizing Sanitizer,0.0,13924.800000000005,53254.08,34208.35
MED041711,Loratadine,0.0,13923.36,37466.88,0.0
MED059529,Guaifenesin 1200 Mg,0.0,13922.570000000009,42167.74,0.0
MED102639,"Dextromethorphan Hbr, Guaifenesin, Phenylephrine Hcl",0.0,13899.200000000004,36041.6,0.0
MED093766,Zinc Oxide,0.0,13889.680000000008,56086.4,0.0
MED077521,Sodium Chloride,0.0,13874.340000000004,49463.84,7466.24
MED048715,Patiromer,0.0,13869.0,55234.8,10098.9
MED073788,Croton Tiglium,0.0,13864.919999999998,55557.72,0.0
MED105630,Medroxyprogesterone Acetate,0.0,13852.799999999996,35218.08,9339.93
MED001704,Isopropyl Alcohol,0.0,13847.020000000011,59188.27,0.0
MED078936,Ibuprofen,0.0,13827.199999999995,41661.4,0.0
MED087819,Mercurius Arsenicicus,0.0,13827.060000000012,52208.39,0.0
MED064877,Lisinopril,0.0,13820.5,46799.8,16413.2
MED036528,Titanium Dioxide,0.0,13815.730000000003,35371.02,17783.22
MED087324,Lamotrigine,0.0,13811.199999999995,56016.64,0.0
MED025658,Acetaminophen,0.0,13798.889999999992,38608.08,11931.36
MED060120,Natrum Phosphoricum,1401.81,13763.970000000008,47548.71,0.0
MED083677,Bee Venom Fungal Nail Treatment,0.0,13760.450000000004,39746.72,8070.4
MED091531,Gabapentin,0.0,13745.600000000006,54507.2,0.0
MED049259,Ornithogalum Umbellatum,0.0,13737.360000000008,58293.13,0.0
MED091785,Methocarbamol,0.0,13725.15,48165.12,0.0
MED054350,Levetiracetam,0.0,13629.440000000002,50915.84,14518.97
MED079566,Penicillamine,0.0,13628.399999999994,57680.850000000006,14068.5
MED026023,Everolimus,0.0,13622.059999999998,62242.28,0.0
MED092753,Hydrocortisone Cream,0.0,13608.0,38369.28,0.0
MED013891,Topiramate,53.52,13590.0,35557.92,0.0
MED120505,Levothyroxine Sodium,0.0,13581.119999999995,45405.76,0.0
MED024370,Lamotrigine,0.0,13548.600000000006,44553.6,0.0
MED109757,Nilotinib,0.0,13529.600000000006,42255.84,24486.0
MED096445,Aficamten,0.0,13519.800000000005,34711.18,0.0
MED095429,Telmisartan,0.0,13505.1,37054.36,0.0
MED061718,Citalopram Hydrobromide,0.0,13502.78,51523.36,10525.2
MED103276,Warfarin Sodium,0.0,13463.280000000006,36899.82,0.0
MED118531,Metoprolol Succinate,0.0,13453.199999999995,41738.4,0.0
MED034931,"Dextromethorphan Hydrobromide, Guaifenesin",0.0,13450.169999999998,46953.89,40445.43
MED032230,Benzalkonium Chloride,0.0,13440.800000000005,46062.4,2303.12
MED011209,Quetiapine Fumarate,0.0,13427.43,41916.33,0.0
MED002281,Zinc Oxide,0.0,13424.420000000006,42648.72,30316.56
MED027140,Vilazodone Hydrochloride,0.0,13412.150000000009,45891.44,0.0
MED051829,Carbamide Peroxide,0.0,13400.659999999996,53252.4,0.0
MED113406,Aluminum Sesquichlorohydrate,0.0,13394.15,41135.5,0.0
MED082322,Tramadol Hydrochloride,0.0,13388.339999999997,42875.2,29202.4
MED019445,Acetaminophen And Codeine Phosphate,1148.2,13342.429999999991,66665.57,13625.08
MED109659,Ethyl Alcohol,0.0,13333.090000000004,38553.91,0.0
MED036939,Sulphur,0.0,13327.049999999996,49421.39,39888.33
MED133912,Nystatin,0.0,13325.28,34569.9,0.0
MED069704,Simvastatin,0.0,13306.080000000007,40872.03999999999,40872.04
MED121716,Zinc Oxide,0.0,13301.280000000006,51105.6,0.0
MED024342,Bupivacaine,0.0,13293.000000000007,37816.8,0.0
MED089985,Alcohol,0.0,13269.899999999994,65667.90000000001,12948.6
MED122854,Hydroxyzine Hydrochloride,0.0,13244.75,34371.25,4346.3
MED119591,Osimertinib,0.0,13216.320000000009,43020.12,14340.04
MED089524,Propranolol Hydrochloride,907.29,13207.999999999993,36562.5,7425.0
MED023737,"Adenosine Triphosphate, Aurum Metallicum, Camphora, Graphite, Ignatia Amara, Ruta Graveolens, Stramonium",0.0,13193.0,55875.12,27583.92
MED094179,Tizanidine Hydrochloride,0.0,13189.579999999994,35891.600000000006,21331.8
MED019722,Calcium Carbonate,4714.72,13186.0,55860.06,0.0
MED109331,Amiodarone Hydrochloride,0.0,13171.999999999993,35697.9,160.44
MED063903,Alcohol,0.0,13157.1,54716.2,38301.34
MED129974,Loratadine,0.0,13152.069999999992,44042.8,28649.2
MED048010,Doxepin Hydrochloride,311.26,13137.6,33895.68,7313.8
MED117195,Metoprolol Succinate,0.0,13137.360000000008,49102.56,31212.48
MED094823,"Camphor, Menthol, Methyl Salicylate",0.0,13115.960000000006,42104.92,0.0
MED060977,"Collinsonia Canadensis, Hamamelis Virginiana, Aesculus Hippocastanum, Belladonna, Calcarea Fluorica, Carduus Marianus, Pulsatilla (Pratensis), Secale Cornutum, Vipera Berus",0.0,13106.760000000002,50251.72,0.0
MED027177,"Adapalene And Benzoyl Peroxide Gel, 0.1%/2.5%",0.0,13105.4,54303.05,36691.25
MED076620,"Camphor, Menthol, Methyl Salicylate",0.0,13099.120000000004,56642.16,0.0
MED075710,Citrullus Colocynthis Fruit Pulp,0.0,13096.96,54567.68,29415.39
MED100879,Chloroxylenol,0.0,13083.059999999998,35090.04,0.0
MED009023,Chloroxylenol,0.0,13079.519999999997,37093.8,3671.4
MED065998,Phenazopyridine Hydrochloride,0.0,13075.750000000007,65297.69,0.0
MED113885,Sodium Fluoride,0.0,13065.03,46072.62,0.0
MED133602,Lansoprazole,0.0,13058.479999999989,53668.420000000006,30743.83
MED121702,"Diphenhydramine Citrate, Ibuprofen",0.0,13058.080000000002,42302.52,16065.27
MED053730,Alcohol,0.0,13048.35,35771.7,0.0
MED093288,Sulfamethoxazole And Trimethoprim,0.0,13045.440000000002,53662.08,0.0
MED012358,"Onion, Calcium Sulfide, Sodium Chloride, Anemone Pulsatilla, Arabica Coffee Bean, Matricaria Chamomilla, Sulfur, Phosphorus And Goldenseal",0.0,13038.410000000003,43028.7,0.0
MED068040,Cisatracurium Besylate,493.5,13008.239999999998,48685.490000000005,28539.77
MED096824,Menthol,0.0,13006.730000000003,34930.67,0.0
MED039807,Fluocinonide,0.0,12999.35,33888.4,0.0
MED059034,Arsenicum Album,0.0,12997.799999999996,38944.8,22645.68
MED063287,Brightening Skin Tint,160.73,12978.570000000009,47403.84,8232.96
MED135975,Glipizide,0.0,12958.199999999995,55928.64,0.0
MED136669,Gabapentin,301.52,12944.670000000006,50605.95,0.0
MED005112,Oxygen,0.0,12937.960000000006,62251.12,22774.8
MED040705,Potassium Chloride Er,3357.12,12932.400000000009,59356.4,0.0
MED028712,"Avobenzone, Homosalate, Octisalate, And Octocrylene",0.0,12922.399999999994,47406.3,1471.23
MED028370,Tadalafil,0.0,12918.500000000007,36420.3,0.0
MED124805,Allantoin,351.8,12886.44000000001,34493.759999999995,23279.04
MED121884,Prucalopride,0.0,12874.950000000004,52315.8,0.0
MED076101,Pomalidomide,0.0,12863.36,54030.96000000001,0.0
MED122191,Fluvoxamine Maleate,0.0,12840.85,38337.55,0.0
MED054986,Afatinib,2784.24,12831.519999999997,44801.51,0.0
MED036905,Immune System Stimulator Drops,3125.97,12823.35,43036.0,0.0
MED051173,Sertraline Hydrochloride,0.0,12822.0,36168.0,25498.44
MED106091,Vanilla Mint Spf 15 Broad Spectrum Lip Moisturizer,0.0,12803.000000000007,44108.35,0.0
MED014376,Spironolactone,0.0,12795.089999999997,37047.21,25549.8
MED038850,Quinapril,0.0,12792.78,38416.07,11474.93
MED019287,Levothyroxine Sodium,0.0,12765.759999999997,49718.240000000005,5229.51
MED075071,Levothyroxine Sodium,0.0,12765.64,36728.16,0.0
MED101924,"Dextroamphetamine Saccharate, Amphetamine Aspartate Monohydrate, Dextroamphetamine Sulfate, And Amphetamine Sulfate",0.0,12726.059999999998,40564.74,9213.82
MED000028,Sitagliptin,0.0,12724.800000000005,39386.6,0.0
MED015649,Salicylic Acid 3%,571.2,12712.68,36050.07,0.0
MED121114,Acetaminophen And Ibuprofen,0.0,12701.519999999997,44455.32,0.0
MED132018,Atorvastatin Calcium,0.0,12694.11,39850.14,0.0
MED115214,Magnesia Bromata,0.0,12647.920000000006,34762.939999999995,29891.7
MED073529,"Dextroamphetamine Saccharate, Amphetamine Aspartate, Dextroamphetamine Sulfate, And Amphetamine Sulfate",0.0,12625.44000000001,58737.76,15064.21
MED117372,"Octocrylene, Octisalate, And Avobenzone",0.0,12620.959999999992,53470.56,40406.73
MED039883,Lidocaine,0.0,12600.720000000008,40197.96,0.0
MED112620,"Dimethicone, Avobenzone, Homosalate, And Octisalate",0.0,12582.840000000004,42343.41,16442.63
MED051597,Dasatinib,0.0,12570.119999999995,58104.36,0.0
MED011809,Carglumic Acid,0.0,12562.5,57075.0,0.0
MED045242,"Loratadine, Pseudoephedrine Sulfate",0.0,12558.64,54306.81,0.0
MED089872,Viscum Mali Rk 23X,0.0,12549.24000000002,61744.31999999999,0.0
MED067876,Nicotine Polacrilex,0.0,12532.6,41205.94,2586.92
MED103094,Duloxetine Hydrochloride,0.0,12510.810000000003,38111.11,0.0
MED106591,"Mineral Oil, Petrolatum, Phenylephrine Hci",0.0,12496.33999999999,48737.740000000005,21150.34
MED091786,"Acetaminophen, Dextromethorphan Hydrobromide, Doxylamine Succinate, And Phenylephrine Hydrochloride",0.0,12462.329999999994,49584.89,0.0
MED036067,"Methenamine, Sodium Phosphate, Monobasic, Anhydrous, Phenyl Salicylate, Methylene Blue And Hyoscyamine Sulfate",0.0,12455.80999999999,45947.14000000001,15500.24
MED123960,Professional Choice Toothpaste,0.0,12427.899999999994,34574.3,3404.6
MED087427,Acidum Carbolicum,0.0,12424.5,56652.75,0.0
MED078553,Cool Comfort 48H Antiperspirant Deodorant,0.0,12404.1,31815.68,10117.12
MED069186,Zinc Oxide,0.0,12391.120000000004,45085.88,0.0
MED088849,Tobramycin,0.0,12377.87000000001,59895.25,0.0
MED107774,Calcifediol,0.0,12375.149999999998,32143.74,0.0
MED058553,Zinc Oxide,0.0,12369.629999999996,37159.72,22991.8
MED001474,Palbociclib,0.0,12353.999999999993,55046.4,8715.68
MED010400,Methocarbamol,0.0,12350.980000000003,59886.29,0.0
MED078337,Menthol,0.0,12331.279999999984,55269.240000000005,0.0
MED102227,"Baptisia Tinctoria, Echinacea (Angustifolia), Phytolacca Decandra, Hydrastis Canadensis, Arsenicum Album, Bryonia (Alba), Eupatorium Perfoliatum, Ferrum Phosphoricum, Gelsemium Sempervirens, Ipecacuanha, Rhus Tox.",0.0,12326.130000000005,59448.7,22834.6
MED122166,Diltiazem Hydrochloride,0.0,12325.680000000008,39677.13,464.06
MED023865,Clonidine Hydrochloride,0.0,12320.64,38502.0,0.0
MED117554,"Pramoxine Hcl, Zinc Oxide, Calamine",0.0,12294.18,31579.47,26511.16
MED036542,"Octinoxate, Titanium Dioixide, Octisalate",0.0,12294.11,51053.42,26229.28
MED077271,Carbamazepine,0.0,12277.669999999998,51774.61,0.0
MED000823,"Homosalate, Octisalate, Octocrylene, Zinc Oxide",0.0,12273.759999999997,38979.52,0.0
MED120610,Lamotrigine,0.0,12269.64,56024.03999999999,53650.14
MED025322,Azithromycin,0.0,12261.000000000007,54647.88,7952.49
MED093722,"Ibuprofen, Diphenhydramine Hcl",0.0,12259.380000000005,54305.67999999999,0.0
MED095068,Zinc Oxide,0.0,12259.099999999991,55084.61,0.0
MED093816,"Dextromethorphan Hydrobromide, Guaifenesin",0.0,12232.199999999995,49308.8,0.0
MED032097,Losartan Potassium And Hydrochlorothiazide,0.0,12212.639999999996,32093.28,0.0
MED132120,Gabapentin,0.0,12188.699999999995,31662.9,1055.43
MED001030,Nabumetone,0.0,12182.32,52715.32,20550.04
MED104482,Midodrine Hydrochloride,0.0,12171.68,52049.68,0.0
MED060174,Piper Methysticum,0.0,12163.200000000004,37803.15,0.0
MED042166,"Acetaminophen, Dextromethorphan Hydrobromide, Doxylamine Succinate",0.0,12149.509999999997,44638.61,44404.9
MED008954,Toxicodendron Pubescens Leaf,5977.71,12131.200000000004,49973.2,0.0
MED032173,Finasteride,0.0,12126.940000000002,38401.09,36957.44
MED095327,"Zinc Oxide, Octisalate, Octocrylene",256.37,12092.71,57519.09,9597.78
MED079958,Sodium Fluoride,0.0,12027.96,36711.36,0.0
MED124361,"Echinacea Purpurea, Wood Creosote, Thuja Occidentalis Leafy Twig",0.0,11992.860000000008,41786.28,0.0
MED002272,Famotidine,0.0,11985.85,49120.65,29472.39
MED091585,Paclitaxel,0.0,11983.44000000001,39519.48,22582.56
MED053010,Tapentadol Hydrochloride,0.0,11966.199999999995,41071.35,0.0
MED095067,Zinc Oxide,0.0,11951.170000000006,32068.71,25886.79
MED082269,Sotalol Hydrochloride Tablets Af,6678.11,11908.86,44177.91,0.0
MED068053,Buspirone Hydrochloride,0.0,11879.770000000004,30161.39,6045.14
MED062316,Clonidine Transdermal System,0.0,11866.819999999992,39037.32,32663.88
MED107907,Doxycycline Hyclate,0.0,11854.080000000002,40091.52,0.0
MED103778,Alcohol,0.0,11836.44,29911.77,2373.95
MED000567,Lidocaine,0.0,11814.0,42480.0,70.8
MED025023,Warfarin Sodium,0.0,11811.6,47095.44,0.0
MED054921,"Acetaminophen, Diphenhydramine Hydrochloride",0.0,11806.760000000002,37491.84,0.0
MED055296,Nicotine Polacrilex,0.0,11804.520000000004,33276.0,0.0
MED075313,Carvedilol,0.0,11796.47,50103.75,4185.0
MED007591,Valsartan,245.22,11775.400000000009,40271.4,5421.15
MED110982,Benzalkonium Chloride,0.0,11754.479999999996,32913.920000000006,5166.72
MED130588,Medicated Lotion Soap,0.0,11730.300000000005,56422.56,0.0
MED055719,Cyclophosphamide,0.0,11690.64,47709.48,39757.9
MED019570,Urtica Urens,0.0,11670.660000000003,39512.16,0.0
MED089804,Deflazacort,0.0,11661.960000000006,46101.48,0.0
MED122199,Losartan Potassium,0.0,11658.57,57407.91,12106.43
MED109439,Tizanidine Hydrochloride,0.0,11658.240000000002,29725.2,0.0
MED050812,Naproxen Sodium,0.0,11654.180000000004,30163.76,0.0
MED040607,Doxycycline Hyclate,0.0,11647.210000000006,54397.75,0.0
MED092675,Allopurinol,0.0,11631.199999999995,48427.6,0.0
MED093328,Trypan Blue,0.0,11615.760000000002,36520.44,33268.62
MED040857,Vasopressin,0.0,11604.880000000005,43120.63,18212.44
MED076792,Alcohol,0.0,11593.679999999991,35826.240000000005,0.0
MED022417,Nicotine Polacrilex,0.0,11579.039999999994,41041.44,16686.04
MED050295,Vertigo Syncope Drops,2982.88,11576.699999999995,38372.4,9694.08
MED046710,Docusate Sodium,0.0,11563.5,52806.0,5768.04
MED022976,"Arnica Montana Whole, Arisaema Triphyllum Root, Ferrosoferric Phosphate, Calcium Sulfide, Toxicodendron Pubescens Leaf, Spongia Officinalis Skeleton, Roasted",0.0,11554.900000000009,41665.60999999999,0.0
MED131256,Cisatracurium Besylate,0.0,11547.669999999998,36057.55,2400.2
MED051740,Gabapentin,0.0,11531.999999999996,29683.74,26651.53
MED021310,Cyclobenzaprine,0.0,11514.319999999992,42076.82,0.0
MED088245,Buspirone Hydrochloride,0.0,11514.12000000001,49280.8,6294.6
MED068606,Hydrocodone Bitartrate And Acetaminophen,798.96,11507.999999999996,31417.2,8116.11
MED021707,Dextrose Monohydrate,0.0,11502.010000000002,50002.38,0.0
MED100049,"Glycerin, Naphazoline Hydrochloride",0.0,11486.6,54660.1,12315.82
MED130521,Canagliflozin And Metformin Hydrochloride,0.0,11480.280000000006,46372.65,4556.85
MED094842,Rosuvastatin Calcium,0.0,11477.519999999997,33135.810000000005,24415.86
MED128173,Lomustine,1122.52,11454.479999999996,29128.32,22655.36
MED127712,"Octinoxate, Zinc Oxide",0.0,11453.36,50744.68,0.0
MED054027,Pregabalin,0.0,11450.85,36249.22,0.0
MED025596,Aluminum Zirconium Tetrachlorohydrex Gly,0.0,11398.879999999996,43588.78,7595.9
MED041731,Sunscreen,0.0,11398.86,36673.8,0.0
MED054457,"Zinc Oxide, Titanium Dioxide",0.0,11347.379999999996,44837.26,10843.56
MED070097,Arnica Montana 7%,0.0,11333.4,49406.5,2660.35
MED063300,Pregabalin,0.0,11332.860000000008,47325.06,31620.78
MED002450,Ondansetron Hydrochloride,0.0,11293.920000000006,54478.26,0.0
MED130230,Methotrexate,0.0,11274.120000000004,35821.1,0.0
MED076707,Magnesium Hydroxide,0.0,11272.520000000004,29126.18,0.0
MED074976,Carbamazepine,0.0,11270.600000000006,50501.88,10888.02
MED078425,"Cetirizine Hydrochloride, Pseudoephedrine Hydrochloride",0.0,11259.979999999992,30904.1,0.0
MED077986,Norgestimate And Ethinyl Estradiol,0.0,11248.159999999996,34210.11,0.0
MED105362,Benzonatate,0.0,11236.89,38097.240000000005,0.0
MED067918,Magnesium Hydroxide,0.0,11226.46,49532.56,28720.56
MED093414,Bisacodyl 5Mg,0.0,11222.850000000002,32754.3,8449.66
MED102927,Spironolactone,0.0,11200.21,33281.57,0.0
MED131976,Pregabalin,0.0,11163.480000000003,44954.04,1827.4
MED012396,Technetium Tc-99M,1915.23,11152.96,32131.84,0.0
MED028314,"Acetaminophen, Aspirin And Caffeine",0.0,11149.059999999983,55591.93000000001,8880.5
MED076275,Naproxen Sodium,0.0,11133.980000000003,55097.51,5983.44
MED009777,"Arnica Montana, Aurum Muriaticum, Cactus Grandiflorus, Convallaria Majalis, Digitalis Purpurea, Oryctolagus Cuniculus Heart, Spigelia Marilandica, Valeriana Officinalis, Veratrum Album",0.0,11133.639999999996,28978.88,9740.8
MED132386,"Dextromethorphan Hydrobromide, Guaifenesin",0.0,11116.600000000006,48158.5,0.0
MED009402,Zinc Sulfate Heptahydrate,0.0,11108.55999999999,42650.3,10160.15
MED059756,Levocetirizine Dihydrochloride,0.0,11089.679999999991,34046.4,3909.8
MED026490,Montelukast,0.0,11065.68,47173.02,6203.18
MED027340,Dextromethorphan Polistirex,0.0,11055.720000000008,44178.42,2742.52
MED135030,Meropenem,0.0,11050.440000000002,43021.74,13633.65
MED118756,Omeprazole,0.0,11042.399999999998,32157.6,22778.3
MED047442,Fingolimod,0.0,11040.48,29960.7,9079.0
MED102942,Levothyroxine Sodium,0.0,11028.36,39019.54,0.0
MED006838,Docetaxel,0.0,11024.0,53122.96,24682.13
MED072830,Octreotide Acetate,0.0,11002.35,52072.05,9737.05
MED134307,Athletes Foot Liquid,0.0,10967.319999999992,31399.83,0.0
MED135052,Methylphenidate,0.0,10959.840000000004,46064.16,14075.16
MED014643,Aprocitentan,0.0,10939.739999999998,35025.590000000004,0.0
MED075300,"Neomycin Sulfate, Polymyxin B Sulfate And Dexamethasone",0.0,10933.859999999995,28025.55,0.0
MED040905,Bumetanide,4414.04,10923.22,31248.56,10833.56
MED127575,Dimethicone,0.0,10918.199999999995,52771.3,0.0
MED034504,Ketorolac Tromethamine,0.0,10917.089999999997,50840.37,1286.39
MED069310,"Salix Nigra, Belladonna, Cerebellum (Suis), Aconitum Napellus",0.0,10911.450000000004,28067.85,2531.61
MED031458,Povidone-Iodine,0.0,10905.100000000006,39560.63,0.0
MED064004,Sars Nosode,0.0,10903.5,40444.2,0.0
MED135444,Diltiazem Hydrochloride,0.0,10860.959999999992,43090.41,21660.42
MED133936,Cyclobenzaprine Hydrochloride,0.0,10819.53,49193.4,0.0
MED127798,Zolmitriptan,0.0,10803.330000000002,35123.869999999995,0.0
MED051243,"Helonias Dioica, Lacticum Acidum, Pancreas Suis, Pancreatinum, Phosphoricum Acidum, Phosphorus, Syzygium Jambolanum, Thyroidinum, Uranium Nitricum.",0.0,10794.489999999998,41492.07,10074.42
MED065914,Acetaminophen,0.0,10791.6,43729.44,9841.92
MED059762,Triamcinolone Acetonide,0.0,10787.940000000006,29197.08,4066.26
MED077193,Spironolactone,0.0,10782.72,46874.88,21972.6
MED046130,Sodium Fluoride,0.0,10776.35,27604.33,0.0
MED038915,Sacubitril And Valsartan,0.0,10765.82,45952.96,0.0
MED106029,Demeclocycline,0.0,10748.519999999997,36609.59,0.0
MED006084,Cobaltum Phosphoricum,0.0,10743.15,35086.63,8244.9
MED118809,Chloroxylenol,418.08,10735.949999999995,46232.7,28064.06
MED054797,Famotidine,0.0,10735.900000000003,30746.52,0.0
MED076266,Hepar (Liver) 30X,0.0,10727.73,27164.460000000003,0.0
MED080448,Metformin Hydrochloride,0.0,10711.429999999997,28612.42,13177.96
MED024365,Potassium Citrate,0.0,10701.100000000006,35767.89,18358.74
MED106245,"Acetaminophen, Phenylephrine, Dextromethorphan Hbr, Guaifenesin Tablet, Film Coated",0.0,10674.309999999998,47026.22,0.0
MED047628,Menthol,0.0,10669.199999999995,32891.94,0.0
MED077323,Prednisone,0.0,10645.6,26768.0,0.0
MED078634,Rocuronium Bromide,0.0,10629.679999999997,28204.84,0.0
MED073748,Calcarea Sulphurica,0.0,10620.140000000009,51399.4,0.0
MED131836,"Peumus Boldus Leaf, Dioscorea Villosa Tuber, Strychnos Ignatii Seed, Cynara Scolymus Whole, Fumaria Officinalis Whole, Frangula Alnus Bark, And Rheum Officinale Root",0.0,10615.200000000004,33216.8,0.0
MED009255,Povidone-Iodine,0.0,10594.069999999996,28975.6,24642.8
MED117214,"Nitroglycerin, Dextrose",0.0,10581.799999999996,38916.76,6813.32
MED049711,Cyclobenzaprine Hydrochloride,2668.57,10576.51000000001,34239.869999999995,0.0
MED067682,Cephalexin,0.0,10563.299999999996,48529.47,0.0
MED073990,Cobaltum Sulphuricum,0.0,10555.36,32092.32,8185.71
MED109927,Salicylic Acid,0.0,10549.800000000005,35669.4,0.0
MED001721,Paclitaxel,0.0,10504.199999999995,33718.4,3412.96
MED105694,Magnesium Oxide,0.0,10491.350000000006,47204.45,24047.55
MED027373,Homosalate 10.00% Octocrylene 6.00% Avobenzone 3.00%,0.0,10482.740000000003,52280.02,0.0
MED019322,Sodium Fluoride,0.0,10461.75,49090.86,0.0
MED056133,Meloxicam,0.0,10458.0,45729.6,0.0
MED088014,Calcium Carbonate,0.0,10456.02,29232.1,0.0
MED040283,Lisinopril And Hydrochlorothiazide Tablets,0.0,10442.39,28789.04,5456.48
MED136325,Fluphenazine Hydrochloride,0.0,10440.080000000002,28832.79,3239.19
MED013957,Acetaminophen 500Mg,0.0,10437.480000000003,27160.2,0.0
MED053560,Sucralfate,0.0,10425.659999999996,39703.41,35848.71
MED080745,Amoxicillin,457.86,10422.160000000003,43670.46,0.0
MED004972,Dexmethylphenidate Hydrochloride,0.0,10407.04,30530.43,15360.03
MED079805,Vilazodone Hydrochloride,390.71,10401.719999999994,51846.9,0.0
MED010715,Oxygen,181.76,10390.919999999998,47926.350000000006,0.0
MED083240,Promethazine Hydrochloride,0.0,10381.25,45292.5,0.0
MED123033,"Avobenzone 3%, Homosalate 10%, Octocrylene 6%",0.0,10368.110000000004,28702.9,0.0
MED104568,Ibuprofen,0.0,10359.999999999996,30872.8,6925.52
MED019544,Vinca Minor,0.0,10348.800000000005,37359.3,0.0
MED063942,Zinc Oxide And Titanium Dioxide,6067.64,10341.54,38626.5,33359.25
MED036268,Benzocaine,0.0,10331.839999999997,49414.880000000005,14660.74
MED050235,Salicylic Acid,0.0,10326.420000000006,48157.2,5488.0
MED076724,Bisacodyl,0.0,10325.759999999997,38120.64,7941.8
MED049126,Sodium Bicarbonate,1076.93,10313.600000000006,51568.0,0.0
MED119840,Aluminum Chlorohydrate,7106.68,10312.919999999998,51170.94,0.0
MED123650,Allantoin 0.5%,0.0,10309.259999999997,44241.600000000006,0.0
MED028206,Metoprolol,0.0,10297.099999999997,28636.52,0.0
MED105363,"Butalbital, Acetaminophen, And Caffeine",0.0,10283.86,36669.86,7795.09
MED047432,Azithromycin,0.0,10279.8,26544.6,9733.02
MED133599,Benzalkonium Chloride,0.0,10276.499999999993,34386.3,11638.44
MED122476,Dexamethasone Sodium Phosphate,0.0,10272.079999999994,36434.58,0.0
MED114858,Benzocaine,1079.02,10268.580000000002,48338.64,0.0
MED092680,Etranacogene Dezaparvovec,0.0,10261.52,30368.08,20977.95
MED008883,"Elaps Corallinus, Crotalus Horridus, Bryonia, Calc. Fluor., Carduus Mar., Cholesterinum, Cinchona, Digitalis, Hamamelis, Hydrofluoricum Acidum, Lachesis, Lycopodium, Naja, Pulsatilla, Vipera Berus, Zinc. Met., Aesculus Hipp., Echinacea",0.0,10245.820000000009,44611.55,0.0
MED040284,Doxepin Hydrochloride,0.0,10231.299999999996,29041.54,20846.65
MED001306,Sodium Fluoride,0.0,10225.5,39342.42,21985.47
MED067807,Levothyroxine Sodium,0.0,10224.000000000007,39416.99999999999,5386.99
MED081801,Pregabalin,0.0,10219.920000000006,42404.52,0.0
MED063042,Nitrogen,0.0,10215.44999999999,40106.850000000006,763.94
MED110508,Fluoxetine Hydrochloride,0.0,10207.4,48210.3,0.0
MED132485,Alcohol,0.0,10184.0,27577.2,0.0
MED075297,Medroxyprogesterone Acetate,0.0,10180.68,34766.36,0.0
MED110130,Sodium Chloride,650.16,10144.439999999997,34607.16,0.0
MED022247,Kerosene,0.0,10125.64,27318.76,0.0
MED017797,Dimethicone,0.0,10047.379999999996,37233.7,0.0
MED046994,Citalopram,0.0,10045.500000000007,26636.67,0.0
MED008563,Simethicone,0.0,10043.300000000005,48134.14,0.0
MED079938,Pyrithione Zinc,0.0,10040.0,33253.6,22861.85
MED116311,"Acetaminophen, Dextromethorphan Hbr, Phenylephrine Hcl",0.0,10016.679999999997,28147.95,0.0
MED087129,Cetirizine Hcl,0.0,10004.160000000003,47099.52,0.0
MED107749,Busulfan,0.0,9997.740000000003,29567.1,0.0
MED051231,Norethindrone Acetate And Ethinyl Estradiol And Ferrous Fumarate,0.0,9980.700000000004,33138.78,14620.05
MED059280,Dermatophagoides Farinae,0.0,9974.340000000004,35388.18,0.0
MED051378,Sertraline Hydrochloride,0.0,9959.039999999995,32229.99,12671.62
MED104368,Acetaminophen,0.0,9909.759999999998,31349.76,4775.94
MED025763,Lansoprazole,0.0,9894.5,28853.44,0.0
MED024918,Acetaminophen And Codeine Phosphate,0.0,9883.419999999998,34515.4,0.0
MED109638,Sodium Chlorite,0.0,9869.520000000004,38039.88,0.0
MED015148,Midazolam Hydrochloride,0.0,9864.760000000002,25509.5,234.75
MED060571,Pirfenidone,2497.44,9850.96,29030.54,18070.03
MED080621,Glatiramer Acetate,0.0,9848.960000000006,48611.2,5938.3
MED005325,Ibuprofen,0.0,9847.830000000004,26926.26,0.0
MED109524,Above Men Sport Energy,469.07,9847.2,24730.2,5583.03
MED050910,"Dextroamphetamine Saccharate, Amphetamine Aspartate, Dextroamphetamine Sulfate And Amphetamine Sulfate",0.0,9827.839999999997,45575.91,0.0
MED107820,Diclofenac Potassium,92.02,9825.28,40779.76,11910.92
MED050218,Alcohol,0.0,9822.260000000002,32175.22,0.0
MED134937,Docusate Sodium 50 Mg And Sennosides 8.6 Mg,0.0,9816.4,43033.08,0.0
MED049030,Tolnaftate,0.0,9815.04,28755.0,6975.0
MED045547,"Olmesartan Medoxomil, Amlodipine And Hydrochlorothiazide",0.0,9811.41,25843.8,4080.6
MED047336,"Aralia Quinquefolia, Berberis Vulgaris, Causticum, Conium Maculatum, Damiana, Graphites, Lachesis Mutus, Natrum Muriaticum, Phosphoricum Acidum, Phosphorus, Sepia",0.0,9799.14,44745.36,0.0
MED022507,"Agnus Castus, Aletris Farinosa, Avena Sativa, Alumina, Conium, Calcarea Carbonica, Helleborus Niger, Lecithin, Natrum Carbonicum, Nux Moschata, Oleander, Phosphoricum Acdium, Plumb Met, Picricum Acidum, Rna, Sulphur, Xerophyllum And Zincum Metallicum.",0.0,9791.349999999997,30538.1,0.0
MED118390,Fosfomycin Tromethamine,0.0,9790.199999999995,30452.4,0.0
MED108561,Methocarbamol,225.67,9755.05,31166.95,5896.45
MED047797,Losartan Potassium,992.98,9739.68,45310.0,9775.0
MED092073,Hand Sanitizer Wipes Shea Butter And Warm Vanilla Scent,0.0,9726.249999999996,24404.73,0.0
MED064470,Sodium Fluoride,0.0,9685.380000000005,25645.7,1293.7
MED096561,Bupropion Hydrochloride,1589.2,9660.300000000005,45394.6,11926.08
MED008457,"Dextromethorphan Hbr, Guaifenesin, Phenylephrine Hcl",0.0,9654.75,34910.75,15959.2
MED107874,Metoprolol Succinate,10283.84,9629.460000000005,30143.76,0.0
MED103544,Enalapril Maleate,0.0,9622.5,39383.75,0.0
MED050264,Lemborexant,0.0,9616.94999999999,41074.89000000001,0.0
MED076461,Oxacillin Sodium,53.63,9610.65,25133.85,18431.49
MED061435,Salicylic Acid,0.0,9603.93,27051.78,399.78
MED086641,Bupropion Hydrochloride,0.0,9598.050000000005,42821.43,30918.0
MED118848,Nifedipine,1285.02,9569.100000000006,40081.35,3525.48
MED088265,Ketorolac Tromethamine,0.0,9564.32,34580.96,0.0
MED019353,Isopropyl Alcohol,0.0,9536.800000000005,31778.5,29822.9
MED019780,Strontium Oxydatum,0.0,9532.899999999998,25561.9,13370.84
MED093264,Amoxicillin,0.0,9532.580000000002,30593.72,0.0
MED068265,Dextromethorphan Hydrobromide,6436.01,9514.18,39547.82,0.0
MED018561,"Zinc Oxide, Titanium Dioxide, Octinoxate",0.0,9508.100000000006,36259.3,10664.5
MED128523,Megestrol Acetate,0.0,9491.579999999994,40846.68,15668.7
MED075570,Losartan Potassium,0.0,9466.449999999995,46529.0,9305.8
MED013582,Pamabrom,0.0,9459.590000000004,30063.77,17128.32
MED028656,Zinc Oxide,0.0,9425.000000000007,33419.6,4091.02
MED079020,Metoprolol Succinate,0.0,9422.0,30808.96,6051.76
MED075474,Tizanidine,0.0,9401.599999999991,44900.8,34236.86
MED069122,"Avobenzone, Octinoxate",2547.48,9378.0,23881.5,5784.63
MED034591,Famotidine,263.62,9371.44,25807.6,0.0
MED039616,Citalopram,1360.25,9349.5,25772.1,17308.2
MED034945,Cimetidine,0.0,9348.79,40032.52,0.0
MED102667,Fluconazole,0.0,9348.560000000003,27511.68,0.0
MED070924,"Sodium Chloride, Sodium Lactate, Calcium Chloride, Magnesium Chloride And Dextrose",0.0,9326.200000000004,27444.77,0.0
MED013970,Lmnoop Athletes Foot Cream,0.0,9322.04,44222.36,0.0
MED088771,Triticum Cerebri,0.0,9321.599999999997,27977.6,0.0
MED054514,Niacinamide,0.0,9312.959999999995,30765.52,2895.07
MED040427,Rocuronium Bromide,0.0,9309.440000000002,27951.36,0.0
MED129884,Chloroxylenol,0.0,9308.1,45080.16,0.0
MED122537,Levomilnacipran Hydrochloride,0.0,9305.8,29930.2,0.0
MED028691,"Avobenzone, Homosalate, Octisalate, And Octocrylene",7647.29,9250.709999999992,33593.91,1142.65
MED034861,"Dextromethorphan Hbr, Phenylephrine Hcl, Pyrilamine Maleate",0.0,9246.399999999994,45596.8,12539.12
MED052186,Hemorrhoidal Pain Relief,0.0,9242.560000000003,29445.36,0.0
MED106860,Quetiapine,0.0,9239.1,36038.600000000006,5544.4
MED093135,Lidocaine 4% Menthol 1%,8426.98,9173.040000000008,35264.9,5166.68
MED128831,Stannous Fluoride,3073.42,9163.0,35215.84,0.0
MED103311,Ethyl Alcohol 70%,0.0,9159.039999999995,24276.56,10483.06
MED087268,Repaglinide,0.0,9157.119999999995,34088.32,0.0
MED014451,Hydrogen Peroxide,0.0,9156.800000000005,34909.6,0.0
MED067167,Oxycodone Hydrochloride,0.0,9154.389999999996,25178.23,0.0
MED135465,Lidocaine Hydrochloride,0.0,9150.4,38359.86,35764.08
MED055825,Fluoxetine Hydrochloride,1559.84,9145.44,30383.88,19208.2
MED080232,Aspirin,0.0,9131.760000000002,40320.72,0.0
MED048249,Titanium Dioxide And Zinc Oxide,0.0,9122.490000000003,36947.43,0.0
MED037866,Pramipexole Dihydrochloride,0.0,9105.32,29162.63,8600.96
MED124195,"Apis Mell, Ars Alb, Berb Vulg, Hellebore, Lycopodium",0.0,9104.199999999995,37518.6,26799.0
MED097478,"Ensulizole ,Homosalate,Octinoxate,Titanium Dioxide",0.0,9096.499999999984,45096.100000000006,0.0
MED031958,Darifenacin,0.0,9081.86,23744.64,10728.0
MED086951,Lurasidone Hydrochloride,0.0,9078.64,26177.28,0.0
MED015558,"Homosalate, Octocrylene, Octisalate, Avobenzone",0.0,9076.1,28563.26,0.0
MED005172,Norgestimate And Ethinyl Estradiol,0.0,9043.86,42713.0,0.0
MED107957,Prednisone,0.0,9023.28,34192.770000000004,7505.73
MED116155,Aconitum Napellus,0.0,9016.649999999994,39314.7,0.0
MED105695,Minoxidil,0.0,9008.2,30289.16,6223.8
MED026017,Pravastatin Sodium,0.0,8999.280000000002,30804.48,0.0
MED079824,Nicotine Polacrilex,0.0,8995.619999999999,24960.69,10109.34
MED033600,Flumazenil,0.0,8989.800000000007,31717.8,0.0
MED057190,Insulin Glargine,0.0,8977.599999999995,23589.76,0.0
MED078808,"Arg Nit, Aur Met, Avena, Gelsemium, Hyoscyamus, Ignatia, Moschus, Nat Mur, Passiflora, Stannum Met, Valeriana.",0.0,8964.960000000006,30783.42,0.0
MED065872,Hydrocortisone,834.27,8941.829999999994,44390.01,0.0
MED079597,Lovastatin,0.0,8938.23,22624.11,0.0
MED013331,Bupropion Hydrochloride,0.0,8921.439999999999,25745.04,0.0
MED079431,Trandolapril,0.0,8910.18,39469.23,0.0
MED033450,Calcium Carbonate,0.0,8907.659999999996,25623.9,0.0
MED026905,Lithium Carbonate,0.0,8904.91,24241.77,24241.77
MED074208,Silicium Metallicum,0.0,8895.04,29424.78,0.0
MED077849,Apiol,0.0,8888.579999999998,29536.83,0.0
MED023745,Isopropyl Alcohol,0.0,8880.8,27695.04,12727.5
MED117262,Instalax Polyethylene Glycol 3350,0.0,8880.400000000009,38358.56,12872.0
MED005617,Cefoxitin,0.0,8861.070000000007,36035.76,0.0
MED066102,Pyrithione Zinc,0.0,8856.600000000006,32248.0,26966.0
MED082344,Celecoxib,0.0,8855.329999999998,28781.390000000003,0.0
MED077065,Chlorhexidine Gluconate Surgical Combo Kit,0.0,8850.599999999999,25452.9,0.0
MED077329,Propranolol Hydrochloride,0.0,8837.120000000003,34112.0,25051.0
MED125629,Lacosamide,0.0,8830.080000000002,40476.24,0.0
MED066684,Doxycycline Hyclate,0.0,8828.14,35715.840000000004,15594.24
MED023407,Alcohol,0.0,8822.719999999998,25909.76,3266.56
MED022298,Physostigma Venenosum Seed,0.0,8820.969999999998,32367.31,9347.73
MED102563,Arsenic Trisulfide,0.0,8819.579999999998,31687.56,0.0
MED087239,Pitavastatin Calcium,0.0,8791.289999999997,26680.77,0.0
MED048258,Chlordiazepoxide Hydrochloride,0.0,8788.060000000001,31731.58,0.0
MED106512,Sacubitril And Valsartan,0.0,8772.080000000002,33618.16,0.0
MED032500,Anastrozole Tablets,0.0,8770.849999999999,23439.13,0.0
MED045487,Apixaban,0.0,8768.849999999999,33620.55,8119.68
MED088907,Lidocaine,0.0,8740.879999999997,34763.72,7046.7
MED008289,Nitroglycerin,0.0,8730.609999999993,43124.12,0.0
MED100164,Oxygen,0.0,8723.199999999997,38013.6,0.0
MED053798,Benzalkonium Chloride,0.0,8717.099999999999,23887.5,0.0
MED052132,Fluocinolone Acetonide,0.0,8714.0,36604.0,0.0
MED062491,"Avobenzone 2.5%, Octinoxate 6%, Oxybenzone 3%",0.0,8709.120000000003,25409.28,17667.39
MED000787,Escitalopram,0.0,8707.14,31832.85,0.0
MED001865,Sodium Fluoride,0.0,8706.96,28628.800000000003,0.0
MED061590,Diphenoxylate Hydrochloride And Atropine Sulfate,0.0,8694.840000000004,37574.46,13744.77
MED108925,Acetaminophen And Codeine Phosphate,0.0,8688.82,31327.24,9203.96
MED102291,"Cocoa Butter, Phenylephrine Hcl",0.0,8677.619999999999,27138.33,0.0
MED051529,First Aid Antibiotic,0.0,8661.149999999994,24584.4,0.0
MED063445,Diclofenac Sodium,2922.4,8645.0,34034.0,26441.8
MED032775,Menthol,0.0,8638.399999999994,24572.800000000003,8139.74
MED051877,Drospirenone And Ethinyl Estradiol,0.0,8635.900000000001,23077.6,380.4
MED110484,Bumetanide,3911.98,8633.519999999997,23099.04,11442.58
MED042643,"Belladonna 30C, Hear Sulphuris Calcareum 30C, Lachesis Mutus 30C, Mercurius Solubilis 30C, Phytolacca Decandra 30C, Ferrum Phosphoricum 6X, Kali Muriaticum 5X, Calcarea Sulphurica 6X, Streptococcinum 200C",0.0,8633.0,26344.0,1509.6
MED012380,Acetaminophen And Ibuprofen,0.0,8632.259999999998,25567.56,9347.28
MED132576,Isopropyl Alcohol,0.0,8620.169999999995,25429.95,0.0
MED039632,Desipramine Hydrochloride,0.0,8614.199999999997,33111.93,0.0
MED047769,Gabapentin,234.71,8613.29,35330.119999999995,0.0
MED104953,Amantadine Hydrochloride,0.0,8607.779999999999,34541.61,31365.37
MED086968,Olopatadine Hydrochloride,0.0,8598.259999999995,36996.420000000006,10194.06
MED087956,Sodium Fluoride,0.0,8588.400000000001,23018.85,0.0
MED026381,Nifedipine,0.0,8588.160000000003,40239.96,0.0
MED119148,Lenalidomide,0.0,8582.700000000004,40378.89,36963.76
MED020657,Acitretin,0.0,8578.879999999997,31181.44,0.0
MED114308,Zinc Gluconate,0.0,8556.719999999998,24512.7,0.0
MED050561,Arundo Mauritanica,0.0,8531.46,21443.94,0.0
MED050860,"Avobenzone,Homosalate,Octisalate,Octocrylene,And Oxybenzone",4722.75,8527.260000000002,23363.87,5363.69
MED075819,"Acetaminophen, Dextromethorphan Hbr, Guaifenesin, Phenylephrine Hcl",0.0,8411.970000000001,34241.97,954.48
MED001950,"Avobenzone, Octinoxate, Octisalate, Oxybenzone",0.0,8391.779999999999,39102.3,4061.35
MED060883,Triamcinolone Acetonide,0.0,8391.059999999998,30406.83,0.0
MED028128,Fexofenadine Hydrochloride,0.0,8388.419999999991,27928.770000000004,4079.9
MED122573,Adapalene,0.0,8372.96,22513.08,0.0
MED013500,Hydromorphone Hydrochloride,564.9,8361.449999999997,29530.53,8685.45
MED090008,Hydrochloric Acid,0.0,8351.779999999999,36319.2,0.0
MED018576,"Octinoxate, Zinc Oxide",0.0,8342.099999999999,41171.0,3483.7
MED026939,Doxazosin,0.0,8330.420000000006,34235.42,0.0
MED068417,Acetaminophen,0.0,8304.0,36321.0,0.0
MED097158,Glycopyrrolate,0.0,8277.54,24410.74,0.0
MED110759,4% Lidocaine,0.0,8269.2,25675.2,0.0
MED089952,Diphenhydramine Hydrochloride,0.0,8265.599999999999,33628.8,0.0
MED132220,Zinc Oxide,0.0,8263.780000000006,38373.58,0.0
MED055267,"Octocrylene, Octisalate, Zinc Oxide",0.0,8261.119999999995,33518.08,25662.28
MED133096,Benzalkonium Chloride 0.13%,0.0,8251.039999999997,22849.36,0.0
MED022618,Fluticasone Propionate,0.0,8235.36,24145.2,0.0
MED106169,Celecoxib,1767.96,8221.82,33632.28,8915.94
MED112867,Aluminum Chlorohydrate,0.0,8214.720000000001,25587.42,0.0
MED110864,"Dextroamphetamine Saccharate, Amphetamine Aspartate Monohydrate, Dextroamphetamine Sulfate, And Amphetamine Sulfate",411.11,8196.719999999998,20637.76,3020.16
MED026258,Povidone Iodine 10%,0.0,8191.740000000002,31712.67,2277.33
MED073330,Tetrabenazine,0.0,8185.799999999999,26285.7,12517.0
MED014299,"Avobenzone, Homosalate, Octisalate, Octocrylene",0.0,8176.32,33611.04,7537.77
MED065314,Famotidine,0.0,8174.189999999995,32259.29,0.0
MED001142,Meclizine Hydrochloride,0.0,8167.899999999998,25732.85,0.0
MED012427,"Avobenzone, Homosalate, Octisalate, Octocrylene",0.0,8165.189999999999,24604.53,0.0
MED025128,Estradiol,0.0,8162.52,31076.31,3920.65
MED067675,Potassium Chloride,0.0,8134.4000000000015,21543.04,4203.52
MED122364,Divalproex Sodium,0.0,8129.639999999992,38312.76,0.0
MED086633,Quetiapine,0.0,8127.080000000005,21503.56,7443.54
MED005889,Leflunomide,0.0,8125.379999999997,33525.700000000004,19215.95
MED007183,Macitentan,0.0,8110.700000000001,24871.34,1350.48
MED133239,Lithium Carbonate,0.0,8075.519999999997,22734.72,0.0
MED066066,Clotrimazole,594.42,8016.5999999999985,36022.0,0.0
MED110474,"Ferr Phos, Nat Mur, Kali Phos, Mag Phos",0.0,7983.449999999997,33538.4,6707.68
MED087046,Baclofen,0.0,7973.0,32773.28,24579.96
MED108185,Azithromycin Monohydrate,0.0,7969.360000000001,33415.03,23734.04
MED022094,Isotretinoin,0.0,7961.100000000002,23109.12,0.0
MED031905,Calcium Carbonate,0.0,7959.32,24109.56,0.0
MED121309,Sodium Fluoride,0.0,7955.860000000001,37042.28,0.0
MED004376,Oxygen,0.0,7923.959999999999,30977.64,0.0
MED048804,Famotidine,0.0,7906.319999999992,37621.380000000005,9445.03
MED037265,Hydrocodone Polistirex And Chlorpheniramine Polistirex,901.4,7883.049999999996,30997.910000000003,14731.68
MED116629,Acyclovir,251.06,7871.379999999997,34383.36,0.0
MED011216,Etranacogene Dezaparvovec,0.0,7855.6500000000015,23694.66,0.0
MED104025,"Agnus, Allium Sativum, Ambra, Angelica Sinensis Radix, Aralia Quinquefolia, Arnica, Arsenicum Alb., Avena, Baptisia, Baryta Carb., Bryonia, Cantharis, Lachesis, Lycopodium, Nux Vom., Phosphoricum Ac., Pulsatilla, Ruta, Sabal, Selenium, Zinc. Met., Ginkgo",190.08,7845.75,38583.0,33438.6
MED068351,Chlorine Dioxide,1069.35,7824.399999999998,22493.6,6421.56
MED039461,Diltiazem Hydrochloride,0.0,7823.279999999999,19620.36,0.0
MED114259,Buprenorphine,0.0,7819.559999999998,38809.54,669.13
MED023970,Cephalexin,2062.64,7818.720000000001,26856.96,0.0
MED041482,Alcohol,0.0,7815.149999999998,23222.7,21674.52
MED068838,Duloxetine,0.0,7810.580000000002,37890.7,0.0
MED073843,Magnesia Oxydata,0.0,7780.850000000002,22964.15,5534.7
MED062750,Hydrocortisone,0.0,7779.600000000006,38432.88,0.0
MED122526,Ibuprofen,0.0,7775.319999999992,25393.76,4405.04
MED049305,Phenobarbital,0.0,7772.259999999998,29985.26,0.0
MED106637,Salicylic Acid,0.0,7755.48,19971.53,4424.83
MED131126,Salicylic Acid,0.0,7727.099999999991,32447.83,0.0
MED065716,Salicylic Acid,0.0,7711.539999999997,23128.33,6471.52
MED013353,Metformin Hydrochloride,0.0,7711.290000000001,21433.41,0.0
MED110633,"Avobenzone, Homosalate, Octisalate",0.0,7711.200000000001,19306.08,0.0
MED124076,Pioglitazone,0.0,7710.659999999996,34790.62,20427.52
MED082697,"Menthol, Methyl Salicylate",0.0,7689.809999999998,24284.62,0.0
MED101556,"Avobenzone, Homosalate, Octisalate, Octocrylene",0.0,7687.820000000003,27653.94,0.0
MED031960,Carbamazepine,0.0,7678.870000000003,27233.22,520.38
MED104825,"Neomycin Sulfate, Polymyxin B Sulfate And Hydrocortisone",0.0,7678.200000000001,19932.5,0.0
MED131037,Salicylic Acid,0.0,7675.289999999994,34576.47,0.0
MED012824,Tapentadol Hydrochloride,0.0,7671.510000000002,28146.09,0.0
MED116247,Famotidine,0.0,7658.740000000002,25092.9,882.0
MED014694,Calcium Gluconate,0.0,7636.960000000003,21144.42,0.0
MED072783,Bisacodyl,0.0,7612.879999999997,21747.22,2266.34
MED034962,Calendula Officinalis Flowering Top And Silicon Dioxide,0.0,7611.5,35581.0,0.0
MED047429,Lidocaine,0.0,7596.510000000002,19643.88,2719.6
MED013862,"Avobenzone 3%, Homosalate 15%, Octisalate 5%, Octocrylene 10%",0.0,7587.520000000004,34825.03999999999,0.0
MED046596,Ammonium Carbonicum,0.0,7579.819999999996,21818.53,0.0
MED129338,Albendazole,0.0,7566.0999999999985,36925.7,2801.26
MED025230,"Octisalate, Octocrylene",0.0,7558.330000000002,26433.75,17955.0
MED034713,Omalizumab,0.0,7546.880000000001,19604.2,0.0
MED018723,Lenalidomide,0.0,7535.219999999997,30526.02,0.0
MED113649,Tolnaftate,0.0,7531.290000000001,19706.64,18200.4
MED006150,Hyoscyamus Niger,0.0,7505.740000000002,21159.08,0.0
MED056235,"Baryta Carb, Calc Phos, Iodium, Lycopus Vir, Calc Carb",0.0,7503.200000000001,23160.48,1793.4
MED120998,Titanium Dioxide And Zinc Oxide,0.0,7481.439999999999,31022.4,10116.0
MED089862,"Titanium Dioxide, Zinc Oxide",0.0,7475.52,22850.88,0.0
MED061762,Rosuvastatin Calcium,0.0,7467.040000000004,20019.08,708.64
MED133894,Loperamide Hydrochloride,0.0,7463.559999999998,20670.0,0.0
MED128916,Vanilla Planifolia,0.0,7449.299999999996,28597.5,0.0
MED062157,Ibuprofen And Pseudoephedrine Hydrochloride,0.0,7420.600000000002,26074.4,0.0
MED056075,Zinc Oxide,0.0,7407.52,24264.72,814.86
MED083612,"Titanium Dioxide, Zinc Oxide",0.0,7389.989999999998,19868.77,0.0
MED136354,White Petrolatum,0.0,7361.020000000004,34904.05,0.0
MED131937,Zolmitriptan,0.0,7360.299999999999,18440.8,1326.08
MED012815,Oxymetazoline Hydrochloride,0.0,7354.860000000001,19993.32,540.36
MED014926,Doxycycline,0.0,7344.0,22717.95,9532.63
MED063283,Your Name Mineral Sheer Tint,0.0,7329.75,21963.15,5907.33
MED026657,Gabapentin,0.0,7324.0,28856.0,0.0
MED068596,Lubiprostone,0.0,7321.999999999996,19078.800000000003,0.0
MED052906,Levetiracetam,0.0,7307.639999999999,35401.880000000005,333.98
MED067888,Olanzapine,823.51,7296.059999999998,33973.64,0.0
MED059277,Hydrocortisone 1%,0.0,7267.84,21434.88,8540.46
MED133985,Zolpidem Tartrate,0.0,7252.5,27725.190000000002,17553.0
MED060528,Daptomycin,0.0,7243.0,24394.0,0.0
MED014861,"Acetaminophen, Dextromethorphan Hydrobromide, Doxylamine Succinate, Phenylephrine Hydrochloride",0.0,7240.09,21803.27,0.0
MED048293,Ibuprofen,0.0,7222.6500000000015,22047.24,0.0
MED063482,Timolol Maleate,0.0,7216.0,24732.800000000003,5951.33
MED064849,"Avobenzone, Homosalate, Octinoxate, Octisalate, Petrolatum",747.03,7209.8499999999985,18722.65,0.0
MED076372,Salicylic Acid,0.0,7195.580000000002,25447.18,0.0
MED014304,"Zinc Oxide, Titanium Dioxide, Homosalate, Octisalate, Octocrylene",648.43,7194.759999999995,30615.11,11695.66
MED078522,Advanced Stress Control 72H Antiperspirant Deodorant,0.0,7192.630000000001,21127.73,0.0
MED091837,Hydroxyzine Hydrochloride,0.0,7119.919999999998,23048.85,1511.4
MED123754,Sucralfate,114.21,7119.68,20474.4,8149.35
MED007341,Antacid Tablets,0.0,7108.849999999999,25948.300000000003,3862.98
MED011702,Loratadine,477.9,7097.789999999997,18336.870000000003,16411.08
MED062701,Nicotine Polacrilex,0.0,7097.579999999998,23549.4,0.0
MED053462,Oxycodone And Acetaminophen,0.0,7087.949999999997,25416.870000000003,0.0
MED091679,Acidum Benzoicum,0.0,7082.880000000001,19567.17,7618.59
MED014606,Sildenafil Citrate,615.33,7074.48,24045.84,18893.16
MED131110,Caffeine,0.0,7050.240000000002,24371.2,3584.0
MED077975,Diltiazem Hydrochloride,0.0,7020.75,23484.45,0.0
MED059687,Imatinib Mesylate,0.0,7013.999999999996,17718.4,5631.92
MED055507,Watermelon Flavor Sodium Fluoride Anticavity Toothpaste,0.0,7008.059999999998,30644.1,0.0
MED087682,Rhamnus Cathartica,0.0,6994.759999999995,28150.160000000003,0.0
MED035358,Lacosamide,0.0,6968.579999999998,22177.06,0.0
MED075904,Amlodipine And Valsartan,0.0,6955.5300000000025,25886.19,0.0
MED021862,"Sodium Fluoride, Potassium Nitrate",344.12,6939.239999999998,19337.120000000003,0.0
MED021867,Undecylenic Acid,0.0,6926.399999999998,19341.36,0.0
MED053596,Metoprolol Succinate,698.12,6923.279999999999,18378.88,0.0
MED010625,Acetaminophen,0.0,6895.019999999997,17955.36,0.0
MED076205,Aspirin,0.0,6887.920000000002,21841.1,15938.1
MED066521,Saxagliptin,0.0,6886.02,17432.82,0.0
MED079047,Diphenhydramine Hcl,0.0,6881.279999999999,19173.12,8538.03
MED119065,Organic Acid Combination,0.0,6879.140000000003,29959.390000000003,1063.43
MED050322,Metex,0.0,6863.52,25640.46,2030.46
MED007722,Levothyroxine Sodium,0.0,6849.000000000004,32332.5,0.0
MED026562,Ethanol,1893.28,6838.560000000005,25101.36,0.0
MED092109,Axe Phoenix 48H Sweat And Odor Protection Antiperspirant,0.0,6827.019999999997,28882.46,0.0
MED101238,Sabal Serrulata,0.0,6819.2199999999975,21933.84,0.0
MED007247,Carboxymethylcellulose Sodium,0.0,6819.119999999999,17382.36,12718.8
MED027053,Oxycodone And Acetaminophen,0.0,6782.4000000000015,18442.08,6531.57
MED106128,Carvedilol,0.0,6779.420000000002,25718.11,921.91
MED081358,Onasemnogene Abeparvovec-Xioi,0.0,6777.599999999999,21543.2,0.0
MED054179,Clindamycin In 5 Percent Dextrose,0.0,6774.43,24939.07,0.0
MED015040,Magnesia Muriatica,0.0,6772.2199999999975,22793.68,0.0
MED075535,Colesevelam Hydrochloride,0.0,6739.4000000000015,29636.0,525.8
MED048561,Zinc Oxide,0.0,6733.600000000002,21068.34,15524.04
MED076078,Adalimumab-Ryvk,0.0,6694.450000000001,19065.3,0.0
MED032976,Nuphar Luteum,0.0,6667.919999999998,31641.75,0.0
MED052614,"Avobenzone, Homosalate, Octocrylene",0.0,6656.4000000000015,22004.82,0.0
MED127936,"Famotidine, Calcium Carbonate, Magnesium Hydroxide",1504.32,6652.749999999996,32387.1,3711.78
MED016183,Hydroxychloroquine Sulfate,0.0,6627.520000000004,24573.08,3999.31
MED118609,Potassium Chloride,0.0,6623.360000000001,19356.56,0.0
MED050039,Danazol,0.0,6584.159999999996,23582.800000000003,0.0
MED024481,Moxifloxacin Hydrochloride,0.0,6577.600000000002,31500.8,0.0
MED001245,Fenofibrate,0.0,6575.639999999999,29133.06,0.0
MED129745,Mesalamine,0.0,6565.620000000003,20958.3,7560.3
MED133089,Botulinum Toxin Type A,0.0,6532.919999999998,28331.4,2463.6
MED022521,Tolterodine Tartrate,0.0,6522.239999999998,19585.68,11734.88
MED114087,Mecasermin,0.0,6511.620000000003,18501.25,0.0
MED064920,Metronidazole,0.0,6501.800000000003,24490.5,1520.1
MED037211,Agaricus Muscarius,0.0,6473.879999999997,16399.81,0.0
MED109254,Zonisamide,0.0,6469.260000000002,26689.53,4073.94
MED077586,Acetaminophen,0.0,6462.299999999996,28019.94,26583.02
MED018978,Hydralazine Hydrochloride,1907.47,6446.439999999995,24547.6,0.0
MED068489,Hand Sanitizing Wipes,0.0,6444.769999999993,30785.890000000003,0.0
MED081880,Glipizide,0.0,6424.199999999997,18221.4,3947.97
MED035721,Progesterone,0.0,6422.079999999998,17191.02,0.0
MED007944,Acetaminophen,799.71,6415.919999999998,17793.86,796.74
MED045803,Doxycycline Hyclate,0.0,6393.52,18091.36,5168.96
MED133713,Etranacogene Dezaparvovec,801.44,6388.439999999995,18843.6,0.0
MED024458,"Antimonium Sulphuratum Aureum, Antimonium Tartaricum, Bryonia Alba, Drosera Rotundifolia, Ipecacuanha, Kali Muriaticum, Rumex Crispus, Senega Officinalis, Spongia Tosta.",0.0,6367.060000000001,19811.4,8124.9
MED041419,Diclofenac Sodium,0.0,6344.099999999999,25593.75,0.0
MED110248,Zinc Oxide 15%,812.44,6343.4000000000015,17787.28,386.68
MED002357,Minoxidil,0.0,6341.7199999999975,21089.09,2842.73
MED076771,Lamivudine,529.43,6339.360000000001,25790.18,0.0
MED092698,Quetiapine,0.0,6336.0899999999965,22331.160000000003,0.0
MED016638,"Sodium Chloride, Sodium Lactate, Calcium Chloride, Magnesium Chloride And Dextrose",0.0,6332.989999999998,18393.54,3100.68
MED060824,"Articaine Hydrochloride, Epinephrine Bitartrate",0.0,6321.7800000000025,28000.890000000003,721.44
MED124312,Bevacizumab-Nwgd,0.0,6284.080000000002,27402.32,25533.98
MED050443,Morphine Sulfate,0.0,6260.310000000001,26605.320000000003,0.0
MED131044,Dimethicone,365.94,6254.43,15664.35,1038.75
MED133905,Diethylpropion Hydrochloride,0.0,6239.120000000003,25697.96,9155.86
MED063101,Mometasone Furoate,0.0,6197.040000000001,18710.82,0.0
MED089840,Dibasic Potassium Phosphate,0.0,6190.199999999997,28981.72,6444.83
MED001814,Aluminum Sesquichlorohydrate,0.0,6185.639999999999,27503.64,7358.43
MED020758,Arnica E Pl. Tota 3,0.0,6176.4000000000015,16540.8,0.0
MED046810,Clotrimazole,0.0,6175.8399999999965,21223.4,1622.45
MED107658,Omeprazole,0.0,6173.91,15812.16,4513.6
MED058283,"Dimethicone, Octinoxate, Octisalate, Oxybenzone",0.0,6161.700000000001,25119.45,0.0
MED073073,Arnica Montana - Calcium Sulfide - Hypericum Perforatum - Lycopodium Clavatum Spore - Mercurius Solubilis - Salicylic Acid - Silicon Dioxide - Allylthiourea -,0.0,6147.9000000000015,25620.1,24455.55
MED114474,Venlafaxine,0.0,6125.000000000004,21140.0,0.0
MED022274,Epoetin Alfa,0.0,6116.9400000000005,16073.160000000002,0.0
MED077391,Clindamycin Hydrochloride,0.0,6103.649999999998,23488.5,18790.8
MED018469,Chlorpheniramine Maleate,0.0,6085.02,18704.98,5055.4
MED093873,Ethyl Alcohol,0.0,6047.279999999999,19355.44,0.0
MED096409,Thiotepa,83.1,6044.610000000004,16754.01,7303.03
MED076282,Alcaftadine,0.0,6016.920000000002,18002.039999999997,0.0
MED087493,Acidum Gallicum,502.5,5995.220000000001,23923.76,16686.32
MED100456,Fexofenadine Hydrochloride,0.0,5995.200000000001,27426.4,10627.73
MED022455,"Octinoxate, Titanium Dioxide",0.0,5986.699999999997,18790.64,3370.84
MED109458,Topiramate,0.0,5973.68,29817.67,3685.33
MED061054,Ibuprofen,428.32,5955.039999999997,25286.04,0.0
MED080295,Ethyl Alcohol,978.07,5945.940000000002,24784.76,1126.58
MED116730,Aspirin,0.0,5927.549999999999,23839.2,5507.04
MED080237,Cough Drops Menthol,0.0,5923.950000000001,23360.38,0.0
MED110341,"Avobenzone, Homosalate, Octisalate, Octocrylene",2891.5,5905.020000000002,16001.1,0.0
MED093002,Celecoxib,2120.0,5901.540000000003,16057.24,4308.04
MED081558,Ramelteon,0.0,5900.700000000001,26980.7,0.0
MED065652,Ondansetron,0.0,5881.449999999999,14786.65,360.65
MED046538,Lithium Metallicum,0.0,5878.4000000000015,24889.68,0.0
MED023698,Famotidine,0.0,5860.400000000005,26934.32,0.0
MED023129,Naproxen Sodium,0.0,5851.93,21189.21,0.0
MED032791,Sennosides,0.0,5834.200000000001,18410.28,0.0
MED059192,Calcium Carbonate,0.0,5826.960000000003,17974.079999999998,9486.32
MED047067,Doxycycline,0.0,5823.509999999998,28097.3,0.0
MED067021,Norethindrone,0.0,5813.849999999999,22757.07,2963.31
MED078275,Pramipexole Dihydrochloride,0.0,5809.290000000001,22020.69,19693.3
MED136071,Onasemnogene Abeparvovec-Xioi,0.0,5805.0,21205.800000000003,0.0
MED092397,Cina,0.0,5777.600000000002,22230.88,0.0
MED020032,Dutasteride And Tamsulosin Hydrochloride Capsules,0.0,5777.520000000004,27373.68,0.0
MED115295,Zincum Iodatum,0.0,5773.439999999999,17346.36,0.0
MED135681,Gabapentin,0.0,5764.220000000001,26618.13,10025.01
MED082080,Ganirelix Acetate,0.0,5761.550000000001,16347.88,3529.88
MED116875,"Acetaminophen, Dextromethorphan Hydrobromide",56.88,5760.0,16603.2,0.0
MED025053,Mitotane,0.0,5757.389999999999,26020.08,7533.2
MED039754,Ibuprofen,0.0,5756.860000000001,23750.89,0.0
MED070147,Benzoyl Peroxide 4%,0.0,5754.440000000002,18830.8,5155.2
MED109964,Calcium Carbonate,2389.11,5749.02,18881.73,0.0
MED079462,Paroxetine,0.0,5744.25,17908.95,6229.2
MED117041,Lidocaine Hydrochloride,0.0,5738.850000000002,27831.7,14986.3
MED068127,Sildenafil,0.0,5725.649999999998,20136.2,0.0
MED089590,Grindelia Hirsutula Flowering Top,4972.14,5710.319999999996,23266.67,4517.8
MED029041,Lidocaine,0.0,5690.559999999998,14687.36,0.0
MED007027,Fluticasone Furoate And Vilanterol Trifenatate,1918.86,5668.4000000000015,23795.44,13666.3
MED121817,Acyclovir,0.0,5665.990000000002,25794.78,0.0
MED023388,Carbamazepine,0.0,5665.660000000004,21261.79,9917.16
MED065917,Camphor And Menthol,0.0,5615.9400000000005,14253.58,0.0
MED070009,Bisacodyl,0.0,5605.260000000002,24788.31,0.0
MED024659,Cefepime Hydrochloride,0.0,5603.149999999998,17051.510000000002,0.0
MED068766,Naproxen Sodium,0.0,5601.75,21982.140000000003,6874.14
MED031145,"Camphor, Eucalyptus Oil, Menthol",0.0,5597.57,16625.1,4624.2
MED023031,Hydrochlorothiazide,0.0,5594.539999999999,15126.44,12237.12
MED075478,Calcium Iodide,0.0,5576.41,21278.53,4128.67
MED077563,"Octisalate, Titanium Dioxide",0.0,5572.790000000003,16026.83,5417.52
MED092396,Carduus Marianus,0.0,5565.6900000000005,16207.97,0.0
MED009621,Isopropyl Alcohol,1082.98,5557.200000000001,15513.3,0.0
MED005921,"Naproxen Sodium, Pseudoephedrine Hcl",0.0,5533.309999999998,23960.13,4588.11
MED039480,Risperidone,0.0,5524.759999999998,20936.74,354.86
MED010864,Phenylephrine Hydrochloride,0.0,5520.48,21859.32,4846.17
MED090428,"Belladonna, Bryonia, Capsicum Annuum, Gelsemium, Glonoinum, Ignatia Amara, Kali Bichromicum, Kali Carbonicum, Lycopodium, Natrum Muriaticum, Niccolum Metallicum, Nux Vomica, Sanguinaria, Secale Cornutum, Spigelia Anth And Sulphur.",0.0,5495.759999999995,27338.04,3573.6
MED111257,Toenail Fungus Treatment Liquid,0.0,5490.199999999997,19788.0,0.0
MED015269,Minoxidil 5%,0.0,5477.379999999997,24234.14,2835.91
MED095807,"Acetaminophen, Chlorpheniramine Maleate, Dextromethorphan Hbr, Pseudoephedrine Hcl",0.0,5466.739999999998,16896.34,0.0
MED032106,Clindamycin Palmitate Hydrochloride (Pediatric),0.0,5449.679999999997,18698.04,0.0
MED051767,"Dextromethorphan Hydrobromide, Guaifenesin",0.0,5449.57,19996.06,1337.42
MED045785,"Acetaminophen, Dextromethorphan Hbr, Phenylephrine Hcl",0.0,5445.7199999999975,16745.4,11961.0
MED021276,Quinine Sulfate,0.0,5443.200000000001,23590.44,0.0
MED122550,Cetirizine Hydrochloride,0.0,5439.239999999996,14085.3,0.0
MED040191,Solifenacin Succinate,0.0,5431.049999999997,14959.6,11847.2
MED064104,Levalbuterol,0.0,5430.399999999998,25030.4,0.0
MED048009,Gemfibrozil,0.0,5420.699999999999,15212.35,0.0
MED015796,"Calc Phos, Ferr Phos, Kali Phos, Mag Phos, Nat Mur.",0.0,5406.2800000000025,18895.8,0.0
MED115453,Medicated Corn Removers,0.0,5367.959999999999,18725.2,0.0
MED005056,Siponimod,0.0,5358.659999999998,14484.98,9095.22
MED050507,"Avobenzone,Octocrylene",0.0,5353.480000000003,19098.97,2566.66
MED001413,Moxifloxacin,0.0,5351.970000000001,17501.64,4936.36
MED122347,Salicylic Acid,683.6,5347.119999999999,24770.48,0.0
MED105724,"Acetaminophen, Dextromethorphan Hydrobromide, Guaifenesin, And Phenylephrine Hydrochloride",1137.48,5331.920000000002,13852.48,0.0
MED008184,Galantamine,0.0,5327.5300000000025,20357.82,19977.3
MED115689,Cholestyramine,0.0,5322.239999999998,23366.88,14820.66
MED076065,Enalapril Maleate And Hydrochlorothiazide,0.0,5318.100000000002,16756.1,5203.21
MED108428,Losartan Potassium,0.0,5317.019999999997,25246.58,0.0
MED083722,Aluminum Chlorohydrate Liquid,0.0,5308.289999999997,14143.740000000002,2901.28
MED087917,Pseudoephedrine Hydrochloride,0.0,5298.9000000000015,21670.92,0.0
MED134634,Pregabalin,0.0,5297.85,14237.4,0.0
MED019488,Indium Metallicum,0.0,5297.830000000002,16771.77,0.0
MED134298,"Chamomilla, Cina, Kali Bic, Kali Carb, Kali Mur, Pulsatilla",0.0,5293.529999999999,13372.920000000002,6754.0
MED035501,Hexaplex Trunculus Hypobranchial Gland Juice,0.0,5286.4000000000015,25312.0,0.0
MED009385,Cetirizine Hcl,0.0,5229.509999999998,14413.88,711.28
MED033712,Bupropion Hydrochloride,0.0,5202.939999999997,13769.19,5414.85
MED114818,Potassium Chloride,0.0,5195.4000000000015,23618.0,15520.4
MED048331,Zinc Oxide And Octinoxate,0.0,5185.02,16739.56,15601.92
MED009741,"Octisalate, Titanium Dioxide",0.0,5184.199999999999,14744.1,0.0
MED114734,Morphine Sulfate,0.0,5174.4000000000015,18286.8,2724.36
MED072781,"Eucalyptol, Menthol, Methyl Salicylate, Thymol",763.35,5162.8399999999965,19050.42,0.0
MED117974,Centaurium Erythraea,0.0,5162.110000000001,13226.73,0.0
MED048578,Norethindrone Acetate/Ethinyl Estradiol,0.0,5137.0,18007.52,3219.76
MED000446,"Acetaminophen, Dextromethorphan Hydrobromide, Phenylephrine Hydrochloride, And Triprolidine Hydrochloride",0.0,5128.5,18950.1,0.0
MED105249,Liver Formula,812.52,5116.549999999999,16552.45,0.0
MED078176,Actaea Spicata,0.0,5114.880000000001,25261.44,19340.79
MED082803,Zinc Oxide,0.0,5110.700000000001,12910.85,0.0
MED041186,Azithromycin,0.0,5096.75,13637.25,0.0
MED130999,Clonidine Transdermal System,0.0,5093.200000000003,15370.04,4133.12
MED045995,Captopril,0.0,5071.109999999997,22929.85,0.0
MED004947,Dexmethylphenidate Hydrochloride,0.0,5044.200000000001,18455.64,10326.37
MED131939,Alprazolam,500.32,5043.360000000001,16830.2,0.0
MED000020,Temazepam,5188.26,5043.049999999999,21131.68,4240.96
MED045607,Dexmethylphenidate Hydrochloride,2527.16,5035.6500000000015,18720.1,0.0
MED128196,Sodium Fluoride,0.0,5034.050000000001,15669.9,2753.1
MED090565,Acetaminophen,990.32,5032.709999999999,23519.7,1953.0
MED039220,Chlordiazepoxide And Amitriptyline Hydrochloride,0.0,5025.41,16158.13,0.0
MED118435,Lisdexamfetamine Dimesylate,0.0,5015.840000000002,16292.08,0.0
MED023000,Colchicine,0.0,5007.599999999999,16454.4,0.0
MED068311,Alcohol Antiseptic Gel,0.0,4995.000000000002,15890.04,0.0
MED121813,Candesartan Cilexetil,0.0,4991.800000000001,14513.4,0.0
MED007114,Articaine Hydrochloride And Epinephrine Bitartrate,0.0,4983.750000000004,19032.75,2030.16
MED104418,Tolnaftate,0.0,4968.809999999998,15872.670000000002,7375.18
MED051948,Lidocaine 4%,0.0,4967.43,13710.84,3231.36
MED080007,Zinc Oxide,0.0,4965.84,24724.32,14964.72
MED110624,"Qc Antacid Soft Chews, Cherry",0.0,4954.5,21161.25,9875.25
MED074781,"Passiflora Incarnata, Valeriana Officinalis, Aurum Metallicum, Baryta Carbonica, Glonoinum, Phosphorus, Plumbum Metallicum, Viscum Album",0.0,4952.040000000001,17852.98,0.0
MED078562,Benzoyl Peroxide,0.0,4951.119999999999,12850.52,1115.64
MED094784,Trazodone Hydrochloride,5239.86,4942.0,17465.0,0.0
MED007452,Chloroxylenol,6019.58,4923.480000000001,14041.53,12463.83
MED056168,Zinc Oxide,0.0,4901.459999999999,21970.5,1818.75
MED025988,Atorvastatin Calcium,0.0,4887.810000000005,20632.26,0.0
MED028785,Diphenhydramine Hcl,0.0,4876.6,12547.36,3712.8
MED063567,Tirzepatide,0.0,4875.229999999996,21901.11,2589.51
MED029280,Ethyl Alcohol,0.0,4871.220000000001,13811.86,3998.17
MED109079,Octreotide Acetate,0.0,4868.24,13078.28,5484.44
MED052425,Naratriptan,0.0,4865.879999999999,15226.92,0.0
MED012895,Methylene Blue,0.0,4865.869999999999,13800.63,3729.9
MED072817,Sodium Fluoride,0.0,4862.130000000003,13057.47,6036.3
MED066551,Warfarin Sodium,0.0,4850.9000000000015,22328.46,748.44
MED131752,Zinc Oxide,0.0,4849.919999999998,14711.04,0.0
MED039704,Levonorgestrel And Ethinyl Estradiol And Ethinyl Estradiol Tablets,0.0,4844.199999999997,17507.670000000002,0.0
MED028288,"Xylitol, Calcium Lactate",0.0,4838.5,12934.25,0.0
MED067257,Tetracycline Hydrochloride,0.0,4815.279999999999,15277.52,0.0
MED117674,Loratadine,0.0,4810.859999999999,14274.03,0.0
MED021769,Naproxen Sodium,0.0,4759.560000000001,14025.96,4885.11
MED111258,Salicylic Acid,0.0,4757.169999999998,19798.33,0.0
MED008602,"White Petrolatum, Zinc Oxide",0.0,4736.800000000001,12298.49,1867.31
MED111927,Haloperidol,0.0,4707.7800000000025,18010.3,16723.85
MED131775,"Ferrous Fumarate, Folic Acid",0.0,4684.52,16655.92,5633.62
MED034112,Triclosan,0.0,4682.240000000002,22423.54,4370.69
MED011298,Acetazolamide Sodium,0.0,4662.440000000002,16916.23,13001.12
MED122015,Ibuprofen,0.0,4654.299999999999,21973.42,2727.38
MED110306,Nicotine Polacrilex,0.0,4623.299999999996,21737.7,5555.19
MED020134,Clonidine Hydrochloride,0.0,4620.32,11995.68,0.0
MED023337,Duloxetine,0.0,4620.209999999999,12279.75,2339.0
MED091083,Vitamin D,3287.19,4614.75,16879.73,4147.92
MED110513,"Arginine, Ginkgo Biloba, Hypophysis Suis, Silicea, Astragalus Excapus",0.0,4613.76,14250.24,6333.44
MED020344,Atorvastatin Calcium,0.0,4613.699999999997,20915.7,0.0
MED091033,Sulfur,0.0,4607.920000000002,11677.54,0.0
MED105188,Zinc Oxide,0.0,4594.920000000002,20836.44,0.0
MED054235,Atorvastatin Calcium,0.0,4586.4000000000015,22884.3,14493.39
MED093507,Hydrocortisone Acetate,0.0,4567.9000000000015,20943.15,14044.23
MED036543,"Octinoxate, Titanium Dioixide, Octisalate",0.0,4552.289999999998,15414.780000000002,23762.62
MED077379,Diphenoxylate Hydrochloride And Atropine Sulfate,0.0,4532.519999999997,14774.56,3659.12
MED089606,Nortriptyline Hydrochloride,0.0,4519.199999999999,14232.12,0.0
MED047701,"Methyl Salicylate, Dl-Camphor, L-Menthol",0.0,4510.099999999999,18365.44,14044.16
MED102984,Quinine Sulfate,2838.09,4482.639999999999,11852.82,0.0
MED121218,Menthol,0.0,4457.52,18826.68,706.52
MED086541,Belladonna,0.0,4450.68,21793.32,8878.76
MED077717,Fulvestrant,0.0,4450.27,11281.04,8828.64
MED059202,Nicotine Polacrilex,0.0,4444.16,14584.64,0.0
MED015642,Tolnaftate 1%,0.0,4434.429999999999,14275.8,0.0
MED049448,Phenylephrine Hydrochloride,0.0,4415.589999999998,12526.28,0.0
MED024004,"Acetaminophen, Dextromethorphan Hydrobromide, Guaifenesin, And Phenylephrine Hydrochloride",916.14,4393.190000000002,16335.23,4723.44
MED034849,Aspirin,0.0,4384.42,15399.44,0.0
MED012581,Lenalidomide,0.0,4379.27,11063.15,0.0
MED093906,"Avobenzone, Homosalate, Octisalate, Octocrylene",0.0,4377.720000000001,16680.03,4715.82
MED064399,Tizanidine,0.0,4345.940000000002,11641.88,2959.8
MED025951,Timolol Hemihydrate,935.51,4331.360000000001,12931.98,0.0
MED000212,"Octinoxate, Titanium Dioxide, Zinc Oxide",0.0,4328.06,11395.06,0.0
MED118516,Salicylic Acid,0.0,4326.469999999999,11517.39,0.0
MED033323,Olopatadine Hydrochloride Ophthalmic Solution,0.0,4308.080000000002,20191.43,11125.89
MED065518,Lincomycin Hydrochloride,0.0,4298.909999999996,19192.140000000003,0.0
MED048788,Oxymetazoline Hydrochloride,0.0,4290.159999999998,11280.0,1800.0
MED063146,Povidone-Iodine,0.0,4280.25,20478.9,0.0
MED117347,Naproxen Sodium,101.4,4272.8399999999965,17422.08,10274.56
MED088259,Sildenafil,0.0,4256.849999999999,15966.6,3357.08
MED122611,Meclizine Hydrochloride,0.0,4252.199999999999,12816.28,1185.42
MED069366,Nicotine Polacrilex,0.0,4225.84,18262.82,5424.6
MED100738,Rosuvastatin Calcium,0.0,4185.280000000001,14077.76,2776.11
MED061943,Oxygen,0.0,4143.15,10745.46,1652.22
MED095158,Plerixafor,0.0,4142.879999999999,15118.56,0.0
MED122314,Venlafaxine,0.0,4137.200000000001,15925.6,7962.8
MED012508,Brimonidine Tartrate,0.0,4126.380000000003,16375.54,0.0
MED038858,Lanreotide Acetate,0.0,4122.239999999998,19492.480000000003,5161.66
MED119909,Lamotrigine,0.0,4108.300000000001,15684.9,12996.06
MED114212,Eplerenone,0.0,4106.700000000001,13979.68,0.0
MED051621,"Chlorpheniramine Maleate, Dextromethorphan Hydrobromide And Phenylephrine Hydrochloride",0.0,4085.949999999999,15837.8,3255.2
MED064824,Tocilizumab-Aazg,0.0,4084.020000000002,13459.77,5982.12
MED125138,Hand Sanitizer,0.0,4060.7999999999993,13561.2,0.0
MED011261,Furosemide,0.0,4047.000000000002,11676.45,0.0
MED095234,Eltrombopag Olamine,0.0,4044.920000000002,13871.44,1261.04
MED032672,Lithium Carbonate,0.0,4040.9000000000015,17032.3,0.0
MED102070,Bisoprolol Fumarate,0.0,4023.75,17304.3,6523.92
MED101374,Acidum Oxalicum,0.0,4023.25,11226.5,3143.42
MED042437,Zinc Oxide,0.0,4002.56,13466.24,0.0
MED008090,"Docusate Sodium, Sennosides",0.0,3987.7199999999993,10974.15,3658.05
MED048531,Tretinoin,0.0,3977.100000000002,19306.12,2752.4
MED095957,Pindolol,0.0,3969.000000000002,16158.24,0.0
MED047401,Loperamide Hydrochloride,0.0,3968.7999999999993,16856.4,0.0
MED075147,"Loratadine, Pseudoephedrine Sulfate",0.0,3937.379999999999,10294.18,0.0
MED027155,Methylphenidate Hydrochloride,0.0,3931.200000000005,18763.2,0.0
MED011118,Lip Balm Spf25,0.0,3928.4000000000015,17102.8,0.0
MED123867,Isopropyl Alcohol,0.0,3922.239999999998,12710.2,0.0
MED078801,Sodium Monofluorophosphate,0.0,3909.9299999999994,16164.23,2465.73
MED007531,Cetirizine Hydrochloride,0.0,3906.560000000001,16445.52,0.0
MED005868,Sodium Fluoride,0.0,3906.2400000000016,12087.66,4494.13
MED097071,Snail Mucin 92% Moisturizer,0.0,3903.749999999998,13366.8,7723.04
MED092784,"Famotidine, Calcium Carbonate, Magnesium Hydroxide",0.0,3860.43,10936.8,0.0
MED009040,Venlafaxine,0.0,3852.939999999999,16369.34,3712.41
MED102993,Estradiol,0.0,3834.32,12304.88,0.0
MED022893,Tadalafil,0.0,3811.760000000002,15723.509999999998,0.0
MED093205,"Aconitum Napellus, Berberis Vulgaris, Chamomilla, Colocynthis, Magnesia Phosphorica, Rhus Tox",0.0,3778.67,12015.429999999998,2015.01
MED019344,Simethicone,0.0,3766.56,15171.12,5922.06
MED078033,Magnesium Sulfate Heptahydrate,0.0,3762.469999999996,15722.98,0.0
MED095449,Oxygen,0.0,3745.4000000000015,13756.72,4961.44
MED130817,Ibuprofen,0.0,3735.9699999999975,18130.77,0.0
MED027524,Aluminum Sesquichlorohydrate,0.0,3717.5300000000025,15314.23,13077.32
MED101713,Calcium Carbonate,0.0,3715.100000000002,11229.56,4339.36
MED015655,"Avobenzone, Ethylhexyl Salicylate, Homosalate, Octocrylene",0.0,3710.630000000001,10180.73,1417.57
MED045331,"Octinoxate, Zinc Oxide",0.0,3699.810000000001,13172.25,2752.75
MED120094,Levothyroxine Sodium,0.0,3692.120000000001,10471.45,260.7
MED024362,Summer Sangria Spf 15 Broad Spectrum Lip Balm,988.92,3684.459999999999,12025.0,0.0
MED117694,Furosemide,0.0,3679.619999999999,10432.8,0.0
MED129617,"Carbolicum Acidum, Fagopyrum Esculentum, Hydrastis Canadensis, Hydrocotyle Asiatica, Juglans Regia, Vinca Minor",0.0,3679.320000000002,13934.630000000001,12609.36
MED119497,Menthol,0.0,3675.25,13385.84,0.0
MED108557,Ketamine Hydrochloride,0.0,3670.4000000000015,16960.8,0.0
MED009378,Doxazosin Mesylate,0.0,3658.2000000000007,10613.47,0.0
MED074435,Fludrocortisone Acetate,0.0,3656.970000000001,16575.399999999998,0.0
MED132699,Oil,0.0,3656.31,13952.49,13750.28
MED104327,Sulfur Iodide,0.0,3625.02,10345.5,7471.75
MED048192,Iloprost,0.0,3614.9500000000007,16632.44,0.0
MED105377,Lubiprostone,0.0,3613.3600000000006,14630.14,0.0
MED131209,Alcohol,0.0,3605.060000000001,14975.14,0.0
MED105479,Apis Mellifica,0.0,3603.4400000000014,16637.079999999998,5635.14
MED015171,Acetaminophen Diphenhydramine Hcl,85.37,3596.399999999998,9078.3,2017.4
MED127221,Alcohol,0.0,3592.539999999999,15611.08,0.0
MED023097,"Aralia Quin, Arnica, Avena, Baryta Carb, Carduus Mar, Dna, Hepar Suis, Medulla Ossis Suis, Pancreas Suis, Phosphoricum Ac, Pituitarum Posterium, Thuja Occ",0.0,3568.449999999999,10373.65,0.0
MED040345,Atorvastatin Calcium,2289.99,3553.8499999999985,10084.4,1067.76
MED076386,Alcohol,0.0,3552.5999999999985,10663.69,0.0
MED015880,Salicylic Acid 25%,0.0,3510.0200000000023,13966.49,0.0
MED010885,Paliperidone,0.0,3502.079999999998,12218.88,9418.72
MED117849,"Dextromethorphan Hbr, Doxylamine Succinate",0.0,3481.5300000000007,9831.12,3529.12
MED012764,Buprenorphine And Naloxone,0.0,3479.779999999999,15611.62,46.12
MED009644,"Atropa Belladonna, Ephedra Distachya Flowering Twig, Histamine Dihydrochloride, Goldenseal, Potassium Dichromate, Strychnos Nux-Vomica Seed, Teucrium Marum",0.0,3469.6399999999976,14452.28,0.0
MED136592,Hydroxyzine Hydrochloride,0.0,3444.5999999999985,10810.8,0.0
MED053497,Etodolac,0.0,3439.880000000001,10494.9,456.3
MED052437,Sodium Fluoride,0.0,3431.98,9065.76,0.0
MED025081,Tramadol Hydrochloride,0.0,3423.0,14122.32,0.0
MED053449,Pravastatin Sodium,0.0,3414.079999999998,12355.36,0.0
MED104659,Eslicarbazepine Acetate,0.0,3413.079999999998,11000.88,0.0
MED117264,Ibuprofen,0.0,3407.4,9396.0,3410.4
MED007689,Cetirizine Hydrochloride,0.0,3401.24,9970.04,0.0
MED065732,Metronidazole,0.0,3390.24,9617.44,6611.99
MED053098,Ofloxacin Otic,0.0,3376.0999999999967,15047.76,0.0
MED005281,Prazosin Hydrochloride,0.0,3367.840000000002,12630.64,4736.49
MED119478,Oxcarbazepine,0.0,3344.8600000000006,12270.48,0.0
MED013571,Zolpidem Tartrate,1015.63,3339.600000000002,8640.72,0.0
MED050587,Beryllium Metallicum,0.0,3332.16,15275.52,6152.64
MED117520,Zinc Undecylenate,0.0,3324.619999999999,15719.080000000002,0.0
MED118193,Lidocaine Hydrochloride,0.0,3321.75,8713.949999999999,0.0
MED007548,Clarithromycin,1757.42,3306.9399999999987,10894.1,1122.9
MED101266,Phytolacca Decandra,0.0,3282.32,8294.800000000001,0.0
MED109622,Alcohol,0.0,3281.3499999999985,9637.28,1307.84
MED011483,Miconazole Nitrate,3055.34,3270.959999999999,9940.32,3481.92
MED065441,Montelukast,0.0,3269.7699999999986,12331.34,0.0
MED011254,Oxymetazoline Hydrochloride,0.0,3264.25,15339.5,0.0
MED044423,Phendimetrazine Tartrate,0.0,3245.5499999999997,10680.81,2166.57
MED136226,Chlordiazepoxide Hcl And Clidinium Bromide,0.0,3240.0,9630.0,0.0
MED005950,Sodium Fluoride,0.0,3226.5200000000004,9393.12,0.0
MED081253,Folic Acid,0.0,3210.5600000000013,8247.38,6429.06
MED128517,Fluticasone Propionate,0.0,3210.4500000000007,10408.25,0.0
MED059534,Fluoxetine Hydrochloride,0.0,3202.010000000001,8144.71,2812.18
MED048767,Pyrithione Zinc,0.0,3200.15,11256.93,5046.21
MED066028,Benztropine Mesylate,0.0,3195.99,13353.48,8690.36
MED077860,Cell Energy Performance Drops,0.0,3174.24,14732.88,0.0
MED103682,"Eucalyptol, Menthol, Methyl Salicylate, Thymol",362.38,3154.2000000000025,12181.22,0.0
MED095279,"Acetaminophen, Dextromethorphan Hydrobromide, Guaifenesin, Phenylephrine Hydrochloride, Doxylamine Succinate",0.0,3134.67,15398.04,0.0
MED136074,Chloroxylenol,0.0,3130.4,8611.199999999999,0.0
MED013550,Gabapentin,0.0,3125.2800000000007,8747.52,418.08
MED101225,Europium Metallicum,0.0,3116.640000000001,8059.92,0.0
MED010057,Salicylic Acid,0.0,3114.890000000001,8901.019999999999,2210.96
MED089458,Norethindrone Acetate And Ethinyl Estradiol,0.0,3113.7599999999984,10370.88,2260.32
MED002390,2% Salicylic Acid,0.0,3110.800000000001,8823.5,0.0
MED024196,Advanced Protection Cedarwood And Lavender Antiperspirant Deodorant,0.0,3093.75,10055.0,0.0
MED021451,Titanium Dioxide,0.0,3085.2000000000007,12550.8,0.0
MED118250,Veratrum Album Root,0.0,3079.7999999999997,8563.2,6850.56
MED067841,Nateglinide,0.0,3076.4800000000014,11795.2,1474.4
MED136992,Zinc Oxide,0.0,3066.0,12142.5,1133.3
MED076889,"Picric Acid, Bryonia Alba Root, Cinchona Officinalis Bark, Solanum Dulcamara Whole, Potassium Carbonate, Phosphorus, Sepia Officinalis Juice, Silicon Dioxide, Lycopodium Clavatum Spore, And Ferrosoferric Phosphate",0.0,3055.130000000001,9986.86,0.0
MED108370,Ondansetron Hydrochloride,0.0,3052.619999999999,7759.26,0.0
MED063067,"Octinoxate, Octocrylene, And Titanium Dioxide",0.0,3035.880000000003,8799.029999999999,8581.77
MED107344,Gabapentin,0.0,3014.960000000001,9521.46,0.0
MED054388,Sodium Chloride,0.0,3013.710000000001,10309.86,2922.48
MED105317,Risperidone,5514.23,2997.300000000001,7947.48,694.44
MED046090,Perphenazine,0.0,2994.900000000001,14804.64,1473.84
MED035269,Wood Creosote,3094.92,2981.880000000001,14766.84,0.0
MED040802,Menthol,0.0,2976.050000000001,9252.32,0.0
MED046263,Cryptomeria Japonica,0.0,2963.899999999998,10689.3,0.0
MED021340,Ursodiol,0.0,2960.789999999999,13703.63,595.81
MED028417,Aurum Metallicum,0.0,2959.320000000001,9267.44,6874.2
MED102136,"Klebsiella Pneumoniae, Enterococcus Faecalis, Pneumococcinum, Streptococcus Agalactiae, Streptococcus Mutans, Haemophilus Influenzae B, Staphylococcus Aureus, Streptococcus Viridans",0.0,2954.880000000001,9528.48,0.0
MED097245,"Titanium Dioxide, Zinc Oxide",0.0,2954.879999999999,8351.640000000001,0.0
MED103069,Acetaminophen,0.0,2927.999999999998,13268.7,6634.35
MED036341,Omeprazole,0.0,2915.8,8039.8,1370.72
MED081786,Ketorolac Tromethamine,73.96,2903.999999999998,11513.15,0.0
MED033645,Nystatin Topical Powder,0.0,2901.6000000000004,12013.2,0.0
MED009332,Carbon Dioxide Oxygen Mix,5828.7,2886.8,7284.55,3538.21
MED100449,Loperamide Hydrochloride And Simethicone,1092.94,2881.8899999999994,12951.9,0.0
MED054561,Aluminum Sesquichlorohydrate,0.0,2868.82,12315.68,0.0
MED011068,Micafungin In Sodium Chloride,0.0,2854.4900000000016,10527.16,0.0
MED090259,Esomeprazole,0.0,2847.350000000002,11581.45,873.81
MED086628,Rosuvastatin Calcium,0.0,2840.22,11794.26,2282.76
MED083559,Zinc Oxide,0.0,2809.25,12915.94,2071.24
MED067261,Bupropion Hydrochloride,0.0,2798.07,10203.99,0.0
MED106635,Diphenhydramine Hcl,0.0,2782.08,8127.84,3289.84
MED050007,"Absinthium, Aconitum Napellus, Argentum Metallicum, Boldo Leaf, Chamomilla, Coffea Tosta, Jateorhiza Palmata, Manganum Oxydatum Nigrum, Salvia Officinalis",0.0,2767.3600000000006,8897.32,0.0
MED034608,Lisinopril And Hydrochlorothiazide Tablets,0.0,2753.65,9263.93,1923.0
MED040338,Losartan Potassium And Hydrochlorothiazide,0.0,2746.7999999999997,7653.66,4009.06
MED122037,Celecoxib,0.0,2735.09,12846.78,1475.1
MED057713,"Octinoxate, Oxybenzone, White Petrolatum",0.0,2733.72,8646.9,7129.9
MED041968,"Zinc Oxide, Octinoxate",0.0,2730.239999999998,9612.96,6208.37
MED087885,Isopropyl Alcohol,0.0,2730.2000000000007,10658.0,0.0
MED034765,Povidone-Iodine,0.0,2719.499999999998,10176.6,4264.48
MED027031,"Fecal Microbiota Spores, Live-Brpk",0.0,2705.340000000001,7039.2300000000005,3412.96
MED129129,Benzalkonium Chloride,0.0,2699.25,11351.49,7009.39
MED087824,Doxorubicin Hydrochloride,0.0,2694.6399999999994,11001.12,10578.0
MED000245,Mineral Oil,0.0,2688.000000000001,7675.2,0.0
MED124208,Carbo Animalis,0.0,2684.6000000000004,8946.6,0.0
MED117193,Levothyroxine Sodium,0.0,2646.5999999999985,12943.8,0.0
MED049541,Nebivolol,0.0,2637.5999999999985,11303.7,1130.37
MED104512,Clonazepam,0.0,2633.32,9860.33,0.0
MED052762,Calcium Polycarbophil,0.0,2633.2800000000007,9803.06,2694.68
MED021689,Hydralazine Hydrochloride,0.0,2632.900000000001,11370.4,3269.6
MED018670,Raloxifene Hydrochloride,0.0,2631.4400000000005,7101.84,0.0
MED084302,Enalapril Maleate,0.0,2621.04,6758.96,0.0
MED110085,Butalbital And Acetaminophen,0.0,2606.79,7420.47,3191.6
MED012505,Ropivacaine Hydrochloride,0.0,2606.4,11910.72,8436.76
MED009426,Ethyl Alcohol,0.0,2598.749999999999,6984.12,0.0
MED025944,Naloxone Hydrochloride,0.0,2597.909999999999,6690.070000000001,2984.06
MED041841,"Gutheria, Helonias, Kali Bich, Kali Brom, Pulsatilla, Rhus Tox, Secale Corn",0.0,2584.76,6966.68,0.0
MED067629,Aluminum Zirconium Tetrachlorohydrex Gly,0.0,2574.66,10748.43,3056.13
MED001371,Pramoxine Hydrochloride And Zinc Acetate Lotion,0.0,2565.420000000002,8948.609999999999,1744.92
MED110589,Salicylic Acid,1370.84,2561.0,9826.8,0.0
MED101378,Ruthenium Muriaticum,0.0,2535.330000000001,6359.22,4239.48
MED134514,Sertraline Hydrochloride,0.0,2523.0,10939.0,0.0
MED015829,Acyclovir,0.0,2521.26,7662.059999999999,162.16
MED114899,Guaifenesin,0.0,2513.4,6776.24,2242.84
MED008396,Potassium Iodide,0.0,2509.25,8483.75,0.0
MED133467,Norethindrone And Ethinyl Estradiol And Ferrous Fumarate,0.0,2504.039999999999,9369.36,0.0
MED110347,Zinc Oxide,1971.24,2478.119999999999,11019.93,68.66
MED026794,Hydrocodone Bitartrate And Acetaminophen,910.86,2466.3099999999995,6544.450000000001,5949.5
MED009667,Topiramate,0.0,2459.6000000000004,11960.0,0.0
MED042602,"Calc Fluor, Calc Phos, Kali Phos, Mag Phos.",0.0,2436.0999999999995,7201.2,6819.96
MED069245,"Arg. Met, Arnica Mont, Bryonia, Chamomilla, Ranunculus Bulb, Rhus Tox, Ruta Grav",0.0,2434.050000000001,9081.45,0.0
MED135909,"Menthol, Unspecified Form",0.0,2430.4000000000005,7787.2,0.0
MED112478,Velmanase Alfa-Tycv,0.0,2425.920000000002,7754.879999999999,0.0
MED086364,"Light Mineral Oil, White Petrolatum",907.28,2418.2599999999984,6996.34,0.0
MED117004,Bacitracin Zinc,0.0,2403.120000000001,10301.04,2778.57
MED115026,Magnesia Muriatica,0.0,2398.540000000001,10559.94,0.0
MED066895,Selexipag,0.0,2396.369999999999,8298.960000000001,0.0
MED048440,Sertraline Hydrochloride,0.0,2391.119999999999,5999.9400000000005,0.0
MED135799,Dexmedetomidine Hydrochloride,0.0,2360.7999999999997,10157.0,0.0
MED087031,Vancomycin Hydrochloride,644.85,2360.2800000000007,8307.39,1390.83
MED118799,Ranitidine,0.0,2350.11,7070.28,0.0
MED111124,Lemongrass 2X Hpus,0.0,2345.5999999999995,6542.72,3066.9
MED103788,Alcohol,0.0,2336.0,7300.0,0.0
MED128787,Sepia,0.0,2326.540000000001,10797.61,10089.57
MED062439,Fexofenadine Hydrochloride,0.0,2324.3999999999987,7032.8,0.0
MED051205,Valsartan And Hydrochlorothiazide,0.0,2321.25,9936.0,0.0
MED081004,Gabapentin,0.0,2318.800000000001,10245.4,4005.02
MED093023,Norgestimate And Ethinyl Estradiol,3436.7,2317.6800000000003,6566.76,2415.36
MED134200,"Guaifenesin, Pseudoephedrine Hydrochloride",0.0,2316.8600000000006,10150.5,9696.0
MED048445,Ibuprofen,0.0,2308.880000000001,9030.7,1862.4
MED078750,Topiramate,0.0,2284.6399999999994,6946.57,0.0
MED090162,Nitrogen,0.0,2284.6399999999994,8109.6,1413.6
MED042390,Numbing Lubricant,0.0,2273.94,7895.070000000001,0.0
MED039011,Colloidal Oatmeal,0.0,2269.080000000001,6821.28,0.0
MED019364,Diphenhydramine Hydrochloride,7039.68,2260.24,8656.4,4897.7
MED101001,Lurasidone Hydrochloride,0.0,2244.4000000000005,6993.599999999999,4230.0
MED090631,Carbamide Peroxide,0.0,2232.000000000001,6232.86,0.0
MED040733,Abiraterone Acetate,0.0,2231.7800000000007,8912.34,0.0
MED029097,Zinc Oxide,0.0,2215.6800000000003,6185.280000000001,5863.13
MED101222,Acidum Lacticum,0.0,2213.920000000001,6900.69,0.0
MED019907,Diphenhydramine Hydrochloride,0.0,2194.779999999999,5952.38,731.85
MED036474,Penicillin G Benzathine And Penicillin G Procaine,0.0,2182.92,6749.16,0.0
MED007502,Tecovirimat Monohydrate,0.0,2175.8100000000004,6524.7,0.0
MED021480,Ivacaftor,0.0,2171.380000000001,10086.8,0.0
MED061125,Valsartan,1180.24,2167.169999999999,6551.97,0.0
MED051276,Mepivacaine Hydrochloride,0.0,2162.0,6453.0,0.0
MED101189,Glycyrrhiza Glabra,0.0,2156.76,9309.33,8274.96
MED096161,"Chlorpheniramine Maleate, Phenylephrine Hcl",0.0,2147.6100000000006,6276.91,4430.76
MED051481,Atropine Sulfate,0.0,2146.16,9707.76,4609.44
MED059871,Benzocaine,0.0,2138.8500000000004,6887.969999999999,0.0
MED074064,Zincum Oxydatum,0.0,2135.7,7838.81,406.31
MED025776,Advanced Scar Gel,0.0,2129.5200000000004,8047.68,1676.6
MED101438,Strontium Metallicum,0.0,2129.2700000000004,8886.02,310.7
MED069799,Titanium Dioxide,0.0,2119.6800000000003,6872.4,1867.5
MED041546,"Vonoprazan Fumarate, Amoxicillin And Clarithromycin",0.0,2103.3,6186.400000000001,0.0
MED050380,Losartan Potassium And Hydrochlorothiazide,0.0,2100.5599999999986,6512.88,0.0
MED037042,Morphine Sulfate,0.0,2090.5599999999995,7546.309999999999,0.0
MED033384,Pregabalin,0.0,2088.72,6601.68,275.07
MED028580,Adalimumab-Adaz,0.0,2084.9399999999987,9342.19,0.0
MED018559,Itch Relief Gel,0.0,2081.7200000000003,5413.04,0.0
MED078148,Bromium,0.0,2075.699999999999,7330.44,6240.78
MED041559,Kinfield Cloud Cover Mineral Body Sunscreen Broad Spectrum Spf 35,0.0,2072.069999999999,6314.88,0.0
MED006363,Abrotanum,0.0,2067.47,9633.38,1526.08
MED007166,Quetiapine Fumarate,996.28,2063.49,9987.12,0.0
MED106478,Cold Therapy Gel,1450.9,2060.25,5479.65,0.0
MED058915,"Avobenzone 3%, Homosalate 15%, Octisalate 5%, Octocrylene 10%",0.0,2059.2000000000007,6413.549999999999,0.0
MED040743,Guaifenesin And Phenylephrine,0.0,2055.279999999999,9659.54,209.99
MED109065,Levothyroxine Sodium,0.0,2038.8899999999985,7398.79,0.0
MED060063,Phytolacca Decandra,9.12,2018.04,6435.64,410.24
MED063981,Anti-Smoking Ii Drops,0.0,2013.7099999999991,9906.6,6019.2
MED094261,Mesalamine,0.0,2009.4300000000003,5398.83,0.0
MED062121,Clonidine Hydrochloride,0.0,2001.8399999999992,5856.18,4931.52
MED096807,Lidocaine,0.0,1991.6000000000004,9956.0,2737.9
MED024580,Levothyroxine Sodium,0.0,1982.34,9028.26,7690.74
MED033489,"Acetaminophen, Dextromethorphan Hbr, Phenylephrine Hcl",0.0,1979.0400000000009,9199.56,0.0
MED130125,"Thyroid, Porcine",0.0,1968.7800000000009,5649.27,5550.16
MED052551,"Dextromethorphan Hbr, Guaifenesin, Phenylephrine Hcl",0.0,1929.0,6667.91,1265.14
MED055084,"Acetaminophen, Dextromethorphan Hydrobromide, And Phenylephrine Hydrochloride",0.0,1923.4,5467.6,0.0
MED028622,Antiperspirant Stick,0.0,1918.4300000000003,7524.76,1188.12
MED073905,Mercurius Iodatus Flavus,0.0,1910.7200000000007,8230.88,0.0
MED135085,Bupropion Hydrochloride,324.16,1900.7999999999995,6117.12,0.0
MED064600,Eplontersen,0.0,1883.7,6775.86,2469.59
MED091081,Clonidine Hydrochloride,0.0,1873.999999999999,7655.29,1593.15
MED009119,Potassium Chloride,0.0,1857.25,5644.0,677.28
MED045892,Celecoxib,0.0,1845.5199999999995,6577.320000000001,0.0
MED015868,Spf 30 Suncare Malon Daze,0.0,1832.26,5615.27,2195.59
MED122922,Naloxone Hydrochloride,0.0,1830.500000000001,6065.499999999999,1577.03
MED009495,Ofloxacin,0.0,1825.9500000000007,5694.299999999999,1128.6
MED067348,Witch Hazel,0.0,1825.2200000000005,6482.95,3179.85
MED100349,Levonorgestrel And Ethinyl Estradiol,0.0,1800.119999999999,7382.76,3339.82
MED056433,Titanium Dioxide,0.0,1793.92,5150.72,4184.96
MED058937,Xenon Xe-133,0.0,1791.42,6867.84,0.0
MED128280,Pregabalin,0.0,1788.9500000000007,7120.65,769.8
MED053441,Nitrofurantoin Macrocrystals,0.0,1785.960000000001,5945.94,0.0
MED051772,Metoprolol Tartrate,0.0,1781.1900000000005,5482.08,0.0
MED101342,Stramonium,0.0,1775.0599999999995,6723.960000000001,2630.4
MED010244,Morphine Sulfate,0.0,1757.7999999999993,7939.24,0.0
MED091431,Myocardial Drops,0.0,1755.5699999999997,5596.14,0.0
MED043886,Prednisone,0.0,1739.3700000000008,8321.67,0.0
MED135610,Rosuvastatin Calcium,0.0,1736.4000000000003,4692.0,2346.0
MED108313,Diclofenac Sodium,0.0,1729.119999999999,5219.68,1472.88
MED008353,Tavaborole,0.0,1726.5599999999995,4793.76,3195.84
MED095620,Pain Relief Patch,0.0,1722.0,8076.6,0.0
MED014855,Nirogacestat,0.0,1718.1000000000004,6175.499999999999,2219.6
MED010015,Zinc Oxide And Titanium Dioxide,0.0,1714.0,4773.490000000001,0.0
MED130811,Levothyroxine Sodium,0.0,1713.3200000000006,4860.4,2849.2
MED128418,Pramipexole Dihydrochloride,0.0,1700.25,5173.95,0.0
MED074776,Human Growth Hormone,0.0,1696.9900000000007,8172.12,4584.36
MED060482,Calcium Carbonate And Magnesium Hydroxide And Simethicone,0.0,1695.2400000000007,5732.4,0.0
MED121389,Trifluoperazine Hydrochloride,0.0,1677.96,5808.87,678.11
MED021609,Chloroxylenol,0.0,1676.4900000000007,4309.11,742.95
MED040146,Benzonatate,0.0,1664.5200000000004,6559.41,4204.75
MED077293,Ticagrelor,0.0,1664.0,4840.8,0.0
MED074255,Ibuprofen,0.0,1641.6000000000004,5152.92,2576.46
MED074626,Metolazone,0.0,1640.4499999999998,5746.09,3340.75
MED029238,Tolnaftate 1%,0.0,1632.5299999999995,4683.42,0.0
MED008792,Cetylpyridinium Chloride,0.0,1629.3600000000006,4472.28,0.0
MED024423,Clozapine,0.0,1627.0200000000004,6339.33,4226.22
MED053761,Sulfur,0.0,1606.2199999999998,5062.84,5387.2
MED121456,Loteprednol Etabonate,0.0,1602.54,5092.98,0.0
MED074964,Telmisartan And Amlodipine,0.0,1594.6999999999998,5278.42,0.0
MED100404,Guaifenesin,455.73,1594.3999999999996,6742.08,0.0
MED040375,Sacubitril And Valsartan,0.0,1587.75,4631.849999999999,1078.65
MED122222,Butorphanol Tartrate,250.98,1562.16,4963.82,0.0
MED119571,Levonorgestrel,0.0,1558.3200000000006,5816.179999999999,0.0
MED061853,Anamirta Cocculus Seed,0.0,1556.6400000000003,4841.5,2105.0
MED074820,Follitropin Alfa,0.0,1555.6799999999994,6546.820000000001,360.57
MED114987,Ferrum Muriaticum,0.0,1549.12,5720.84,0.0
MED131528,Loratadine,0.0,1540.08,5705.84,0.0
MED081333,Ondansetron,0.0,1536.2399999999998,6171.6,1084.2
MED076917,"Capra Hircus Skin, Felis Catus Skin, Bos Taurus Skin, Canis Lupus Familiaris Skin, Equus Caballus Skin, Capra Hircus Hair, And Sheep Wool",889.52,1519.4599999999991,5698.52,993.32
MED063019,"Anemone Pulsatilla, Phosphorus, Silicon Dioxide, Nitric Acid, Arsenic Trioxide, Toxicodendron Pubescens Whole, And Bos Taurus Hypothalamus",0.0,1515.7999999999993,7439.08,0.0
MED088016,Calcium Sennosides,0.0,1515.4699999999991,5429.38,0.0
MED019772,Terbium Metallicum,0.0,1509.2999999999993,7007.65,4851.45
MED097577,Us Convenience Kit (718907),0.0,1495.7999999999995,3757.05,0.0
MED091912,Levmetamfetamine Nasal Decongestant,0.0,1494.1000000000004,4187.5,2037.5
MED054327,Menthol,941.06,1482.25,5573.26,0.0
MED020168,Hydrocodone Bitartrate And Acetaminophen,0.0,1475.5199999999986,7015.68,5927.04
MED101986,Zinc Oxide,358.82,1466.8200000000006,6889.53,4038.69
MED025940,Zinc Oxide,0.0,1447.8200000000006,4334.219999999999,0.0
MED106907,Diphenhydramine Hcl,0.0,1439.4000000000003,6669.599999999999,0.0
MED101880,Inotuzumab Ozogamicin,0.0,1432.1999999999998,4296.6,558.0
MED000570,Navepegritide,0.0,1430.1000000000004,4833.36,4603.2
MED093512,Levetiracetam,0.0,1427.3999999999996,4285.8,857.16
MED083064,Orphenadrine Citrate,0.0,1420.25,6726.75,807.21
MED001623,Thiamine Hydrochloride,2713.07,1398.3200000000015,6932.58,0.0
MED075544,Metoprolol Tartrate,0.0,1393.4800000000005,3660.36,0.0
MED112882,Ibuprofen,0.0,1385.08,6266.96,6115.34
MED055858,Minoxidil,0.0,1366.5600000000004,5089.24,0.0
MED012331,Menthol,0.0,1364.8199999999997,4574.77,319.17
MED062933,"Octinoxate, Oxybenzone",0.0,1359.0099999999993,4325.67,0.0
MED048697,Dibasic Potassium Phosphate,0.0,1323.41,4417.42,1673.56
MED067212,Progesterone,0.0,1318.87,6181.84,95.76
MED045255,Stannous Fluoride,0.0,1318.85,3562.65,0.0
MED011172,Lisinopril And Hydrochlorothiazide,0.0,1305.2000000000007,5018.4,0.0
MED135416,Ursodiol,0.0,1300.0,4141.28,0.0
MED132656,Venlafaxine Hydrochloride,328.32,1293.8899999999994,4777.4400000000005,0.0
MED133441,Naproxen Sodium,0.0,1251.3199999999997,3489.92,0.0
MED038882,Lidocaine Pain Relief,0.0,1251.210000000001,4145.639999999999,1088.52
MED082644,Zinc Oxide,0.0,1240.41,6170.91,273.47
MED044430,Methylphenidate Hydrochloride,0.0,1237.6,3907.8,0.0
MED007546,Nystatin,0.0,1229.54,3671.46,0.0
MED024840,Tramadol Hydrochloride,0.0,1220.9999999999995,3811.000000000001,0.0
MED063256,Tofacitinib,0.0,1219.92,6051.76,0.0
MED056488,Ibuprofen,0.0,1216.0,5004.8,680.34
MED082899,Naproxen,0.0,1212.9000000000003,3485.82,804.42
MED076348,Zoledronic Acid,0.0,1205.94,3666.3,647.35
MED014468,Nicotine,0.0,1204.08,3242.16,1891.26
MED064181,"Avobenzone,Homosalate,Octisalate,Octocrylene",0.0,1202.4,4068.000000000001,0.0
MED012855,Fulvestrant,0.0,1202.2400000000002,3415.64,0.0
MED001726,Calcium Carbonate,0.0,1201.9600000000005,3494.14,46.28
MED028924,"Homosalate, Octocrylene, Octisalate, Avobenzone",5349.78,1198.84,4112.98,967.76
MED002442,Pop On Toothpaste.,0.0,1194.12,3842.76,0.0
MED028058,Testosterone Undecanoate,0.0,1189.3199999999997,4128.96,0.0
MED116694,Enalapril Maleate,769.22,1182.9499999999998,5718.26,2495.5
MED038242,Famotidine,0.0,1181.88,5224.66,0.0
MED096172,Telmisartan And Hydrochlorothiazide,0.0,1168.89,3057.82,1756.62
MED083840,Zinx Oxide,1033.84,1167.6000000000004,5681.4,5681.4
MED005824,Tenofovir Disoproxil Fumarate,0.0,1166.8799999999992,3818.88,2833.92
MED081451,Hydrocortisone Acetate Pramoxine Hcl,0.0,1162.5,5505.6,0.0
MED048402,Lorazepam,0.0,1145.13,3510.83,256.89
MED051834,Ibuprofen,0.0,1139.6000000000004,4559.94,4382.28
MED037707,Etomidate,0.0,1134.6000000000004,3777.12,0.0
MED067601,Loratadine,86.4,1111.1099999999997,3273.2700000000004,0.0
MED047024,Metformin Hydrochloride,0.0,1110.86,3620.68,0.0
MED040920,Menthol,0.0,1107.48,4068.24,0.0
MED027924,Amoxapine,0.0,1090.800000000001,3656.16,0.0
MED129093,"Eucalyptol, Menthol, Methyl Salicylate, Thymol",0.0,1067.3999999999996,3156.66,1402.96
MED131191,Mercuric Chloride,0.0,1066.2399999999998,4427.92,158.14
MED081088,Etodolac,0.0,1062.1399999999994,4444.52,3864.8
MED052094,Docusate Sodium,0.0,1054.0999999999997,3950.8,0.0
MED042371,"Ensulizole,Homosalate,Octinoxate,Titanium Dioxide",0.0,1045.4799999999996,4842.72,0.0
MED079142,Skin Protectant,0.0,1044.4300000000003,2630.93,2353.99
MED040430,Dopamine Hydrochloride,0.0,1037.309999999999,3710.460000000001,3153.02
MED051952,"Octocrylene, Homosalate, Octisalate, And Avobenzone",0.0,1018.1400000000004,2556.0,0.0
MED068175,Treprostinil,990.6,999.4400000000004,3664.96,1902.96
MED014872,Salicylic Acid,856.1,996.42,3238.92,1619.46
MED130532,Ibuprofen,0.0,992.58,4328.16,406.4
MED011473,Hydrochlorothiazide,0.0,989.9999999999995,3867.750000000001,0.0
MED081834,Menthol,0.0,989.56,3878.16,203.4
MED067793,Allopurinol,0.0,984.1199999999994,3911.7,0.0
MED055952,Zinc Oxide,0.0,983.7799999999996,2740.29,0.0
MED047488,Amlodipine And Atorvastatin,0.0,954.0,2493.0,1318.52
MED122060,"Avobenzone, Homosalate, Octisalate, Octocrylene",0.0,942.48,3953.52,1308.15
MED010123,Calcarea Combination,0.0,937.2599999999998,3073.4,0.0
MED105735,"Brompheniramine Maleate, Phenylephrine Hcl",0.0,936.8399999999996,2601.84,0.0
MED018796,"Dextromethorphan Hbr, Guaifenesin, And Phenylephrine Hcl",0.0,930.87,4558.05,2025.8
MED037703,Acetaminophen-Dextromethorphan Hbr-Phenylephrine Hcl-Chlorpheniramine Maleate,0.0,922.2600000000002,2555.2200000000003,0.0
MED052091,Finasteride,266.07,919.7999999999996,2719.92,518.08
MED064703,Tizanidine,0.0,917.6999999999998,3645.18,0.0
MED129065,"Brompheniramine Maleate, Dextromethorphan Hbr, Phenylephrine Hcl",0.0,911.2000000000004,3444.88,1925.08
MED034478,Simvastatin,3052.3,902.5199999999996,2430.0,1215.0
MED063225,Veratrum Album Root,0.0,894.7000000000003,3310.39,0.0
MED074145,Ancylostoma Caninum,0.0,861.4899999999993,3897.32,2388.68
MED102715,Fluconazole,0.0,858.77,3611.94,0.0
MED102409,Isopropyl Alcohol,0.0,849.5200000000004,3468.5,0.0
MED059224,Pyrithione Zinc,869.53,842.1300000000006,3597.3,799.4
MED082144,"Camphor (Synthetic), Menthol, Methyl Salicylate",1160.64,836.7000000000007,2465.28,0.0
MED013979,Guaifenesin,1051.93,834.6599999999994,2626.11,0.0
MED060939,"Streptococcus Agalactiae Dna, Enterococcus Faecalis, Haemophilus Influenzae B, Klebsiella Pneumoniae, Pneumococcinum, Staphylococcus Aureus, Streptococcus Agalactiae, Streptococcus Mutans, Streptococcus Viridans",0.0,823.4800000000005,3906.26,3791.37
MED029271,Salicylic Acid,0.0,820.6999999999998,2725.42,1315.72
MED033492,Liquid Bandage,0.0,778.96,2044.77,1775.13
MED082507,Guaifenesin,0.0,770.5,2167.45,0.0
MED131167,Titanium Dioxide 5% And Zinc Oxide 5%,4524.06,766.5699999999993,2921.03,2503.74
MED069615,Antiperspirant Deodorant Roll-On For Women,0.0,765.3100000000004,3428.88,2637.6
MED136247,Pravastatin Sodium,0.0,761.31,3715.11,3715.11
MED128525,Simethicone,0.0,759.2000000000003,2131.6,1971.0
MED064923,Olmesartan Medoxomil And Hydrochlorothiazide,0.0,753.9200000000005,2641.19,1668.12
MED083254,"Octisalate, Octocrylene, Titanium Dioxide, Zinc Oxide",0.0,752.4000000000001,2093.04,0.0
MED086593,Levonorgestrel And Ethinyl Estradiol,0.0,751.7400000000002,2795.76,1736.76
MED006589,Aspirin,0.0,743.1999999999998,2553.6000000000004,702.24
MED120544,Escitalopram Oxalate,0.0,739.0199999999995,3685.29,0.0
MED123639,Meijer Athletes Foot Liquid Spray,0.0,729.5999999999999,3612.8,0.0
MED130318,Sulfamethoxazole And Trimethoprim,0.0,724.3199999999997,3060.48,0.0
MED026981,Salicylic Acid,0.0,697.52,2578.4,966.9
MED022260,"Acetaminophen, Dextromethorphan Hydrobromide, Doxylamine Succinate",0.0,692.6400000000003,2814.24,631.4
MED092075,Anidulafungin,0.0,680.4000000000001,2668.26,1397.66
MED028456,Pramoxine Hydrochloride,0.0,679.9600000000005,2748.32,1096.24
MED011746,Acyclovir,0.0,643.7200000000003,1920.6,0.0
MED054163,Ropivacaine Hydrochloride,0.0,637.98,2764.58,0.0
MED111200,Menthol,0.0,631.6699999999998,1736.8,0.0
MED117244,Methylprednisolone Sodium Succinate,0.0,620.5199999999995,1750.7400000000002,583.58
MED123643,"Acetaminophen, Dextromethorphan Hydrobromide, Doxylamine Succinate",0.0,615.5999999999999,2232.7200000000003,1736.56
MED025659,Benzocaine,0.0,609.1200000000003,2659.26,707.25
MED013298,Tamsulosin Hydrochloride,0.0,602.3500000000004,1540.0,0.0
MED073830,Indium Metallicum,0.0,594.0999999999999,2673.0,1603.8
MED036922,Low Mycosis Nosode,0.0,589.1999999999998,2463.6000000000004,0.0
MED011974,Amoxicillin,0.0,583.3000000000002,1777.83,561.42
MED041291,Mometasone Furoate And Formoterol Fumarate Dihydrate,0.0,569.25,2393.49,145.06
MED025466,Lidocaine,0.0,566.1900000000003,1521.49,0.0
MED091040,Cetirizine Hydrochloride,0.0,547.8200000000002,1536.08,0.0
MED051419,Furosemide,0.0,541.3599999999999,1402.89,0.0
MED094996,Onasemnogene Abeparvovec-Xioi,0.0,541.1200000000003,2635.87,971.11
MED123456,"Zinc Oxide, Titanium Dioxide, Homosalate, Octisalate, Octocrylene",1816.88,538.5,1996.5,1091.42
MED097154,"Naphazoline Hydrochloride, Propylene Glycol",0.0,535.7999999999997,2228.32,1671.24
MED129101,Acetaminophen,0.0,534.8199999999999,1949.22,0.0
MED111011,Minoxidil,0.0,532.0600000000004,2123.8,0.0
MED053568,Milrinone Lactate In Dextrose,0.0,513.6300000000001,1454.31,74.58
MED100948,Aripiprazole,0.0,509.6700000000001,2494.17,79.18
MED092014,Pancreas Balance,0.0,504.2100000000005,2140.74,1529.1
MED020490,Nitrous Oxide,0.0,494.75999999999976,1564.8000000000002,0.0
MED123394,Docusate Sodium,0.0,486.0,2310.0,2102.1
MED042698,First Aid Antibiotic Original Strength,0.0,485.75,1487.4,399.6
MED123009,Nifedipine,0.0,485.48,2344.96,0.0
MED104416,Lidocaine Hydrochloride,0.0,480.1999999999998,1589.5,0.0
MED005795,Famciclovir,0.0,477.0,1692.0,0.0
MED119499,"Benzocaine, Dextromethorphan Hbr, Menthol",0.0,474.9000000000001,1348.1,269.62
MED092806,Triamterene And Hydrochlorothiazide,0.0,464.42999999999984,1902.92,0.0
MED042315,Zinc Oxide 15%,0.0,452.7000000000001,1278.09,852.06
MED054139,"Acetaminophen, Guaifenesin, And Phenylephrine Hydrochloride",0.0,452.3199999999997,1339.36,0.0
MED042665,Rh-Oligopeptide-1,0.0,446.52,2141.52,1606.14
MED055102,Alcohol,0.0,445.9000000000001,1553.5,0.0
MED115707,Buprenorphine And Naloxone,0.0,421.8,1554.96,368.28
MED065428,Tretinoin,0.0,420.32,1077.96,0.0
MED033104,Calcium Carbonate,0.0,405.72,1147.86,491.94
MED129967,Nicotine Polacrilex,0.0,400.4,1009.32,388.2
MED121695,Castor Oil,0.0,384.1600000000001,1861.02,0.0
MED109463,"Menthol, Camphor",0.0,369.44000000000005,1393.84,0.0
MED064377,Fluoxetine,0.0,368.1599999999999,1712.88,0.0
MED033363,"Omeprazole, Sodium Bicarbonate",0.0,352.1700000000001,1428.0,1428.0
MED065797,"Brompheniramine Maleate, Dextromethorphan Hbr, Phenylephrine Hcl",0.0,350.24,1680.8,0.0
MED061679,Lytta Vesicatoria,0.0,327.5999999999998,891.8000000000001,0.0
MED053943,Amoxicillin And Clavulanate Potassium,0.0,303.21000000000004,1142.79,0.0
MED129860,Naja Naja Venom,0.0,300.41999999999985,1374.39,610.84
MED102524,"Zinc Oxide, Titanium Dioxide",0.0,293.28,971.49,0.0
MED011290,Rifampin,0.0,285.60000000000014,1365.84,0.0
MED092844,Famotidine,0.0,259.0799999999999,1187.02,1187.02
MED051728,Glipizide,0.0,257.2400000000001,831.67,0.0
MED021163,Baclofen,0.0,252.4799999999999,835.34,0.0
MED019594,Niccolum Metallicum,0.0,252.0100000000001,725.56,65.96
MED133877,Lisinopril And Hydrochlorothiazide,0.0,250.26000000000025,1153.26,509.58
MED031957,Rosuvastatin Calcium,0.0,247.6800000000003,1185.9399999999998,0.0
MED116265,Semecarpus Anacardium Juice,0.0,246.0000000000001,725.0,0.0
MED077390,Atenolol,0.0,240.86,677.8,677.8
MED098617,Methyl Salicylate,0.0,230.31000000000017,1149.93,894.39
MED123546,Bisacodyl,0.0,224.91,756.2700000000001,448.16
MED122828,Lip Balm Spf15 Tropical Punch Flavored,0.0,216.66,720.36,605.52
MED135912,"Clotrimazole Topical Solution Usp, 1%",0.0,215.0999999999999,768.6,469.7
MED064480,Diphenhydramine Hydrochloride,355.7,212.97000000000003,1011.93,0.0
MED050251,Omeprazole,0.0,212.94000000000003,929.5,709.5
MED043347,Purified Water 98.3%,0.0,212.0,563.9200000000001,0.0
MED122125,Indomethacin,0.0,200.07999999999996,872.9100000000001,0.0
MED010782,Fifa 26 Palo Santo And Sage Limited Edition Antiperspirant Body Spray,0.0,188.86000000000013,745.9399999999999,0.0
MED092795,Nicotine Polacrilex,0.0,187.74,718.1999999999999,0.0
MED119034,Low Bacterial Nosode,0.0,183.26,713.32,503.52
MED015579,Tolnaftate 1% Multi-Purpose Treatment,0.0,165.24,808.86,126.88
MED047523,Chloroxylenol,0.0,153.34000000000003,693.72,313.02
MED066275,Chlordiazepoxide And Amitriptyline Hydrochloride,0.0,148.63,474.37,319.8
MED123151,Deflazacort,0.0,136.39999999999998,592.24,0.0
MED011860,Benzethonium Chloride,0.0,136.26,352.23,352.23
MED089379,Conium Maculatum Flowering Top,0.0,136.04000000000008,520.56,0.0
MED008479,Ethyl Alcohol,0.0,130.64999999999986,603.95,0.0
MED101979,Eyelid Cleansing Spray,0.0,126.09999999999997,405.19,405.19
MED068502,Nitrogen,0.0,116.07999999999998,457.04,0.0
MED108777,Hydrocortisone,3663.64,108.01999999999998,431.75,431.75
MED012444,"Petrolatum, Cod Liver",14.14,107.95999999999992,529.96,132.49
MED026211,Metoprolol Succinate,0.0,88.05000000000007,289.65,0.0
MED107171,Dimethicone,0.0,84.13999999999999,318.76,318.76
MED129779,"Dextromethorphan Hbr, Guaifenesin",0.0,79.75000000000003,255.41,255.41
MED098168,Gabapentin,0.0,75.44000000000003,193.16,0.0
MED050074,Olmesartan Medoxomil,0.0,53.400000000000034,189.55,0.0
MED046699,Bismuth Subsalicylate,0.0,42.089999999999975,135.06,0.0
MED033562,Famotidine,0.0,35.099999999999994,131.94,0.0
MED007335,Anti-Itch Continuous Spray,0.0,33.09,119.28,79.52
MED039738,Brivaracetam,156.95,18.48,56.74,28.37
MED076029,Nitroglycerin Lingual,0.0,14.72,59.36,0.0
MED090269,Guaifenesin,0.0,3.3099999999999987,12.48,12.48
MED116784,Bupropion Hydrochloride,0.0,1.33,5.6,5.6
MED131680,Octinoxate And Titanium Dioxide,0.0,0.0,0.0,0.0
