Waste_Record_ID,Inventory_ID,Medicine_ID,Batch_Number,Waste_Date,Expiry_Date,Quantity_Wasted,Unit_Cost,Total_Waste_Value,Waste_Reason,Disposal_Method,Disposal_Status,Reported_By,Warehouse_Location,Remarks
WR000001,INV000592,MED001867,BAT733152,2026-07-21,2026-12-29,169,225.01,38026.69,Expired,Return to Supplier,Completed,EMP013,WH-B,Expired stock removed
WR000002,INV000382,MED066849,BAT941235,2026-07-09,2027-05-28,7,368.76,2581.32,Recalled,Incineration,Completed,EMP001,WH-B,Manufacturer recall
WR000003,INV000938,MED076463,BAT492491,2026-04-19,2027-02-12,187,324.17,60619.79,Recalled,Recycling,Completed,EMP016,WH-D,Safety recall
WR000004,INV000677,MED136804,BAT484264,2026-07-21,2026-09-22,74,588.87,43576.38,Expired,Recycling,Completed,EMP001,WH-B,Medicine expired
WR000005,INV001186,MED135113,BAT432369,2026-07-21,2027-09-04,86,573.44,49315.84,Expired,Recycling,Completed,EMP016,WH-B,Expired stock removed
WR000006,INV003396,MED130532,BAT943380,2026-07-21,2027-04-09,20,20.32,406.4,Expired,Incineration,Completed,EMP006,WH-E,Medicine expired
WR000007,INV004505,MED005500,BAT719810,2026-03-06,2025-12-05,108,480.1,51850.8,Expired,Biohazard Disposal,Pending,EMP010,WH-C,Expired stock removed
WR000008,INV002715,MED020576,BAT788770,2026-05-07,2027-08-12,59,425.28,25091.52,Contaminated,Biohazard Disposal,Completed,EMP012,WH-B,Quality issue
WR000009,INV000771,MED129384,BAT721285,2026-06-07,2026-07-24,40,592.24,23689.6,Recalled,Return to Supplier,Completed,EMP010,WH-C,Manufacturer recall
WR000010,INV004825,MED033228,BAT495324,2026-07-21,2028-04-13,63,599.38,37760.94,Expired,Recycling,Completed,EMP010,WH-D,Expired stock removed
WR000011,INV004614,MED109470,BAT346967,2026-07-21,2026-08-01,58,393.37,22815.46,Expired,Return to Supplier,Completed,EMP006,WH-A,Medicine expired
WR000012,INV002098,MED092803,BAT703070,2026-02-06,2025-11-08,141,418.63,59026.83,Expired,Biohazard Disposal,Completed,EMP006,WH-E,Expired stock removed
WR000013,INV004936,MED077191,BAT773118,2026-06-07,2025-08-02,110,205.75,22632.5,Expired,Recycling,Completed,EMP014,WH-A,Expired stock removed
WR000014,INV003364,MED103865,BAT540507,2026-04-06,2024-12-20,22,364.95,8028.9,Expired,Return to Supplier,Completed,EMP008,WH-E,Medicine expired
WR000015,INV001177,MED023292,BAT648668,2026-07-21,2027-03-30,114,154.49,17611.86,Expired,Incineration,Completed,EMP013,WH-B,Expired stock removed
WR000016,INV003387,MED007673,BAT137552,2026-07-21,2028-05-26,108,410.03,44283.24,Expired,Incineration,Pending,EMP004,WH-C,Expired stock removed
WR000017,INV002466,MED022521,BAT391373,2026-07-03,2024-10-29,142,82.64,11734.88,Overstock,Biohazard Disposal,Completed,EMP013,WH-C,Low demand
WR000018,INV000859,MED117324,BAT146150,2026-07-21,2028-03-07,44,196.99,8667.56,Expired,Return to Supplier,Pending,EMP016,WH-B,Expired stock removed
WR000019,INV003317,MED133877,BAT402152,2026-05-14,2025-12-12,57,8.94,509.58,Recalled,Return to Supplier,Completed,EMP011,WH-E,Safety recall
WR000020,INV001663,MED102388,BAT999507,2026-07-14,2026-06-03,104,518.42,53915.68,Expired,Incineration,Completed,EMP008,WH-D,Expired stock removed
WR000021,INV001194,MED119149,BAT448824,2026-02-11,2028-02-13,4,434.67,1738.68,Overstock,Biohazard Disposal,Completed,EMP006,WH-D,Low demand
WR000022,INV001890,MED021256,BAT566529,2026-02-13,2025-05-05,166,139.26,23117.16,Recalled,Incineration,Completed,EMP012,WH-B,Safety recall
WR000023,INV000398,MED080956,BAT828038,2026-07-21,2028-02-25,66,339.56,22410.96,Expired,Incineration,Completed,EMP010,WH-D,Medicine expired
WR000024,INV004139,MED120020,BAT236789,2026-07-21,2027-09-09,92,230.59,21214.28,Expired,Biohazard Disposal,Completed,EMP008,WH-B,Expired stock removed
WR000025,INV000560,MED115434,BAT384685,2026-07-21,2027-01-08,5,226.09,1130.45,Expired,Recycling,Completed,EMP010,WH-B,Expired stock removed
WR000026,INV000378,MED117264,BAT368322,2026-07-21,2026-12-25,98,34.8,3410.4,Expired,Recycling,Completed,EMP005,WH-C,Expired stock removed
WR000027,INV003048,MED098617,BAT976765,2026-04-27,2029-01-25,7,127.77,894.39,Recalled,Return to Supplier,Pending,EMP003,WH-C,Manufacturer recall
WR000028,INV004015,MED040246,BAT506850,2026-01-26,2027-10-23,152,128.06,19465.12,Damaged,Recycling,Completed,EMP008,WH-E,Packaging damaged
WR000029,INV002261,MED120304,BAT496886,2026-06-16,2026-05-16,117,172.12,20138.04,Damaged,Incineration,Pending,EMP016,WH-E,Broken container
WR000030,INV000054,MED087752,BAT938722,2026-07-21,2027-01-02,26,293.96,7642.96,Expired,Return to Supplier,Completed,EMP012,WH-D,Expired stock removed
WR000031,INV003840,MED101785,BAT117255,2026-07-15,2026-07-14,17,419.98,7139.66,Expired,Recycling,Completed,EMP011,WH-D,Expired stock removed
WR000032,INV002310,MED011130,BAT411941,2026-07-15,2026-06-16,81,92.34,7479.54,Recalled,Return to Supplier,Completed,EMP009,WH-A,Manufacturer recall
WR000033,INV003820,MED000567,BAT240659,2026-01-22,2027-12-25,1,70.8,70.8,Damaged,Recycling,Completed,EMP012,WH-E,Broken container
WR000034,INV003831,MED116418,BAT800284,2026-06-11,2026-02-04,168,135.13,22701.84,Contaminated,Return to Supplier,Pending,EMP018,WH-A,Quality issue
WR000035,INV003749,MED110484,BAT367833,2026-07-20,2026-11-15,107,106.94,11442.58,Damaged,Incineration,Completed,EMP016,WH-D,Packaging damaged
WR000036,INV003079,MED089895,BAT815252,2026-07-21,2026-09-01,198,460.16,91111.68,Expired,Incineration,Completed,EMP008,WH-D,Expired stock removed
WR000037,INV000978,MED067199,BAT621249,2026-07-21,2028-10-05,199,233.85,46536.15,Expired,Recycling,Completed,EMP013,WH-E,Medicine expired
WR000038,INV001236,MED061762,BAT201690,2026-07-21,2027-04-01,4,177.16,708.64,Expired,Recycling,Completed,EMP018,WH-D,Expired stock removed
WR000039,INV002671,MED119909,BAT355890,2026-07-21,2028-09-14,29,448.14,12996.06,Expired,Incineration,Completed,EMP008,WH-A,Medicine expired
WR000040,INV004835,MED013500,BAT901616,2026-05-31,2026-02-15,45,193.01,8685.45,Damaged,Biohazard Disposal,Completed,EMP004,WH-C,Packaging damaged
WR000041,INV003472,MED073742,BAT709187,2026-02-04,2026-07-02,100,587.02,58702.0,Recalled,Return to Supplier,Completed,EMP008,WH-D,Manufacturer recall
WR000042,INV002827,MED133985,BAT186178,2026-03-11,2026-08-28,30,292.55,8776.5,Overstock,Recycling,Completed,EMP014,WH-E,Excess inventory
WR000043,INV001342,MED050977,BAT739206,2026-07-21,2026-08-22,109,465.9,50783.1,Expired,Incineration,Completed,EMP013,WH-E,Medicine expired
WR000044,INV003147,MED027934,BAT246286,2026-05-28,2025-05-16,128,231.83,29674.24,Expired,Biohazard Disposal,Completed,EMP004,WH-E,Expired stock removed
WR000045,INV003257,MED007280,BAT732532,2026-05-02,2028-08-28,180,404.92,72885.6,Contaminated,Return to Supplier,Completed,EMP005,WH-B,Contaminated during storage
WR000046,INV001764,MED097267,BAT139738,2026-06-15,2027-11-06,52,557.91,29011.32,Damaged,Return to Supplier,Completed,EMP005,WH-E,Packaging damaged
WR000047,INV003299,MED136146,BAT986904,2026-06-11,2026-02-16,137,344.58,47207.46,Expired,Biohazard Disposal,Completed,EMP001,WH-A,Medicine expired
WR000048,INV004500,MED001474,BAT294676,2026-01-25,2027-08-27,19,458.72,8715.68,Overstock,Biohazard Disposal,Completed,EMP011,WH-E,Low demand
WR000049,INV003010,MED060013,BAT686379,2026-06-25,2026-05-03,163,280.19,45670.97,Expired,Recycling,Completed,EMP015,WH-A,Medicine expired
WR000050,INV001142,MED028026,BAT857630,2026-07-21,2028-01-28,65,298.51,19403.15,Expired,Recycling,Pending,EMP002,WH-E,Medicine expired
WR000051,INV002993,MED000487,BAT358927,2026-07-21,2026-12-10,2,176.91,353.82,Expired,Return to Supplier,Completed,EMP010,WH-D,Expired stock removed
WR000052,INV004918,MED099095,BAT871784,2026-07-21,2028-08-04,191,404.75,77307.25,Expired,Biohazard Disposal,Pending,EMP010,WH-A,Expired stock removed
WR000053,INV003625,MED073400,BAT784844,2026-02-16,2028-06-15,174,133.89,23296.86,Overstock,Return to Supplier,Completed,EMP002,WH-B,Excess inventory
WR000054,INV001461,MED040439,BAT196520,2026-06-12,2025-07-29,31,275.54,8541.74,Expired,Biohazard Disposal,Completed,EMP017,WH-E,Medicine expired
WR000055,INV001813,MED040580,BAT935626,2026-07-04,2026-02-14,72,156.41,11261.52,Contaminated,Return to Supplier,Completed,EMP003,WH-D,Contaminated during storage
WR000056,INV000005,MED089590,BAT969693,2026-05-02,2028-01-16,140,32.27,4517.8,Overstock,Biohazard Disposal,Completed,EMP018,WH-A,Excess inventory
WR000057,INV002992,MED074375,BAT128648,2026-05-23,2026-04-11,88,372.85,32810.8,Recalled,Return to Supplier,Completed,EMP011,WH-D,Manufacturer recall
WR000058,INV002147,MED002289,BAT408972,2025-12-23,2025-06-08,57,570.5,32518.5,Expired,Biohazard Disposal,Completed,EMP002,WH-A,Expired stock removed
WR000059,INV000469,MED073701,BAT372387,2026-07-21,2027-06-19,92,209.76,19297.92,Expired,Recycling,Completed,EMP005,WH-E,Expired stock removed
WR000060,INV004276,MED124526,BAT214682,2026-04-05,2025-12-04,83,232.7,19314.1,Damaged,Biohazard Disposal,Completed,EMP010,WH-A,Packaging damaged
WR000061,INV002729,MED069310,BAT951375,2026-07-21,2026-07-24,23,110.07,2531.61,Expired,Biohazard Disposal,Completed,EMP020,WH-E,Medicine expired
WR000062,INV003765,MED012895,BAT883844,2026-07-11,2026-07-09,10,372.99,3729.9,Expired,Return to Supplier,Completed,EMP004,WH-E,Medicine expired
WR000063,INV002439,MED019772,BAT166733,2026-07-14,2027-01-06,9,539.05,4851.45,Contaminated,Biohazard Disposal,Completed,EMP013,WH-A,Contaminated during storage
WR000064,INV002913,MED064410,BAT841571,2026-03-19,2025-08-30,186,519.34,96597.24,Overstock,Biohazard Disposal,Completed,EMP015,WH-B,Low demand
WR000065,INV000588,MED129586,BAT427679,2026-06-04,2025-08-27,82,283.98,23286.36,Expired,Incineration,Completed,EMP006,WH-E,Medicine expired
WR000066,INV004129,MED010656,BAT276410,2026-02-08,2027-09-13,13,563.87,7330.31,Recalled,Biohazard Disposal,Completed,EMP001,WH-B,Safety recall
WR000067,INV001957,MED069736,BAT807736,2026-02-12,2025-11-04,113,578.48,65368.24,Expired,Recycling,Completed,EMP004,WH-E,Medicine expired
WR000068,INV002594,MED105479,BAT508877,2026-05-08,2025-08-25,21,268.34,5635.14,Contaminated,Return to Supplier,Completed,EMP012,WH-A,Contaminated during storage
WR000069,INV004496,MED062826,BAT855868,2026-03-11,2028-01-23,124,335.23,41568.52,Damaged,Biohazard Disposal,Completed,EMP008,WH-C,Packaging damaged
WR000070,INV003450,MED064922,BAT716220,2026-07-21,2027-10-31,198,494.75,97960.5,Expired,Incineration,Completed,EMP012,WH-B,Medicine expired
WR000071,INV004879,MED021777,BAT185985,2026-03-20,2028-10-02,172,506.26,87076.72,Damaged,Return to Supplier,Completed,EMP007,WH-A,Packaging damaged
WR000072,INV003417,MED033894,BAT932917,2026-05-13,2029-01-20,80,37.11,2968.8,Overstock,Recycling,Completed,EMP012,WH-C,Low demand
WR000073,INV003616,MED083879,BAT159440,2026-06-05,2026-12-20,45,281.59,12671.55,Contaminated,Incineration,Completed,EMP013,WH-C,Contaminated during storage
WR000074,INV003559,MED038629,BAT855281,2026-07-05,2025-05-28,111,497.21,55190.31,Expired,Biohazard Disposal,Pending,EMP001,WH-E,Expired stock removed
WR000075,INV003543,MED011633,BAT420668,2026-04-13,2026-04-07,110,597.81,65759.1,Expired,Return to Supplier,Completed,EMP007,WH-B,Expired stock removed
WR000076,INV001743,MED131241,BAT944483,2026-07-21,2027-07-19,64,81.28,5201.92,Expired,Return to Supplier,Completed,EMP007,WH-A,Medicine expired
WR000077,INV001759,MED097003,BAT264190,2026-04-29,2027-08-29,97,264.9,25695.3,Damaged,Return to Supplier,Completed,EMP008,WH-E,Broken container
WR000078,INV004469,MED008689,BAT678192,2026-05-21,2025-08-23,16,533.01,8528.16,Damaged,Biohazard Disposal,Completed,EMP017,WH-B,Packaging damaged
WR000079,INV000943,MED069266,BAT403527,2026-07-21,2027-05-08,113,152.41,17222.33,Contaminated,Recycling,Completed,EMP013,WH-B,Quality issue
WR000080,INV002255,MED075004,BAT586457,2026-07-21,2028-11-23,184,288.58,53098.72,Expired,Biohazard Disposal,Completed,EMP001,WH-D,Medicine expired
WR000081,INV001269,MED037311,BAT594908,2026-03-05,2027-02-21,54,437.39,23619.06,Overstock,Biohazard Disposal,Completed,EMP008,WH-D,Low demand
WR000082,INV003844,MED022538,BAT801435,2026-04-11,2025-04-27,144,428.61,61719.84,Damaged,Incineration,Completed,EMP012,WH-A,Broken container
WR000083,INV003327,MED029341,BAT594641,2026-06-08,2025-06-05,30,286.32,8589.6,Damaged,Biohazard Disposal,Completed,EMP001,WH-A,Packaging damaged
WR000084,INV001842,MED061582,BAT826886,2026-03-25,2026-03-11,101,83.96,8479.96,Expired,Incineration,Completed,EMP010,WH-D,Expired stock removed
WR000085,INV004590,MED039591,BAT769453,2026-04-24,2027-09-23,140,382.55,53557.0,Contaminated,Biohazard Disposal,Completed,EMP008,WH-C,Contaminated during storage
WR000086,INV001118,MED133720,BAT949602,2026-07-21,2027-09-21,165,263.28,43441.2,Expired,Incineration,Completed,EMP018,WH-A,Expired stock removed
WR000087,INV004109,MED065976,BAT570627,2026-04-12,2028-12-06,17,263.48,4479.16,Damaged,Return to Supplier,Completed,EMP007,WH-E,Packaging damaged
WR000088,INV003182,MED005686,BAT749326,2026-07-21,2026-10-29,25,596.39,14909.75,Expired,Return to Supplier,Completed,EMP004,WH-E,Expired stock removed
WR000089,INV003782,MED034638,BAT620461,2026-07-21,2027-09-09,76,371.85,28260.6,Expired,Return to Supplier,Completed,EMP020,WH-E,Medicine expired
WR000090,INV003374,MED055934,BAT856768,2026-07-21,2027-03-13,45,503.87,22674.15,Expired,Recycling,Completed,EMP005,WH-B,Expired stock removed
WR000091,INV004517,MED001814,BAT778557,2026-05-30,2029-01-10,61,120.63,7358.43,Contaminated,Incineration,Completed,EMP003,WH-C,Quality issue
WR000092,INV003702,MED073445,BAT611539,2026-07-13,2027-07-21,157,553.48,86896.36,Recalled,Recycling,Completed,EMP005,WH-B,Safety recall
WR000093,INV003384,MED092057,BAT233563,2026-07-21,2026-10-27,122,360.94,44034.68,Expired,Return to Supplier,Completed,EMP017,WH-A,Expired stock removed
WR000094,INV001203,MED076065,BAT132975,2026-07-18,2026-07-01,59,88.19,5203.21,Expired,Incineration,Completed,EMP012,WH-E,Expired stock removed
WR000095,INV003567,MED065901,BAT185793,2026-05-16,2028-07-12,147,93.62,13762.14,Damaged,Return to Supplier,Completed,EMP016,WH-C,Packaging damaged
WR000096,INV001334,MED036684,BAT357269,2026-07-21,2026-12-14,132,91.5,12078.0,Expired,Return to Supplier,Completed,EMP013,WH-E,Expired stock removed
WR000097,INV000117,MED077562,BAT546980,2026-03-07,2026-05-17,20,196.66,3933.2,Overstock,Biohazard Disposal,Completed,EMP013,WH-C,Excess inventory
WR000098,INV004370,MED092490,BAT192897,2026-04-09,2028-07-14,155,141.01,21856.55,Damaged,Recycling,Completed,EMP014,WH-D,Broken container
WR000099,INV001196,MED033253,BAT529131,2026-03-19,2027-02-24,182,338.53,61612.46,Damaged,Biohazard Disposal,Completed,EMP018,WH-E,Packaging damaged
WR000100,INV000694,MED007197,BAT789719,2026-07-21,2028-05-20,35,163.64,5727.4,Expired,Recycling,Completed,EMP003,WH-A,Expired stock removed
WR000101,INV004133,MED121391,BAT327210,2026-07-21,2027-11-05,65,149.1,9691.5,Expired,Return to Supplier,Completed,EMP007,WH-C,Expired stock removed
WR000102,INV002706,MED109207,BAT895349,2026-06-23,2025-07-23,55,599.52,32973.6,Expired,Return to Supplier,Completed,EMP020,WH-B,Medicine expired
WR000103,INV001704,MED124416,BAT285938,2026-07-21,2028-01-31,53,419.17,22216.01,Expired,Incineration,Completed,EMP008,WH-A,Expired stock removed
WR000104,INV002434,MED106881,BAT344864,2026-01-30,2026-06-08,65,465.54,30260.1,Overstock,Return to Supplier,Completed,EMP004,WH-B,Low demand
WR000105,INV004318,MED006448,BAT712011,2026-07-21,2026-07-29,6,474.92,2849.52,Expired,Return to Supplier,Completed,EMP011,WH-E,Expired stock removed
WR000106,INV003501,MED015633,BAT440735,2026-04-04,2027-06-02,183,224.81,41140.23,Contaminated,Recycling,Completed,EMP006,WH-D,Quality issue
WR000107,INV002657,MED038903,BAT928479,2026-06-26,2027-06-01,77,264.32,20352.64,Damaged,Biohazard Disposal,Pending,EMP006,WH-C,Packaging damaged
WR000108,INV001946,MED034906,BAT787959,2026-06-03,2025-10-18,156,475.26,74140.56,Expired,Incineration,Completed,EMP019,WH-A,Medicine expired
WR000110,INV002942,MED028559,BAT543653,2026-07-07,2026-07-10,127,456.1,57924.7,Contaminated,Return to Supplier,Completed,EMP003,WH-E,Contaminated during storage
WR000111,INV001295,MED119852,BAT482801,2026-06-07,2025-07-24,76,187.11,14220.36,Overstock,Biohazard Disposal,Completed,EMP020,WH-E,Low demand
WR000112,INV002189,MED089559,BAT436542,2026-06-04,2025-06-27,185,543.97,100634.45,Overstock,Recycling,Completed,EMP007,WH-A,Low demand
WR000113,INV003339,MED042000,BAT142946,2026-07-21,2026-12-31,6,413.03,2478.18,Expired,Recycling,Completed,EMP015,WH-E,Medicine expired
WR000114,INV003948,MED019195,BAT569636,2026-07-21,2027-05-30,182,446.07,81184.74,Expired,Biohazard Disposal,Completed,EMP002,WH-C,Medicine expired
WR000115,INV000149,MED070117,BAT906814,2026-06-30,2028-02-02,188,254.1,47770.8,Damaged,Recycling,Completed,EMP013,WH-E,Packaging damaged
WR000116,INV001794,MED130489,BAT832829,2026-07-21,2028-07-24,39,190.41,7425.99,Expired,Biohazard Disposal,Completed,EMP006,WH-C,Expired stock removed
WR000117,INV003235,MED018796,BAT969383,2025-02-22,2025-02-08,4,506.45,2025.8,Expired,Biohazard Disposal,Completed,EMP001,WH-B,Expired stock removed
WR000118,INV003685,MED073042,BAT397466,2026-07-21,2027-09-12,197,290.26,57181.22,Expired,Incineration,Completed,EMP015,WH-D,Expired stock removed
WR000119,INV002260,MED133121,BAT700414,2026-07-21,2027-02-13,195,103.48,20178.6,Expired,Incineration,Completed,EMP007,WH-C,Medicine expired
WR000120,INV001624,MED029328,BAT926968,2026-07-14,2027-09-17,3,411.49,1234.47,Recalled,Incineration,Completed,EMP013,WH-A,Safety recall
WR000121,INV000043,MED032218,BAT797229,2026-03-20,2028-05-21,66,184.07,12148.62,Recalled,Return to Supplier,Completed,EMP018,WH-C,Safety recall
WR000122,INV003911,MED094996,BAT261858,2026-07-01,2028-06-03,7,138.73,971.11,Recalled,Incineration,Pending,EMP010,WH-C,Safety recall
WR000123,INV001151,MED039616,BAT714825,2026-04-29,2027-03-22,182,95.1,17308.2,Recalled,Recycling,Completed,EMP007,WH-D,Safety recall
WR000124,INV001386,MED066738,BAT658162,2026-07-16,2027-03-31,91,284.39,25879.49,Damaged,Incineration,Completed,EMP001,WH-B,Packaging damaged
WR000125,INV002820,MED120504,BAT209394,2026-07-21,2027-04-19,89,529.05,47085.45,Expired,Return to Supplier,Completed,EMP018,WH-B,Medicine expired
WR000126,INV004899,MED088259,BAT164220,2026-03-19,2024-12-20,41,81.88,3357.08,Damaged,Biohazard Disposal,Completed,EMP004,WH-C,Broken container
WR000127,INV001095,MED018696,BAT495972,2026-07-21,2026-12-04,54,121.45,6558.3,Expired,Biohazard Disposal,Completed,EMP004,WH-C,Medicine expired
WR000128,INV002620,MED121915,BAT525235,2026-02-14,2028-04-29,151,307.91,46494.41,Damaged,Biohazard Disposal,Completed,EMP006,WH-E,Broken container
WR000129,INV000606,MED011974,BAT699098,2026-07-08,2027-11-30,6,93.57,561.42,Recalled,Return to Supplier,Pending,EMP012,WH-D,Safety recall
WR000130,INV002295,MED042702,BAT441902,2026-07-21,2028-04-26,25,203.73,5093.25,Expired,Biohazard Disposal,Pending,EMP013,WH-A,Expired stock removed
WR000131,INV000332,MED026172,BAT177289,2026-05-03,2025-06-18,17,571.24,9711.08,Expired,Incineration,Completed,EMP011,WH-D,Expired stock removed
WR000132,INV004981,MED071233,BAT479051,2026-04-24,2025-03-29,156,256.14,39957.84,Damaged,Biohazard Disposal,Completed,EMP018,WH-C,Broken container
WR000133,INV004599,MED038626,BAT343306,2026-04-01,2026-01-09,133,189.08,25147.64,Damaged,Biohazard Disposal,Completed,EMP011,WH-C,Packaging damaged
WR000134,INV000743,MED018692,BAT545554,2026-07-21,2027-02-05,166,488.63,81112.58,Expired,Incineration,Completed,EMP010,WH-A,Expired stock removed
WR000135,INV002399,MED133089,BAT725346,2026-04-15,2028-09-24,12,205.3,2463.6,Damaged,Recycling,Completed,EMP002,WH-A,Packaging damaged
WR000136,INV003984,MED044275,BAT981222,2026-07-21,2027-01-19,122,320.59,39111.98,Expired,Return to Supplier,Pending,EMP008,WH-A,Expired stock removed
WR000137,INV000782,MED050313,BAT574348,2026-07-21,2027-06-01,25,84.02,2100.5,Expired,Biohazard Disposal,Completed,EMP012,WH-D,Medicine expired
WR000138,INV000622,MED028456,BAT741780,2026-04-18,2026-09-03,142,7.72,1096.24,Contaminated,Recycling,Completed,EMP010,WH-E,Contaminated during storage
WR000139,INV001370,MED053841,BAT126539,2026-02-01,2027-03-04,69,176.24,12160.56,Overstock,Return to Supplier,Completed,EMP005,WH-C,Excess inventory
WR000140,INV004949,MED005889,BAT648416,2026-07-21,2027-11-08,47,408.85,19215.95,Expired,Recycling,Completed,EMP006,WH-B,Expired stock removed
WR000141,INV004435,MED052517,BAT273833,2026-07-09,2025-10-21,197,227.4,44797.8,Recalled,Return to Supplier,Completed,EMP019,WH-C,Safety recall
WR000142,INV003140,MED089903,BAT242714,2026-06-13,2027-01-31,33,579.82,19134.06,Damaged,Biohazard Disposal,Completed,EMP005,WH-D,Packaging damaged
WR000143,INV000656,MED060585,BAT490941,2025-07-07,2025-05-05,139,586.63,81541.57,Expired,Incineration,Completed,EMP006,WH-B,Expired stock removed
WR000144,INV002621,MED088340,BAT529042,2026-03-12,2026-12-05,19,401.73,7632.87,Recalled,Incineration,Completed,EMP004,WH-D,Manufacturer recall
WR000145,INV001558,MED077521,BAT131236,2026-05-01,2027-06-06,16,466.64,7466.24,Recalled,Biohazard Disposal,Completed,EMP002,WH-B,Safety recall
WR000146,INV003822,MED036939,BAT104646,2026-03-31,2027-03-22,159,250.87,39888.33,Damaged,Recycling,Completed,EMP005,WH-B,Broken container
WR000147,INV001291,MED130310,BAT519753,2026-05-30,2025-12-31,180,502.74,90493.2,Damaged,Incineration,Completed,EMP013,WH-C,Broken container
WR000148,INV002384,MED054514,BAT849870,2026-07-21,2029-01-04,67,43.21,2895.07,Expired,Incineration,Completed,EMP011,WH-E,Medicine expired
WR000149,INV003649,MED090428,BAT611338,2026-05-16,2026-06-29,40,89.34,3573.6,Damaged,Recycling,Completed,EMP012,WH-E,Broken container
WR000150,INV004011,MED000206,BAT761821,2026-04-04,2027-10-31,168,167.37,28118.16,Damaged,Recycling,Completed,EMP005,WH-C,Packaging damaged
WR000151,INV003409,MED079534,BAT490179,2026-02-26,2026-06-13,99,80.08,7927.92,Damaged,Incineration,Completed,EMP019,WH-C,Packaging damaged
WR000152,INV002034,MED116276,BAT835571,2026-07-21,2027-09-18,131,322.65,42267.15,Expired,Return to Supplier,Completed,EMP012,WH-C,Expired stock removed
WR000153,INV000194,MED080679,BAT989587,2026-07-21,2026-09-10,73,338.73,24727.29,Expired,Incineration,Completed,EMP009,WH-E,Expired stock removed
WR000154,INV000435,MED005112,BAT145240,2026-07-21,2026-09-24,60,379.58,22774.8,Expired,Return to Supplier,Pending,EMP005,WH-B,Expired stock removed
WR000155,INV001108,MED089262,BAT221197,2026-07-21,2027-03-28,59,214.31,12644.29,Expired,Recycling,Completed,EMP006,WH-B,Medicine expired
WR000156,INV003080,MED051085,BAT266327,2026-07-21,2027-09-07,121,428.01,51789.21,Expired,Incineration,Completed,EMP012,WH-E,Medicine expired
WR000157,INV002367,MED067807,BAT339026,2026-07-12,2026-10-31,41,131.39,5386.99,Damaged,Return to Supplier,Pending,EMP006,WH-A,Packaging damaged
WR000158,INV003169,MED097898,BAT488868,2026-04-19,2026-08-07,127,147.79,18769.33,Contaminated,Recycling,Completed,EMP009,WH-E,Contaminated during storage
WR000159,INV002520,MED005281,BAT207297,2026-04-16,2027-12-16,93,50.93,4736.49,Damaged,Biohazard Disposal,Completed,EMP002,WH-E,Broken container
WR000160,INV003793,MED061637,BAT474426,2026-07-21,2027-03-25,110,128.78,14165.8,Expired,Incineration,Pending,EMP013,WH-A,Expired stock removed
WR000161,INV000842,MED052906,BAT573469,2026-07-11,2026-05-29,1,333.98,333.98,Expired,Incineration,Completed,EMP003,WH-E,Expired stock removed
WR000162,INV003136,MED011494,BAT391121,2026-07-12,2024-10-21,89,434.62,38681.18,Damaged,Return to Supplier,Completed,EMP011,WH-B,Packaging damaged
WR000163,INV000132,MED068601,BAT524068,2026-03-04,2027-08-14,30,579.89,17396.7,Recalled,Biohazard Disposal,Completed,EMP015,WH-D,Manufacturer recall
WR000164,INV003452,MED066551,BAT531209,2026-05-19,2027-06-29,6,124.74,748.44,Contaminated,Recycling,Completed,EMP005,WH-C,Contaminated during storage
WR000165,INV000473,MED096794,BAT384424,2026-07-21,2029-01-01,33,314.96,10393.68,Expired,Recycling,Completed,EMP015,WH-B,Expired stock removed
WR000166,INV003590,MED130680,BAT941300,2026-07-21,2026-12-07,65,472.17,30691.05,Expired,Return to Supplier,Completed,EMP003,WH-C,Expired stock removed
WR000167,INV003390,MED073941,BAT958959,2026-07-21,2027-12-13,56,151.19,8466.64,Expired,Incineration,Completed,EMP002,WH-D,Expired stock removed
WR000168,INV004441,MED124295,BAT976132,2026-07-21,2028-03-11,102,562.64,57389.28,Expired,Incineration,Completed,EMP019,WH-D,Medicine expired
WR000169,INV002066,MED096196,BAT547871,2026-03-13,2026-01-22,174,534.33,92973.42,Expired,Incineration,Completed,EMP007,WH-A,Medicine expired
WR000170,INV000490,MED129093,BAT713099,2026-04-30,2026-03-12,4,350.74,1402.96,Recalled,Recycling,Completed,EMP009,WH-E,Manufacturer recall
WR000171,INV004679,MED041804,BAT786601,2026-07-21,2027-05-22,170,62.98,10706.6,Expired,Recycling,Completed,EMP019,WH-E,Medicine expired
WR000172,INV000994,MED123420,BAT625986,2026-02-13,2029-04-27,164,558.49,91592.36,Damaged,Incineration,Completed,EMP009,WH-C,Packaging damaged
WR000173,INV003227,MED076205,BAT807931,2026-05-05,2029-01-08,54,295.15,15938.1,Damaged,Recycling,Pending,EMP003,WH-D,Broken container
WR000174,INV003099,MED134045,BAT182995,2026-04-08,2026-07-17,120,541.41,64969.2,Overstock,Return to Supplier,Pending,EMP001,WH-D,Excess inventory
WR000175,INV001171,MED117195,BAT897527,2026-03-10,2025-12-03,164,190.32,31212.48,Damaged,Incineration,Completed,EMP004,WH-A,Broken container
WR000176,INV001084,MED065332,BAT292984,2026-05-16,2027-04-02,179,410.39,73459.81,Overstock,Recycling,Completed,EMP018,WH-A,Low demand
WR000177,INV002328,MED008470,BAT961151,2026-04-05,2027-03-10,17,354.76,6030.92,Damaged,Return to Supplier,Completed,EMP011,WH-C,Packaging damaged
WR000178,INV004877,MED002230,BAT942902,2026-06-24,2025-11-27,85,252.69,21478.65,Damaged,Incineration,Completed,EMP005,WH-C,Broken container
WR000179,INV004631,MED086386,BAT458087,2025-10-19,2025-03-27,84,493.02,41413.68,Expired,Incineration,Completed,EMP005,WH-B,Expired stock removed
WR000180,INV002037,MED093328,BAT566670,2026-07-21,2027-09-07,133,250.14,33268.62,Expired,Return to Supplier,Completed,EMP011,WH-A,Expired stock removed
WR000181,INV004284,MED063482,BAT873008,2026-07-21,2026-11-06,77,77.29,5951.33,Expired,Biohazard Disposal,Completed,EMP003,WH-C,Expired stock removed
WR000182,INV003368,MED071251,BAT465817,2026-03-01,2028-02-29,6,544.74,3268.44,Damaged,Return to Supplier,Pending,EMP003,WH-A,Packaging damaged
WR000183,INV003752,MED048090,BAT448598,2026-07-21,2028-11-10,106,380.91,40376.46,Expired,Incineration,Completed,EMP007,WH-B,Expired stock removed
WR000184,INV001298,MED019445,BAT586993,2026-07-21,2028-04-05,28,486.61,13625.08,Expired,Biohazard Disposal,Completed,EMP006,WH-D,Expired stock removed
WR000185,INV000684,MED057034,BAT799061,2026-02-06,2028-01-14,189,461.96,87310.44,Damaged,Biohazard Disposal,Completed,EMP018,WH-D,Broken container
WR000186,INV000915,MED007452,BAT703016,2026-07-17,2027-05-03,79,157.77,12463.83,Contaminated,Biohazard Disposal,Completed,EMP010,WH-A,Quality issue
WR000187,INV001315,MED064920,BAT861244,2026-04-27,2025-11-17,9,168.9,1520.1,Damaged,Biohazard Disposal,Completed,EMP019,WH-A,Broken container
WR000188,INV003987,MED054442,BAT366670,2026-03-12,2026-08-15,55,423.71,23304.05,Overstock,Incineration,Completed,EMP010,WH-D,Low demand
WR000189,INV004688,MED042596,BAT957683,2026-02-21,2024-08-11,128,339.46,43450.88,Expired,Recycling,Completed,EMP020,WH-D,Expired stock removed
WR000190,INV003130,MED055196,BAT794888,2026-02-10,2025-04-15,5,181.42,907.1,Damaged,Incineration,Completed,EMP019,WH-E,Packaging damaged
WR000191,INV004202,MED063445,BAT968352,2026-07-21,2027-03-15,101,261.8,26441.8,Expired,Incineration,Completed,EMP004,WH-B,Medicine expired
WR000192,INV004260,MED015579,BAT609688,2026-06-01,2025-12-08,8,15.86,126.88,Expired,Biohazard Disposal,Completed,EMP001,WH-A,Medicine expired
WR000193,INV004677,MED090577,BAT908828,2026-07-21,2028-11-29,143,213.93,30591.99,Expired,Return to Supplier,Completed,EMP008,WH-B,Medicine expired
WR000194,INV004475,MED046090,BAT332034,2026-07-21,2026-08-01,89,16.56,1473.84,Expired,Recycling,Completed,EMP010,WH-C,Expired stock removed
WR000195,INV001664,MED104025,BAT757433,2026-07-11,2025-06-04,195,171.48,33438.6,Damaged,Incineration,Completed,EMP018,WH-D,Packaging damaged
WR000196,INV002780,MED027586,BAT640027,2026-07-21,2026-08-17,15,180.64,2709.6,Expired,Biohazard Disposal,Completed,EMP001,WH-D,Medicine expired
WR000197,INV003926,MED014612,BAT366295,2026-07-21,2029-03-02,1,167.04,167.04,Expired,Recycling,Pending,EMP014,WH-D,Medicine expired
WR000198,INV002745,MED090556,BAT803776,2026-07-21,2027-03-11,61,136.34,8316.74,Expired,Incineration,Completed,EMP016,WH-A,Medicine expired
WR000199,INV002341,MED022071,BAT288536,2026-07-21,2026-10-01,53,221.16,11721.48,Expired,Incineration,Completed,EMP005,WH-D,Medicine expired
WR000200,INV000589,MED118631,BAT541467,2026-03-17,2027-04-03,159,418.56,66551.04,Overstock,Recycling,Completed,EMP007,WH-E,Excess inventory
WR000201,INV003413,MED026979,BAT551858,2026-06-28,2027-09-12,149,228.48,34043.52,Contaminated,Incineration,Completed,EMP012,WH-B,Contaminated during storage
WR000202,INV002928,MED021231,BAT374411,2026-02-26,2025-06-24,35,142.4,4984.0,Expired,Incineration,Completed,EMP012,WH-C,Medicine expired
WR000203,INV004239,MED090162,BAT163115,2026-06-09,2026-06-23,76,18.6,1413.6,Overstock,Recycling,Completed,EMP005,WH-E,Low demand
WR000204,INV001984,MED075819,BAT297471,2025-09-18,2025-06-26,24,39.77,954.48,Expired,Return to Supplier,Pending,EMP009,WH-A,Expired stock removed
WR000205,INV004453,MED100210,BAT807906,2026-04-12,2026-04-09,169,457.02,77236.38,Expired,Incineration,Completed,EMP002,WH-A,Expired stock removed
WR000206,INV001031,MED035685,BAT443450,2026-03-16,2025-11-20,136,164.22,22333.92,Damaged,Return to Supplier,Pending,EMP010,WH-C,Broken container
WR000207,INV000242,MED069637,BAT979414,2026-04-10,2025-10-13,54,573.14,30949.56,Damaged,Biohazard Disposal,Completed,EMP007,WH-A,Packaging damaged
WR000208,INV001347,MED090269,BAT815873,2026-04-10,2026-11-16,1,12.48,12.48,Damaged,Incineration,Completed,EMP013,WH-A,Broken container
WR000209,INV003034,MED123517,BAT856530,2026-03-26,2028-07-26,73,586.16,42789.68,Damaged,Return to Supplier,Completed,EMP015,WH-C,Broken container
WR000210,INV004285,MED007247,BAT935226,2026-01-31,2028-05-17,60,211.98,12718.8,Recalled,Recycling,Completed,EMP011,WH-E,Manufacturer recall
WR000211,INV002532,MED000626,BAT387211,2026-02-27,2026-02-18,29,433.49,12571.21,Expired,Return to Supplier,Completed,EMP020,WH-E,Expired stock removed
WR000212,INV003376,MED076012,BAT779182,2026-07-21,2027-08-03,165,448.61,74020.65,Expired,Return to Supplier,Completed,EMP008,WH-D,Expired stock removed
WR000213,INV004262,MED028460,BAT482114,2026-07-03,2028-04-21,122,240.42,29331.24,Overstock,Incineration,Completed,EMP015,WH-A,Low demand
WR000214,INV004110,MED020934,BAT765383,2026-03-04,2028-02-24,194,385.9,74864.6,Damaged,Incineration,Completed,EMP019,WH-E,Packaging damaged
WR000215,INV001958,MED067422,BAT348755,2026-07-21,2027-05-06,197,125.79,24780.63,Expired,Return to Supplier,Completed,EMP010,WH-D,Expired stock removed
WR000216,INV001846,MED023745,BAT196366,2026-05-13,2027-02-14,125,101.82,12727.5,Damaged,Biohazard Disposal,Pending,EMP019,WH-C,Broken container
WR000217,INV002282,MED116527,BAT820333,2026-01-21,2026-01-06,131,184.98,24232.38,Expired,Recycling,Completed,EMP002,WH-A,Medicine expired
WR000218,INV002478,MED095067,BAT412276,2026-06-08,2025-12-08,67,386.37,25886.79,Overstock,Return to Supplier,Completed,EMP013,WH-D,Excess inventory
WR000219,INV001920,MED117874,BAT500878,2026-01-20,2025-12-17,41,80.25,3290.25,Expired,Recycling,Completed,EMP008,WH-C,Expired stock removed
WR000220,INV003175,MED109622,BAT280672,2025-11-29,2025-06-17,122,10.72,1307.84,Expired,Recycling,Completed,EMP020,WH-B,Medicine expired
WR000221,INV004597,MED122015,BAT804244,2026-07-21,2028-04-10,53,51.46,2727.38,Expired,Recycling,Completed,EMP009,WH-A,Expired stock removed
WR000222,INV003267,MED055825,BAT788717,2026-07-21,2027-08-13,110,174.62,19208.2,Expired,Incineration,Completed,EMP011,WH-E,Medicine expired
WR000223,INV004912,MED025144,BAT774812,2026-05-18,2027-07-09,192,393.99,75646.08,Overstock,Biohazard Disposal,Completed,EMP008,WH-B,Excess inventory
WR000224,INV003617,MED020673,BAT125185,2026-01-06,2025-12-13,105,256.8,26964.0,Expired,Incineration,Completed,EMP016,WH-D,Medicine expired
WR000225,INV004831,MED121292,BAT251734,2026-06-11,2026-07-01,31,137.31,4256.61,Overstock,Return to Supplier,Completed,EMP009,WH-B,Low demand
WR000226,INV000825,MED061828,BAT454820,2026-06-20,2026-06-15,135,486.65,65697.75,Expired,Biohazard Disposal,Completed,EMP011,WH-E,Expired stock removed
WR000227,INV000119,MED137005,BAT855855,2026-06-24,2026-10-23,153,251.22,38436.66,Damaged,Incineration,Completed,EMP001,WH-D,Broken container
WR000228,INV000316,MED056235,BAT296242,2026-03-04,2026-09-26,70,25.62,1793.4,Recalled,Return to Supplier,Completed,EMP014,WH-C,Safety recall
WR000229,INV000483,MED047625,BAT767830,2026-07-21,2028-08-25,167,297.74,49722.58,Expired,Recycling,Completed,EMP012,WH-A,Medicine expired
WR000230,INV004765,MED039819,BAT749169,2026-07-21,2027-02-27,125,102.3,12787.5,Expired,Return to Supplier,Completed,EMP016,WH-D,Medicine expired
WR000231,INV003661,MED008695,BAT952128,2026-04-05,2024-11-20,8,366.0,2928.0,Damaged,Recycling,Pending,EMP010,WH-C,Packaging damaged
WR000232,INV000265,MED095677,BAT741003,2026-06-25,2028-03-19,172,508.08,87389.76,Overstock,Incineration,Completed,EMP011,WH-C,Low demand
WR000233,INV003523,MED078697,BAT178683,2026-07-02,2025-11-28,17,506.49,8610.33,Expired,Biohazard Disposal,Completed,EMP015,WH-B,Medicine expired
WR000234,INV002965,MED055847,BAT960909,2026-02-28,2027-04-14,50,304.75,15237.5,Overstock,Incineration,Completed,EMP008,WH-D,Excess inventory
WR000235,INV003033,MED011914,BAT934985,2026-06-10,2024-12-25,152,396.45,60260.4,Damaged,Biohazard Disposal,Completed,EMP004,WH-D,Broken container
WR000236,INV003853,MED128173,BAT905900,2026-04-16,2024-09-09,56,404.56,22655.36,Damaged,Recycling,Completed,EMP009,WH-D,Packaging damaged
WR000237,INV004836,MED081543,BAT833428,2026-07-21,2027-08-30,127,329.68,41869.36,Expired,Recycling,Completed,EMP013,WH-B,Expired stock removed
WR000238,INV002833,MED048804,BAT462570,2026-07-21,2026-08-15,119,79.37,9445.03,Expired,Recycling,Completed,EMP011,WH-A,Medicine expired
WR000239,INV002433,MED106797,BAT224806,2026-06-22,2028-01-03,104,425.32,44233.28,Damaged,Recycling,Completed,EMP019,WH-B,Broken container
WR000240,INV000230,MED119709,BAT117007,2026-07-21,2027-05-25,34,180.64,6141.76,Expired,Recycling,Completed,EMP016,WH-D,Expired stock removed
WR000241,INV001293,MED136292,BAT285973,2025-02-12,2024-11-30,152,418.57,63622.64,Expired,Biohazard Disposal,Completed,EMP003,WH-E,Expired stock removed
WR000242,INV004832,MED095391,BAT966198,2026-06-12,2026-07-06,27,259.54,7007.58,Damaged,Return to Supplier,Pending,EMP004,WH-C,Broken container
WR000243,INV002208,MED027895,BAT976133,2026-07-21,2028-05-25,6,514.6,3087.6,Expired,Incineration,Completed,EMP011,WH-B,Medicine expired
WR000244,INV003058,MED040778,BAT941316,2026-07-21,2028-11-03,190,285.18,54184.2,Expired,Biohazard Disposal,Completed,EMP015,WH-A,Expired stock removed
WR000245,INV003349,MED013319,BAT861907,2026-03-14,2027-11-29,15,444.18,6662.7,Overstock,Return to Supplier,Pending,EMP008,WH-C,Excess inventory
WR000246,INV001490,MED034072,BAT792371,2026-02-03,2024-11-14,10,433.15,4331.5,Contaminated,Incineration,Completed,EMP019,WH-B,Contaminated during storage
WR000247,INV001121,MED040146,BAT410194,2026-07-21,2027-11-28,25,168.19,4204.75,Expired,Incineration,Completed,EMP011,WH-E,Expired stock removed
WR000248,INV001262,MED078754,BAT696985,2026-04-13,2026-01-25,198,433.39,85811.22,Expired,Return to Supplier,Completed,EMP002,WH-B,Expired stock removed
WR000249,INV000388,MED073330,BAT224473,2026-07-12,2029-03-19,50,250.34,12517.0,Overstock,Return to Supplier,Completed,EMP008,WH-A,Excess inventory
WR000250,INV001757,MED019681,BAT125994,2026-03-11,2026-02-10,20,321.36,6427.2,Expired,Return to Supplier,Completed,EMP019,WH-D,Expired stock removed
WR000251,INV002110,MED040913,BAT526638,2026-03-01,2026-02-04,200,595.15,119030.0,Damaged,Incineration,Completed,EMP013,WH-B,Packaging damaged
WR000252,INV000596,MED061943,BAT597643,2026-06-29,2026-05-03,137,12.06,1652.22,Contaminated,Biohazard Disposal,Completed,EMP018,WH-D,Quality issue
WR000253,INV004760,MED011813,BAT543359,2026-07-21,2027-12-22,168,306.9,51559.2,Expired,Incineration,Completed,EMP004,WH-C,Expired stock removed
WR000254,INV000422,MED110982,BAT259797,2026-07-21,2027-05-27,27,191.36,5166.72,Expired,Return to Supplier,Completed,EMP004,WH-D,Expired stock removed
WR000255,INV001070,MED101582,BAT796590,2026-04-22,2026-03-10,102,480.87,49048.74,Damaged,Recycling,Completed,EMP003,WH-B,Broken container
WR000256,INV004884,MED021259,BAT103127,2026-07-21,2026-12-09,71,204.19,14497.49,Expired,Recycling,Completed,EMP014,WH-C,Expired stock removed
WR000257,INV000734,MED109369,BAT513316,2026-07-12,2028-02-10,144,96.5,13896.0,Recalled,Recycling,Completed,EMP009,WH-D,Safety recall
WR000258,INV000767,MED048445,BAT521530,2026-07-21,2028-02-18,192,9.7,1862.4,Expired,Biohazard Disposal,Completed,EMP007,WH-E,Expired stock removed
WR000259,INV000698,MED014840,BAT386643,2026-04-05,2026-05-23,22,129.79,2855.38,Damaged,Recycling,Completed,EMP012,WH-C,Broken container
WR000260,INV002186,MED116754,BAT900745,2026-07-04,2028-07-08,41,142.5,5842.5,Damaged,Biohazard Disposal,Completed,EMP015,WH-C,Packaging damaged
WR000261,INV002444,MED066794,BAT574396,2026-07-21,2027-05-12,66,594.02,39205.32,Expired,Return to Supplier,Completed,EMP017,WH-A,Expired stock removed
WR000262,INV003084,MED045454,BAT938017,2026-07-21,2026-12-24,95,340.41,32338.95,Expired,Incineration,Completed,EMP020,WH-A,Medicine expired
WR000263,INV001619,MED021018,BAT655000,2026-06-20,2025-03-22,195,577.48,112608.6,Overstock,Recycling,Pending,EMP009,WH-D,Excess inventory
WR000264,INV002007,MED091679,BAT118388,2026-07-21,2027-01-17,139,54.81,7618.59,Expired,Return to Supplier,Completed,EMP008,WH-A,Expired stock removed
WR000265,INV004339,MED062990,BAT383220,2026-02-11,2028-10-16,171,151.52,25909.92,Recalled,Return to Supplier,Completed,EMP013,WH-E,Manufacturer recall
WR000266,INV000474,MED005197,BAT863124,2026-07-21,2027-07-30,173,130.29,22540.17,Expired,Biohazard Disposal,Completed,EMP014,WH-A,Expired stock removed
WR000267,INV002266,MED117823,BAT186354,2026-07-21,2028-09-16,43,157.56,6775.08,Expired,Return to Supplier,Completed,EMP019,WH-B,Medicine expired
WR000268,INV003992,MED076194,BAT768098,2026-03-19,2025-11-19,184,576.02,105987.68,Damaged,Biohazard Disposal,Completed,EMP003,WH-B,Broken container
WR000269,INV001914,MED015282,BAT254684,2026-07-21,2027-10-09,134,396.52,53133.68,Expired,Return to Supplier,Completed,EMP011,WH-C,Medicine expired
WR000270,INV003424,MED000320,BAT669736,2026-03-05,2028-05-11,8,596.6,4772.8,Contaminated,Incineration,Completed,EMP020,WH-E,Contaminated during storage
WR000271,INV002043,MED064486,BAT580961,2026-06-02,2025-09-28,100,363.09,36309.0,Expired,Biohazard Disposal,Completed,EMP010,WH-B,Expired stock removed
WR000272,INV000925,MED089524,BAT736975,2026-06-08,2025-03-04,66,112.5,7425.0,Recalled,Incineration,Completed,EMP018,WH-E,Manufacturer recall
WR000273,INV001224,MED039975,BAT188129,2026-07-21,2027-10-13,160,381.59,61054.4,Expired,Incineration,Completed,EMP004,WH-C,Medicine expired
WR000274,INV001410,MED014855,BAT510299,2026-04-04,2027-07-07,124,17.9,2219.6,Overstock,Recycling,Completed,EMP003,WH-E,Low demand
WR000275,INV002939,MED101342,BAT420630,2026-07-18,2027-07-23,160,16.44,2630.4,Overstock,Incineration,Completed,EMP019,WH-E,Excess inventory
WR000276,INV003721,MED042166,BAT672925,2026-02-22,2026-03-05,190,233.71,44404.9,Damaged,Biohazard Disposal,Completed,EMP005,WH-A,Broken container
WR000277,INV000837,MED121962,BAT594932,2026-03-02,2029-05-19,95,140.41,13338.95,Damaged,Biohazard Disposal,Completed,EMP001,WH-D,Packaging damaged
WR000278,INV003104,MED023401,BAT624417,2026-07-21,2027-05-30,132,242.34,31988.88,Expired,Biohazard Disposal,Completed,EMP007,WH-B,Medicine expired
WR000279,INV001163,MED015868,BAT517267,2026-07-21,2027-05-04,113,19.43,2195.59,Expired,Recycling,Completed,EMP018,WH-B,Expired stock removed
WR000280,INV000741,MED079824,BAT760141,2026-06-24,2027-08-23,194,52.11,10109.34,Contaminated,Return to Supplier,Completed,EMP003,WH-B,Quality issue
WR000281,INV002940,MED028879,BAT282994,2026-06-25,2028-08-24,156,203.95,31816.2,Recalled,Incineration,Completed,EMP007,WH-A,Safety recall
WR000282,INV004964,MED028417,BAT732061,2026-04-26,2027-03-22,135,50.92,6874.2,Damaged,Incineration,Completed,EMP008,WH-B,Broken container
WR000283,INV000817,MED021466,BAT712916,2026-07-21,2028-04-17,195,531.71,103683.45,Expired,Return to Supplier,Completed,EMP020,WH-D,Medicine expired
WR000284,INV002281,MED119166,BAT659827,2026-02-22,2027-08-25,11,246.11,2707.21,Overstock,Biohazard Disposal,Completed,EMP016,WH-B,Low demand
WR000285,INV000219,MED131110,BAT744793,2026-01-22,2025-03-14,10,358.4,3584.0,Contaminated,Return to Supplier,Completed,EMP020,WH-A,Contaminated during storage
WR000286,INV004892,MED133758,BAT607582,2026-07-21,2027-11-29,162,31.83,5156.46,Expired,Biohazard Disposal,Completed,EMP005,WH-D,Medicine expired
WR000287,INV002718,MED026905,BAT897734,2026-07-21,2026-05-20,161,150.57,24241.77,Expired,Incineration,Completed,EMP005,WH-A,Medicine expired
WR000288,INV000563,MED034112,BAT581682,2026-06-16,2028-07-07,23,190.03,4370.69,Overstock,Incineration,Completed,EMP018,WH-A,Low demand
WR000289,INV002181,MED069615,BAT357853,2026-07-21,2028-05-21,70,37.68,2637.6,Expired,Biohazard Disposal,Completed,EMP002,WH-C,Medicine expired
WR000290,INV000171,MED107581,BAT844007,2026-04-25,2026-04-18,160,511.56,81849.6,Expired,Recycling,Completed,EMP017,WH-B,Medicine expired
WR000291,INV004369,MED076348,BAT903738,2026-06-21,2026-04-14,107,6.05,647.35,Damaged,Return to Supplier,Completed,EMP004,WH-E,Packaging damaged
WR000292,INV004744,MED067779,BAT980294,2026-05-27,2026-07-10,198,260.45,51569.1,Overstock,Recycling,Completed,EMP018,WH-C,Low demand
WR000293,INV000617,MED131384,BAT439984,2026-07-21,2026-12-09,3,196.35,589.05,Expired,Incineration,Completed,EMP004,WH-A,Medicine expired
WR000294,INV003019,MED136992,BAT601294,2026-07-13,2025-09-29,7,161.9,1133.3,Expired,Recycling,Completed,EMP015,WH-D,Medicine expired
WR000295,INV002190,MED022298,BAT721045,2026-07-21,2028-08-05,147,63.59,9347.73,Expired,Biohazard Disposal,Completed,EMP003,WH-D,Expired stock removed
WR000296,INV001060,MED114082,BAT874992,2026-07-21,2028-01-21,50,410.46,20523.0,Expired,Biohazard Disposal,Completed,EMP010,WH-D,Medicine expired
WR000297,INV000865,MED004948,BAT423851,2026-06-24,2027-10-02,94,373.76,35133.44,Contaminated,Recycling,Completed,EMP009,WH-D,Contaminated during storage
WR000298,INV000608,MED065246,BAT666366,2026-06-13,2025-10-20,192,77.12,14807.04,Expired,Biohazard Disposal,Completed,EMP008,WH-C,Medicine expired
WR000299,INV004218,MED077859,BAT998374,2026-07-21,2027-03-15,93,416.01,38688.93,Expired,Return to Supplier,Completed,EMP006,WH-B,Medicine expired
WR000300,INV000590,MED041528,BAT759868,2026-07-21,2028-09-01,59,395.51,23335.09,Expired,Biohazard Disposal,Completed,EMP011,WH-E,Expired stock removed
WR000301,INV000671,MED115441,BAT130156,2026-05-25,2025-10-10,24,414.39,9945.36,Overstock,Recycling,Completed,EMP019,WH-B,Excess inventory
WR000302,INV000547,MED135030,BAT447195,2026-07-15,2025-02-09,135,100.99,13633.65,Damaged,Biohazard Disposal,Completed,EMP012,WH-E,Packaging damaged
WR000303,INV004309,MED129967,BAT679713,2026-07-21,2028-08-17,5,77.64,388.2,Expired,Recycling,Completed,EMP002,WH-A,Medicine expired
WR000304,INV000163,MED029358,BAT825686,2026-07-21,2028-03-24,165,437.61,72205.65,Expired,Recycling,Completed,EMP004,WH-B,Expired stock removed
WR000305,INV003997,MED008602,BAT211831,2026-07-21,2028-10-09,29,64.39,1867.31,Expired,Incineration,Completed,EMP008,WH-C,Expired stock removed
WR000306,INV000918,MED106890,BAT348617,2026-04-06,2025-03-27,48,574.67,27584.16,Damaged,Biohazard Disposal,Completed,EMP012,WH-E,Packaging damaged
WR000307,INV001510,MED083780,BAT778799,2026-02-04,2028-05-09,65,452.22,29394.3,Overstock,Recycling,Completed,EMP020,WH-B,Excess inventory
WR000308,INV004010,MED123207,BAT692510,2026-07-21,2027-12-01,193,594.58,114753.94,Expired,Return to Supplier,Completed,EMP009,WH-A,Medicine expired
WR000309,INV004040,MED056160,BAT651902,2026-02-23,2026-03-17,163,445.32,72587.16,Overstock,Recycling,Completed,EMP005,WH-A,Low demand
WR000310,INV004846,MED079766,BAT475443,2026-04-01,2029-03-03,42,587.17,24661.14,Damaged,Incineration,Completed,EMP019,WH-A,Broken container
WR000311,INV002523,MED121722,BAT621899,2026-06-17,2026-05-27,26,353.18,9182.68,Expired,Return to Supplier,Completed,EMP014,WH-A,Expired stock removed
WR000312,INV000942,MED025230,BAT624288,2026-07-21,2026-08-01,36,498.75,17955.0,Expired,Return to Supplier,Completed,EMP018,WH-A,Medicine expired
WR000313,INV002982,MED117347,BAT356184,2026-02-02,2027-09-13,46,223.36,10274.56,Damaged,Return to Supplier,Completed,EMP009,WH-A,Packaging damaged
WR000314,INV000984,MED072783,BAT400699,2025-11-19,2025-06-27,94,24.11,2266.34,Expired,Return to Supplier,Completed,EMP010,WH-B,Medicine expired
WR000315,INV000366,MED078801,BAT761685,2026-02-28,2026-05-08,9,273.97,2465.73,Damaged,Recycling,Completed,EMP008,WH-E,Broken container
WR000316,INV002362,MED088258,BAT356230,2026-05-17,2026-03-19,65,102.55,6665.75,Overstock,Incineration,Completed,EMP001,WH-D,Low demand
WR000317,INV003810,MED094396,BAT940844,2026-07-14,2026-01-05,184,197.55,36349.2,Overstock,Recycling,Completed,EMP013,WH-C,Low demand
WR000318,INV001736,MED064399,BAT764053,2026-07-21,2027-04-10,30,98.66,2959.8,Expired,Incineration,Completed,EMP008,WH-D,Medicine expired
WR000319,INV001289,MED093193,BAT227615,2026-07-21,2027-06-03,86,445.68,38328.48,Expired,Biohazard Disposal,Pending,EMP010,WH-D,Expired stock removed
WR000320,INV002578,MED103488,BAT164226,2026-02-24,2026-03-14,179,212.4,38019.6,Damaged,Biohazard Disposal,Completed,EMP001,WH-C,Broken container
WR000321,INV001331,MED028181,BAT748513,2026-02-17,2025-06-15,86,549.24,47234.64,Contaminated,Recycling,Completed,EMP013,WH-B,Quality issue
WR000322,INV001831,MED108057,BAT940997,2026-07-21,2029-01-14,47,330.91,15552.77,Expired,Incineration,Completed,EMP008,WH-C,Expired stock removed
WR000323,INV003016,MED013319,BAT544735,2026-05-27,2026-01-07,18,278.51,5013.18,Expired,Recycling,Pending,EMP003,WH-E,Expired stock removed
WR000324,INV004999,MED013597,BAT879670,2026-01-29,2026-06-05,129,121.31,15648.99,Overstock,Biohazard Disposal,Pending,EMP018,WH-B,Excess inventory
WR000325,INV002851,MED100214,BAT553208,2026-05-18,2028-07-13,55,428.8,23584.0,Overstock,Return to Supplier,Completed,EMP018,WH-D,Low demand
WR000326,INV000519,MED019440,BAT354854,2026-04-25,2026-02-07,24,186.55,4477.2,Expired,Recycling,Completed,EMP006,WH-B,Expired stock removed
WR000327,INV004923,MED034797,BAT189876,2026-06-15,2026-10-26,77,537.52,41389.04,Contaminated,Return to Supplier,Completed,EMP013,WH-D,Quality issue
WR000328,INV003085,MED103069,BAT600809,2026-02-24,2025-09-07,15,442.29,6634.35,Expired,Return to Supplier,Completed,EMP017,WH-B,Medicine expired
WR000329,INV003448,MED014965,BAT940720,2026-02-02,2026-08-27,137,493.87,67660.19,Damaged,Recycling,Completed,EMP009,WH-D,Packaging damaged
WR000330,INV001100,MED015655,BAT622937,2025-12-28,2025-11-29,77,18.41,1417.57,Expired,Biohazard Disposal,Pending,EMP010,WH-C,Medicine expired
WR000331,INV000658,MED013702,BAT317877,2026-07-21,2027-06-21,24,560.23,13445.52,Expired,Return to Supplier,Pending,EMP015,WH-A,Expired stock removed
WR000332,INV000423,MED045922,BAT240829,2026-07-21,2027-08-18,197,465.99,91800.03,Expired,Recycling,Completed,EMP002,WH-B,Expired stock removed
WR000333,INV000721,MED133599,BAT224269,2026-07-21,2027-08-08,66,176.34,11638.44,Expired,Recycling,Completed,EMP003,WH-D,Expired stock removed
WR000334,INV002871,MED023388,BAT510265,2026-02-25,2027-02-21,132,75.13,9917.16,Damaged,Return to Supplier,Pending,EMP018,WH-A,Packaging damaged
WR000335,INV003660,MED046880,BAT552580,2026-07-21,2028-05-20,186,277.26,51570.36,Expired,Recycling,Pending,EMP012,WH-E,Expired stock removed
WR000336,INV004529,MED094429,BAT537726,2026-03-06,2028-08-17,100,308.88,30888.0,Damaged,Incineration,Completed,EMP008,WH-B,Broken container
WR000337,INV004075,MED068040,BAT229627,2026-03-28,2028-01-23,119,239.83,28539.77,Overstock,Biohazard Disposal,Pending,EMP012,WH-A,Low demand
WR000338,INV002865,MED023705,BAT102709,2026-07-21,2028-04-24,38,383.72,14581.36,Expired,Return to Supplier,Completed,EMP009,WH-D,Expired stock removed
WR000339,INV000877,MED040848,BAT634363,2026-07-21,2028-12-01,38,392.29,14907.02,Expired,Return to Supplier,Completed,EMP016,WH-B,Expired stock removed
WR000340,INV001473,MED051675,BAT603724,2026-05-16,2026-03-24,138,132.4,18271.2,Expired,Recycling,Completed,EMP003,WH-E,Medicine expired
WR000341,INV001052,MED021778,BAT481308,2026-02-15,2027-11-06,112,469.11,52540.32,Overstock,Incineration,Completed,EMP009,WH-D,Excess inventory
WR000342,INV004105,MED055001,BAT983389,2026-03-02,2026-01-24,82,523.09,42893.38,Damaged,Return to Supplier,Completed,EMP009,WH-D,Broken container
WR000343,INV002292,MED054235,BAT292781,2026-07-21,2028-10-18,57,254.27,14493.39,Expired,Return to Supplier,Pending,EMP010,WH-A,Medicine expired
WR000344,INV004216,MED056086,BAT814357,2026-07-12,2026-09-16,118,224.04,26436.72,Damaged,Biohazard Disposal,Completed,EMP004,WH-C,Broken container
WR000345,INV001792,MED064824,BAT973807,2025-09-22,2025-08-06,36,166.17,5982.12,Expired,Incineration,Completed,EMP017,WH-B,Medicine expired
WR000346,INV004863,MED033088,BAT319710,2026-05-30,2026-01-25,11,334.35,3677.85,Overstock,Recycling,Completed,EMP009,WH-B,Excess inventory
WR000347,INV001335,MED078208,BAT534661,2026-07-21,2026-09-06,99,350.63,34712.37,Expired,Recycling,Completed,EMP002,WH-C,Medicine expired
WR000348,INV003350,MED092455,BAT275028,2026-07-15,2026-07-05,55,454.05,24972.75,Expired,Biohazard Disposal,Pending,EMP010,WH-D,Medicine expired
WR000349,INV001460,MED123546,BAT543234,2026-07-21,2028-03-24,16,28.01,448.16,Expired,Return to Supplier,Completed,EMP012,WH-D,Medicine expired
WR000350,INV004418,MED008636,BAT553203,2026-02-10,2026-12-27,37,463.14,17136.18,Damaged,Return to Supplier,Completed,EMP010,WH-A,Packaging damaged
WR000351,INV003498,MED076892,BAT752459,2026-07-17,2026-07-10,53,94.4,5003.2,Expired,Incineration,Completed,EMP020,WH-A,Expired stock removed
WR000352,INV003508,MED007775,BAT557307,2026-04-14,2027-09-06,93,165.54,15395.22,Overstock,Incineration,Completed,EMP001,WH-B,Low demand
WR000353,INV003710,MED089458,BAT195482,2025-12-06,2025-10-31,17,132.96,2260.32,Expired,Return to Supplier,Completed,EMP001,WH-B,Expired stock removed
WR000354,INV002277,MED010043,BAT779384,2026-07-21,2028-11-16,65,411.26,26731.9,Expired,Incineration,Completed,EMP004,WH-D,Expired stock removed
WR000355,INV001756,MED012864,BAT952489,2026-07-21,2027-01-20,67,297.76,19949.92,Expired,Incineration,Completed,EMP012,WH-B,Expired stock removed
WR000356,INV001381,MED071812,BAT827679,2026-06-19,2026-09-05,134,167.63,22462.42,Overstock,Recycling,Completed,EMP017,WH-B,Excess inventory
WR000357,INV004233,MED056437,BAT986959,2026-07-21,2027-03-30,4,597.63,2390.52,Expired,Incineration,Completed,EMP011,WH-A,Medicine expired
WR000358,INV000227,MED002015,BAT299254,2026-03-01,2027-01-31,131,418.9,54875.9,Recalled,Incineration,Completed,EMP012,WH-B,Safety recall
WR000359,INV003214,MED041291,BAT918825,2026-06-10,2026-01-30,2,72.53,145.06,Damaged,Return to Supplier,Completed,EMP014,WH-C,Packaging damaged
WR000360,INV001989,MED121044,BAT361224,2026-05-07,2025-04-07,167,130.31,21761.77,Expired,Recycling,Completed,EMP002,WH-B,Medicine expired
WR000361,INV004265,MED107084,BAT388601,2026-07-13,2025-10-08,113,571.19,64544.47,Contaminated,Recycling,Completed,EMP001,WH-A,Quality issue
WR000362,INV001438,MED081910,BAT424955,2025-07-29,2025-02-05,4,127.78,511.12,Expired,Incineration,Completed,EMP007,WH-C,Medicine expired
WR000363,INV001019,MED000545,BAT134261,2026-02-25,2024-08-15,61,505.26,30820.86,Damaged,Incineration,Pending,EMP001,WH-E,Broken container
WR000364,INV001847,MED082060,BAT571103,2026-01-26,2026-08-23,190,163.51,31066.9,Damaged,Recycling,Completed,EMP010,WH-C,Broken container
WR000365,INV004013,MED019780,BAT230335,2026-05-14,2027-06-21,34,393.26,13370.84,Damaged,Return to Supplier,Completed,EMP010,WH-B,Broken container
WR000366,INV002995,MED114504,BAT147682,2026-07-21,2027-09-20,186,412.84,76788.24,Expired,Return to Supplier,Pending,EMP001,WH-E,Expired stock removed
WR000367,INV003944,MED107445,BAT170177,2026-07-21,2026-09-05,107,448.19,47956.33,Expired,Recycling,Completed,EMP010,WH-E,Expired stock removed
WR000368,INV003706,MED076489,BAT385043,2026-06-11,2027-07-03,163,453.58,73933.54,Damaged,Return to Supplier,Completed,EMP005,WH-E,Broken container
WR000369,INV002590,MED077563,BAT550885,2026-02-27,2026-06-09,24,225.73,5417.52,Damaged,Incineration,Completed,EMP020,WH-B,Broken container
WR000370,INV002184,MED047488,BAT996825,2026-07-21,2027-06-29,119,11.08,1318.52,Expired,Biohazard Disposal,Completed,EMP016,WH-D,Medicine expired
WR000371,INV003560,MED028810,BAT185092,2026-07-21,2026-12-19,37,140.6,5202.2,Expired,Biohazard Disposal,Completed,EMP008,WH-D,Expired stock removed
WR000372,INV000971,MED048578,BAT636391,2026-06-01,2027-03-12,167,19.28,3219.76,Damaged,Biohazard Disposal,Completed,EMP008,WH-C,Broken container
WR000373,INV000386,MED136480,BAT993251,2026-07-21,2027-09-23,122,195.78,23885.16,Expired,Return to Supplier,Completed,EMP013,WH-A,Medicine expired
WR000374,INV004800,MED007867,BAT518306,2026-07-17,2026-07-13,190,305.33,58012.7,Expired,Return to Supplier,Completed,EMP002,WH-E,Medicine expired
WR000375,INV004463,MED014468,BAT658956,2026-07-21,2027-11-17,14,135.09,1891.26,Expired,Return to Supplier,Completed,EMP009,WH-D,Expired stock removed
WR000376,INV003979,MED101559,BAT990623,2026-01-27,2025-08-06,115,344.04,39564.6,Overstock,Incineration,Completed,EMP016,WH-A,Excess inventory
WR000377,INV004739,MED106848,BAT449082,2026-05-07,2026-07-10,80,342.47,27397.6,Contaminated,Return to Supplier,Pending,EMP006,WH-C,Contaminated during storage
WR000378,INV003941,MED118518,BAT627750,2026-03-28,2028-04-11,84,554.74,46598.16,Overstock,Recycling,Completed,EMP004,WH-E,Low demand
WR000379,INV000002,MED067629,BAT131244,2025-08-24,2025-07-21,147,20.79,3056.13,Expired,Incineration,Completed,EMP004,WH-E,Expired stock removed
WR000380,INV001566,MED136840,BAT480142,2026-01-31,2025-06-02,177,194.4,34408.8,Overstock,Biohazard Disposal,Completed,EMP014,WH-B,Low demand
WR000381,INV000526,MED131433,BAT756190,2026-04-18,2026-12-19,6,569.72,3418.32,Damaged,Biohazard Disposal,Completed,EMP010,WH-D,Packaging damaged
WR000382,INV004096,MED102520,BAT779018,2026-07-21,2028-12-06,90,542.73,48845.7,Expired,Biohazard Disposal,Completed,EMP004,WH-C,Medicine expired
WR000383,INV000068,MED128900,BAT197573,2026-07-21,2026-10-05,184,187.19,34442.96,Expired,Biohazard Disposal,Completed,EMP004,WH-E,Expired stock removed
WR000384,INV004127,MED009148,BAT986590,2026-07-21,2027-02-21,143,292.01,41757.43,Expired,Recycling,Completed,EMP017,WH-C,Expired stock removed
WR000385,INV004249,MED039796,BAT212175,2026-03-28,2026-10-21,166,161.58,26822.28,Recalled,Return to Supplier,Completed,EMP002,WH-C,Manufacturer recall
WR000386,INV001515,MED048405,BAT155699,2026-07-21,2027-08-26,81,523.91,42436.71,Expired,Biohazard Disposal,Completed,EMP016,WH-C,Expired stock removed
WR000387,INV000538,MED049609,BAT583757,2026-07-19,2026-07-15,87,415.52,36150.24,Expired,Return to Supplier,Completed,EMP001,WH-D,Expired stock removed
WR000388,INV001623,MED075314,BAT961968,2026-05-27,2027-06-19,107,216.03,23115.21,Damaged,Return to Supplier,Completed,EMP004,WH-A,Broken container
WR000389,INV001575,MED094843,BAT883061,2026-07-21,2027-10-06,23,489.6,11260.8,Expired,Incineration,Completed,EMP006,WH-B,Medicine expired
WR000391,INV003215,MED121404,BAT388457,2026-07-16,2029-02-19,66,117.35,7745.1,Recalled,Recycling,Completed,EMP019,WH-D,Safety recall
WR000392,INV000335,MED042161,BAT411847,2026-02-11,2026-02-11,137,332.05,45490.85,Expired,Return to Supplier,Pending,EMP020,WH-C,Expired stock removed
WR000393,INV001602,MED051173,BAT735732,2026-07-21,2027-08-17,141,180.84,25498.44,Expired,Incineration,Pending,EMP015,WH-A,Medicine expired
WR000394,INV002536,MED103754,BAT949797,2026-03-18,2026-08-19,126,171.32,21586.32,Damaged,Return to Supplier,Completed,EMP001,WH-E,Packaging damaged
WR000395,INV002375,MED081278,BAT548819,2026-07-21,2028-02-23,69,555.97,38361.93,Expired,Biohazard Disposal,Pending,EMP005,WH-B,Medicine expired
WR000396,INV002957,MED083491,BAT527432,2026-07-21,2028-08-13,87,57.71,5020.77,Expired,Return to Supplier,Completed,EMP003,WH-D,Expired stock removed
WR000397,INV001991,MED021384,BAT410383,2026-03-17,2027-04-09,69,59.07,4075.83,Damaged,Incineration,Completed,EMP017,WH-B,Packaging damaged
WR000398,INV004478,MED081880,BAT507382,2026-07-21,2027-10-16,13,303.69,3947.97,Expired,Incineration,Completed,EMP009,WH-A,Medicine expired
WR000399,INV003606,MED012878,BAT225507,2025-10-04,2024-10-07,48,296.38,14226.24,Expired,Return to Supplier,Completed,EMP004,WH-C,Expired stock removed
WR000400,INV004035,MED096086,BAT262674,2026-07-21,2027-07-30,77,416.03,32034.31,Expired,Recycling,Completed,EMP006,WH-A,Medicine expired
WR000401,INV002843,MED054388,BAT643373,2026-07-21,2026-12-25,108,27.06,2922.48,Expired,Incineration,Completed,EMP016,WH-E,Expired stock removed
WR000402,INV003838,MED107390,BAT999067,2026-07-21,2026-10-01,37,350.34,12962.58,Expired,Recycling,Completed,EMP002,WH-C,Expired stock removed
WR000403,INV004396,MED032173,BAT784751,2026-05-17,2028-08-01,128,288.73,36957.44,Recalled,Recycling,Completed,EMP013,WH-C,Manufacturer recall
WR000404,INV004428,MED037834,BAT375101,2026-05-18,2025-08-13,189,419.93,79366.77,Expired,Return to Supplier,Completed,EMP016,WH-C,Medicine expired
WR000405,INV001340,MED010987,BAT697429,2026-06-28,2027-11-03,78,297.03,23168.34,Damaged,Incineration,Completed,EMP010,WH-D,Packaging damaged
WR000406,INV004473,MED048141,BAT600966,2026-06-13,2026-06-08,81,206.09,16693.29,Damaged,Incineration,Completed,EMP009,WH-D,Packaging damaged
WR000407,INV004934,MED133905,BAT209633,2026-07-09,2027-05-21,119,76.94,9155.86,Recalled,Biohazard Disposal,Pending,EMP007,WH-C,Safety recall
WR000408,INV003070,MED100346,BAT741434,2026-07-06,2026-11-10,48,540.89,25962.72,Recalled,Biohazard Disposal,Completed,EMP017,WH-C,Manufacturer recall
WR000409,INV001128,MED104001,BAT396835,2026-07-18,2025-05-04,183,204.32,37390.56,Expired,Biohazard Disposal,Completed,EMP016,WH-C,Expired stock removed
WR000410,INV002947,MED051834,BAT635499,2026-05-11,2025-12-19,74,59.22,4382.28,Expired,Return to Supplier,Pending,EMP014,WH-C,Expired stock removed
WR000411,INV004519,MED011397,BAT817003,2026-05-24,2026-09-20,77,569.06,43817.62,Recalled,Incineration,Completed,EMP008,WH-E,Manufacturer recall
WR000412,INV001765,MED079490,BAT779505,2026-04-14,2025-05-24,118,412.67,48695.06,Damaged,Return to Supplier,Completed,EMP009,WH-E,Broken container
WR000413,INV000946,MED002323,BAT195352,2026-05-26,2025-10-22,37,421.59,15598.83,Damaged,Biohazard Disposal,Completed,EMP012,WH-C,Broken container
WR000414,INV001187,MED135276,BAT687712,2026-07-21,2028-03-30,121,336.95,40770.95,Expired,Return to Supplier,Completed,EMP016,WH-B,Medicine expired
WR000415,INV004325,MED031965,BAT691648,2026-02-16,2027-02-12,53,327.49,17356.97,Overstock,Recycling,Completed,EMP016,WH-A,Low demand
WR000416,INV004930,MED096398,BAT278242,2026-07-21,2026-10-28,115,496.33,57077.95,Expired,Biohazard Disposal,Completed,EMP015,WH-A,Medicine expired
WR000417,INV001141,MED117284,BAT187859,2026-05-03,2025-05-22,62,405.97,25170.14,Overstock,Recycling,Completed,EMP009,WH-D,Low demand
WR000418,INV003106,MED032885,BAT178152,2026-07-21,2028-06-30,154,438.54,67535.16,Expired,Biohazard Disposal,Completed,EMP009,WH-A,Medicine expired
WR000419,INV001910,MED109844,BAT734031,2026-01-23,2027-05-27,168,209.55,35204.4,Contaminated,Return to Supplier,Completed,EMP003,WH-D,Quality issue
WR000420,INV004366,MED128080,BAT321343,2026-04-30,2026-06-10,31,248.99,7718.69,Recalled,Recycling,Completed,EMP010,WH-A,Manufacturer recall
WR000421,INV000612,MED038637,BAT507652,2026-06-19,2026-04-15,69,322.69,22265.61,Recalled,Recycling,Completed,EMP003,WH-A,Manufacturer recall
WR000422,INV002931,MED102973,BAT647045,2026-02-24,2026-05-10,122,134.37,16393.14,Damaged,Biohazard Disposal,Completed,EMP008,WH-C,Packaging damaged
WR000423,INV001539,MED117160,BAT396196,2026-07-21,2028-03-17,80,432.59,34607.2,Expired,Return to Supplier,Completed,EMP007,WH-E,Expired stock removed
WR000424,INV004412,MED078872,BAT719089,2026-04-03,2026-07-11,14,511.96,7167.44,Damaged,Recycling,Completed,EMP003,WH-D,Packaging damaged
WR000425,INV000534,MED122854,BAT382967,2026-07-21,2027-06-05,98,44.35,4346.3,Expired,Recycling,Completed,EMP002,WH-E,Expired stock removed
WR000426,INV002640,MED038882,BAT130721,2026-07-05,2028-05-08,141,7.72,1088.52,Damaged,Biohazard Disposal,Completed,EMP015,WH-C,Packaging damaged
WR000427,INV001695,MED054406,BAT272408,2026-05-17,2026-02-28,155,458.09,71003.95,Expired,Return to Supplier,Completed,EMP004,WH-B,Medicine expired
WR000428,INV002682,MED121385,BAT752440,2026-02-09,2027-08-31,184,561.17,103255.28,Contaminated,Biohazard Disposal,Pending,EMP007,WH-B,Quality issue
WR000429,INV001367,MED013377,BAT353495,2026-07-21,2028-07-16,115,268.0,30820.0,Expired,Return to Supplier,Completed,EMP019,WH-E,Medicine expired
WR000430,INV001375,MED087521,BAT334713,2026-02-01,2026-01-31,34,578.01,19652.34,Recalled,Biohazard Disposal,Completed,EMP015,WH-B,Manufacturer recall
WR000431,INV000075,MED128612,BAT913373,2026-03-04,2028-06-14,99,181.93,18011.07,Damaged,Return to Supplier,Completed,EMP002,WH-C,Packaging damaged
WR000432,INV001258,MED012830,BAT568328,2026-07-21,2028-01-16,93,415.37,38629.41,Expired,Biohazard Disposal,Completed,EMP018,WH-B,Medicine expired
WR000433,INV003366,MED062322,BAT257685,2026-07-21,2028-04-08,94,531.59,49969.46,Expired,Incineration,Completed,EMP004,WH-E,Expired stock removed
WR000434,INV001614,MED106814,BAT357543,2026-07-21,2027-07-23,191,220.07,42033.37,Expired,Incineration,Completed,EMP014,WH-B,Medicine expired
WR000435,INV000591,MED005868,BAT608307,2025-09-25,2025-04-29,29,154.97,4494.13,Expired,Biohazard Disposal,Completed,EMP017,WH-C,Medicine expired
WR000436,INV003346,MED105630,BAT315570,2026-07-21,2027-10-04,157,59.49,9339.93,Expired,Return to Supplier,Completed,EMP018,WH-C,Expired stock removed
WR000437,INV003086,MED024423,BAT780638,2026-07-21,2027-07-05,18,234.79,4226.22,Expired,Recycling,Completed,EMP006,WH-C,Medicine expired
WR000438,INV001675,MED001842,BAT770105,2026-04-28,2026-04-14,164,65.89,10805.96,Expired,Incineration,Completed,EMP016,WH-D,Expired stock removed
WR000439,INV000325,MED124153,BAT987599,2026-03-26,2028-05-22,97,240.38,23316.86,Overstock,Return to Supplier,Completed,EMP008,WH-C,Excess inventory
WR000440,INV001259,MED110474,BAT286049,2026-07-08,2026-04-28,113,59.36,6707.68,Expired,Incineration,Completed,EMP018,WH-B,Medicine expired
WR000441,INV004757,MED042643,BAT361737,2026-06-20,2028-03-27,51,29.6,1509.6,Damaged,Recycling,Pending,EMP014,WH-E,Broken container
WR000442,INV001750,MED060442,BAT925061,2026-07-21,2027-10-29,119,356.12,42378.28,Expired,Return to Supplier,Completed,EMP016,WH-C,Expired stock removed
WR000443,INV004269,MED068212,BAT155577,2026-07-02,2027-02-20,134,585.63,78474.42,Damaged,Biohazard Disposal,Completed,EMP014,WH-E,Broken container
WR000444,INV003307,MED047370,BAT525969,2026-07-21,2028-04-14,16,484.82,7757.12,Expired,Incineration,Completed,EMP016,WH-D,Expired stock removed
WR000445,INV004494,MED089810,BAT567257,2026-07-21,2027-02-24,105,447.02,46937.1,Expired,Return to Supplier,Completed,EMP004,WH-A,Expired stock removed
WR000446,INV004915,MED002058,BAT221181,2026-06-12,2025-08-30,185,184.91,34208.35,Expired,Biohazard Disposal,Completed,EMP001,WH-C,Medicine expired
WR000447,INV004016,MED069704,BAT369233,2026-02-03,2025-10-10,76,537.79,40872.04,Damaged,Incineration,Completed,EMP020,WH-A,Packaging damaged
WR000448,INV002087,MED052762,BAT242217,2026-05-14,2026-09-16,58,46.46,2694.68,Recalled,Incineration,Completed,EMP008,WH-E,Safety recall
WR000449,INV003541,MED105684,BAT886554,2026-06-14,2026-09-24,144,446.33,64271.52,Damaged,Incineration,Completed,EMP017,WH-B,Packaging damaged
WR000450,INV001818,MED039750,BAT367313,2026-04-14,2028-03-09,55,235.03,12926.65,Recalled,Return to Supplier,Completed,EMP005,WH-C,Manufacturer recall
WR000451,INV003777,MED051954,BAT491644,2026-04-11,2026-09-15,121,386.34,46747.14,Damaged,Incineration,Completed,EMP017,WH-E,Broken container
WR000452,INV001943,MED087214,BAT917208,2026-07-21,2028-01-10,119,453.48,53964.12,Expired,Biohazard Disposal,Completed,EMP019,WH-B,Medicine expired
WR000453,INV002914,MED037363,BAT520831,2026-05-01,2027-06-04,133,321.26,42727.58,Recalled,Incineration,Completed,EMP009,WH-E,Manufacturer recall
WR000454,INV001845,MED047797,BAT803556,2026-02-02,2026-07-17,85,115.0,9775.0,Recalled,Biohazard Disposal,Completed,EMP004,WH-E,Manufacturer recall
WR000455,INV003251,MED102727,BAT950078,2026-07-21,2027-11-30,44,242.18,10655.92,Expired,Return to Supplier,Completed,EMP008,WH-B,Medicine expired
WR000456,INV004785,MED082604,BAT569200,2026-07-21,2028-02-21,83,518.82,43062.06,Expired,Return to Supplier,Completed,EMP010,WH-C,Medicine expired
WR000457,INV001887,MED121486,BAT683515,2026-03-31,2027-11-20,108,57.2,6177.6,Damaged,Return to Supplier,Completed,EMP016,WH-D,Packaging damaged
WR000458,INV000521,MED061522,BAT795759,2026-07-21,2027-07-28,105,173.99,18268.95,Expired,Recycling,Completed,EMP003,WH-C,Medicine expired
WR000459,INV000806,MED032220,BAT826648,2026-05-30,2029-01-31,153,530.45,81158.85,Damaged,Return to Supplier,Completed,EMP003,WH-A,Broken container
WR000460,INV001639,MED021777,BAT662146,2026-03-26,2028-09-16,23,380.13,8742.99,Overstock,Return to Supplier,Completed,EMP011,WH-B,Low demand
WR000461,INV004676,MED050106,BAT794371,2026-07-21,2027-04-28,188,187.28,35208.64,Expired,Return to Supplier,Completed,EMP019,WH-B,Expired stock removed
WR000462,INV001755,MED075510,BAT304981,2026-07-21,2027-06-21,68,151.67,10313.56,Expired,Recycling,Completed,EMP013,WH-C,Expired stock removed
WR000463,INV002374,MED128658,BAT863284,2026-01-01,2025-03-01,149,406.86,60622.14,Expired,Biohazard Disposal,Completed,EMP006,WH-C,Expired stock removed
WR000464,INV004383,MED136931,BAT971549,2026-02-06,2027-07-21,75,442.07,33155.25,Contaminated,Biohazard Disposal,Completed,EMP006,WH-A,Quality issue
WR000465,INV004942,MED061441,BAT263981,2026-04-24,2026-08-10,3,310.56,931.68,Contaminated,Recycling,Completed,EMP010,WH-D,Quality issue
WR000466,INV002300,MED114004,BAT954749,2026-07-21,2027-11-27,101,582.68,58850.68,Expired,Biohazard Disposal,Completed,EMP001,WH-C,Medicine expired
WR000467,INV001361,MED063283,BAT489843,2026-07-21,2026-11-15,39,151.47,5907.33,Expired,Return to Supplier,Completed,EMP017,WH-E,Medicine expired
WR000468,INV000126,MED061468,BAT575682,2026-07-21,2026-11-10,24,467.22,11213.28,Expired,Biohazard Disposal,Completed,EMP015,WH-A,Expired stock removed
WR000469,INV004866,MED058948,BAT900025,2026-07-21,2028-04-14,169,423.21,71522.49,Expired,Incineration,Completed,EMP020,WH-D,Medicine expired
WR000470,INV001506,MED024855,BAT295881,2026-07-01,2025-11-30,50,460.98,23049.0,Damaged,Recycling,Completed,EMP001,WH-E,Packaging damaged
WR000471,INV000410,MED130232,BAT567200,2026-04-21,2027-05-07,108,119.54,12910.32,Damaged,Return to Supplier,Completed,EMP009,WH-B,Packaging damaged
WR000472,INV000722,MED034321,BAT964119,2026-07-21,2028-01-05,36,248.07,8930.52,Expired,Incineration,Completed,EMP011,WH-C,Expired stock removed
WR000473,INV003920,MED056488,BAT928917,2026-07-21,2029-04-02,87,7.82,680.34,Expired,Biohazard Disposal,Completed,EMP004,WH-C,Expired stock removed
WR000474,INV002018,MED019364,BAT849584,2026-07-21,2027-04-24,43,113.9,4897.7,Expired,Biohazard Disposal,Completed,EMP004,WH-A,Medicine expired
WR000475,INV003609,MED032711,BAT683127,2026-07-21,2027-08-27,130,592.95,77083.5,Expired,Biohazard Disposal,Completed,EMP004,WH-B,Expired stock removed
WR000477,INV004988,MED045539,BAT699891,2026-03-08,2028-03-17,193,144.53,27894.29,Overstock,Recycling,Completed,EMP001,WH-C,Low demand
WR000478,INV004051,MED105786,BAT574672,2025-11-06,2025-10-06,103,369.18,38025.54,Expired,Biohazard Disposal,Completed,EMP020,WH-C,Medicine expired
WR000479,INV004971,MED100403,BAT825534,2026-01-29,2028-07-21,111,524.87,58260.57,Contaminated,Return to Supplier,Pending,EMP013,WH-A,Contaminated during storage
WR000480,INV001144,MED068766,BAT391772,2026-07-18,2026-07-18,91,75.54,6874.14,Expired,Biohazard Disposal,Completed,EMP020,WH-B,Medicine expired
WR000481,INV003791,MED033323,BAT333327,2026-05-18,2028-07-29,27,412.07,11125.89,Contaminated,Biohazard Disposal,Completed,EMP015,WH-B,Contaminated during storage
WR000482,INV004721,MED024596,BAT477473,2026-03-19,2025-09-08,35,568.53,19898.55,Damaged,Biohazard Disposal,Completed,EMP006,WH-D,Broken container
WR000483,INV001018,MED001001,BAT920192,2026-05-23,2027-02-08,69,162.38,11204.22,Damaged,Recycling,Completed,EMP004,WH-B,Broken container
WR000484,INV003697,MED096540,BAT672281,2026-07-21,2028-07-22,53,179.96,9537.88,Expired,Recycling,Pending,EMP019,WH-E,Medicine expired
WR000485,INV004950,MED006589,BAT966971,2026-01-15,2025-07-15,22,31.92,702.24,Expired,Return to Supplier,Completed,EMP015,WH-B,Expired stock removed
WR000486,INV001734,MED124805,BAT796263,2025-02-21,2024-11-01,137,169.92,23279.04,Expired,Return to Supplier,Completed,EMP007,WH-B,Expired stock removed
WR000487,INV001274,MED010135,BAT158840,2026-04-24,2027-02-11,171,554.55,94828.05,Recalled,Biohazard Disposal,Pending,EMP019,WH-A,Manufacturer recall
WR000488,INV002137,MED119546,BAT507062,2026-03-16,2025-12-25,199,593.45,118096.55,Contaminated,Return to Supplier,Completed,EMP009,WH-D,Quality issue
WR000489,INV001443,MED103311,BAT599651,2026-04-10,2025-07-07,38,275.87,10483.06,Expired,Incineration,Completed,EMP016,WH-E,Expired stock removed
WR000490,INV003328,MED086970,BAT666582,2026-07-21,2028-01-20,76,270.81,20581.56,Expired,Biohazard Disposal,Completed,EMP005,WH-A,Expired stock removed
WR000491,INV003164,MED021609,BAT336337,2026-07-21,2027-05-22,5,148.59,742.95,Expired,Biohazard Disposal,Completed,EMP008,WH-A,Expired stock removed
WR000492,INV002101,MED032973,BAT772979,2026-06-13,2028-04-25,8,455.75,3646.0,Overstock,Recycling,Completed,EMP004,WH-A,Excess inventory
WR000493,INV000214,MED040743,BAT882032,2026-07-21,2027-03-28,1,209.99,209.99,Expired,Incineration,Completed,EMP010,WH-A,Medicine expired
WR000494,INV000308,MED010542,BAT794622,2026-06-15,2025-11-04,145,555.99,80618.55,Recalled,Recycling,Completed,EMP001,WH-C,Safety recall
WR000495,INV004827,MED106914,BAT123235,2026-04-24,2027-03-23,86,479.76,41259.36,Damaged,Return to Supplier,Pending,EMP012,WH-C,Broken container
WR000496,INV000832,MED072854,BAT468653,2026-07-21,2027-04-22,52,374.57,19477.64,Expired,Biohazard Disposal,Completed,EMP002,WH-D,Medicine expired
WR000497,INV000011,MED102066,BAT930555,2026-06-25,2028-06-18,98,359.55,35235.9,Overstock,Return to Supplier,Completed,EMP007,WH-E,Low demand
WR000498,INV004079,MED054728,BAT628325,2026-02-07,2028-02-22,65,379.42,24662.3,Contaminated,Recycling,Completed,EMP019,WH-B,Quality issue
WR000499,INV004556,MED004972,BAT303797,2026-06-08,2027-03-04,81,189.63,15360.03,Contaminated,Return to Supplier,Completed,EMP005,WH-E,Contaminated during storage
WR000500,INV002116,MED129642,BAT326689,2026-04-11,2027-04-16,87,394.34,34307.58,Damaged,Biohazard Disposal,Completed,EMP020,WH-A,Packaging damaged
WR000501,INV002859,MED107301,BAT189472,2026-07-21,2026-09-20,146,579.99,84678.54,Expired,Biohazard Disposal,Completed,EMP019,WH-A,Expired stock removed
WR000502,INV000031,MED001030,BAT413921,2025-12-09,2025-06-12,46,446.74,20550.04,Expired,Biohazard Disposal,Completed,EMP017,WH-E,Expired stock removed
WR000503,INV003534,MED088907,BAT951303,2026-02-08,2027-11-03,15,469.78,7046.7,Recalled,Incineration,Completed,EMP018,WH-C,Manufacturer recall
WR000504,INV003473,MED128196,BAT227172,2026-04-30,2028-04-18,133,20.7,2753.1,Damaged,Biohazard Disposal,Completed,EMP009,WH-D,Broken container
WR000505,INV004080,MED047432,BAT117213,2026-06-24,2026-04-22,22,442.41,9733.02,Recalled,Incineration,Completed,EMP020,WH-E,Safety recall
WR000506,INV002005,MED098460,BAT298670,2026-07-21,2028-04-12,125,241.37,30171.25,Expired,Incineration,Completed,EMP003,WH-B,Medicine expired
WR000507,INV002788,MED110127,BAT763559,2026-07-21,2028-03-28,65,391.98,25478.7,Expired,Return to Supplier,Completed,EMP004,WH-E,Expired stock removed
WR000508,INV003138,MED034608,BAT495184,2026-07-21,2027-04-01,10,96.15,961.5,Expired,Recycling,Completed,EMP019,WH-C,Medicine expired
WR000509,INV000390,MED053324,BAT904694,2026-07-12,2028-12-29,171,72.84,12455.64,Damaged,Incineration,Completed,EMP002,WH-A,Broken container
WR000511,INV001197,MED134776,BAT693692,2026-04-25,2027-04-19,196,113.59,22263.64,Overstock,Return to Supplier,Completed,EMP018,WH-E,Excess inventory
WR000512,INV001745,MED060196,BAT421855,2026-07-14,2025-10-04,196,533.42,104550.32,Damaged,Incineration,Completed,EMP018,WH-B,Packaging damaged
WR000513,INV001517,MED001455,BAT253028,2026-02-21,2026-02-17,14,380.25,5323.5,Expired,Recycling,Completed,EMP017,WH-D,Expired stock removed
WR000514,INV001709,MED047420,BAT626417,2026-01-21,2025-12-30,180,580.74,104533.2,Expired,Return to Supplier,Pending,EMP011,WH-C,Expired stock removed
WR000515,INV001569,MED042665,BAT243541,2025-11-05,2025-03-02,3,535.38,1606.14,Expired,Incineration,Completed,EMP011,WH-D,Expired stock removed
WR000516,INV001703,MED002110,BAT987729,2026-02-14,2027-03-08,86,173.67,14935.62,Recalled,Incineration,Completed,EMP015,WH-A,Safety recall
WR000517,INV003296,MED013149,BAT799636,2026-07-21,2026-12-31,2,525.51,1051.02,Expired,Biohazard Disposal,Completed,EMP015,WH-B,Expired stock removed
WR000518,INV001968,MED136625,BAT981323,2026-07-07,2027-12-23,89,251.3,22365.7,Damaged,Return to Supplier,Completed,EMP006,WH-C,Broken container
WR000519,INV002680,MED113650,BAT918459,2026-03-26,2026-01-19,147,263.05,38668.35,Expired,Biohazard Disposal,Completed,EMP020,WH-A,Medicine expired
WR000520,INV003539,MED038474,BAT240832,2026-07-21,2028-09-11,184,473.17,87063.28,Expired,Recycling,Completed,EMP009,WH-B,Expired stock removed
WR000521,INV001148,MED068993,BAT375834,2025-11-10,2025-05-08,101,74.3,7504.3,Expired,Return to Supplier,Completed,EMP013,WH-B,Medicine expired
WR000522,INV004637,MED053568,BAT538535,2026-05-13,2027-09-29,6,12.43,74.58,Damaged,Biohazard Disposal,Completed,EMP019,WH-E,Packaging damaged
WR000523,INV002499,MED019917,BAT241800,2026-07-21,2026-07-25,196,597.83,117174.68,Expired,Incineration,Completed,EMP002,WH-A,Expired stock removed
WR000524,INV001079,MED009346,BAT232053,2026-02-01,2028-07-09,141,278.83,39315.03,Damaged,Incineration,Completed,EMP003,WH-C,Broken container
WR000525,INV001616,MED060133,BAT961487,2026-07-21,2026-12-20,170,333.76,56739.2,Expired,Incineration,Completed,EMP001,WH-A,Medicine expired
WR000526,INV004292,MED014299,BAT803775,2026-04-28,2026-04-14,183,41.19,7537.77,Expired,Biohazard Disposal,Completed,EMP003,WH-A,Expired stock removed
WR000527,INV004914,MED122524,BAT243850,2026-04-15,2027-03-15,154,530.81,81744.74,Recalled,Return to Supplier,Completed,EMP013,WH-B,Safety recall
WR000528,INV001488,MED095449,BAT599508,2026-01-28,2027-12-22,44,112.76,4961.44,Overstock,Return to Supplier,Completed,EMP002,WH-A,Low demand
WR000529,INV002293,MED116694,BAT215530,2026-07-21,2026-09-24,175,14.26,2495.5,Expired,Incineration,Completed,EMP019,WH-A,Expired stock removed
WR000530,INV002772,MED087628,BAT533711,2026-05-05,2027-07-05,128,126.25,16160.0,Overstock,Incineration,Completed,EMP010,WH-A,Low demand
WR000531,INV000020,MED076724,BAT922733,2026-07-21,2028-04-03,20,397.09,7941.8,Expired,Biohazard Disposal,Completed,EMP007,WH-D,Medicine expired
WR000532,INV002944,MED008641,BAT360611,2026-06-24,2026-02-05,120,295.05,35406.0,Expired,Recycling,Completed,EMP007,WH-C,Expired stock removed
WR000533,INV004978,MED117214,BAT558847,2026-07-10,2026-01-06,59,115.48,6813.32,Damaged,Recycling,Completed,EMP015,WH-B,Broken container
WR000534,INV001008,MED063181,BAT688155,2025-12-17,2025-10-24,162,197.62,32014.44,Expired,Biohazard Disposal,Completed,EMP016,WH-C,Medicine expired
WR000535,INV000541,MED014376,BAT840532,2026-07-21,2028-09-12,60,425.83,25549.8,Expired,Biohazard Disposal,Completed,EMP001,WH-E,Expired stock removed
WR000536,INV004906,MED124726,BAT459387,2026-06-29,2026-08-06,69,101.28,6988.32,Contaminated,Return to Supplier,Completed,EMP018,WH-E,Contaminated during storage
WR000537,INV001980,MED028924,BAT969074,2026-03-06,2027-03-26,8,120.97,967.76,Damaged,Recycling,Completed,EMP019,WH-C,Broken container
WR000538,INV000362,MED048190,BAT593649,2026-02-02,2027-02-22,64,458.94,29372.16,Damaged,Recycling,Completed,EMP015,WH-C,Packaging damaged
WR000539,INV002059,MED087470,BAT867040,2026-04-09,2027-06-24,177,428.86,75908.22,Contaminated,Return to Supplier,Completed,EMP002,WH-B,Contaminated during storage
WR000540,INV002617,MED123456,BAT987938,2026-07-01,2025-06-17,41,26.62,1091.42,Overstock,Biohazard Disposal,Completed,EMP010,WH-B,Low demand
WR000541,INV001875,MED020247,BAT390910,2026-04-10,2026-10-26,160,259.9,41584.0,Damaged,Biohazard Disposal,Completed,EMP019,WH-C,Broken container
WR000542,INV001848,MED109331,BAT490959,2026-04-11,2027-05-06,2,80.22,160.44,Damaged,Recycling,Completed,EMP016,WH-B,Packaging damaged
WR000543,INV001007,MED026419,BAT466242,2026-07-21,2028-02-13,89,579.53,51578.17,Expired,Biohazard Disposal,Completed,EMP004,WH-E,Expired stock removed
WR000544,INV004069,MED130705,BAT482275,2026-07-21,2027-07-10,50,377.86,18893.0,Expired,Return to Supplier,Completed,EMP011,WH-B,Expired stock removed
WR000545,INV003935,MED103929,BAT633611,2026-02-05,2028-03-27,169,573.39,96902.91,Overstock,Return to Supplier,Completed,EMP002,WH-D,Low demand
WR000546,INV003678,MED075313,BAT401804,2026-07-20,2025-09-18,36,116.25,4185.0,Expired,Recycling,Completed,EMP019,WH-D,Expired stock removed
WR000547,INV004822,MED061718,BAT432757,2026-05-06,2028-12-06,105,100.24,10525.2,Damaged,Biohazard Disposal,Pending,EMP002,WH-C,Packaging damaged
WR000548,INV000319,MED051948,BAT383572,2026-01-27,2025-07-18,144,22.44,3231.36,Expired,Recycling,Pending,EMP003,WH-A,Medicine expired
WR000549,INV002308,MED039767,BAT650703,2026-07-12,2025-08-02,178,537.65,95701.7,Damaged,Return to Supplier,Completed,EMP005,WH-C,Broken container
WR000550,INV003537,MED120608,BAT127168,2026-06-22,2028-01-27,51,405.15,20662.65,Damaged,Biohazard Disposal,Completed,EMP014,WH-B,Packaging damaged
WR000551,INV002832,MED027764,BAT861186,2026-04-02,2026-01-11,67,515.86,34562.62,Overstock,Return to Supplier,Completed,EMP004,WH-B,Low demand
WR000552,INV001422,MED048767,BAT314161,2026-07-19,2026-01-31,13,388.17,5046.21,Expired,Biohazard Disposal,Completed,EMP016,WH-D,Expired stock removed
WR000553,INV004507,MED026283,BAT495452,2026-04-07,2027-06-08,103,431.02,44395.06,Overstock,Return to Supplier,Completed,EMP011,WH-B,Excess inventory
WR000554,INV001838,MED123896,BAT143995,2026-07-21,2029-01-10,29,457.32,13262.28,Expired,Recycling,Completed,EMP005,WH-B,Expired stock removed
WR000555,INV004566,MED134960,BAT450730,2026-02-18,2027-09-28,105,325.17,34142.85,Damaged,Recycling,Completed,EMP004,WH-C,Packaging damaged
WR000556,INV002626,MED048531,BAT675715,2026-05-26,2026-12-26,140,19.66,2752.4,Damaged,Biohazard Disposal,Completed,EMP010,WH-C,Broken container
WR000557,INV002415,MED050912,BAT312362,2026-07-21,2027-08-23,19,412.87,7844.53,Expired,Biohazard Disposal,Completed,EMP007,WH-B,Expired stock removed
WR000558,INV002567,MED019944,BAT405457,2026-03-25,2025-12-23,117,391.59,45816.03,Expired,Return to Supplier,Completed,EMP018,WH-C,Medicine expired
WR000559,INV002627,MED021088,BAT214672,2026-04-08,2027-07-13,46,117.14,5388.44,Damaged,Return to Supplier,Completed,EMP009,WH-E,Broken container
WR000560,INV000999,MED109274,BAT562241,2026-07-21,2027-11-28,32,227.34,7274.88,Expired,Incineration,Completed,EMP009,WH-D,Medicine expired
WR000561,INV004976,MED125197,BAT741433,2026-07-21,2027-08-07,169,252.79,42721.51,Expired,Recycling,Completed,EMP018,WH-A,Medicine expired
WR000562,INV002644,MED033042,BAT280580,2026-04-23,2027-02-11,126,270.87,34129.62,Overstock,Incineration,Pending,EMP015,WH-B,Low demand
WR000563,INV000196,MED097440,BAT301603,2026-07-21,2026-07-29,14,565.18,7912.52,Expired,Incineration,Completed,EMP013,WH-B,Expired stock removed
WR000564,INV000681,MED028363,BAT806906,2026-04-24,2029-01-06,192,315.98,60668.16,Damaged,Recycling,Completed,EMP004,WH-B,Packaging damaged
WR000565,INV000042,MED050906,BAT854717,2026-07-21,2027-07-15,105,199.08,20903.4,Expired,Return to Supplier,Completed,EMP011,WH-B,Expired stock removed
WR000566,INV002222,MED055503,BAT359277,2026-05-06,2026-02-07,165,150.58,24845.7,Damaged,Incineration,Pending,EMP015,WH-C,Broken container
WR000567,INV000380,MED101320,BAT868677,2026-06-07,2025-12-17,155,243.46,37736.3,Expired,Return to Supplier,Completed,EMP002,WH-D,Medicine expired
WR000568,INV001166,MED068053,BAT879598,2026-02-14,2025-05-28,94,64.31,6045.14,Damaged,Incineration,Completed,EMP012,WH-D,Broken container
WR000569,INV004053,MED046053,BAT559893,2026-03-20,2025-08-02,71,168.13,11937.23,Overstock,Biohazard Disposal,Completed,EMP003,WH-D,Low demand
WR000570,INV001923,MED038774,BAT575214,2026-04-28,2026-05-31,140,592.44,82941.6,Damaged,Incineration,Completed,EMP006,WH-A,Broken container
WR000571,INV001181,MED118031,BAT485115,2026-07-16,2027-06-15,115,397.32,45691.8,Damaged,Recycling,Completed,EMP001,WH-A,Broken container
WR000572,INV003670,MED001582,BAT607737,2026-03-31,2026-10-20,83,408.22,33882.26,Overstock,Incineration,Completed,EMP012,WH-B,Excess inventory
WR000573,INV002650,MED024365,BAT555219,2026-03-25,2027-01-29,58,316.53,18358.74,Damaged,Biohazard Disposal,Completed,EMP012,WH-B,Packaging damaged
WR000574,INV000957,MED044462,BAT293007,2025-11-30,2024-12-19,134,419.55,56219.7,Expired,Biohazard Disposal,Pending,EMP012,WH-D,Medicine expired
WR000575,INV003193,MED061853,BAT163362,2026-07-21,2027-11-26,10,210.5,2105.0,Expired,Biohazard Disposal,Completed,EMP014,WH-E,Expired stock removed
WR000576,INV002829,MED101072,BAT286481,2026-01-29,2029-06-03,88,205.12,18050.56,Recalled,Return to Supplier,Completed,EMP004,WH-D,Safety recall
WR000577,INV004427,MED135681,BAT630637,2026-02-19,2026-02-18,29,345.69,10025.01,Expired,Return to Supplier,Completed,EMP014,WH-D,Expired stock removed
WR000578,INV003657,MED100768,BAT359462,2026-07-21,2027-01-27,131,265.23,34745.13,Expired,Biohazard Disposal,Pending,EMP009,WH-E,Medicine expired
WR000579,INV001933,MED118053,BAT168904,2026-07-21,2026-09-06,33,508.78,16789.74,Expired,Recycling,Completed,EMP016,WH-A,Medicine expired
WR000580,INV003422,MED128523,BAT306468,2025-03-07,2025-02-20,145,108.06,15668.7,Expired,Incineration,Completed,EMP004,WH-A,Expired stock removed
WR000581,INV001301,MED040126,BAT362847,2026-07-21,2027-06-18,99,402.67,39864.33,Expired,Biohazard Disposal,Completed,EMP017,WH-C,Medicine expired
WR000582,INV000211,MED114634,BAT181896,2026-02-13,2025-03-31,96,125.28,12026.88,Damaged,Return to Supplier,Completed,EMP014,WH-C,Broken container
WR000583,INV001463,MED108561,BAT630888,2026-07-21,2027-03-12,35,168.47,5896.45,Expired,Return to Supplier,Completed,EMP017,WH-A,Expired stock removed
WR000584,INV004346,MED022426,BAT974843,2026-06-27,2028-06-18,38,389.9,14816.2,Damaged,Incineration,Completed,EMP001,WH-E,Packaging damaged
WR000585,INV002911,MED045803,BAT965323,2026-02-19,2025-05-25,16,323.06,5168.96,Damaged,Return to Supplier,Completed,EMP006,WH-E,Packaging damaged
WR000586,INV004559,MED130125,BAT226814,2026-07-21,2027-01-14,56,99.11,5550.16,Expired,Return to Supplier,Completed,EMP006,WH-B,Medicine expired
WR000587,INV002320,MED079956,BAT165126,2026-02-08,2026-11-14,92,458.27,42160.84,Recalled,Incineration,Completed,EMP001,WH-B,Safety recall
WR000588,INV003292,MED107300,BAT967008,2026-07-21,2026-12-18,13,300.14,3901.82,Expired,Biohazard Disposal,Completed,EMP020,WH-D,Expired stock removed
WR000589,INV004983,MED133688,BAT439431,2026-07-21,2027-01-06,178,447.6,79672.8,Expired,Biohazard Disposal,Completed,EMP017,WH-A,Expired stock removed
WR000590,INV004645,MED110085,BAT341281,2026-07-21,2029-05-04,40,79.79,3191.6,Expired,Incineration,Completed,EMP016,WH-E,Medicine expired
WR000591,INV003170,MED115464,BAT564634,2026-03-04,2025-12-01,42,539.05,22640.1,Expired,Incineration,Completed,EMP014,WH-C,Expired stock removed
WR000592,INV001003,MED051378,BAT733727,2026-03-14,2027-10-03,46,275.47,12671.62,Damaged,Return to Supplier,Completed,EMP010,WH-B,Packaging damaged
WR000593,INV001376,MED060378,BAT552708,2026-07-21,2026-07-19,95,427.86,40646.7,Expired,Recycling,Completed,EMP016,WH-D,Expired stock removed
WR000594,INV003294,MED128380,BAT855829,2026-06-01,2026-05-13,69,596.83,41181.27,Expired,Biohazard Disposal,Completed,EMP004,WH-A,Medicine expired
WR000595,INV003629,MED023032,BAT974176,2026-07-21,2027-07-01,154,578.52,89092.08,Expired,Return to Supplier,Completed,EMP004,WH-B,Expired stock removed
WR000596,INV001823,MED038959,BAT254228,2026-07-21,2028-05-29,37,525.11,19429.07,Expired,Return to Supplier,Completed,EMP001,WH-E,Expired stock removed
WR000597,INV002562,MED051064,BAT533351,2026-01-28,2026-09-28,99,322.63,31940.37,Recalled,Incineration,Pending,EMP017,WH-B,Safety recall
WR000598,INV002489,MED066277,BAT335086,2026-06-16,2026-08-01,60,24.55,1473.0,Overstock,Return to Supplier,Completed,EMP010,WH-B,Low demand
WR000599,INV000511,MED062174,BAT918017,2026-05-24,2026-10-27,12,252.83,3033.96,Damaged,Return to Supplier,Completed,EMP006,WH-E,Broken container
WR000600,INV000452,MED056122,BAT525146,2026-07-21,2026-12-22,66,551.91,36426.06,Expired,Biohazard Disposal,Completed,EMP007,WH-E,Expired stock removed
WR000601,INV001246,MED041473,BAT226858,2026-07-12,2029-05-03,100,497.51,49751.0,Damaged,Biohazard Disposal,Completed,EMP004,WH-A,Packaging damaged
WR000602,INV002974,MED050929,BAT533389,2026-02-05,2027-01-14,198,417.45,82655.1,Overstock,Biohazard Disposal,Completed,EMP013,WH-E,Excess inventory
WR000603,INV004446,MED025114,BAT260633,2026-02-17,2025-12-31,50,464.11,23205.5,Expired,Recycling,Completed,EMP014,WH-C,Medicine expired
WR000604,INV003403,MED124106,BAT921498,2026-06-14,2029-03-18,184,357.09,65704.56,Contaminated,Recycling,Completed,EMP015,WH-A,Quality issue
WR000605,INV003315,MED074064,BAT213246,2026-07-21,2026-08-25,41,9.91,406.31,Expired,Recycling,Completed,EMP017,WH-B,Medicine expired
WR000606,INV002423,MED097071,BAT148465,2026-07-21,2027-09-14,26,297.04,7723.04,Expired,Biohazard Disposal,Completed,EMP005,WH-D,Medicine expired
WR000607,INV003465,MED114633,BAT678603,2026-05-27,2026-04-14,48,448.19,21513.12,Expired,Biohazard Disposal,Completed,EMP009,WH-E,Medicine expired
WR000608,INV001372,MED007335,BAT208834,2026-03-20,2025-11-05,2,39.76,79.52,Damaged,Incineration,Completed,EMP020,WH-A,Broken container
WR000609,INV002885,MED124847,BAT416874,2026-07-21,2027-07-05,198,422.04,83563.92,Expired,Recycling,Completed,EMP008,WH-B,Medicine expired
WR000610,INV004236,MED042670,BAT452984,2026-04-30,2028-03-25,87,248.95,21658.65,Overstock,Recycling,Completed,EMP002,WH-C,Excess inventory
WR000611,INV004404,MED011629,BAT256167,2025-10-06,2025-10-02,142,229.81,32633.02,Expired,Biohazard Disposal,Pending,EMP012,WH-D,Medicine expired
WR000612,INV000301,MED036691,BAT360322,2026-07-06,2028-10-04,157,345.06,54174.42,Overstock,Incineration,Completed,EMP008,WH-A,Low demand
WR000613,INV000009,MED035111,BAT514850,2026-07-21,2027-06-09,39,448.27,17482.53,Expired,Incineration,Completed,EMP002,WH-E,Medicine expired
WR000614,INV004711,MED060700,BAT830765,2026-07-21,2028-01-09,112,597.01,66865.12,Expired,Recycling,Completed,EMP001,WH-C,Medicine expired
WR000615,INV004616,MED100867,BAT231413,2026-07-21,2027-02-17,31,251.99,7811.69,Expired,Return to Supplier,Completed,EMP003,WH-A,Expired stock removed
WR000616,INV004548,MED000404,BAT989153,2026-03-01,2027-11-05,16,408.66,6538.56,Overstock,Biohazard Disposal,Completed,EMP012,WH-C,Low demand
WR000617,INV004921,MED046710,BAT429439,2026-04-14,2026-07-12,71,81.24,5768.04,Damaged,Biohazard Disposal,Completed,EMP018,WH-D,Broken container
WR000618,INV002477,MED113649,BAT233464,2026-07-21,2028-04-29,145,125.52,18200.4,Expired,Recycling,Completed,EMP017,WH-D,Medicine expired
WR000619,INV001697,MED015829,BAT628986,2026-07-15,2026-07-12,8,20.27,162.16,Expired,Recycling,Pending,EMP011,WH-C,Expired stock removed
WR000620,INV004908,MED047241,BAT152859,2026-05-16,2028-02-08,33,445.99,14717.67,Recalled,Return to Supplier,Completed,EMP009,WH-E,Manufacturer recall
WR000621,INV004891,MED096891,BAT251418,2026-04-30,2024-09-11,180,321.0,57780.0,Damaged,Incineration,Completed,EMP008,WH-E,Packaging damaged
WR000622,INV001954,MED025596,BAT174575,2026-07-21,2027-07-26,130,58.43,7595.9,Expired,Recycling,Completed,EMP006,WH-E,Expired stock removed
WR000623,INV001557,MED040191,BAT750475,2026-04-09,2025-03-08,118,100.4,11847.2,Overstock,Incineration,Completed,EMP003,WH-B,Excess inventory
WR000624,INV003682,MED116506,BAT350585,2026-06-16,2026-09-26,8,509.07,4072.56,Overstock,Recycling,Completed,EMP020,WH-E,Low demand
WR000625,INV001585,MED010636,BAT212322,2026-03-16,2026-08-18,64,455.85,29174.4,Recalled,Incineration,Completed,EMP020,WH-E,Manufacturer recall
WR000626,INV000986,MED067858,BAT385031,2026-05-30,2026-05-14,119,447.17,53213.23,Expired,Incineration,Completed,EMP001,WH-B,Expired stock removed
WR000627,INV004858,MED015865,BAT983008,2026-03-05,2027-03-09,64,401.03,25665.92,Overstock,Biohazard Disposal,Completed,EMP003,WH-B,Excess inventory
WR000628,INV001862,MED007399,BAT569557,2026-02-12,2027-02-06,178,535.14,95254.92,Overstock,Biohazard Disposal,Completed,EMP007,WH-B,Excess inventory
WR000629,INV002878,MED093178,BAT331260,2026-02-05,2028-05-29,197,298.21,58747.37,Damaged,Incineration,Completed,EMP006,WH-A,Packaging damaged
WR000630,INV003989,MED108925,BAT540920,2026-06-04,2026-09-29,109,84.44,9203.96,Overstock,Incineration,Completed,EMP003,WH-C,Excess inventory
WR000631,INV002048,MED104418,BAT118127,2026-07-21,2027-07-12,46,160.33,7375.18,Expired,Incineration,Completed,EMP019,WH-E,Expired stock removed
WR000632,INV003152,MED029271,BAT251021,2026-01-27,2028-08-26,14,93.98,1315.72,Contaminated,Biohazard Disposal,Completed,EMP006,WH-D,Quality issue
WR000633,INV003405,MED133205,BAT637393,2026-04-01,2027-08-05,107,443.57,47461.99,Overstock,Recycling,Completed,EMP001,WH-C,Low demand
WR000634,INV004358,MED054176,BAT551994,2026-07-21,2026-08-13,13,174.25,2265.25,Expired,Return to Supplier,Pending,EMP017,WH-C,Expired stock removed
WR000635,INV000729,MED119065,BAT900771,2026-07-21,2026-10-12,29,36.67,1063.43,Expired,Recycling,Completed,EMP007,WH-B,Medicine expired
WR000636,INV003353,MED094054,BAT330748,2026-07-04,2026-01-24,110,111.6,12276.0,Contaminated,Recycling,Completed,EMP003,WH-B,Quality issue
WR000637,INV002630,MED083471,BAT688437,2026-07-21,2028-03-12,149,377.74,56283.26,Expired,Incineration,Completed,EMP011,WH-E,Expired stock removed
WR000638,INV004042,MED109254,BAT610113,2026-05-09,2027-12-14,78,52.23,4073.94,Damaged,Biohazard Disposal,Completed,EMP019,WH-E,Broken container
WR000639,INV002527,MED068583,BAT495588,2026-07-21,2026-10-19,10,255.13,2551.3,Expired,Biohazard Disposal,Completed,EMP018,WH-C,Expired stock removed
WR000640,INV001600,MED037382,BAT379068,2026-07-21,2029-04-05,192,320.87,61607.04,Expired,Incineration,Completed,EMP002,WH-E,Medicine expired
WR000641,INV003870,MED041307,BAT199347,2026-06-05,2027-02-03,1,460.48,460.48,Damaged,Recycling,Completed,EMP015,WH-C,Broken container
WR000642,INV000809,MED119148,BAT823044,2026-02-14,2027-01-28,184,200.89,36963.76,Overstock,Recycling,Completed,EMP009,WH-A,Excess inventory
WR000643,INV003462,MED117244,BAT335164,2026-02-21,2027-05-14,2,291.79,583.58,Damaged,Incineration,Completed,EMP019,WH-C,Packaging damaged
WR000644,INV004179,MED095268,BAT604520,2026-01-24,2026-03-31,73,275.93,20142.89,Damaged,Return to Supplier,Completed,EMP006,WH-C,Broken container
WR000645,INV002022,MED066028,BAT873325,2026-06-22,2027-04-15,41,211.96,8690.36,Overstock,Return to Supplier,Completed,EMP017,WH-E,Excess inventory
WR000646,INV003230,MED088879,BAT844959,2026-07-05,2026-02-23,144,292.3,42091.2,Recalled,Return to Supplier,Completed,EMP015,WH-D,Manufacturer recall
WR000647,INV002073,MED093078,BAT657099,2026-04-24,2027-07-29,20,424.04,8480.8,Overstock,Return to Supplier,Completed,EMP015,WH-E,Low demand
WR000648,INV004925,MED053130,BAT930269,2026-04-17,2025-05-26,143,542.06,77514.58,Expired,Return to Supplier,Completed,EMP010,WH-A,Expired stock removed
WR000649,INV001649,MED130923,BAT918433,2026-07-21,2027-08-06,96,448.88,43092.48,Expired,Recycling,Completed,EMP003,WH-A,Expired stock removed
WR000650,INV003799,MED018657,BAT399524,2026-07-21,2027-10-19,109,274.63,29934.67,Expired,Incineration,Completed,EMP018,WH-D,Expired stock removed
WR000651,INV002813,MED128500,BAT545016,2026-03-24,2026-10-19,4,246.72,986.88,Contaminated,Recycling,Completed,EMP004,WH-C,Quality issue
WR000652,INV003555,MED100246,BAT774468,2026-06-12,2025-07-09,27,138.77,3746.79,Expired,Incineration,Completed,EMP018,WH-E,Expired stock removed
WR000653,INV003005,MED111165,BAT711956,2026-07-16,2026-07-13,107,132.59,14187.13,Expired,Return to Supplier,Completed,EMP009,WH-E,Expired stock removed
WR000654,INV000645,MED055267,BAT565420,2025-10-18,2025-05-24,49,523.72,25662.28,Expired,Incineration,Completed,EMP009,WH-C,Medicine expired
WR000655,INV002395,MED033634,BAT526283,2026-07-21,2028-08-07,161,502.72,80937.92,Expired,Recycling,Pending,EMP005,WH-A,Medicine expired
WR000656,INV003742,MED042495,BAT691426,2026-07-21,2027-10-09,4,301.82,1207.28,Expired,Return to Supplier,Completed,EMP018,WH-E,Medicine expired
WR000657,INV002096,MED001089,BAT249642,2026-07-21,2028-05-01,25,560.51,14012.75,Expired,Biohazard Disposal,Completed,EMP013,WH-C,Expired stock removed
WR000658,INV000707,MED040393,BAT194632,2026-03-19,2027-06-07,42,200.93,8439.06,Overstock,Recycling,Completed,EMP011,WH-B,Low demand
WR000659,INV002599,MED024805,BAT964152,2026-01-25,2026-06-11,18,121.78,2192.04,Damaged,Return to Supplier,Completed,EMP015,WH-B,Broken container
WR000660,INV001208,MED082057,BAT415183,2026-07-21,2027-12-20,93,82.29,7652.97,Expired,Return to Supplier,Completed,EMP003,WH-A,Expired stock removed
WR000661,INV000858,MED014402,BAT542166,2026-01-23,2024-09-10,115,409.58,47101.7,Overstock,Return to Supplier,Completed,EMP012,WH-B,Excess inventory
WR000662,INV000014,MED087904,BAT100599,2026-07-21,2027-08-02,31,527.84,16363.04,Expired,Return to Supplier,Completed,EMP010,WH-B,Expired stock removed
WR000663,INV002445,MED023031,BAT882872,2026-07-21,2027-04-28,144,84.98,12237.12,Expired,Incineration,Completed,EMP006,WH-B,Expired stock removed
WR000664,INV000458,MED012382,BAT287155,2026-07-21,2028-01-11,166,165.1,27406.6,Expired,Biohazard Disposal,Completed,EMP019,WH-B,Expired stock removed
WR000665,INV004154,MED086968,BAT998719,2026-07-21,2026-10-08,178,57.27,10194.06,Expired,Biohazard Disposal,Completed,EMP002,WH-C,Medicine expired
WR000666,INV003319,MED006349,BAT928394,2026-07-21,2028-07-28,17,410.14,6972.38,Expired,Biohazard Disposal,Completed,EMP018,WH-E,Medicine expired
WR000667,INV002728,MED041122,BAT595598,2026-07-21,2026-11-11,60,542.01,32520.6,Expired,Recycling,Completed,EMP019,WH-E,Medicine expired
WR000668,INV003054,MED052316,BAT978133,2026-07-21,2026-10-08,39,185.98,7253.22,Expired,Return to Supplier,Completed,EMP008,WH-A,Medicine expired
WR000669,INV002146,MED022555,BAT338447,2026-03-16,2028-03-10,102,100.06,10206.12,Recalled,Recycling,Completed,EMP007,WH-D,Manufacturer recall
WR000670,INV000240,MED136689,BAT116418,2026-07-21,2027-03-06,96,557.68,53537.28,Expired,Return to Supplier,Completed,EMP014,WH-B,Expired stock removed
WR000671,INV001511,MED080856,BAT232372,2026-04-03,2025-03-26,36,505.96,18214.56,Damaged,Return to Supplier,Completed,EMP012,WH-D,Packaging damaged
WR000672,INV001045,MED036956,BAT192292,2026-02-05,2027-07-01,198,593.79,117570.42,Overstock,Incineration,Completed,EMP003,WH-C,Excess inventory
WR000673,INV003532,MED079863,BAT493170,2026-04-09,2026-06-17,128,341.97,43772.16,Damaged,Incineration,Completed,EMP004,WH-E,Broken container
WR000674,INV004261,MED075060,BAT694310,2026-07-06,2025-04-02,196,153.36,30058.56,Contaminated,Incineration,Completed,EMP013,WH-A,Contaminated during storage
WR000675,INV004508,MED078990,BAT299916,2026-07-14,2026-06-16,14,246.27,3447.78,Expired,Biohazard Disposal,Completed,EMP019,WH-C,Expired stock removed
WR000676,INV002503,MED019287,BAT228046,2026-02-01,2026-07-21,69,75.79,5229.51,Overstock,Return to Supplier,Completed,EMP006,WH-A,Low demand
WR000677,INV002236,MED021940,BAT197962,2026-07-21,2028-09-29,178,378.83,67431.74,Expired,Biohazard Disposal,Completed,EMP016,WH-E,Expired stock removed
WR000678,INV001666,MED095589,BAT461287,2026-05-04,2026-01-15,112,436.37,48873.44,Contaminated,Return to Supplier,Completed,EMP002,WH-A,Quality issue
WR000679,INV003199,MED089376,BAT878771,2026-07-21,2026-12-23,44,130.89,5759.16,Expired,Incineration,Pending,EMP002,WH-D,Expired stock removed
WR000680,INV004987,MED121218,BAT178882,2026-05-29,2027-09-24,17,41.56,706.52,Damaged,Biohazard Disposal,Completed,EMP010,WH-D,Packaging damaged
WR000681,INV001726,MED002908,BAT448781,2026-07-21,2026-08-28,172,368.67,63411.24,Expired,Recycling,Completed,EMP015,WH-D,Expired stock removed
WR000682,INV000805,MED091356,BAT168535,2026-07-21,2027-02-22,27,560.47,15132.69,Expired,Biohazard Disposal,Completed,EMP002,WH-C,Expired stock removed
WR000683,INV002099,MED101966,BAT697339,2026-01-06,2025-12-02,128,563.4,72115.2,Expired,Return to Supplier,Completed,EMP005,WH-C,Expired stock removed
WR000684,INV004483,MED134181,BAT922695,2026-01-30,2025-06-17,36,157.97,5686.92,Damaged,Recycling,Completed,EMP017,WH-D,Packaging damaged
WR000685,INV000307,MED066457,BAT580728,2026-07-07,2026-06-28,152,384.14,58389.28,Expired,Incineration,Completed,EMP013,WH-E,Medicine expired
WR000686,INV001959,MED052903,BAT297526,2026-04-26,2026-01-09,74,113.1,8369.4,Damaged,Incineration,Completed,EMP020,WH-B,Broken container
WR000687,INV002948,MED004962,BAT850252,2026-05-25,2027-09-05,2,559.3,1118.6,Overstock,Incineration,Completed,EMP019,WH-D,Excess inventory
WR000688,INV003830,MED066600,BAT709760,2026-07-21,2028-01-31,8,124.63,997.04,Expired,Biohazard Disposal,Completed,EMP002,WH-A,Expired stock removed
WR000689,INV000327,MED127955,BAT334081,2026-07-15,2026-07-04,87,80.77,7026.99,Expired,Biohazard Disposal,Completed,EMP005,WH-E,Expired stock removed
WR000690,INV000430,MED063042,BAT576728,2026-05-20,2024-11-17,2,381.97,763.94,Overstock,Recycling,Completed,EMP013,WH-C,Excess inventory
WR000691,INV000097,MED006084,BAT440131,2026-02-24,2025-08-03,90,91.61,8244.9,Expired,Recycling,Completed,EMP020,WH-B,Medicine expired
WR000692,INV000635,MED104761,BAT116703,2026-07-21,2028-12-13,146,515.46,75257.16,Expired,Biohazard Disposal,Completed,EMP016,WH-D,Medicine expired
WR000693,INV000551,MED013911,BAT859246,2026-07-21,2027-03-20,46,159.5,7337.0,Expired,Return to Supplier,Completed,EMP009,WH-C,Medicine expired
WR000694,INV004690,MED022486,BAT221728,2025-12-29,2025-09-29,156,188.42,29393.52,Expired,Incineration,Pending,EMP015,WH-A,Expired stock removed
WR000695,INV004426,MED110028,BAT740441,2026-02-09,2027-11-19,192,388.93,74674.56,Recalled,Return to Supplier,Completed,EMP008,WH-E,Manufacturer recall
WR000696,INV002050,MED086628,BAT269864,2026-03-24,2028-07-02,6,380.46,2282.76,Recalled,Incineration,Completed,EMP017,WH-A,Manufacturer recall
WR000697,INV004503,MED075570,BAT721250,2026-07-21,2027-02-21,119,78.2,9305.8,Expired,Biohazard Disposal,Pending,EMP012,WH-D,Medicine expired
WR000698,INV001355,MED122719,BAT407189,2026-07-21,2027-11-30,9,296.83,2671.47,Expired,Incineration,Completed,EMP014,WH-E,Medicine expired
WR000699,INV003132,MED049676,BAT105158,2026-07-21,2026-08-07,163,575.25,93765.75,Expired,Biohazard Disposal,Completed,EMP005,WH-C,Expired stock removed
WR000700,INV004223,MED120674,BAT702611,2026-03-23,2026-11-11,181,582.99,105521.19,Overstock,Return to Supplier,Completed,EMP013,WH-C,Low demand
WR000701,INV001902,MED007752,BAT627788,2026-03-19,2026-02-16,87,247.26,21511.62,Expired,Incineration,Completed,EMP006,WH-A,Medicine expired
WR000702,INV003281,MED074976,BAT870341,2026-07-05,2026-12-12,94,115.83,10888.02,Recalled,Return to Supplier,Completed,EMP005,WH-A,Safety recall
WR000703,INV000187,MED133339,BAT234913,2026-07-07,2026-01-24,114,336.91,38407.74,Overstock,Recycling,Completed,EMP014,WH-B,Excess inventory
WR000704,INV003996,MED041952,BAT477574,2026-07-21,2028-07-12,170,276.31,46972.7,Expired,Recycling,Completed,EMP019,WH-C,Medicine expired
WR000705,INV003640,MED040246,BAT861049,2026-05-28,2028-09-02,23,128.31,2951.13,Recalled,Incineration,Completed,EMP012,WH-B,Safety recall
WR000706,INV000873,MED003349,BAT548158,2026-07-21,2026-12-22,78,95.92,7481.76,Expired,Biohazard Disposal,Completed,EMP020,WH-D,Medicine expired
WR000707,INV002019,MED046929,BAT741449,2026-07-21,2027-05-09,148,172.44,25521.12,Expired,Return to Supplier,Pending,EMP019,WH-E,Expired stock removed
WR000708,INV002497,MED089785,BAT263511,2025-12-13,2025-05-13,192,258.15,49564.8,Expired,Recycling,Completed,EMP020,WH-A,Expired stock removed
WR000709,INV002652,MED094024,BAT439926,2026-03-07,2025-03-24,181,209.69,37953.89,Damaged,Return to Supplier,Completed,EMP017,WH-B,Broken container
WR000710,INV003693,MED046984,BAT550514,2026-06-23,2026-10-01,113,508.52,57462.76,Damaged,Incineration,Completed,EMP013,WH-B,Packaging damaged
WR000711,INV004948,MED015084,BAT225639,2026-04-10,2027-12-21,36,286.3,10306.8,Damaged,Incineration,Completed,EMP010,WH-D,Broken container
WR000712,INV000287,MED066279,BAT327797,2025-05-11,2025-04-08,123,355.8,43763.4,Expired,Recycling,Completed,EMP005,WH-C,Medicine expired
WR000713,INV001099,MED130072,BAT560197,2026-07-21,2028-07-29,181,343.65,62200.65,Expired,Biohazard Disposal,Completed,EMP001,WH-C,Medicine expired
WR000714,INV003361,MED025587,BAT480708,2026-04-01,2027-05-31,35,549.43,19230.05,Damaged,Recycling,Completed,EMP012,WH-B,Broken container
WR000715,INV003420,MED063421,BAT502354,2026-02-28,2026-10-07,74,522.85,38690.9,Damaged,Biohazard Disposal,Completed,EMP004,WH-A,Packaging damaged
WR000716,INV001129,MED076461,BAT752126,2026-05-20,2025-02-13,33,558.53,18431.49,Expired,Biohazard Disposal,Completed,EMP006,WH-A,Medicine expired
WR000717,INV002309,MED033445,BAT882275,2026-07-21,2027-07-28,75,594.67,44600.25,Expired,Biohazard Disposal,Completed,EMP012,WH-A,Expired stock removed
WR000718,INV004123,MED093671,BAT783263,2026-07-12,2025-08-15,37,531.14,19652.18,Contaminated,Recycling,Completed,EMP006,WH-E,Quality issue
WR000719,INV001230,MED128549,BAT201866,2026-02-16,2026-05-09,78,136.53,10649.34,Recalled,Return to Supplier,Completed,EMP020,WH-E,Manufacturer recall
WR000720,INV002446,MED109203,BAT381715,2026-05-20,2024-12-03,152,583.31,88663.12,Damaged,Incineration,Pending,EMP014,WH-D,Broken container
WR000721,INV001547,MED074370,BAT404289,2026-02-13,2027-03-06,146,247.37,36116.02,Overstock,Return to Supplier,Completed,EMP002,WH-D,Excess inventory
WR000722,INV003200,MED125152,BAT325203,2026-07-21,2027-08-05,161,259.88,41840.68,Expired,Recycling,Pending,EMP015,WH-E,Expired stock removed
WR000723,INV002839,MED080648,BAT785371,2026-07-21,2027-10-25,143,465.18,66520.74,Expired,Return to Supplier,Completed,EMP003,WH-A,Medicine expired
WR000724,INV004287,MED015885,BAT755498,2026-06-05,2028-03-02,129,262.91,33915.39,Overstock,Incineration,Completed,EMP013,WH-A,Excess inventory
WR000725,INV004894,MED083003,BAT315222,2026-03-16,2026-01-12,24,568.68,13648.32,Expired,Incineration,Pending,EMP011,WH-C,Expired stock removed
WR000726,INV003305,MED103438,BAT973558,2026-07-21,2027-12-20,104,89.29,9286.16,Expired,Incineration,Completed,EMP015,WH-C,Medicine expired
WR000727,INV003123,MED117268,BAT641286,2026-07-21,2027-07-22,158,369.3,58349.4,Expired,Incineration,Completed,EMP010,WH-C,Expired stock removed
WR000728,INV003727,MED107171,BAT128802,2026-04-02,2027-11-13,2,159.38,318.76,Damaged,Return to Supplier,Completed,EMP003,WH-C,Broken container
WR000729,INV002168,MED009255,BAT312478,2026-07-14,2025-07-14,91,270.8,24642.8,Expired,Incineration,Completed,EMP020,WH-E,Medicine expired
WR000730,INV004039,MED045962,BAT436549,2025-12-08,2025-11-16,28,151.01,4228.28,Expired,Incineration,Completed,EMP011,WH-E,Medicine expired
WR000731,INV001521,MED022161,BAT538698,2026-03-24,2026-09-09,170,343.07,58321.9,Damaged,Return to Supplier,Completed,EMP012,WH-A,Packaging damaged
WR000732,INV004298,MED008353,BAT120573,2026-03-04,2028-04-08,12,266.32,3195.84,Recalled,Return to Supplier,Completed,EMP017,WH-B,Safety recall
WR000733,INV001149,MED117773,BAT443005,2026-03-31,2026-09-23,87,380.22,33079.14,Recalled,Biohazard Disposal,Completed,EMP014,WH-C,Manufacturer recall
WR000734,INV003186,MED014757,BAT258968,2026-07-21,2027-10-26,169,242.22,40935.18,Expired,Biohazard Disposal,Completed,EMP009,WH-A,Expired stock removed
WR000735,INV002090,MED060200,BAT572239,2026-04-18,2026-01-30,27,493.14,13314.78,Damaged,Recycling,Completed,EMP017,WH-E,Packaging damaged
WR000736,INV000202,MED037810,BAT874568,2026-04-11,2025-02-26,61,560.68,34201.48,Overstock,Incineration,Completed,EMP020,WH-D,Excess inventory
WR000737,INV003447,MED134215,BAT479426,2025-12-22,2025-06-22,134,423.46,56743.64,Expired,Biohazard Disposal,Completed,EMP001,WH-D,Medicine expired
WR000738,INV000709,MED079166,BAT492906,2026-04-16,2025-12-28,186,411.23,76488.78,Expired,Return to Supplier,Completed,EMP004,WH-C,Expired stock removed
WR000739,INV003092,MED016638,BAT910820,2026-07-03,2025-10-24,162,19.14,3100.68,Overstock,Biohazard Disposal,Completed,EMP016,WH-A,Low demand
WR000740,INV001972,MED117262,BAT703580,2026-04-25,2029-03-02,200,64.36,12872.0,Overstock,Biohazard Disposal,Completed,EMP005,WH-E,Low demand
WR000741,INV002436,MED014282,BAT996046,2026-07-21,2026-10-16,82,444.63,36459.66,Expired,Return to Supplier,Pending,EMP011,WH-D,Expired stock removed
WR000742,INV000846,MED025659,BAT425387,2026-07-21,2026-12-27,75,9.43,707.25,Expired,Recycling,Completed,EMP018,WH-D,Expired stock removed
WR000743,INV001026,MED103531,BAT208442,2026-05-27,2026-04-23,1,89.39,89.39,Expired,Recycling,Completed,EMP017,WH-A,Expired stock removed
WR000744,INV000420,MED104368,BAT176697,2026-06-05,2027-11-22,39,122.46,4775.94,Recalled,Return to Supplier,Completed,EMP011,WH-C,Safety recall
WR000745,INV002998,MED124223,BAT955961,2026-07-20,2028-12-03,162,312.47,50620.14,Overstock,Return to Supplier,Completed,EMP006,WH-B,Low demand
WR000746,INV002823,MED132687,BAT528624,2026-07-21,2028-12-01,176,96.37,16961.12,Expired,Recycling,Completed,EMP008,WH-A,Medicine expired
WR000747,INV004141,MED075726,BAT148445,2026-03-02,2028-05-19,118,383.92,45302.56,Overstock,Return to Supplier,Completed,EMP012,WH-A,Excess inventory
WR000748,INV003067,MED008699,BAT321505,2026-07-21,2029-03-07,65,529.75,34433.75,Expired,Biohazard Disposal,Completed,EMP010,WH-E,Medicine expired
WR000749,INV004029,MED063631,BAT583195,2026-05-16,2028-12-21,126,182.43,22986.18,Overstock,Recycling,Completed,EMP019,WH-A,Low demand
WR000750,INV002727,MED082081,BAT383282,2026-07-21,2027-04-30,14,406.35,5688.9,Expired,Return to Supplier,Completed,EMP009,WH-B,Medicine expired
WR000751,INV004185,MED041487,BAT704789,2026-07-21,2027-06-01,145,106.47,15438.15,Expired,Incineration,Completed,EMP009,WH-B,Medicine expired
WR000752,INV000575,MED027546,BAT875282,2026-07-04,2027-07-06,78,198.6,15490.8,Damaged,Incineration,Pending,EMP006,WH-B,Packaging damaged
WR000753,INV004857,MED102297,BAT232077,2026-07-21,2027-03-19,105,257.05,26990.25,Expired,Return to Supplier,Completed,EMP002,WH-D,Medicine expired
WR000754,INV003949,MED028252,BAT264924,2026-06-25,2026-06-23,13,330.92,4301.96,Expired,Return to Supplier,Completed,EMP013,WH-D,Expired stock removed
WR000755,INV003805,MED041184,BAT488393,2026-04-18,2026-03-24,59,228.53,13483.27,Contaminated,Return to Supplier,Completed,EMP017,WH-C,Quality issue
WR000756,INV004087,MED120094,BAT608049,2026-02-18,2026-01-24,6,43.45,260.7,Overstock,Recycling,Pending,EMP008,WH-B,Excess inventory
WR000757,INV003718,MED116190,BAT574161,2026-07-12,2024-12-04,144,580.58,83603.52,Recalled,Return to Supplier,Completed,EMP010,WH-A,Safety recall
WR000758,INV000778,MED021689,BAT654844,2026-02-16,2027-01-02,134,24.4,3269.6,Overstock,Incineration,Completed,EMP006,WH-C,Excess inventory
WR000759,INV004170,MED027031,BAT122278,2026-07-21,2028-04-05,16,213.31,3412.96,Expired,Recycling,Completed,EMP017,WH-E,Medicine expired
WR000760,INV001998,MED066836,BAT802136,2026-04-16,2026-02-06,40,178.35,7134.0,Overstock,Biohazard Disposal,Completed,EMP020,WH-B,Excess inventory
WR000761,INV003345,MED065033,BAT792199,2026-07-21,2026-11-05,164,593.18,97281.52,Expired,Incineration,Completed,EMP007,WH-C,Medicine expired
WR000762,INV001319,MED095955,BAT353013,2026-05-22,2029-02-11,137,384.65,52697.05,Overstock,Biohazard Disposal,Completed,EMP009,WH-C,Low demand
WR000763,INV002888,MED063584,BAT571413,2026-04-09,2027-04-22,152,279.49,42482.48,Recalled,Incineration,Completed,EMP006,WH-B,Safety recall
WR000764,INV002565,MED092827,BAT415791,2026-03-29,2028-09-17,56,115.7,6479.2,Overstock,Return to Supplier,Completed,EMP016,WH-D,Excess inventory
WR000765,INV004183,MED067675,BAT233860,2026-06-12,2025-07-14,64,65.68,4203.52,Recalled,Return to Supplier,Completed,EMP020,WH-B,Manufacturer recall
WR000766,INV002559,MED010721,BAT611549,2026-04-30,2026-03-21,28,136.26,3815.28,Expired,Return to Supplier,Pending,EMP010,WH-D,Expired stock removed
WR000767,INV002494,MED106929,BAT909143,2026-05-19,2024-10-04,191,536.71,102511.61,Damaged,Recycling,Completed,EMP013,WH-E,Packaging damaged
WR000768,INV004130,MED022455,BAT575543,2026-07-07,2027-06-27,47,71.72,3370.84,Recalled,Return to Supplier,Completed,EMP003,WH-B,Safety recall
WR000769,INV002548,MED080303,BAT541157,2026-02-17,2027-10-04,177,397.01,70270.77,Recalled,Recycling,Completed,EMP004,WH-A,Safety recall
WR000770,INV002544,MED010771,BAT875906,2026-06-16,2027-07-04,33,437.62,14441.46,Recalled,Return to Supplier,Completed,EMP011,WH-B,Manufacturer recall
WR000771,INV003015,MED101232,BAT508347,2026-07-08,2024-11-01,146,471.34,68815.64,Contaminated,Recycling,Completed,EMP010,WH-A,Quality issue
WR000772,INV004225,MED104327,BAT687569,2026-07-21,2028-08-03,13,574.75,7471.75,Expired,Incineration,Completed,EMP006,WH-D,Expired stock removed
WR000773,INV001606,MED089179,BAT968336,2026-01-20,2025-08-14,152,88.13,13395.76,Expired,Recycling,Completed,EMP010,WH-A,Expired stock removed
WR000774,INV000966,MED030620,BAT250494,2026-06-16,2026-01-03,184,582.38,107157.92,Damaged,Incineration,Completed,EMP008,WH-B,Packaging damaged
WR000775,INV000354,MED036265,BAT810614,2026-06-18,2026-05-09,99,519.45,51425.55,Expired,Biohazard Disposal,Completed,EMP004,WH-A,Expired stock removed
WR000776,INV000724,MED110106,BAT847986,2026-03-06,2028-06-29,46,157.45,7242.7,Recalled,Recycling,Pending,EMP004,WH-A,Manufacturer recall
WR000777,INV004741,MED045547,BAT870968,2026-07-21,2028-04-04,9,453.4,4080.6,Expired,Incineration,Completed,EMP002,WH-D,Expired stock removed
WR000778,INV001028,MED034805,BAT493482,2026-07-21,2027-12-09,119,111.98,13325.62,Expired,Return to Supplier,Completed,EMP006,WH-E,Expired stock removed
WR000779,INV000746,MED108313,BAT554871,2026-07-21,2027-07-14,114,12.92,1472.88,Expired,Return to Supplier,Completed,EMP006,WH-D,Medicine expired
WR000780,INV000243,MED102971,BAT921609,2026-04-21,2028-04-17,55,564.98,31073.9,Overstock,Recycling,Completed,EMP016,WH-E,Low demand
WR000781,INV002441,MED062844,BAT839490,2026-06-09,2027-05-13,123,487.46,59957.58,Damaged,Recycling,Completed,EMP017,WH-B,Broken container
WR000782,INV002131,MED036620,BAT653421,2026-07-21,2027-08-29,18,93.08,1675.44,Expired,Recycling,Pending,EMP004,WH-A,Medicine expired
WR000783,INV002197,MED089985,BAT974413,2026-06-22,2026-04-20,84,154.15,12948.6,Recalled,Biohazard Disposal,Pending,EMP015,WH-D,Safety recall
WR000784,INV003271,MED129167,BAT925116,2026-05-28,2026-03-24,144,551.48,79413.12,Overstock,Biohazard Disposal,Completed,EMP005,WH-C,Excess inventory
WR000785,INV003580,MED127582,BAT785753,2026-07-21,2027-10-18,187,338.52,63303.24,Expired,Incineration,Completed,EMP010,WH-D,Expired stock removed
WR000786,INV004580,MED005858,BAT521947,2026-04-20,2027-08-31,50,274.24,13712.0,Damaged,Biohazard Disposal,Completed,EMP001,WH-D,Packaging damaged
WR000787,INV000062,MED087031,BAT793655,2026-04-23,2026-10-11,111,12.53,1390.83,Damaged,Incineration,Completed,EMP004,WH-A,Broken container
WR000788,INV001282,MED105149,BAT176573,2026-05-08,2027-03-14,181,318.99,57737.19,Damaged,Recycling,Completed,EMP011,WH-A,Broken container
WR000789,INV003289,MED001025,BAT112025,2026-07-21,2027-11-04,125,425.75,53218.75,Expired,Return to Supplier,Pending,EMP014,WH-C,Expired stock removed
WR000790,INV002416,MED075420,BAT169529,2026-07-21,2027-12-29,128,363.5,46528.0,Expired,Biohazard Disposal,Completed,EMP002,WH-C,Medicine expired
WR000791,INV003558,MED101924,BAT464732,2026-04-29,2028-01-28,77,119.66,9213.82,Overstock,Return to Supplier,Completed,EMP009,WH-C,Low demand
WR000792,INV000404,MED118809,BAT225151,2026-04-10,2026-09-25,173,162.22,28064.06,Overstock,Biohazard Disposal,Completed,EMP012,WH-A,Low demand
WR000793,INV001446,MED116646,BAT312544,2026-07-21,2026-01-13,104,144.72,15050.88,Overstock,Incineration,Completed,EMP012,WH-A,Low demand
WR000794,INV004090,MED135581,BAT209565,2026-04-04,2026-03-24,120,444.55,53346.0,Expired,Incineration,Completed,EMP019,WH-E,Medicine expired
WR000795,INV003381,MED042737,BAT653758,2026-07-21,2026-07-15,107,402.87,43107.09,Expired,Biohazard Disposal,Completed,EMP004,WH-B,Expired stock removed
WR000796,INV000263,MED033075,BAT720970,2026-06-06,2027-12-06,132,127.44,16822.08,Overstock,Incineration,Completed,EMP003,WH-E,Excess inventory
WR000797,INV004107,MED111927,BAT559907,2026-07-03,2026-08-24,143,116.95,16723.85,Overstock,Biohazard Disposal,Completed,EMP007,WH-B,Excess inventory
WR000798,INV003662,MED116833,BAT977327,2026-02-18,2025-01-29,172,275.25,47343.0,Expired,Biohazard Disposal,Completed,EMP020,WH-A,Expired stock removed
WR000799,INV001899,MED120830,BAT884096,2026-06-06,2025-04-25,179,348.48,62377.92,Overstock,Biohazard Disposal,Completed,EMP016,WH-A,Low demand
WR000800,INV001850,MED066052,BAT155407,2026-05-20,2027-07-10,196,170.68,33453.28,Damaged,Biohazard Disposal,Completed,EMP007,WH-E,Packaging damaged
WR000801,INV002783,MED008543,BAT478077,2026-03-06,2027-12-17,18,247.03,4446.54,Damaged,Return to Supplier,Completed,EMP010,WH-B,Packaging damaged
WR000802,INV000320,MED130999,BAT655149,2026-07-21,2028-07-06,64,64.58,4133.12,Expired,Biohazard Disposal,Completed,EMP008,WH-E,Expired stock removed
WR000803,INV001225,MED074776,BAT965674,2026-03-23,2028-12-13,23,199.32,4584.36,Recalled,Return to Supplier,Pending,EMP004,WH-A,Safety recall
WR000804,INV004647,MED106762,BAT128009,2026-07-21,2027-08-14,41,385.15,15791.15,Expired,Return to Supplier,Completed,EMP007,WH-C,Expired stock removed
WR000805,INV004477,MED042523,BAT480342,2026-06-06,2024-07-26,101,462.28,46690.28,Overstock,Return to Supplier,Completed,EMP019,WH-C,Low demand
WR000806,INV002690,MED034400,BAT374655,2026-07-21,2027-03-23,105,229.38,24084.9,Expired,Incineration,Completed,EMP008,WH-E,Medicine expired
WR000807,INV002047,MED035142,BAT812672,2026-07-21,2028-05-11,21,244.96,5144.16,Expired,Incineration,Pending,EMP018,WH-C,Medicine expired
WR000808,INV003399,MED091585,BAT158631,2026-03-04,2027-03-21,168,134.42,22582.56,Contaminated,Incineration,Completed,EMP015,WH-D,Contaminated during storage
WR000809,INV004979,MED063255,BAT343866,2026-07-21,2027-02-04,25,537.91,13447.75,Expired,Incineration,Completed,EMP011,WH-C,Medicine expired
WR000810,INV001459,MED109079,BAT133049,2026-06-21,2028-02-28,13,421.88,5484.44,Overstock,Biohazard Disposal,Completed,EMP007,WH-E,Excess inventory
WR000811,INV002298,MED073897,BAT962892,2025-11-07,2025-06-10,195,457.82,89274.9,Expired,Incineration,Completed,EMP001,WH-B,Medicine expired
WR000812,INV003194,MED134936,BAT516508,2026-07-21,2027-09-20,78,134.83,10516.74,Expired,Incineration,Completed,EMP006,WH-D,Medicine expired
WR000813,INV003852,MED091131,BAT640730,2026-07-21,2025-07-25,51,468.85,23911.35,Overstock,Recycling,Completed,EMP012,WH-E,Low demand
WR000814,INV002413,MED027307,BAT594431,2025-08-11,2024-12-07,76,524.39,39853.64,Expired,Return to Supplier,Completed,EMP017,WH-D,Expired stock removed
WR000815,INV002462,MED060939,BAT287910,2026-03-24,2025-08-20,33,114.89,3791.37,Recalled,Return to Supplier,Completed,EMP010,WH-D,Manufacturer recall
WR000816,INV002814,MED124720,BAT425772,2026-07-02,2026-09-21,185,361.32,66844.2,Overstock,Return to Supplier,Completed,EMP015,WH-A,Excess inventory
WR000817,INV002593,MED078275,BAT591931,2026-07-21,2028-12-24,110,179.03,19693.3,Expired,Recycling,Completed,EMP003,WH-D,Medicine expired
WR000818,INV003087,MED039936,BAT369137,2026-07-21,2027-07-09,1,350.48,350.48,Expired,Recycling,Completed,EMP002,WH-B,Medicine expired
WR000819,INV002734,MED081589,BAT322577,2026-07-21,2026-10-25,117,401.84,47015.28,Expired,Incineration,Completed,EMP013,WH-D,Medicine expired
WR000820,INV002326,MED096745,BAT685466,2026-07-21,2027-11-02,6,329.04,1974.24,Expired,Incineration,Completed,EMP018,WH-A,Expired stock removed
WR000822,INV001431,MED080517,BAT438637,2026-07-21,2028-09-05,200,16.46,3292.0,Expired,Recycling,Completed,EMP008,WH-A,Expired stock removed
WR000823,INV001447,MED091083,BAT686095,2026-04-09,2027-11-07,72,57.61,4147.92,Recalled,Biohazard Disposal,Completed,EMP015,WH-E,Manufacturer recall
WR000824,INV001097,MED033894,BAT949355,2026-04-06,2025-04-28,126,343.14,43235.64,Expired,Biohazard Disposal,Completed,EMP015,WH-B,Expired stock removed
WR000825,INV002127,MED010057,BAT624497,2026-04-18,2028-02-21,116,19.06,2210.96,Damaged,Biohazard Disposal,Completed,EMP010,WH-E,Packaging damaged
WR000826,INV003596,MED075025,BAT701051,2026-07-21,2026-11-14,29,472.88,13713.52,Expired,Recycling,Completed,EMP007,WH-E,Expired stock removed
WR000827,INV004201,MED066603,BAT950133,2026-06-14,2025-05-21,172,312.83,53806.76,Damaged,Biohazard Disposal,Completed,EMP020,WH-A,Packaging damaged
WR000828,INV001025,MED032617,BAT981282,2026-07-21,2027-10-20,139,397.26,55219.14,Expired,Recycling,Completed,EMP020,WH-A,Medicine expired
WR000829,INV003220,MED094087,BAT345613,2026-07-21,2028-01-07,97,428.4,41554.8,Expired,Biohazard Disposal,Completed,EMP007,WH-D,Expired stock removed
WR000830,INV003503,MED020893,BAT458280,2026-07-21,2026-12-05,144,90.73,13065.12,Expired,Return to Supplier,Completed,EMP003,WH-A,Expired stock removed
WR000831,INV002396,MED074066,BAT357058,2026-03-18,2027-04-27,125,182.49,22811.25,Damaged,Biohazard Disposal,Completed,EMP002,WH-B,Broken container
WR000832,INV004749,MED046083,BAT178024,2026-05-14,2026-03-28,83,115.39,9577.37,Expired,Incineration,Completed,EMP007,WH-C,Medicine expired
WR000833,INV004673,MED009023,BAT110570,2026-05-05,2027-04-01,87,42.2,3671.4,Recalled,Return to Supplier,Completed,EMP018,WH-B,Safety recall
WR000834,INV002457,MED070147,BAT782236,2026-07-21,2028-01-17,144,35.8,5155.2,Expired,Biohazard Disposal,Completed,EMP006,WH-E,Medicine expired
WR000835,INV002616,MED023134,BAT807137,2026-06-18,2028-04-03,112,185.34,20758.08,Overstock,Return to Supplier,Completed,EMP016,WH-C,Low demand
WR000836,INV000208,MED010521,BAT588002,2026-04-01,2026-09-01,100,554.25,55425.0,Damaged,Incineration,Completed,EMP001,WH-A,Broken container
WR000837,INV000731,MED057561,BAT608768,2026-05-14,2028-05-02,175,78.57,13749.75,Damaged,Incineration,Completed,EMP020,WH-B,Broken container
WR000838,INV004439,MED062038,BAT649009,2026-03-25,2025-10-11,131,496.72,65070.32,Damaged,Return to Supplier,Completed,EMP007,WH-B,Packaging damaged
WR000839,INV000834,MED059074,BAT408824,2026-07-21,2028-08-30,31,472.59,14650.29,Expired,Return to Supplier,Completed,EMP018,WH-A,Expired stock removed
WR000840,INV003065,MED103167,BAT641290,2026-02-13,2025-10-23,158,541.99,85634.42,Damaged,Recycling,Completed,EMP006,WH-B,Broken container
WR000841,INV000262,MED068214,BAT343118,2026-07-21,2028-06-13,124,396.1,49116.4,Expired,Incineration,Completed,EMP007,WH-E,Medicine expired
WR000843,INV001931,MED000447,BAT392193,2026-01-22,2026-07-11,59,421.66,24877.94,Damaged,Return to Supplier,Completed,EMP001,WH-E,Packaging damaged
WR000844,INV002241,MED115533,BAT241532,2026-02-18,2027-03-20,86,163.34,14047.24,Recalled,Biohazard Disposal,Completed,EMP002,WH-E,Safety recall
WR000845,INV001032,MED115203,BAT783592,2026-07-21,2027-05-03,116,568.08,65897.28,Expired,Biohazard Disposal,Completed,EMP009,WH-B,Medicine expired
WR000846,INV000626,MED127758,BAT608623,2026-07-21,2027-09-02,101,434.23,43857.23,Overstock,Recycling,Completed,EMP001,WH-D,Low demand
WR000847,INV004501,MED006919,BAT294695,2026-03-03,2028-01-01,70,510.87,35760.9,Recalled,Return to Supplier,Pending,EMP019,WH-D,Manufacturer recall
WR000848,INV002472,MED039827,BAT886803,2026-06-15,2028-09-21,197,169.65,33421.05,Overstock,Return to Supplier,Completed,EMP017,WH-C,Excess inventory
WR000849,INV000034,MED012279,BAT672092,2026-06-24,2025-08-22,38,260.72,9907.36,Recalled,Recycling,Completed,EMP014,WH-A,Safety recall
WR000850,INV004140,MED032017,BAT108180,2026-06-16,2026-02-15,15,77.04,1155.6,Expired,Recycling,Completed,EMP015,WH-C,Expired stock removed
WR000851,INV001967,MED025968,BAT533612,2026-07-21,2026-10-05,18,512.73,9229.14,Expired,Return to Supplier,Completed,EMP009,WH-E,Expired stock removed
WR000852,INV002687,MED118046,BAT327976,2026-05-27,2027-11-18,162,184.65,29913.3,Overstock,Return to Supplier,Completed,EMP015,WH-B,Low demand
WR000853,INV001323,MED093433,BAT954886,2026-06-12,2028-07-20,199,473.94,94314.06,Damaged,Incineration,Completed,EMP007,WH-E,Broken container
WR000854,INV001396,MED130582,BAT633506,2025-10-11,2025-03-04,15,149.56,2243.4,Expired,Return to Supplier,Completed,EMP010,WH-B,Medicine expired
WR000855,INV001353,MED129047,BAT143610,2026-07-21,2026-08-17,73,426.04,31100.92,Expired,Biohazard Disposal,Completed,EMP019,WH-E,Medicine expired
WR000856,INV001720,MED100897,BAT635747,2026-02-14,2028-01-24,3,238.53,715.59,Damaged,Biohazard Disposal,Completed,EMP001,WH-D,Broken container
WR000857,INV001527,MED075626,BAT203386,2026-05-01,2028-04-10,155,254.48,39444.4,Recalled,Incineration,Completed,EMP012,WH-B,Manufacturer recall
WR000858,INV002304,MED022417,BAT369035,2026-07-21,2027-02-20,161,103.64,16686.04,Expired,Biohazard Disposal,Completed,EMP003,WH-B,Expired stock removed
WR000859,INV001238,MED080743,BAT658375,2026-07-21,2027-04-24,175,175.34,30684.5,Expired,Incineration,Completed,EMP020,WH-B,Expired stock removed
WR000860,INV001204,MED061694,BAT438031,2026-07-21,2026-10-07,177,99.46,17604.42,Expired,Incineration,Completed,EMP016,WH-A,Expired stock removed
WR000861,INV002962,MED102250,BAT489261,2026-05-25,2026-10-04,83,366.5,30419.5,Damaged,Recycling,Completed,EMP019,WH-A,Packaging damaged
WR000862,INV004843,MED036450,BAT601930,2026-07-21,2027-07-21,7,458.18,3207.26,Expired,Return to Supplier,Completed,EMP005,WH-A,Medicine expired
WR000863,INV002425,MED015555,BAT445264,2026-04-03,2028-02-01,14,266.79,3735.06,Damaged,Biohazard Disposal,Completed,EMP010,WH-B,Packaging damaged
WR000864,INV001103,MED006520,BAT541875,2026-07-04,2026-06-29,155,87.88,13621.4,Expired,Biohazard Disposal,Pending,EMP006,WH-C,Medicine expired
WR000865,INV001694,MED109665,BAT875275,2026-07-21,2027-01-12,84,329.98,27718.32,Expired,Recycling,Completed,EMP005,WH-A,Medicine expired
WR000866,INV001169,MED093135,BAT516650,2026-07-21,2026-12-27,37,69.82,2583.34,Expired,Recycling,Completed,EMP013,WH-A,Medicine expired
WR000867,INV003098,MED118848,BAT661457,2026-07-21,2027-06-11,84,41.97,3525.48,Expired,Incineration,Completed,EMP015,WH-E,Medicine expired
WR000868,INV003254,MED060571,BAT422083,2026-04-14,2028-02-14,61,296.23,18070.03,Damaged,Biohazard Disposal,Completed,EMP003,WH-D,Packaging damaged
WR000869,INV002809,MED046168,BAT940654,2026-07-21,2026-12-30,110,346.85,38153.5,Expired,Incineration,Completed,EMP019,WH-C,Medicine expired
WR000870,INV001916,MED107430,BAT482384,2026-07-21,2028-02-03,150,569.79,85468.5,Expired,Biohazard Disposal,Completed,EMP008,WH-B,Expired stock removed
WR000871,INV000133,MED134234,BAT192410,2026-07-21,2027-03-26,125,243.27,30408.75,Expired,Recycling,Completed,EMP003,WH-C,Expired stock removed
WR000872,INV004713,MED066813,BAT194862,2026-04-19,2025-11-22,31,273.36,8474.16,Overstock,Biohazard Disposal,Completed,EMP019,WH-B,Excess inventory
WR000873,INV000794,MED061073,BAT276358,2026-03-02,2027-04-23,52,273.79,14237.08,Overstock,Incineration,Completed,EMP008,WH-E,Low demand
WR000874,INV004829,MED038672,BAT948687,2026-07-21,2026-06-27,82,93.64,7678.48,Expired,Recycling,Completed,EMP010,WH-C,Medicine expired
WR000875,INV004391,MED122209,BAT665244,2026-07-21,2027-08-16,78,270.41,21091.98,Expired,Biohazard Disposal,Completed,EMP012,WH-C,Expired stock removed
WR000876,INV002128,MED014030,BAT214856,2026-03-06,2025-12-13,148,82.72,12242.56,Overstock,Return to Supplier,Completed,EMP012,WH-A,Excess inventory
WR000877,INV004769,MED123754,BAT489985,2026-02-28,2028-04-17,121,67.35,8149.35,Damaged,Return to Supplier,Completed,EMP019,WH-C,Broken container
WR000878,INV001601,MED053065,BAT265042,2026-05-17,2029-04-01,7,257.81,1804.67,Recalled,Biohazard Disposal,Pending,EMP019,WH-C,Safety recall
WR000879,INV002055,MED049976,BAT507683,2026-05-06,2027-08-20,17,226.56,3851.52,Damaged,Return to Supplier,Completed,EMP009,WH-C,Packaging damaged
WR000880,INV002429,MED019632,BAT758280,2026-07-21,2028-09-17,135,447.47,60408.45,Expired,Recycling,Completed,EMP012,WH-D,Medicine expired
WR000881,INV003478,MED069225,BAT614700,2026-07-21,2027-07-20,123,220.4,27109.2,Expired,Return to Supplier,Completed,EMP002,WH-A,Medicine expired
WR000882,INV000977,MED067879,BAT827104,2026-07-21,2028-06-01,21,482.27,10127.67,Expired,Recycling,Completed,EMP013,WH-D,Expired stock removed
WR000883,INV003008,MED134708,BAT602438,2026-07-21,2028-02-09,198,160.16,31711.68,Expired,Biohazard Disposal,Completed,EMP013,WH-C,Medicine expired
WR000884,INV000898,MED030933,BAT700665,2026-07-21,2026-12-05,39,348.27,13582.53,Expired,Return to Supplier,Completed,EMP016,WH-E,Expired stock removed
WR000885,INV003759,MED119960,BAT661064,2026-07-21,2027-02-06,74,592.73,43862.02,Expired,Return to Supplier,Completed,EMP018,WH-D,Expired stock removed
WR000886,INV001814,MED054191,BAT306369,2025-04-01,2025-03-19,175,96.73,16927.75,Expired,Biohazard Disposal,Completed,EMP005,WH-C,Expired stock removed
WR000887,INV004789,MED082644,BAT795438,2026-07-21,2027-11-06,23,11.89,273.47,Expired,Biohazard Disposal,Completed,EMP018,WH-B,Medicine expired
WR000888,INV004234,MED059192,BAT395802,2026-05-17,2027-07-14,19,499.28,9486.32,Contaminated,Return to Supplier,Completed,EMP019,WH-E,Contaminated during storage
WR000889,INV002569,MED091698,BAT432038,2026-07-21,2026-09-14,197,460.73,90763.81,Expired,Return to Supplier,Completed,EMP008,WH-B,Medicine expired
WR000890,INV002887,MED095327,BAT477360,2026-06-10,2027-06-12,142,67.59,9597.78,Recalled,Return to Supplier,Pending,EMP014,WH-D,Manufacturer recall
WR000891,INV004641,MED101939,BAT135658,2026-07-21,2027-09-07,78,392.23,30593.94,Expired,Return to Supplier,Completed,EMP018,WH-A,Expired stock removed
WR000892,INV000552,MED021732,BAT620509,2026-06-14,2029-05-04,66,485.75,32059.5,Damaged,Return to Supplier,Completed,EMP016,WH-C,Broken container
WR000893,INV003688,MED075783,BAT619129,2026-03-18,2026-07-02,87,223.04,19404.48,Damaged,Recycling,Completed,EMP013,WH-D,Broken container
WR000894,INV000416,MED122951,BAT499941,2026-07-21,2028-06-23,116,322.41,37399.56,Expired,Biohazard Disposal,Completed,EMP008,WH-E,Medicine expired
WR000895,INV004111,MED109993,BAT703117,2026-07-21,2026-10-25,121,473.48,57291.08,Expired,Incineration,Completed,EMP016,WH-C,Medicine expired
WR000896,INV003334,MED101374,BAT982901,2026-01-27,2027-02-27,7,449.06,3143.42,Damaged,Incineration,Completed,EMP018,WH-B,Broken container
WR000897,INV003415,MED045873,BAT620551,2025-11-20,2024-11-23,84,205.15,17232.6,Expired,Biohazard Disposal,Completed,EMP016,WH-C,Expired stock removed
WR000898,INV004060,MED065171,BAT650866,2026-06-25,2028-09-05,136,198.5,26996.0,Damaged,Incineration,Completed,EMP010,WH-E,Broken container
WR000899,INV003216,MED006736,BAT824594,2026-07-21,2027-04-21,167,201.78,33697.26,Expired,Biohazard Disposal,Completed,EMP002,WH-A,Expired stock removed
WR000900,INV004788,MED091410,BAT832785,2026-03-03,2027-06-29,62,442.88,27458.56,Damaged,Incineration,Completed,EMP004,WH-E,Broken container
WR000901,INV001719,MED120499,BAT689343,2026-07-21,2027-04-05,189,518.33,97964.37,Expired,Incineration,Completed,EMP001,WH-B,Medicine expired
WR000902,INV004117,MED020341,BAT625056,2026-06-21,2029-04-22,79,573.25,45286.75,Contaminated,Return to Supplier,Completed,EMP004,WH-C,Contaminated during storage
WR000903,INV004995,MED062063,BAT945579,2026-07-21,2027-08-09,192,378.79,72727.68,Expired,Incineration,Pending,EMP018,WH-B,Expired stock removed
WR000904,INV000036,MED038406,BAT938742,2026-05-06,2026-08-06,131,470.52,61638.12,Overstock,Biohazard Disposal,Completed,EMP009,WH-B,Excess inventory
WR000905,INV000429,MED059034,BAT329448,2026-07-21,2027-11-05,157,144.24,22645.68,Expired,Recycling,Completed,EMP005,WH-C,Expired stock removed
WR000906,INV000652,MED076888,BAT890795,2026-07-21,2026-11-03,194,440.33,85424.02,Expired,Incineration,Completed,EMP010,WH-E,Expired stock removed
WR000907,INV000833,MED065914,BAT943584,2026-02-20,2028-02-23,88,111.84,9841.92,Overstock,Biohazard Disposal,Completed,EMP016,WH-A,Excess inventory
WR000908,INV004695,MED077264,BAT578871,2026-07-04,2026-06-05,86,451.79,38853.94,Expired,Recycling,Completed,EMP018,WH-D,Medicine expired
WR000909,INV003011,MED063107,BAT455468,2026-01-25,2025-08-29,106,116.85,12386.1,Damaged,Recycling,Completed,EMP017,WH-D,Packaging damaged
WR000910,INV002764,MED104125,BAT635949,2026-07-21,2028-12-28,91,441.18,40147.38,Expired,Incineration,Pending,EMP007,WH-D,Expired stock removed
WR000911,INV003711,MED006363,BAT757649,2026-06-12,2025-12-20,16,95.38,1526.08,Expired,Biohazard Disposal,Completed,EMP011,WH-B,Medicine expired
WR000912,INV003895,MED028314,BAT649623,2026-07-21,2026-12-23,50,177.61,8880.5,Expired,Recycling,Completed,EMP015,WH-C,Expired stock removed
WR000913,INV000099,MED040857,BAT943718,2026-07-21,2027-11-19,68,267.83,18212.44,Expired,Incineration,Completed,EMP006,WH-C,Expired stock removed
WR000914,INV004173,MED028128,BAT637709,2026-02-08,2025-12-30,110,37.09,4079.9,Recalled,Recycling,Completed,EMP009,WH-A,Safety recall
WR000915,INV002542,MED100948,BAT613182,2026-07-21,2027-06-07,2,39.59,79.18,Expired,Biohazard Disposal,Completed,EMP009,WH-E,Medicine expired
WR000916,INV002754,MED115832,BAT245057,2026-04-03,2027-01-06,76,473.39,35977.64,Damaged,Recycling,Completed,EMP011,WH-B,Packaging damaged
WR000917,INV001296,MED051877,BAT921316,2026-06-10,2025-07-02,15,25.36,380.4,Expired,Return to Supplier,Completed,EMP018,WH-A,Expired stock removed
WR000918,INV000090,MED128207,BAT380150,2026-06-07,2025-04-16,144,350.05,50407.2,Recalled,Incineration,Completed,EMP007,WH-D,Manufacturer recall
WR000919,INV002089,MED091837,BAT319137,2026-07-21,2027-02-03,4,377.85,1511.4,Expired,Incineration,Completed,EMP019,WH-A,Expired stock removed
WR000920,INV000143,MED024547,BAT185461,2026-04-01,2026-03-26,50,420.6,21030.0,Overstock,Incineration,Completed,EMP013,WH-A,Low demand
WR000921,INV004163,MED105608,BAT334635,2026-07-21,2027-10-23,158,381.48,60273.84,Expired,Return to Supplier,Completed,EMP012,WH-D,Medicine expired
WR000922,INV002152,MED001517,BAT871152,2026-04-09,2028-01-05,100,190.67,19067.0,Damaged,Biohazard Disposal,Completed,EMP016,WH-B,Packaging damaged
WR000923,INV003075,MED066929,BAT175542,2026-01-29,2027-11-21,85,594.63,50543.55,Overstock,Return to Supplier,Completed,EMP009,WH-B,Excess inventory
WR000924,INV003333,MED015096,BAT816728,2026-06-27,2027-02-22,191,532.86,101776.26,Damaged,Incineration,Pending,EMP002,WH-B,Broken container
WR000925,INV003621,MED043124,BAT148218,2026-07-21,2026-12-22,60,526.66,31599.6,Expired,Biohazard Disposal,Completed,EMP006,WH-C,Expired stock removed
WR000926,INV004792,MED002124,BAT567892,2026-03-24,2026-11-11,28,409.13,11455.64,Damaged,Return to Supplier,Completed,EMP004,WH-A,Broken container
WR000927,INV003650,MED059555,BAT534272,2026-07-21,2027-01-19,66,143.13,9446.58,Expired,Return to Supplier,Completed,EMP002,WH-C,Medicine expired
WR000928,INV004993,MED038198,BAT596978,2026-03-14,2025-02-07,38,442.95,16832.1,Overstock,Recycling,Completed,EMP016,WH-C,Low demand
WR000929,INV004560,MED005056,BAT408602,2026-03-29,2025-11-28,54,168.43,9095.22,Expired,Biohazard Disposal,Completed,EMP011,WH-C,Medicine expired
WR000930,INV004856,MED117372,BAT648112,2026-07-21,2028-03-09,133,303.81,40406.73,Expired,Biohazard Disposal,Completed,EMP006,WH-E,Expired stock removed
WR000931,INV002204,MED069537,BAT715195,2026-07-03,2025-04-07,88,507.82,44688.16,Overstock,Incineration,Completed,EMP004,WH-B,Low demand
WR000932,INV003795,MED033997,BAT430442,2026-07-21,2027-02-10,186,324.73,60399.78,Expired,Recycling,Completed,EMP008,WH-B,Medicine expired
WR000933,INV001797,MED076965,BAT543004,2026-06-07,2025-06-16,93,485.46,45147.78,Recalled,Return to Supplier,Completed,EMP018,WH-B,Manufacturer recall
WR000934,INV001192,MED130838,BAT140048,2026-07-02,2026-08-10,107,424.86,45460.02,Recalled,Recycling,Completed,EMP014,WH-A,Safety recall
WR000935,INV003761,MED097027,BAT951496,2026-06-02,2025-07-11,45,360.64,16228.8,Expired,Recycling,Completed,EMP008,WH-D,Expired stock removed
WR000936,INV001599,MED087069,BAT817686,2026-07-21,2027-02-20,113,131.01,14804.13,Expired,Incineration,Completed,EMP003,WH-D,Medicine expired
WR000937,INV000537,MED082917,BAT514828,2026-02-26,2026-02-25,197,577.74,113814.78,Damaged,Return to Supplier,Completed,EMP010,WH-D,Broken container
WR000938,INV001852,MED025944,BAT851909,2026-07-21,2027-08-25,62,48.13,2984.06,Expired,Return to Supplier,Completed,EMP008,WH-C,Medicine expired
WR000939,INV004768,MED012815,BAT867281,2026-07-21,2026-10-24,3,180.12,540.36,Expired,Incineration,Completed,EMP009,WH-E,Medicine expired
WR000940,INV004118,MED124222,BAT690733,2026-07-21,2028-08-24,102,151.41,15443.82,Expired,Incineration,Completed,EMP017,WH-E,Expired stock removed
WR000941,INV002074,MED047760,BAT278468,2026-05-20,2027-03-05,146,467.0,68182.0,Overstock,Biohazard Disposal,Completed,EMP005,WH-E,Excess inventory
WR000942,INV001336,MED115028,BAT942453,2026-07-21,2027-01-30,82,195.49,16030.18,Expired,Biohazard Disposal,Completed,EMP004,WH-B,Medicine expired
WR000943,INV000313,MED015788,BAT227352,2025-09-25,2024-09-07,53,495.09,26239.77,Expired,Incineration,Completed,EMP001,WH-A,Expired stock removed
WR000944,INV002661,MED048715,BAT148442,2026-07-21,2026-09-29,147,68.7,10098.9,Expired,Biohazard Disposal,Completed,EMP018,WH-C,Expired stock removed
WR000945,INV004381,MED018692,BAT806350,2026-07-21,2027-02-09,82,96.4,7904.8,Expired,Return to Supplier,Pending,EMP020,WH-E,Expired stock removed
WR000946,INV002738,MED012453,BAT863333,2026-02-11,2028-06-08,164,233.69,38325.16,Damaged,Recycling,Completed,EMP019,WH-E,Broken container
WR000947,INV002496,MED096377,BAT358419,2026-07-03,2026-07-02,168,158.4,26611.2,Expired,Incineration,Completed,EMP009,WH-C,Expired stock removed
WR000948,INV004924,MED119367,BAT422334,2026-03-10,2027-04-30,131,295.2,38671.2,Damaged,Incineration,Completed,EMP008,WH-E,Packaging damaged
WR000949,INV004727,MED035944,BAT483761,2026-07-21,2027-07-12,142,356.09,50564.78,Expired,Return to Supplier,Completed,EMP009,WH-E,Expired stock removed
WR000950,INV001090,MED055949,BAT455772,2026-07-21,2028-12-02,95,185.24,17597.8,Expired,Return to Supplier,Completed,EMP012,WH-D,Expired stock removed
WR000951,INV003273,MED092711,BAT367325,2026-07-21,2027-10-19,122,462.03,56367.66,Expired,Biohazard Disposal,Completed,EMP001,WH-C,Medicine expired
WR000952,INV002755,MED077193,BAT588354,2026-04-07,2028-04-14,135,162.76,21972.6,Overstock,Return to Supplier,Completed,EMP005,WH-D,Low demand
WR000953,INV002379,MED041166,BAT548003,2026-03-15,2026-03-17,124,489.25,60667.0,Overstock,Incineration,Completed,EMP020,WH-E,Low demand
WR000954,INV001382,MED103916,BAT703003,2026-04-22,2025-12-22,63,151.19,9524.97,Damaged,Return to Supplier,Completed,EMP019,WH-C,Broken container
WR000955,INV000356,MED067876,BAT992952,2026-07-21,2027-08-23,14,184.78,2586.92,Expired,Return to Supplier,Completed,EMP015,WH-D,Expired stock removed
WR000956,INV002105,MED005209,BAT671422,2026-05-26,2026-03-28,128,473.58,60618.24,Contaminated,Recycling,Completed,EMP014,WH-A,Quality issue
WR000957,INV004241,MED133108,BAT306093,2026-07-21,2026-08-22,94,363.88,34204.72,Expired,Return to Supplier,Completed,EMP009,WH-D,Medicine expired
WR000958,INV001145,MED027053,BAT372031,2026-04-23,2025-09-15,51,128.07,6531.57,Overstock,Incineration,Completed,EMP008,WH-A,Excess inventory
WR000959,INV001414,MED095964,BAT655364,2026-07-21,2026-12-09,141,224.89,31709.49,Expired,Incineration,Completed,EMP009,WH-A,Medicine expired
WR000960,INV000379,MED059224,BAT546688,2026-01-26,2025-06-07,2,399.7,799.4,Expired,Biohazard Disposal,Completed,EMP017,WH-D,Medicine expired
WR000961,INV001808,MED001973,BAT597638,2026-03-13,2028-06-01,104,595.02,61882.08,Overstock,Incineration,Pending,EMP014,WH-B,Excess inventory
WR000962,INV000776,MED012650,BAT809699,2026-03-04,2028-06-21,25,468.4,11710.0,Recalled,Return to Supplier,Pending,EMP012,WH-D,Safety recall
WR000963,INV000919,MED059070,BAT234733,2026-02-05,2027-01-25,71,232.16,16483.36,Contaminated,Recycling,Completed,EMP013,WH-D,Quality issue
WR000964,INV002246,MED096807,BAT513578,2026-07-21,2027-04-19,11,248.9,2737.9,Expired,Incineration,Completed,EMP004,WH-A,Medicine expired
WR000965,INV000495,MED089921,BAT172222,2026-07-21,2027-11-04,45,327.26,14726.7,Expired,Biohazard Disposal,Completed,EMP009,WH-E,Medicine expired
WR000966,INV002259,MED123770,BAT181547,2026-07-21,2027-09-24,104,259.9,27029.6,Expired,Biohazard Disposal,Completed,EMP003,WH-E,Expired stock removed
WR000967,INV001982,MED125114,BAT971571,2026-06-08,2024-10-10,100,191.71,19171.0,Overstock,Recycling,Completed,EMP015,WH-E,Low demand
WR000968,INV003943,MED065769,BAT389259,2026-02-23,2028-12-03,124,502.61,62323.64,Overstock,Recycling,Completed,EMP010,WH-B,Low demand
WR000969,INV002933,MED100475,BAT817636,2026-06-25,2028-09-02,190,479.36,91078.4,Damaged,Biohazard Disposal,Completed,EMP002,WH-B,Broken container
WR000970,INV004763,MED023120,BAT764715,2026-03-30,2025-08-26,182,418.82,76225.24,Expired,Return to Supplier,Completed,EMP005,WH-D,Expired stock removed
WR000971,INV001175,MED007417,BAT619238,2026-01-28,2027-02-19,140,450.65,63091.0,Contaminated,Recycling,Completed,EMP018,WH-A,Contaminated during storage
WR000972,INV003059,MED129744,BAT966980,2026-06-15,2025-09-06,167,223.95,37399.65,Damaged,Incineration,Completed,EMP002,WH-C,Broken container
WR000973,INV002134,MED038740,BAT741924,2024-08-17,2024-07-24,193,462.03,89171.79,Expired,Recycling,Completed,EMP018,WH-A,Medicine expired
WR000974,INV001139,MED065036,BAT353162,2026-05-27,2026-06-05,98,356.93,34979.14,Damaged,Return to Supplier,Completed,EMP002,WH-A,Broken container
WR000975,INV001185,MED052677,BAT624681,2025-10-15,2025-10-08,99,465.48,46082.52,Expired,Biohazard Disposal,Completed,EMP011,WH-C,Medicine expired
WR000976,INV002830,MED072911,BAT467531,2026-01-24,2028-08-19,117,291.44,34098.48,Damaged,Recycling,Pending,EMP013,WH-E,Packaging damaged
WR000977,INV003916,MED006164,BAT844515,2026-07-21,2026-11-16,25,534.35,13358.75,Expired,Incineration,Completed,EMP014,WH-D,Medicine expired
WR000978,INV004605,MED110715,BAT974828,2026-07-21,2027-05-20,117,464.86,54388.62,Expired,Incineration,Completed,EMP010,WH-E,Expired stock removed
WR000979,INV001604,MED105037,BAT847056,2025-08-23,2025-05-17,39,526.1,20517.9,Expired,Incineration,Completed,EMP004,WH-A,Medicine expired
WR000980,INV003171,MED025883,BAT237344,2026-07-17,2026-12-03,36,537.06,19334.16,Damaged,Incineration,Completed,EMP013,WH-E,Broken container
WR000981,INV003380,MED033712,BAT305848,2026-07-07,2025-11-10,35,154.71,5414.85,Damaged,Incineration,Completed,EMP014,WH-C,Packaging damaged
WR000982,INV001544,MED116899,BAT538168,2026-07-21,2026-09-21,134,428.26,57386.84,Expired,Incineration,Completed,EMP019,WH-C,Expired stock removed
WR000983,INV003318,MED043739,BAT880319,2026-02-21,2027-09-11,124,545.72,67669.28,Overstock,Return to Supplier,Completed,EMP007,WH-C,Low demand
WR000984,INV001078,MED121702,BAT745092,2026-07-21,2026-10-22,199,80.73,16065.27,Expired,Incineration,Completed,EMP012,WH-C,Expired stock removed
WR000985,INV001974,MED032471,BAT760914,2026-03-28,2027-10-03,124,83.49,10352.76,Overstock,Incineration,Completed,EMP003,WH-B,Excess inventory
WR000986,INV001646,MED065716,BAT322256,2026-07-21,2027-06-28,176,36.77,6471.52,Expired,Recycling,Completed,EMP012,WH-A,Medicine expired
WR000988,INV003298,MED068588,BAT331904,2026-02-01,2025-12-02,67,335.21,22459.07,Expired,Incineration,Pending,EMP020,WH-E,Medicine expired
WR000989,INV000807,MED052133,BAT985356,2026-06-06,2027-06-23,134,282.62,37871.08,Recalled,Return to Supplier,Completed,EMP003,WH-B,Manufacturer recall
WR000990,INV003553,MED129936,BAT710328,2026-07-15,2029-02-16,26,297.21,7727.46,Overstock,Recycling,Completed,EMP003,WH-C,Low demand
WR000991,INV004064,MED096161,BAT264708,2026-06-05,2026-05-31,12,369.23,4430.76,Recalled,Biohazard Disposal,Completed,EMP006,WH-B,Manufacturer recall
WR000992,INV004665,MED022388,BAT597891,2026-01-20,2025-04-11,93,549.14,51070.02,Expired,Incineration,Completed,EMP016,WH-C,Expired stock removed
WR000993,INV001321,MED094179,BAT332142,2026-03-14,2028-09-10,63,338.6,21331.8,Damaged,Biohazard Disposal,Completed,EMP015,WH-E,Broken container
WR000994,INV002251,MED134092,BAT597026,2026-07-21,2027-04-23,108,426.68,46081.44,Expired,Incineration,Completed,EMP017,WH-A,Expired stock removed
WR000995,INV002842,MED040746,BAT801959,2026-07-21,2029-03-02,185,79.07,14627.95,Expired,Return to Supplier,Completed,EMP020,WH-E,Medicine expired
WR000996,INV001791,MED123892,BAT232935,2026-07-21,2027-07-19,85,380.14,32311.9,Expired,Biohazard Disposal,Completed,EMP011,WH-A,Medicine expired
WR000997,INV001330,MED052101,BAT216895,2026-04-11,2027-01-29,60,421.64,25298.4,Damaged,Return to Supplier,Completed,EMP004,WH-E,Broken container
WR000998,INV004819,MED105695,BAT288451,2025-09-12,2024-08-16,60,103.73,6223.8,Expired,Recycling,Completed,EMP007,WH-B,Medicine expired
WR000999,INV004020,MED116137,BAT480011,2026-07-21,2027-10-05,21,296.32,6222.72,Expired,Incineration,Completed,EMP016,WH-D,Medicine expired
WR001000,INV000045,MED106394,BAT397571,2026-01-29,2029-02-24,133,60.57,8055.81,Recalled,Return to Supplier,Completed,EMP005,WH-C,Safety recall
WR001001,INV002270,MED047701,BAT480990,2026-07-02,2028-10-25,26,540.16,14044.16,Overstock,Biohazard Disposal,Completed,EMP007,WH-D,Excess inventory
WR001002,INV002402,MED108777,BAT453141,2026-05-17,2025-02-12,1,431.75,431.75,Damaged,Incineration,Completed,EMP003,WH-A,Packaging damaged
WR001003,INV000270,MED078947,BAT186686,2026-05-28,2026-09-06,113,168.54,19045.02,Recalled,Biohazard Disposal,Completed,EMP017,WH-D,Manufacturer recall
WR001004,INV003154,MED042252,BAT952771,2026-02-06,2027-11-01,177,108.22,19154.94,Overstock,Recycling,Pending,EMP016,WH-D,Low demand
WR001006,INV000891,MED002187,BAT147976,2026-07-21,2028-02-01,19,293.3,5572.7,Expired,Recycling,Completed,EMP008,WH-C,Medicine expired
WR001007,INV000124,MED130811,BAT986209,2026-06-30,2026-03-30,17,167.6,2849.2,Damaged,Incineration,Completed,EMP016,WH-C,Packaging damaged
WR001008,INV003009,MED092955,BAT929456,2026-07-21,2027-03-16,105,237.36,24922.8,Expired,Biohazard Disposal,Completed,EMP019,WH-A,Expired stock removed
WR001009,INV003909,MED132294,BAT483123,2026-07-21,2026-09-06,123,362.21,44551.83,Expired,Recycling,Completed,EMP019,WH-E,Expired stock removed
WR001010,INV003931,MED109824,BAT792307,2026-02-26,2028-07-10,60,408.07,24484.2,Recalled,Biohazard Disposal,Completed,EMP020,WH-E,Manufacturer recall
WR001011,INV000351,MED134894,BAT361609,2026-04-07,2025-11-14,97,424.26,41153.22,Recalled,Incineration,Completed,EMP012,WH-E,Safety recall
WR001012,INV004838,MED006154,BAT616529,2026-02-16,2027-12-09,100,187.41,18741.0,Overstock,Recycling,Completed,EMP017,WH-A,Excess inventory
WR001013,INV003533,MED128826,BAT307429,2026-03-11,2027-08-18,78,424.09,33079.02,Contaminated,Incineration,Completed,EMP010,WH-B,Quality issue
WR001014,INV001135,MED073584,BAT340924,2026-07-21,2026-08-20,90,406.09,36548.1,Expired,Incineration,Completed,EMP010,WH-C,Medicine expired
WR001015,INV003748,MED067918,BAT357785,2026-01-25,2028-01-09,69,416.24,28720.56,Damaged,Return to Supplier,Completed,EMP011,WH-D,Broken container
WR001016,INV003639,MED024398,BAT897245,2026-07-21,2028-01-28,147,295.97,43507.59,Expired,Recycling,Completed,EMP002,WH-A,Medicine expired
WR001017,INV001465,MED053251,BAT215002,2025-09-01,2025-07-27,117,153.18,17922.06,Expired,Biohazard Disposal,Completed,EMP013,WH-B,Medicine expired
WR001018,INV000815,MED074255,BAT444136,2026-03-01,2025-11-11,6,429.41,2576.46,Expired,Recycling,Pending,EMP008,WH-E,Medicine expired
WR001019,INV001657,MED069242,BAT198039,2026-07-21,2028-02-28,95,380.06,36105.7,Expired,Biohazard Disposal,Completed,EMP013,WH-A,Medicine expired
WR001020,INV003451,MED134547,BAT145851,2026-07-21,2026-09-13,152,268.86,40866.72,Expired,Biohazard Disposal,Completed,EMP005,WH-B,Expired stock removed
WR001021,INV001937,MED100332,BAT967431,2026-05-20,2026-04-22,158,385.76,60950.08,Expired,Biohazard Disposal,Completed,EMP005,WH-B,Expired stock removed
WR001022,INV002464,MED128280,BAT128635,2026-07-21,2027-11-13,4,192.45,769.8,Expired,Return to Supplier,Completed,EMP012,WH-E,Expired stock removed
WR001023,INV002695,MED082903,BAT121414,2026-04-24,2026-06-04,19,464.74,8830.06,Contaminated,Return to Supplier,Completed,EMP005,WH-A,Quality issue
WR001024,INV000440,MED100249,BAT921945,2026-07-21,2028-10-30,75,397.34,29800.5,Expired,Biohazard Disposal,Completed,EMP014,WH-A,Expired stock removed
WR001025,INV001581,MED046810,BAT285660,2026-07-21,2028-11-23,37,43.85,1622.45,Expired,Incineration,Completed,EMP017,WH-B,Expired stock removed
WR001026,INV001740,MED106591,BAT577462,2026-07-21,2028-03-13,46,459.79,21150.34,Expired,Recycling,Completed,EMP004,WH-A,Expired stock removed
WR001027,INV001209,MED050251,BAT940422,2026-07-21,2027-08-17,129,5.5,709.5,Expired,Recycling,Completed,EMP013,WH-C,Expired stock removed
WR001028,INV001636,MED103655,BAT400769,2026-07-19,2026-07-17,119,241.22,28705.18,Expired,Biohazard Disposal,Completed,EMP001,WH-E,Expired stock removed
WR001029,INV001758,MED068153,BAT725119,2026-04-18,2027-03-11,169,338.95,57282.55,Damaged,Incineration,Completed,EMP004,WH-B,Packaging damaged
WR001030,INV003404,MED092782,BAT863290,2026-07-21,2027-02-12,81,274.82,22260.42,Expired,Recycling,Pending,EMP004,WH-A,Expired stock removed
WR001031,INV004072,MED125109,BAT968162,2026-07-21,2026-10-18,11,138.51,1523.61,Expired,Biohazard Disposal,Completed,EMP008,WH-B,Expired stock removed
WR001032,INV004471,MED045189,BAT225322,2026-07-21,2027-10-31,20,401.0,8020.0,Expired,Return to Supplier,Completed,EMP001,WH-A,Medicine expired
WR001033,INV003936,MED005674,BAT406397,2026-07-21,2026-12-26,98,468.14,45877.72,Expired,Biohazard Disposal,Completed,EMP019,WH-D,Expired stock removed
WR001034,INV002736,MED069122,BAT153991,2026-02-26,2025-09-02,109,53.07,5784.63,Damaged,Return to Supplier,Completed,EMP014,WH-E,Broken container
WR001035,INV004783,MED092770,BAT920132,2026-07-03,2026-06-07,155,464.69,72026.95,Expired,Recycling,Completed,EMP006,WH-E,Expired stock removed
WR001036,INV002873,MED027699,BAT544012,2026-05-12,2026-01-27,171,476.64,81505.44,Expired,Incineration,Completed,EMP003,WH-E,Expired stock removed
WR001037,INV002884,MED042020,BAT929680,2026-07-21,2028-10-12,16,538.2,8611.2,Expired,Return to Supplier,Completed,EMP011,WH-A,Expired stock removed
WR001038,INV002765,MED089002,BAT842569,2026-04-25,2026-07-07,119,224.47,26711.93,Damaged,Incineration,Completed,EMP019,WH-E,Packaging damaged
WR001039,INV004198,MED035182,BAT195012,2026-04-28,2026-07-29,54,419.69,22663.26,Recalled,Incineration,Completed,EMP017,WH-C,Manufacturer recall
WR001040,INV003020,MED108698,BAT758607,2026-07-21,2027-07-21,117,581.81,68071.77,Expired,Return to Supplier,Pending,EMP017,WH-E,Medicine expired
WR001041,INV000156,MED134856,BAT725726,2026-07-09,2026-04-09,146,432.53,63149.38,Expired,Return to Supplier,Completed,EMP008,WH-E,Medicine expired
WR001042,INV004191,MED033078,BAT768938,2026-07-21,2027-09-27,41,328.52,13469.32,Expired,Recycling,Completed,EMP008,WH-D,Medicine expired
WR001043,INV000956,MED079786,BAT638430,2025-09-03,2025-05-14,196,233.57,45779.72,Expired,Return to Supplier,Completed,EMP001,WH-E,Expired stock removed
WR001044,INV002551,MED005322,BAT759763,2026-02-05,2028-11-09,143,151.41,21651.63,Damaged,Incineration,Completed,EMP011,WH-D,Packaging damaged
WR001045,INV003959,MED070100,BAT870780,2026-07-12,2028-03-18,19,221.68,4211.92,Overstock,Return to Supplier,Pending,EMP012,WH-C,Low demand
WR001046,INV000457,MED129860,BAT532459,2026-07-21,2027-10-31,4,152.71,610.84,Expired,Biohazard Disposal,Completed,EMP018,WH-C,Medicine expired
WR001047,INV001328,MED053560,BAT746345,2026-04-27,2026-08-20,93,385.47,35848.71,Damaged,Incineration,Completed,EMP006,WH-B,Packaging damaged
WR001048,INV003222,MED075728,BAT208464,2026-07-21,2026-12-18,190,395.39,75124.1,Expired,Incineration,Completed,EMP018,WH-B,Medicine expired
WR001049,INV000055,MED117346,BAT981334,2026-07-21,2027-06-27,197,544.62,107290.14,Expired,Recycling,Completed,EMP014,WH-A,Medicine expired
WR001050,INV004181,MED123059,BAT481824,2026-04-09,2028-05-10,17,366.64,6232.88,Damaged,Incineration,Completed,EMP004,WH-B,Packaging damaged
WR001051,INV003449,MED077586,BAT229501,2026-06-11,2025-11-09,74,359.23,26583.02,Overstock,Biohazard Disposal,Completed,EMP010,WH-A,Low demand
WR001052,INV001457,MED029213,BAT170277,2026-06-17,2027-02-09,22,398.64,8770.08,Recalled,Incineration,Completed,EMP018,WH-C,Manufacturer recall
WR001053,INV000854,MED132598,BAT982442,2026-05-22,2025-11-07,74,110.46,8174.04,Expired,Return to Supplier,Completed,EMP018,WH-D,Medicine expired
WR001054,INV000284,MED036935,BAT813013,2026-07-21,2027-01-12,16,491.18,7858.88,Expired,Recycling,Completed,EMP014,WH-B,Expired stock removed
WR001055,INV004861,MED134271,BAT168667,2026-07-21,2027-04-19,142,569.44,80860.48,Expired,Return to Supplier,Completed,EMP007,WH-C,Medicine expired
WR001056,INV001856,MED000605,BAT368881,2026-06-22,2026-05-03,103,339.26,34943.78,Expired,Incineration,Completed,EMP012,WH-B,Medicine expired
WR001057,INV003163,MED025776,BAT387925,2026-02-26,2025-12-12,5,335.32,1676.6,Expired,Return to Supplier,Completed,EMP002,WH-A,Medicine expired
WR001058,INV000341,MED063941,BAT626491,2026-05-04,2028-11-29,6,569.81,3418.86,Overstock,Return to Supplier,Completed,EMP019,WH-B,Excess inventory
WR001059,INV001273,MED052462,BAT856300,2026-05-07,2027-04-03,184,153.66,28273.44,Damaged,Biohazard Disposal,Completed,EMP001,WH-D,Broken container
WR001060,INV002232,MED101189,BAT226317,2026-02-19,2029-01-08,24,344.79,8274.96,Recalled,Recycling,Completed,EMP012,WH-E,Manufacturer recall
WR001061,INV003114,MED009040,BAT153473,2026-06-29,2026-05-13,171,21.71,3712.41,Expired,Biohazard Disposal,Completed,EMP017,WH-A,Medicine expired
WR001062,INV001343,MED066543,BAT868140,2026-07-13,2026-03-15,59,502.26,29633.34,Recalled,Biohazard Disposal,Completed,EMP013,WH-A,Manufacturer recall
WR001063,INV000615,MED039191,BAT115063,2026-04-08,2027-02-22,54,493.34,26640.36,Overstock,Recycling,Pending,EMP005,WH-B,Excess inventory
WR001064,INV002221,MED131691,BAT749798,2025-10-02,2025-05-17,104,548.75,57070.0,Expired,Incineration,Completed,EMP003,WH-B,Expired stock removed
WR001065,INV004862,MED013462,BAT196551,2026-05-10,2025-09-11,127,285.93,36313.11,Expired,Biohazard Disposal,Completed,EMP012,WH-E,Medicine expired
WR001066,INV001749,MED006534,BAT161496,2026-02-21,2025-03-27,30,574.17,17225.1,Damaged,Return to Supplier,Completed,EMP003,WH-D,Broken container
WR001067,INV004254,MED073529,BAT928733,2026-07-21,2027-01-10,119,126.59,15064.21,Expired,Biohazard Disposal,Completed,EMP004,WH-C,Medicine expired
WR001068,INV000965,MED092014,BAT864915,2026-07-21,2027-03-11,15,101.94,1529.1,Expired,Biohazard Disposal,Completed,EMP002,WH-E,Expired stock removed
WR001069,INV004775,MED104740,BAT380256,2026-07-19,2025-11-04,25,562.65,14066.25,Recalled,Incineration,Completed,EMP015,WH-E,Safety recall
WR001070,INV004423,MED008897,BAT131246,2026-07-21,2028-05-06,6,334.85,2009.1,Expired,Biohazard Disposal,Completed,EMP014,WH-A,Medicine expired
WR001071,INV002194,MED103913,BAT604526,2026-03-05,2025-05-16,14,187.6,2626.4,Overstock,Biohazard Disposal,Completed,EMP007,WH-B,Low demand
WR001072,INV004482,MED106793,BAT806362,2026-07-21,2029-01-25,168,405.95,68199.6,Expired,Recycling,Completed,EMP013,WH-E,Expired stock removed
WR001073,INV001229,MED028622,BAT385925,2026-06-10,2025-08-19,3,396.04,1188.12,Expired,Return to Supplier,Completed,EMP013,WH-E,Expired stock removed
WR001074,INV001868,MED023407,BAT944566,2026-05-23,2027-12-31,88,37.12,3266.56,Recalled,Return to Supplier,Completed,EMP018,WH-A,Safety recall
WR001075,INV002432,MED117540,BAT412646,2026-06-18,2024-10-27,177,369.83,65459.91,Recalled,Recycling,Completed,EMP016,WH-E,Manufacturer recall
WR001076,INV003089,MED104568,BAT611871,2026-07-21,2027-04-30,166,41.72,6925.52,Expired,Incineration,Completed,EMP020,WH-A,Medicine expired
WR001077,INV003423,MED006612,BAT819294,2026-07-21,2027-09-04,186,262.89,48897.54,Expired,Return to Supplier,Completed,EMP012,WH-B,Medicine expired
WR001078,INV000557,MED102034,BAT663051,2026-07-21,2027-07-26,168,501.89,84317.52,Expired,Return to Supplier,Completed,EMP009,WH-C,Medicine expired
WR001079,INV003056,MED019891,BAT914002,2026-05-04,2026-04-01,7,264.06,1848.42,Damaged,Recycling,Completed,EMP003,WH-E,Packaging damaged
WR001080,INV004422,MED015009,BAT600073,2026-07-21,2028-11-16,82,170.59,13988.38,Expired,Incineration,Pending,EMP007,WH-D,Expired stock removed
WR001081,INV003634,MED069181,BAT379935,2026-07-21,2028-11-29,174,443.14,77106.36,Expired,Biohazard Disposal,Completed,EMP015,WH-A,Expired stock removed
WR001082,INV002573,MED096776,BAT622993,2026-07-21,2026-10-28,163,511.83,83428.29,Expired,Return to Supplier,Completed,EMP020,WH-E,Expired stock removed
WR001083,INV003826,MED019907,BAT639861,2025-11-08,2025-05-20,105,6.97,731.85,Expired,Recycling,Completed,EMP001,WH-E,Medicine expired
WR001084,INV002916,MED005921,BAT467418,2026-07-21,2026-06-05,9,509.79,4588.11,Expired,Recycling,Completed,EMP015,WH-C,Expired stock removed
WR001085,INV001415,MED073331,BAT537256,2026-05-08,2026-05-30,32,546.54,17489.28,Recalled,Return to Supplier,Completed,EMP003,WH-D,Safety recall
WR001086,INV003579,MED033942,BAT922145,2026-04-14,2025-08-16,148,586.77,86841.96,Recalled,Incineration,Completed,EMP011,WH-D,Manufacturer recall
WR001087,INV003680,MED063596,BAT404193,2026-03-15,2026-06-09,150,485.98,72897.0,Overstock,Biohazard Disposal,Completed,EMP004,WH-C,Excess inventory
WR001088,INV002438,MED117746,BAT462153,2026-05-22,2027-12-07,144,553.34,79680.96,Recalled,Incineration,Completed,EMP010,WH-E,Safety recall
WR001089,INV001040,MED008457,BAT541699,2025-11-08,2025-06-14,80,199.49,15959.2,Expired,Return to Supplier,Completed,EMP004,WH-A,Expired stock removed
WR001090,INV002703,MED031358,BAT220501,2026-01-22,2027-04-17,184,482.39,88759.76,Damaged,Return to Supplier,Completed,EMP016,WH-E,Packaging damaged
WR001091,INV003804,MED050860,BAT788716,2026-02-01,2026-12-02,59,90.91,5363.69,Overstock,Incineration,Completed,EMP016,WH-A,Low demand
WR001092,INV001140,MED012083,BAT570700,2026-03-06,2028-06-21,23,177.13,4073.99,Recalled,Return to Supplier,Completed,EMP014,WH-B,Manufacturer recall
WR001093,INV001874,MED008634,BAT511744,2026-06-29,2027-11-16,195,464.85,90645.75,Damaged,Recycling,Completed,EMP002,WH-E,Broken container
WR001094,INV004905,MED027828,BAT123724,2026-07-21,2027-12-03,160,191.7,30672.0,Expired,Return to Supplier,Completed,EMP005,WH-E,Expired stock removed
WR001095,INV002058,MED014404,BAT851966,2026-02-20,2027-10-05,28,582.1,16298.8,Damaged,Return to Supplier,Completed,EMP011,WH-C,Broken container
WR001096,INV000675,MED093385,BAT469311,2026-04-13,2026-10-01,41,344.29,14115.89,Recalled,Return to Supplier,Completed,EMP003,WH-A,Safety recall
WR001097,INV004617,MED006116,BAT828109,2026-07-21,2026-09-03,192,255.08,48975.36,Expired,Return to Supplier,Completed,EMP019,WH-A,Expired stock removed
WR001098,INV003028,MED130029,BAT903989,2026-07-21,2028-04-15,127,49.26,6256.02,Expired,Biohazard Disposal,Completed,EMP002,WH-B,Medicine expired
WR001099,INV001898,MED106873,BAT162033,2026-02-17,2026-02-11,36,592.5,21330.0,Expired,Biohazard Disposal,Completed,EMP020,WH-B,Medicine expired
WR001100,INV001778,MED107150,BAT380110,2026-05-21,2026-04-04,96,158.9,15254.4,Expired,Biohazard Disposal,Completed,EMP007,WH-D,Medicine expired
WR001101,INV003713,MED008287,BAT356278,2026-07-21,2026-08-14,143,292.92,41887.56,Expired,Return to Supplier,Completed,EMP013,WH-B,Medicine expired
WR001102,INV001990,MED118756,BAT683143,2026-07-21,2027-03-21,170,133.99,22778.3,Expired,Recycling,Completed,EMP005,WH-A,Medicine expired
WR001103,INV000165,MED110490,BAT468623,2026-05-30,2027-02-15,192,168.36,32325.12,Overstock,Incineration,Completed,EMP009,WH-A,Low demand
WR001104,INV004093,MED059953,BAT206061,2026-07-21,2027-05-01,175,234.11,40969.25,Expired,Incineration,Completed,EMP018,WH-B,Medicine expired
WR001105,INV004085,MED101584,BAT448162,2026-07-21,2028-08-18,196,495.51,97119.96,Expired,Biohazard Disposal,Completed,EMP003,WH-B,Medicine expired
WR001106,INV004382,MED002349,BAT539782,2026-01-24,2026-10-03,146,191.63,27977.98,Overstock,Biohazard Disposal,Completed,EMP004,WH-D,Low demand
WR001107,INV001453,MED092819,BAT367090,2026-07-21,2027-05-08,27,296.06,7993.62,Expired,Biohazard Disposal,Pending,EMP013,WH-E,Expired stock removed
WR001109,INV000393,MED018710,BAT148759,2026-02-03,2027-03-14,32,355.64,11380.48,Damaged,Recycling,Completed,EMP009,WH-A,Packaging damaged
WR001110,INV004217,MED038872,BAT454626,2026-04-15,2025-10-22,61,157.75,9622.75,Contaminated,Biohazard Disposal,Completed,EMP005,WH-C,Quality issue
WR001111,INV001970,MED091978,BAT889558,2026-07-21,2027-09-14,193,273.28,52743.04,Expired,Biohazard Disposal,Completed,EMP018,WH-D,Expired stock removed
WR001112,INV001429,MED111143,BAT674721,2026-07-07,2025-07-13,67,458.84,30742.28,Overstock,Recycling,Completed,EMP003,WH-B,Low demand
WR001113,INV002390,MED022090,BAT203763,2026-02-08,2027-09-15,47,440.81,20718.07,Recalled,Biohazard Disposal,Completed,EMP002,WH-C,Manufacturer recall
WR001114,INV000139,MED081377,BAT585188,2026-07-15,2025-12-01,120,196.31,23557.2,Damaged,Return to Supplier,Completed,EMP002,WH-A,Broken container
WR001115,INV004375,MED012736,BAT368464,2026-07-21,2027-12-24,6,305.61,1833.66,Expired,Recycling,Completed,EMP011,WH-D,Medicine expired
WR001116,INV000814,MED121183,BAT344435,2026-02-03,2025-09-29,177,528.56,93555.12,Overstock,Incineration,Completed,EMP015,WH-A,Low demand
WR001117,INV004650,MED014789,BAT614612,2026-07-21,2026-09-27,148,175.2,25929.6,Expired,Recycling,Completed,EMP020,WH-B,Medicine expired
WR001118,INV000145,MED050193,BAT324597,2026-01-25,2028-06-03,176,599.99,105598.24,Damaged,Return to Supplier,Completed,EMP002,WH-A,Broken container
WR001119,INV001583,MED125059,BAT776562,2026-02-03,2028-03-31,149,308.27,45932.23,Damaged,Recycling,Completed,EMP002,WH-C,Packaging damaged
WR001120,INV000193,MED006428,BAT834549,2026-01-05,2025-08-24,189,254.17,48038.13,Expired,Incineration,Completed,EMP007,WH-D,Expired stock removed
WR001121,INV003247,MED069286,BAT327645,2026-06-05,2026-04-24,187,419.81,78504.47,Expired,Biohazard Disposal,Completed,EMP006,WH-B,Expired stock removed
WR001122,INV004171,MED011250,BAT379866,2026-04-06,2028-12-06,171,305.67,52269.57,Damaged,Recycling,Completed,EMP011,WH-E,Packaging damaged
WR001123,INV004889,MED082175,BAT177168,2026-07-21,2028-09-23,160,413.9,66224.0,Expired,Incineration,Completed,EMP012,WH-C,Expired stock removed
WR001124,INV001909,MED059534,BAT417924,2026-07-21,2028-02-12,106,26.53,2812.18,Expired,Biohazard Disposal,Completed,EMP019,WH-B,Medicine expired
WR001125,INV002919,MED131256,BAT181081,2026-07-21,2027-06-09,44,54.55,2400.2,Expired,Biohazard Disposal,Completed,EMP015,WH-D,Medicine expired
WR001126,INV000494,MED090522,BAT669097,2026-04-02,2027-10-11,150,211.86,31779.0,Damaged,Return to Supplier,Pending,EMP017,WH-E,Packaging damaged
WR001127,INV004840,MED133831,BAT567779,2026-07-21,2028-01-11,20,286.95,5739.0,Expired,Biohazard Disposal,Completed,EMP016,WH-C,Expired stock removed
WR001128,INV001730,MED122385,BAT612696,2026-01-30,2028-06-17,160,265.83,42532.8,Recalled,Incineration,Pending,EMP015,WH-C,Manufacturer recall
WR001129,INV001220,MED019349,BAT544664,2026-07-21,2029-06-27,160,52.61,8417.6,Expired,Return to Supplier,Completed,EMP018,WH-E,Medicine expired
WR001130,INV001030,MED020651,BAT735553,2026-06-04,2026-02-05,195,457.77,89265.15,Recalled,Recycling,Pending,EMP018,WH-A,Manufacturer recall
WR001131,INV003859,MED050853,BAT570266,2026-04-01,2026-08-18,66,151.91,10026.06,Contaminated,Incineration,Completed,EMP002,WH-D,Quality issue
WR001132,INV001969,MED121417,BAT406351,2026-03-23,2026-07-08,92,476.07,43798.44,Overstock,Return to Supplier,Completed,EMP011,WH-D,Low demand
WR001133,INV003457,MED038959,BAT938271,2026-07-21,2027-01-25,115,14.94,1718.1,Expired,Recycling,Pending,EMP006,WH-E,Expired stock removed
WR001134,INV003701,MED092209,BAT931265,2026-07-21,2026-07-22,95,130.38,12386.1,Expired,Incineration,Completed,EMP010,WH-C,Expired stock removed
WR001135,INV002845,MED069799,BAT501832,2026-07-18,2028-08-05,75,24.9,1867.5,Damaged,Recycling,Completed,EMP009,WH-E,Broken container
WR001136,INV001643,MED009148,BAT633804,2026-07-21,2026-08-19,109,377.7,41169.3,Expired,Return to Supplier,Completed,EMP017,WH-B,Expired stock removed
WR001137,INV000565,MED033499,BAT400487,2026-03-03,2027-06-26,126,404.32,50944.32,Damaged,Incineration,Completed,EMP019,WH-C,Packaging damaged
WR001138,INV001407,MED122705,BAT428702,2026-03-24,2026-03-06,54,416.06,22467.24,Expired,Biohazard Disposal,Completed,EMP003,WH-C,Medicine expired
WR001139,INV004259,MED002369,BAT497829,2026-07-21,2027-01-09,68,574.53,39068.04,Expired,Biohazard Disposal,Completed,EMP002,WH-C,Medicine expired
WR001140,INV003342,MED026093,BAT993910,2026-06-07,2025-08-25,9,388.79,3499.11,Expired,Incineration,Completed,EMP004,WH-B,Medicine expired
WR001141,INV000066,MED078797,BAT472060,2026-01-29,2026-10-22,101,422.2,42642.2,Overstock,Incineration,Completed,EMP010,WH-E,Excess inventory
WR001142,INV000052,MED062369,BAT840734,2026-03-21,2025-11-25,188,327.85,61635.8,Expired,Recycling,Completed,EMP012,WH-D,Medicine expired
WR001143,INV002388,MED042704,BAT912692,2026-07-21,2027-03-14,195,514.51,100329.45,Expired,Return to Supplier,Pending,EMP011,WH-B,Expired stock removed
WR001144,INV000059,MED091189,BAT587623,2026-07-21,2027-12-11,108,366.31,39561.48,Expired,Return to Supplier,Completed,EMP018,WH-B,Expired stock removed
WR001145,INV004268,MED137011,BAT267029,2026-04-18,2025-12-31,74,129.19,9560.06,Damaged,Recycling,Completed,EMP017,WH-E,Broken container
WR001146,INV003978,MED116177,BAT895882,2026-06-14,2027-11-16,38,380.87,14473.06,Recalled,Biohazard Disposal,Completed,EMP011,WH-E,Manufacturer recall
WR001147,INV004338,MED088053,BAT346347,2026-07-21,2027-06-30,43,583.98,25111.14,Expired,Biohazard Disposal,Completed,EMP005,WH-C,Medicine expired
WR001148,INV004526,MED110306,BAT660913,2026-02-15,2026-01-06,23,241.53,5555.19,Expired,Recycling,Completed,EMP004,WH-B,Expired stock removed
WR001149,INV001809,MED093130,BAT565660,2026-05-30,2025-04-08,129,476.55,61474.95,Expired,Incineration,Completed,EMP009,WH-D,Medicine expired
WR001150,INV003176,MED123960,BAT344896,2026-07-21,2027-10-21,58,58.7,3404.6,Expired,Biohazard Disposal,Completed,EMP018,WH-E,Expired stock removed
WR001151,INV002981,MED049393,BAT115532,2026-07-09,2025-10-04,61,93.76,5719.36,Damaged,Return to Supplier,Completed,EMP006,WH-B,Broken container
WR001152,INV000922,MED096561,BAT181290,2026-07-01,2026-04-19,18,331.28,5963.04,Recalled,Recycling,Completed,EMP003,WH-A,Safety recall
WR001153,INV001311,MED088093,BAT999987,2026-03-21,2026-04-30,90,181.42,16327.8,Damaged,Return to Supplier,Completed,EMP012,WH-D,Broken container
WR001154,INV003615,MED117004,BAT467819,2026-04-19,2026-05-01,123,22.59,2778.57,Overstock,Recycling,Completed,EMP014,WH-E,Excess inventory
WR001155,INV004554,MED061522,BAT836499,2026-05-17,2026-05-13,158,141.94,22426.52,Expired,Return to Supplier,Completed,EMP014,WH-E,Expired stock removed
WR001156,INV000581,MED115689,BAT525756,2026-03-30,2027-09-29,137,108.18,14820.66,Contaminated,Biohazard Disposal,Completed,EMP002,WH-D,Quality issue
WR001157,INV000916,MED081253,BAT481219,2026-04-19,2026-07-26,198,32.47,6429.06,Recalled,Recycling,Completed,EMP005,WH-E,Safety recall
WR001158,INV001580,MED069130,BAT266309,2025-03-24,2024-12-17,15,126.28,1894.2,Expired,Biohazard Disposal,Completed,EMP010,WH-B,Expired stock removed
WR001159,INV001219,MED049396,BAT371213,2026-02-06,2026-09-30,147,469.7,69045.9,Overstock,Biohazard Disposal,Completed,EMP020,WH-C,Excess inventory
WR001160,INV002941,MED036261,BAT120650,2026-07-21,2027-10-23,142,379.3,53860.6,Expired,Recycling,Completed,EMP008,WH-A,Medicine expired
WR001161,INV001880,MED077562,BAT380028,2026-07-21,2027-01-17,12,344.31,4131.72,Expired,Return to Supplier,Pending,EMP010,WH-C,Medicine expired
WR001162,INV000445,MED091288,BAT741603,2026-07-21,2027-10-22,97,250.87,24334.39,Expired,Recycling,Completed,EMP017,WH-B,Expired stock removed
WR001163,INV001698,MED062802,BAT440133,2026-03-12,2026-03-09,9,464.94,4184.46,Damaged,Return to Supplier,Completed,EMP015,WH-B,Packaging damaged
WR001164,INV004664,MED081294,BAT944109,2026-02-14,2027-08-10,128,590.03,75523.84,Damaged,Recycling,Completed,EMP017,WH-A,Packaging damaged
WR001165,INV001671,MED022083,BAT619829,2026-06-01,2027-06-16,135,271.26,36620.1,Damaged,Incineration,Completed,EMP004,WH-C,Packaging damaged
WR001166,INV003133,MED109487,BAT932990,2026-04-19,2025-09-17,165,277.52,45790.8,Damaged,Incineration,Pending,EMP014,WH-A,Broken container
WR001167,INV000732,MED134625,BAT886365,2026-07-21,2028-01-17,116,353.48,41003.68,Expired,Recycling,Completed,EMP013,WH-E,Medicine expired
WR001168,INV004245,MED086541,BAT603692,2026-07-21,2027-09-21,22,403.58,8878.76,Expired,Biohazard Disposal,Completed,EMP002,WH-B,Medicine expired
WR001169,INV003115,MED024313,BAT797432,2026-07-21,2027-08-20,20,458.75,9175.0,Expired,Return to Supplier,Completed,EMP014,WH-E,Medicine expired
WR001170,INV003026,MED130525,BAT206639,2026-07-11,2026-07-03,116,351.99,40830.84,Damaged,Incineration,Completed,EMP008,WH-E,Broken container
WR001171,INV000108,MED036268,BAT766269,2026-02-19,2028-12-11,197,74.42,14660.74,Overstock,Incineration,Completed,EMP002,WH-C,Excess inventory
WR001172,INV002547,MED001690,BAT744810,2026-03-15,2028-03-01,29,370.5,10744.5,Recalled,Recycling,Completed,EMP014,WH-D,Safety recall
WR001173,INV001325,MED047992,BAT940848,2026-07-21,2026-08-02,163,218.36,35592.68,Expired,Biohazard Disposal,Completed,EMP004,WH-B,Expired stock removed
WR001174,INV000959,MED038600,BAT140989,2026-03-25,2026-01-09,162,387.24,62732.88,Expired,Recycling,Completed,EMP017,WH-E,Medicine expired
WR001175,INV003779,MED036550,BAT364248,2026-07-21,2028-05-27,62,106.43,6598.66,Expired,Biohazard Disposal,Completed,EMP009,WH-E,Expired stock removed
WR001176,INV002656,MED127059,BAT511309,2025-10-15,2025-06-07,36,257.22,9259.92,Expired,Biohazard Disposal,Completed,EMP014,WH-D,Expired stock removed
WR001177,INV002113,MED111124,BAT158815,2026-07-21,2027-05-11,15,204.46,3066.9,Expired,Return to Supplier,Completed,EMP005,WH-D,Expired stock removed
WR001178,INV004540,MED125065,BAT631839,2026-07-21,2026-12-19,67,274.47,18389.49,Expired,Recycling,Completed,EMP012,WH-C,Expired stock removed
WR001179,INV002218,MED104348,BAT473185,2026-04-16,2027-03-02,165,450.61,74350.65,Damaged,Biohazard Disposal,Pending,EMP020,WH-D,Broken container
WR001180,INV002267,MED109121,BAT891694,2026-04-23,2026-10-31,77,223.81,17233.37,Damaged,Recycling,Pending,EMP017,WH-A,Broken container
WR001181,INV000180,MED078148,BAT943776,2026-07-21,2027-07-21,63,99.06,6240.78,Expired,Incineration,Completed,EMP007,WH-B,Expired stock removed
WR001182,INV003892,MED062956,BAT208137,2026-07-08,2027-07-30,134,310.92,41663.28,Overstock,Return to Supplier,Completed,EMP008,WH-D,Low demand
WR001183,INV004317,MED013434,BAT875146,2026-07-21,2028-02-10,81,226.84,18374.04,Expired,Return to Supplier,Completed,EMP004,WH-C,Medicine expired
WR001184,INV001945,MED107910,BAT261777,2026-04-27,2025-12-24,145,229.33,33252.85,Contaminated,Recycling,Pending,EMP006,WH-C,Contaminated during storage
WR001185,INV003816,MED060824,BAT635570,2026-07-17,2026-04-10,16,45.09,721.44,Damaged,Biohazard Disposal,Completed,EMP015,WH-D,Broken container
WR001186,INV000981,MED034863,BAT158579,2026-03-15,2025-07-22,19,419.19,7964.61,Damaged,Recycling,Completed,EMP016,WH-A,Broken container
WR001187,INV004290,MED032938,BAT969010,2026-07-21,2027-10-17,98,408.33,40016.34,Expired,Biohazard Disposal,Completed,EMP013,WH-A,Expired stock removed
WR001188,INV003834,MED114152,BAT445781,2026-03-18,2026-02-15,7,364.16,2549.12,Overstock,Return to Supplier,Completed,EMP004,WH-E,Excess inventory
WR001189,INV003835,MED081146,BAT632339,2026-07-21,2027-10-07,117,200.16,23418.72,Expired,Biohazard Disposal,Completed,EMP008,WH-D,Medicine expired
WR001190,INV001739,MED039981,BAT753235,2026-01-18,2025-10-26,187,261.71,48939.77,Expired,Recycling,Completed,EMP012,WH-A,Medicine expired
WR001191,INV002726,MED126970,BAT232976,2026-07-21,2027-10-02,9,179.96,1619.64,Expired,Biohazard Disposal,Completed,EMP003,WH-B,Medicine expired
WR001192,INV003610,MED135465,BAT589761,2026-03-22,2027-08-19,124,288.42,35764.08,Overstock,Incineration,Completed,EMP018,WH-A,Excess inventory
WR001193,INV001633,MED018576,BAT916455,2026-04-21,2027-02-09,11,316.7,3483.7,Recalled,Return to Supplier,Completed,EMP016,WH-D,Safety recall
WR001194,INV003188,MED047767,BAT436655,2025-10-28,2024-12-13,65,470.12,30557.8,Expired,Biohazard Disposal,Completed,EMP007,WH-C,Medicine expired
WR001195,INV002156,MED063862,BAT103977,2026-03-07,2028-05-18,36,561.29,20206.44,Recalled,Return to Supplier,Completed,EMP016,WH-B,Manufacturer recall
WR001196,INV000786,MED120998,BAT627054,2026-01-26,2024-11-20,60,168.6,10116.0,Expired,Return to Supplier,Completed,EMP001,WH-E,Medicine expired
WR001197,INV002852,MED123394,BAT828240,2026-07-21,2027-05-09,182,11.55,2102.1,Expired,Return to Supplier,Pending,EMP002,WH-B,Medicine expired
WR001198,INV004523,MED128127,BAT390648,2026-04-24,2026-10-22,46,296.6,13643.6,Damaged,Biohazard Disposal,Completed,EMP001,WH-D,Packaging damaged
WR001199,INV000074,MED093023,BAT259097,2026-07-21,2026-11-07,32,75.48,2415.36,Expired,Incineration,Completed,EMP019,WH-E,Medicine expired
WR001200,INV003919,MED024192,BAT685450,2026-04-17,2026-07-11,148,312.47,46245.56,Overstock,Recycling,Completed,EMP006,WH-B,Excess inventory
WR001202,INV001854,MED028193,BAT946475,2026-07-21,2026-11-15,179,259.31,46416.49,Expired,Return to Supplier,Completed,EMP002,WH-C,Medicine expired
WR001203,INV004952,MED078675,BAT272378,2026-06-30,2026-11-06,91,590.76,53759.16,Recalled,Return to Supplier,Completed,EMP004,WH-E,Manufacturer recall
WR001204,INV000630,MED010183,BAT243132,2026-06-01,2026-04-23,110,457.4,50314.0,Expired,Return to Supplier,Completed,EMP011,WH-E,Expired stock removed
WR001205,INV002631,MED032925,BAT229489,2026-07-21,2026-12-30,126,12.85,1619.1,Expired,Return to Supplier,Completed,EMP014,WH-A,Expired stock removed
WR001206,INV000438,MED106501,BAT377370,2026-07-21,2027-05-14,62,359.94,22316.28,Expired,Return to Supplier,Completed,EMP005,WH-D,Medicine expired
WR001207,INV004577,MED131775,BAT196459,2026-07-21,2029-03-12,23,244.94,5633.62,Expired,Return to Supplier,Completed,EMP013,WH-D,Medicine expired
WR001208,INV003890,MED034885,BAT704629,2026-06-29,2026-05-24,4,314.8,1259.2,Expired,Return to Supplier,Completed,EMP009,WH-C,Expired stock removed
WR001209,INV001004,MED103778,BAT435740,2026-04-11,2026-04-10,5,474.79,2373.95,Expired,Return to Supplier,Completed,EMP009,WH-A,Medicine expired
WR001210,INV003986,MED066684,BAT580755,2026-07-21,2028-10-14,62,251.52,15594.24,Expired,Biohazard Disposal,Completed,EMP020,WH-D,Expired stock removed
WR001211,INV004132,MED096102,BAT576600,2025-05-09,2024-11-28,179,499.54,89417.66,Expired,Incineration,Completed,EMP015,WH-C,Medicine expired
WR001212,INV002481,MED100403,BAT925573,2026-07-05,2026-01-14,129,405.92,52363.68,Overstock,Recycling,Completed,EMP011,WH-D,Excess inventory
WR001213,INV004399,MED054669,BAT496875,2026-05-08,2027-05-23,77,508.37,39144.49,Damaged,Biohazard Disposal,Pending,EMP009,WH-C,Broken container
WR001214,INV004124,MED077379,BAT292870,2026-07-21,2028-03-21,106,34.52,3659.12,Expired,Biohazard Disposal,Completed,EMP018,WH-E,Expired stock removed
WR001215,INV003945,MED009557,BAT826874,2026-05-20,2028-06-18,73,121.05,8836.65,Overstock,Incineration,Completed,EMP015,WH-A,Excess inventory
WR001216,INV003487,MED035657,BAT436526,2026-05-28,2028-01-21,99,227.48,22520.52,Overstock,Incineration,Completed,EMP005,WH-B,Low demand
WR001217,INV002193,MED075125,BAT164116,2026-07-21,2028-06-28,91,484.28,44069.48,Expired,Incineration,Completed,EMP016,WH-E,Expired stock removed
WR001218,INV002571,MED132814,BAT855018,2026-07-21,2028-03-06,142,80.27,11398.34,Expired,Incineration,Completed,EMP008,WH-B,Medicine expired
WR001219,INV000601,MED101001,BAT159645,2026-02-25,2027-04-25,75,56.4,4230.0,Recalled,Recycling,Completed,EMP001,WH-E,Safety recall
WR001220,INV000827,MED103236,BAT148439,2026-07-21,2026-12-29,135,199.97,26995.95,Expired,Biohazard Disposal,Completed,EMP001,WH-B,Expired stock removed
WR001221,INV002045,MED031971,BAT445904,2026-07-21,2027-12-25,40,373.22,14928.8,Expired,Biohazard Disposal,Completed,EMP011,WH-A,Expired stock removed
WR001222,INV002580,MED050397,BAT435249,2026-07-21,2027-10-29,41,376.56,15438.96,Expired,Biohazard Disposal,Completed,EMP017,WH-E,Medicine expired
WR001223,INV001280,MED103004,BAT870109,2026-06-25,2026-06-09,123,469.45,57742.35,Expired,Recycling,Completed,EMP009,WH-A,Medicine expired
WR001224,INV001707,MED066781,BAT665093,2026-06-14,2027-09-03,165,87.24,14394.6,Recalled,Return to Supplier,Completed,EMP017,WH-C,Manufacturer recall
WR001225,INV002651,MED089853,BAT465493,2026-07-21,2026-12-31,78,455.18,35504.04,Expired,Biohazard Disposal,Completed,EMP001,WH-A,Medicine expired
WR001226,INV004648,MED131937,BAT314782,2026-07-21,2027-05-25,32,41.44,1326.08,Expired,Biohazard Disposal,Completed,EMP010,WH-D,Expired stock removed
WR001227,INV003902,MED012413,BAT773436,2026-07-07,2026-05-07,38,371.84,14129.92,Expired,Biohazard Disposal,Completed,EMP001,WH-B,Expired stock removed
WR001228,INV000852,MED062121,BAT882193,2026-06-07,2027-04-08,32,154.11,4931.52,Recalled,Biohazard Disposal,Completed,EMP010,WH-C,Manufacturer recall
WR001229,INV002699,MED012505,BAT321521,2026-03-05,2027-05-12,68,124.07,8436.76,Overstock,Recycling,Completed,EMP014,WH-D,Low demand
WR001230,INV000364,MED076441,BAT765213,2026-04-27,2026-03-02,83,521.16,43256.28,Expired,Recycling,Completed,EMP003,WH-D,Expired stock removed
WR001231,INV003958,MED121881,BAT503543,2026-03-16,2027-02-07,96,84.36,8098.56,Recalled,Recycling,Completed,EMP019,WH-A,Manufacturer recall
WR001232,INV002000,MED079645,BAT281050,2026-07-06,2025-11-06,175,450.32,78806.0,Overstock,Incineration,Completed,EMP020,WH-D,Excess inventory
WR001233,INV004401,MED000356,BAT644894,2026-06-07,2027-12-01,127,148.58,18869.66,Overstock,Biohazard Disposal,Completed,EMP006,WH-D,Excess inventory
WR001234,INV003371,MED070162,BAT393242,2026-07-21,2026-09-09,104,227.89,23700.56,Expired,Return to Supplier,Completed,EMP014,WH-E,Medicine expired
WR001235,INV004238,MED025896,BAT869372,2026-07-21,2027-07-02,191,287.51,54914.41,Expired,Incineration,Completed,EMP004,WH-E,Expired stock removed
WR001236,INV004212,MED007591,BAT139227,2026-02-14,2025-05-27,35,154.89,5421.15,Expired,Incineration,Completed,EMP014,WH-B,Expired stock removed
WR001237,INV004332,MED100791,BAT991525,2026-07-21,2028-05-13,78,591.72,46154.16,Expired,Incineration,Completed,EMP005,WH-C,Expired stock removed
WR001238,INV003874,MED010274,BAT887382,2026-07-21,2027-07-09,22,304.88,6707.36,Expired,Incineration,Completed,EMP008,WH-E,Medicine expired
WR001239,INV003724,MED129129,BAT531420,2026-07-21,2026-11-09,113,62.03,7009.39,Expired,Return to Supplier,Completed,EMP003,WH-C,Expired stock removed
WR001240,INV004424,MED040807,BAT608063,2026-07-21,2028-02-25,33,599.09,19769.97,Expired,Return to Supplier,Completed,EMP003,WH-B,Expired stock removed
WR001241,INV003464,MED073830,BAT134608,2026-04-17,2025-08-09,6,267.3,1603.8,Overstock,Return to Supplier,Completed,EMP002,WH-C,Excess inventory
WR001242,INV002121,MED035381,BAT892019,2026-01-05,2025-04-29,12,186.53,2238.36,Expired,Biohazard Disposal,Completed,EMP020,WH-B,Expired stock removed
WR001243,INV004308,MED087493,BAT176510,2026-07-21,2027-03-26,83,201.04,16686.32,Expired,Return to Supplier,Completed,EMP020,WH-A,Medicine expired
WR001244,INV004156,MED047794,BAT919091,2026-07-21,2028-08-29,122,334.01,40749.22,Expired,Recycling,Completed,EMP018,WH-A,Medicine expired
WR001245,INV001351,MED094759,BAT275516,2026-06-20,2026-04-30,128,598.42,76597.76,Expired,Biohazard Disposal,Completed,EMP005,WH-E,Expired stock removed
WR001246,INV001976,MED036542,BAT157260,2025-07-12,2025-01-07,56,468.38,26229.28,Expired,Recycling,Completed,EMP009,WH-C,Medicine expired
WR001247,INV000147,MED134145,BAT856215,2026-04-03,2027-01-27,117,433.15,50678.55,Damaged,Biohazard Disposal,Completed,EMP001,WH-C,Broken container
WR001248,INV002601,MED077461,BAT541800,2026-05-23,2026-10-15,12,474.21,5690.52,Recalled,Incineration,Completed,EMP017,WH-C,Manufacturer recall
WR001249,INV004425,MED013365,BAT167633,2026-02-23,2028-07-08,75,355.74,26680.5,Recalled,Recycling,Completed,EMP016,WH-B,Safety recall
WR001250,INV002810,MED024004,BAT342274,2026-02-11,2028-03-07,24,196.81,4723.44,Recalled,Recycling,Completed,EMP013,WH-C,Manufacturer recall
WR001251,INV004565,MED076095,BAT717981,2026-07-21,2028-02-18,171,351.66,60133.86,Expired,Biohazard Disposal,Pending,EMP001,WH-A,Medicine expired
WR001252,INV004568,MED108541,BAT505675,2026-07-21,2027-12-04,156,505.5,78858.0,Expired,Incineration,Completed,EMP019,WH-D,Medicine expired
WR001253,INV000991,MED050993,BAT423595,2025-11-26,2025-06-27,195,302.63,59012.85,Expired,Biohazard Disposal,Completed,EMP010,WH-C,Medicine expired
WR001254,INV001250,MED113957,BAT695833,2026-07-21,2027-08-22,81,93.07,7538.67,Expired,Return to Supplier,Completed,EMP014,WH-C,Expired stock removed
WR001255,INV000792,MED042698,BAT433799,2026-07-21,2028-07-15,18,22.2,399.6,Expired,Recycling,Completed,EMP020,WH-C,Medicine expired
WR001256,INV000303,MED013742,BAT578933,2026-04-19,2025-06-26,187,471.78,88222.86,Expired,Return to Supplier,Completed,EMP017,WH-D,Expired stock removed
WR001257,INV004587,MED073596,BAT878842,2026-02-08,2026-03-21,78,264.35,20619.3,Damaged,Recycling,Completed,EMP009,WH-B,Packaging damaged
WR001258,INV000464,MED099357,BAT296243,2026-07-21,2026-08-02,159,209.14,33253.26,Expired,Return to Supplier,Pending,EMP020,WH-B,Expired stock removed
WR001259,INV002036,MED052551,BAT731603,2026-04-23,2027-10-16,122,10.37,1265.14,Recalled,Return to Supplier,Completed,EMP003,WH-B,Manufacturer recall
WR001260,INV000306,MED034113,BAT349736,2026-07-21,2028-02-14,177,428.43,75832.11,Expired,Recycling,Completed,EMP007,WH-E,Expired stock removed
WR001261,INV002284,MED031958,BAT485733,2026-07-21,2027-07-19,75,143.04,10728.0,Expired,Biohazard Disposal,Completed,EMP002,WH-C,Medicine expired
WR001262,INV001693,MED063712,BAT722429,2026-06-08,2027-03-29,62,180.03,11161.86,Recalled,Incineration,Completed,EMP012,WH-B,Safety recall
WR001263,INV003386,MED093255,BAT895339,2026-03-03,2026-06-06,149,221.2,32958.8,Contaminated,Recycling,Completed,EMP008,WH-C,Quality issue
WR001264,INV002664,MED036767,BAT139987,2026-07-21,2027-02-21,49,75.63,3705.87,Expired,Biohazard Disposal,Completed,EMP010,WH-A,Expired stock removed
WR001265,INV004444,MED129585,BAT838674,2026-06-06,2027-01-08,98,237.26,23251.48,Damaged,Incineration,Pending,EMP010,WH-C,Packaging damaged
WR001266,INV000255,MED012111,BAT726979,2026-07-21,2028-09-13,133,554.48,73745.84,Expired,Incineration,Completed,EMP008,WH-E,Expired stock removed
WR001267,INV002596,MED055542,BAT989995,2026-07-21,2028-04-10,4,501.36,2005.44,Expired,Biohazard Disposal,Completed,EMP009,WH-A,Expired stock removed
WR001268,INV001549,MED107658,BAT366487,2026-07-21,2027-05-29,155,29.12,4513.6,Expired,Biohazard Disposal,Pending,EMP003,WH-B,Medicine expired
WR001269,INV000371,MED079142,BAT886553,2026-06-11,2026-01-01,17,138.47,2353.99,Damaged,Incineration,Completed,EMP006,WH-A,Broken container
WR001270,INV000105,MED133222,BAT945664,2026-06-21,2028-01-30,68,283.66,19288.88,Overstock,Incineration,Completed,EMP002,WH-D,Excess inventory
WR001271,INV001659,MED040410,BAT914972,2026-07-21,2027-01-07,151,354.63,53549.13,Expired,Return to Supplier,Completed,EMP004,WH-C,Medicine expired
WR001272,INV003818,MED102070,BAT875448,2025-12-20,2025-10-23,164,39.78,6523.92,Expired,Return to Supplier,Completed,EMP014,WH-A,Medicine expired
WR001273,INV001284,MED093995,BAT658224,2026-07-21,2028-09-29,159,555.59,88338.81,Expired,Biohazard Disposal,Completed,EMP009,WH-E,Expired stock removed
WR001274,INV001115,MED038192,BAT781478,2026-07-21,2027-04-30,73,165.83,12105.59,Expired,Biohazard Disposal,Completed,EMP020,WH-A,Medicine expired
WR001275,INV001594,MED132120,BAT934375,2026-07-21,2027-09-01,3,351.81,1055.43,Expired,Incineration,Completed,EMP006,WH-A,Expired stock removed
WR001276,INV000349,MED030683,BAT321659,2026-07-21,2028-09-15,30,520.98,15629.4,Expired,Recycling,Completed,EMP015,WH-B,Expired stock removed
WR001277,INV004579,MED039073,BAT307495,2026-07-21,2027-03-23,85,412.48,35060.8,Expired,Return to Supplier,Completed,EMP011,WH-C,Medicine expired
WR001278,INV001288,MED062023,BAT568516,2026-03-11,2027-12-25,49,356.18,17452.82,Recalled,Incineration,Completed,EMP010,WH-E,Safety recall
WR001279,INV003206,MED115632,BAT837198,2026-07-21,2026-10-29,163,231.82,37786.66,Expired,Incineration,Completed,EMP010,WH-A,Medicine expired
WR001280,INV002316,MED104953,BAT521840,2026-07-10,2027-11-10,79,397.03,31365.37,Recalled,Incineration,Completed,EMP014,WH-D,Manufacturer recall
WR001281,INV002663,MED005353,BAT759251,2026-07-09,2026-06-24,58,389.9,22614.2,Damaged,Incineration,Completed,EMP020,WH-C,Broken container
WR001282,INV000451,MED100309,BAT806765,2025-08-30,2025-08-22,152,585.51,88997.52,Expired,Return to Supplier,Completed,EMP020,WH-D,Expired stock removed
WR001283,INV002936,MED069001,BAT983348,2026-02-19,2028-02-23,35,190.5,6667.5,Recalled,Biohazard Disposal,Completed,EMP003,WH-D,Manufacturer recall
WR001284,INV002685,MED018550,BAT878237,2026-05-08,2028-10-04,132,328.62,43377.84,Damaged,Return to Supplier,Completed,EMP011,WH-C,Packaging damaged
WR001285,INV000155,MED019285,BAT349183,2026-02-28,2026-06-21,3,385.18,1155.54,Overstock,Return to Supplier,Completed,EMP001,WH-A,Low demand
WR001286,INV000717,MED136232,BAT931145,2026-07-21,2027-06-24,158,160.1,25295.8,Expired,Recycling,Completed,EMP007,WH-C,Expired stock removed
WR001287,INV000667,MED044423,BAT200488,2026-05-15,2029-01-04,171,12.67,2166.57,Overstock,Incineration,Completed,EMP019,WH-D,Excess inventory
WR001288,INV003750,MED028712,BAT304428,2026-04-11,2027-09-24,9,163.47,1471.23,Damaged,Biohazard Disposal,Completed,EMP013,WH-A,Broken container
WR001289,INV003348,MED090296,BAT596856,2025-05-26,2025-05-19,193,474.62,91601.66,Expired,Return to Supplier,Completed,EMP009,WH-A,Expired stock removed
WR001290,INV001660,MED101880,BAT996151,2026-06-07,2025-02-10,100,5.58,558.0,Overstock,Recycling,Completed,EMP003,WH-D,Excess inventory
WR001291,INV001227,MED117005,BAT977504,2026-04-30,2027-03-19,169,596.98,100889.62,Damaged,Return to Supplier,Completed,EMP014,WH-B,Broken container
WR001292,INV001685,MED081415,BAT779865,2026-05-26,2026-01-02,196,309.76,60712.96,Damaged,Recycling,Completed,EMP020,WH-A,Packaging damaged
WR001293,INV000988,MED009495,BAT778058,2026-02-22,2027-05-29,22,51.3,1128.6,Recalled,Return to Supplier,Completed,EMP012,WH-A,Safety recall
WR001294,INV001499,MED039375,BAT574214,2026-05-11,2025-08-23,61,231.68,14132.48,Expired,Return to Supplier,Completed,EMP006,WH-D,Expired stock removed
WR001295,INV002227,MED072830,BAT887854,2026-07-08,2027-07-24,115,84.67,9737.05,Recalled,Incineration,Completed,EMP010,WH-B,Manufacturer recall
WR001296,INV002042,MED106925,BAT945365,2026-07-21,2026-09-30,31,75.37,2336.47,Expired,Return to Supplier,Completed,EMP003,WH-B,Medicine expired
WR001297,INV001494,MED018660,BAT350369,2026-07-21,2027-05-02,55,510.51,28078.05,Expired,Return to Supplier,Completed,EMP002,WH-A,Expired stock removed
WR001298,INV004485,MED047886,BAT857682,2026-05-21,2027-05-31,200,562.91,112582.0,Recalled,Return to Supplier,Completed,EMP006,WH-C,Manufacturer recall
WR001299,INV000418,MED063840,BAT674122,2026-05-03,2025-10-02,164,130.98,21480.72,Expired,Return to Supplier,Completed,EMP009,WH-B,Medicine expired
WR001300,INV003184,MED093205,BAT810333,2026-02-18,2027-08-03,27,74.63,2015.01,Recalled,Biohazard Disposal,Completed,EMP011,WH-E,Safety recall
WR001301,INV002557,MED092075,BAT457383,2026-06-23,2027-01-11,22,63.53,1397.66,Overstock,Incineration,Completed,EMP019,WH-D,Low demand
WR001302,INV002850,MED098468,BAT178025,2026-04-10,2026-07-22,17,546.91,9297.47,Recalled,Return to Supplier,Completed,EMP013,WH-C,Safety recall
WR001303,INV003402,MED045506,BAT715389,2026-07-04,2026-10-10,81,523.14,42374.34,Overstock,Biohazard Disposal,Completed,EMP013,WH-D,Low demand
WR001304,INV000821,MED074285,BAT620021,2026-05-24,2025-10-07,14,282.59,3956.26,Overstock,Recycling,Pending,EMP018,WH-C,Low demand
WR001305,INV000736,MED021681,BAT151047,2026-07-21,2026-12-11,9,330.56,2975.04,Expired,Incineration,Completed,EMP009,WH-D,Medicine expired
WR001306,INV001770,MED014089,BAT157590,2026-02-06,2027-02-24,134,378.52,50721.68,Damaged,Biohazard Disposal,Completed,EMP009,WH-A,Packaging damaged
WR001307,INV003883,MED114242,BAT246274,2026-07-21,2029-05-15,102,115.33,11763.66,Expired,Return to Supplier,Completed,EMP003,WH-C,Medicine expired
WR001308,INV000368,MED000613,BAT659711,2026-07-16,2027-07-18,190,535.74,101790.6,Damaged,Return to Supplier,Completed,EMP012,WH-B,Packaging damaged
WR001309,INV003414,MED079226,BAT812549,2026-05-02,2028-03-24,113,565.44,63894.72,Recalled,Biohazard Disposal,Completed,EMP008,WH-B,Safety recall
WR001310,INV003297,MED032858,BAT290955,2026-03-04,2027-04-05,114,462.55,52730.7,Overstock,Biohazard Disposal,Completed,EMP018,WH-A,Low demand
WR001311,INV003311,MED021439,BAT947158,2026-05-19,2028-03-05,68,598.76,40715.68,Damaged,Return to Supplier,Completed,EMP004,WH-A,Packaging damaged
WR001312,INV003893,MED050587,BAT640610,2026-07-21,2027-11-08,116,53.04,6152.64,Expired,Biohazard Disposal,Completed,EMP014,WH-C,Expired stock removed
WR001313,INV001981,MED065597,BAT787890,2026-02-05,2025-02-20,144,273.2,39340.8,Overstock,Return to Supplier,Completed,EMP013,WH-D,Excess inventory
WR001314,INV003774,MED100738,BAT321751,2026-04-29,2027-04-12,183,15.17,2776.11,Damaged,Recycling,Completed,EMP006,WH-B,Packaging damaged
WR001315,INV003509,MED069322,BAT477127,2025-04-02,2024-12-07,130,481.07,62539.1,Expired,Biohazard Disposal,Completed,EMP008,WH-C,Expired stock removed
WR001316,INV001904,MED022038,BAT817002,2026-04-30,2026-04-22,158,252.35,39871.3,Expired,Biohazard Disposal,Completed,EMP018,WH-A,Expired stock removed
WR001317,INV000417,MED048347,BAT412534,2026-02-15,2026-08-18,55,89.12,4901.6,Contaminated,Incineration,Completed,EMP007,WH-E,Contaminated during storage
WR001318,INV004451,MED067574,BAT764773,2026-06-04,2025-07-05,39,392.55,15309.45,Expired,Biohazard Disposal,Completed,EMP006,WH-B,Expired stock removed
WR001319,INV001684,MED007250,BAT937167,2026-05-17,2026-04-15,111,262.72,29161.92,Expired,Biohazard Disposal,Completed,EMP003,WH-C,Medicine expired
WR001320,INV000543,MED023737,BAT906519,2026-06-17,2025-11-22,156,176.82,27583.92,Damaged,Recycling,Completed,EMP003,WH-B,Broken container
WR001321,INV004898,MED040024,BAT503897,2026-04-30,2026-03-06,177,166.58,29484.66,Damaged,Incineration,Completed,EMP009,WH-E,Broken container
WR001322,INV003676,MED081004,BAT402012,2026-07-21,2028-04-09,86,46.57,4005.02,Expired,Incineration,Completed,EMP020,WH-A,Expired stock removed
WR001323,INV003957,MED011298,BAT644519,2026-05-18,2025-07-15,176,73.87,13001.12,Expired,Biohazard Disposal,Completed,EMP001,WH-E,Medicine expired
WR001324,INV000152,MED005785,BAT155843,2026-05-23,2028-01-27,3,596.74,1790.22,Damaged,Incineration,Completed,EMP019,WH-C,Packaging damaged
WR001325,INV004151,MED014536,BAT100572,2026-07-21,2027-10-27,49,543.29,26621.21,Expired,Biohazard Disposal,Completed,EMP003,WH-E,Medicine expired
WR001326,INV000902,MED136325,BAT601515,2026-07-21,2026-12-23,81,39.99,3239.19,Expired,Recycling,Completed,EMP005,WH-B,Medicine expired
WR001327,INV002837,MED063755,BAT444770,2026-01-24,2027-10-14,21,191.87,4029.27,Damaged,Incineration,Completed,EMP008,WH-E,Packaging damaged
WR001328,INV004062,MED117420,BAT558589,2026-07-21,2027-10-06,46,396.12,18221.52,Expired,Recycling,Completed,EMP003,WH-C,Expired stock removed
WR001329,INV004355,MED018474,BAT885890,2026-07-21,2027-02-16,120,402.36,48283.2,Expired,Incineration,Pending,EMP019,WH-A,Medicine expired
WR001330,INV003882,MED066478,BAT200645,2026-04-19,2025-11-04,110,435.72,47929.2,Expired,Recycling,Completed,EMP018,WH-B,Medicine expired
WR001331,INV002003,MED049277,BAT974002,2026-06-24,2025-05-18,58,301.96,17513.68,Expired,Biohazard Disposal,Completed,EMP004,WH-A,Medicine expired
WR001332,INV004137,MED093507,BAT377497,2026-05-23,2024-11-19,57,246.39,14044.23,Damaged,Recycling,Completed,EMP001,WH-B,Broken container
WR001333,INV000804,MED032913,BAT216335,2026-07-21,2027-07-28,181,333.31,60329.11,Expired,Incineration,Completed,EMP017,WH-E,Expired stock removed
WR001334,INV001156,MED055382,BAT839056,2026-03-10,2027-03-24,156,362.63,56570.28,Overstock,Incineration,Completed,EMP013,WH-C,Excess inventory
WR001335,INV002331,MED064600,BAT758864,2026-05-06,2026-05-19,199,12.41,2469.59,Overstock,Incineration,Completed,EMP009,WH-E,Excess inventory
WR001336,INV004283,MED042084,BAT546626,2026-03-01,2028-01-13,36,559.47,20140.92,Overstock,Return to Supplier,Completed,EMP003,WH-D,Excess inventory
WR001337,INV003370,MED117451,BAT812220,2026-06-24,2029-01-13,187,386.8,72331.6,Overstock,Recycling,Completed,EMP007,WH-B,Low demand
WR001338,INV004297,MED039296,BAT638372,2026-03-14,2027-10-07,8,373.2,2985.6,Overstock,Recycling,Completed,EMP020,WH-C,Excess inventory
WR001339,INV002517,MED061037,BAT838754,2025-11-10,2025-10-04,184,496.5,91356.0,Expired,Return to Supplier,Pending,EMP001,WH-B,Expired stock removed
WR001340,INV004250,MED014992,BAT785270,2025-09-09,2025-05-08,113,339.92,38410.96,Expired,Biohazard Disposal,Completed,EMP017,WH-C,Expired stock removed
WR001341,INV004331,MED096678,BAT108795,2026-05-14,2025-12-31,33,321.05,10594.65,Recalled,Return to Supplier,Completed,EMP020,WH-A,Manufacturer recall
WR001342,INV002219,MED117163,BAT630228,2026-07-21,2027-09-18,114,596.26,67973.64,Expired,Return to Supplier,Completed,EMP005,WH-B,Expired stock removed
WR001343,INV002752,MED063047,BAT511475,2026-04-23,2028-06-04,3,308.12,924.36,Damaged,Recycling,Completed,EMP005,WH-E,Packaging damaged
WR001344,INV001162,MED047718,BAT492041,2026-01-31,2027-06-18,108,564.31,60945.48,Recalled,Biohazard Disposal,Completed,EMP003,WH-E,Safety recall
WR001345,INV002990,MED074145,BAT410286,2026-06-02,2028-07-04,133,17.96,2388.68,Damaged,Return to Supplier,Completed,EMP017,WH-D,Broken container
WR001346,INV004458,MED037905,BAT411467,2026-04-11,2025-12-19,93,581.3,54060.9,Overstock,Biohazard Disposal,Completed,EMP007,WH-E,Low demand
WR001347,INV001793,MED135256,BAT752788,2026-04-18,2026-07-23,108,329.82,35620.56,Damaged,Incineration,Completed,EMP007,WH-E,Broken container
WR001348,INV000755,MED094429,BAT731347,2026-07-18,2027-06-29,172,576.08,99085.76,Contaminated,Return to Supplier,Completed,EMP017,WH-C,Quality issue
WR001349,INV000408,MED121278,BAT597923,2026-02-10,2024-10-31,26,543.18,14122.68,Expired,Incineration,Completed,EMP013,WH-B,Expired stock removed
WR001350,INV004065,MED065358,BAT254891,2026-07-17,2028-05-13,194,234.56,45504.64,Contaminated,Return to Supplier,Completed,EMP012,WH-C,Contaminated during storage
WR001351,INV001478,MED067021,BAT688971,2026-01-27,2026-10-26,103,28.77,2963.31,Damaged,Biohazard Disposal,Completed,EMP007,WH-D,Broken container
WR001352,INV000200,MED107842,BAT336633,2026-07-13,2025-12-03,171,431.83,73842.93,Damaged,Recycling,Completed,EMP016,WH-A,Broken container
WR001353,INV004926,MED033066,BAT223137,2026-03-08,2027-12-26,5,243.39,1216.95,Overstock,Recycling,Completed,EMP005,WH-B,Low demand
WR001354,INV002269,MED093002,BAT111631,2026-05-28,2028-03-04,11,391.64,4308.04,Damaged,Incineration,Completed,EMP016,WH-A,Packaging damaged
WR001355,INV002356,MED009402,BAT652137,2026-02-04,2028-06-25,91,111.65,10160.15,Overstock,Return to Supplier,Completed,EMP013,WH-B,Excess inventory
WR001356,INV000662,MED028373,BAT821255,2026-04-12,2025-11-28,127,298.36,37891.72,Contaminated,Incineration,Completed,EMP003,WH-C,Contaminated during storage
WR001357,INV003619,MED100897,BAT284523,2026-03-15,2026-11-30,104,407.91,42422.64,Overstock,Incineration,Completed,EMP013,WH-E,Low demand
WR001358,INV003729,MED090536,BAT124847,2026-02-23,2028-01-16,40,499.31,19972.4,Overstock,Incineration,Pending,EMP017,WH-B,Low demand
WR001359,INV000383,MED078176,BAT218423,2026-02-05,2027-12-29,49,394.71,19340.79,Contaminated,Return to Supplier,Completed,EMP018,WH-E,Contaminated during storage
WR001360,INV001348,MED129844,BAT690730,2026-07-21,2026-10-20,65,374.42,24337.3,Expired,Return to Supplier,Completed,EMP010,WH-C,Medicine expired
WR001361,INV003255,MED101178,BAT556210,2026-05-09,2026-02-27,170,379.4,64498.0,Overstock,Recycling,Completed,EMP005,WH-E,Low demand
WR001362,INV002151,MED033492,BAT695379,2026-07-21,2027-02-04,79,22.47,1775.13,Expired,Biohazard Disposal,Completed,EMP005,WH-C,Medicine expired
WR001363,INV000392,MED018604,BAT740524,2026-05-01,2026-02-16,158,133.28,21058.24,Expired,Return to Supplier,Completed,EMP013,WH-C,Medicine expired
WR001364,INV001257,MED037265,BAT481220,2026-04-28,2025-09-15,48,306.91,14731.68,Recalled,Biohazard Disposal,Completed,EMP010,WH-E,Manufacturer recall
WR001365,INV000259,MED078124,BAT409783,2026-07-21,2027-01-12,83,212.26,17617.58,Expired,Recycling,Completed,EMP004,WH-E,Expired stock removed
WR001366,INV004449,MED033384,BAT855437,2026-02-08,2026-12-13,3,91.69,275.07,Overstock,Recycling,Completed,EMP017,WH-D,Low demand
WR001367,INV001804,MED009432,BAT515750,2026-07-21,2027-12-21,18,555.58,10000.44,Expired,Incineration,Completed,EMP015,WH-D,Expired stock removed
WR001368,INV004073,MED019344,BAT860265,2026-05-14,2026-03-26,89,66.54,5922.06,Expired,Recycling,Completed,EMP019,WH-B,Expired stock removed
WR001369,INV003901,MED024875,BAT911793,2026-07-21,2028-12-15,108,446.81,48255.48,Expired,Recycling,Pending,EMP012,WH-D,Expired stock removed
WR001370,INV003479,MED095127,BAT256548,2026-04-08,2025-08-24,124,224.19,27799.56,Overstock,Biohazard Disposal,Completed,EMP017,WH-E,Excess inventory
WR001371,INV002404,MED032136,BAT261024,2026-05-19,2025-05-04,74,400.67,29649.58,Damaged,Biohazard Disposal,Completed,EMP015,WH-D,Broken container
WR001372,INV000309,MED051481,BAT385166,2026-01-22,2026-01-04,66,69.84,4609.44,Recalled,Recycling,Completed,EMP012,WH-D,Manufacturer recall
WR001373,INV004162,MED128844,BAT110013,2026-07-21,2027-01-11,129,66.52,8581.08,Expired,Recycling,Completed,EMP017,WH-D,Medicine expired
WR001374,INV004150,MED049716,BAT560954,2026-01-20,2025-12-01,91,554.24,50435.84,Expired,Incineration,Pending,EMP002,WH-C,Expired stock removed
WR001375,INV003418,MED122072,BAT416168,2026-04-21,2025-01-18,112,179.75,20132.0,Overstock,Return to Supplier,Completed,EMP004,WH-C,Low demand
WR001376,INV002856,MED052037,BAT944212,2026-07-21,2026-10-26,41,474.88,19470.08,Expired,Recycling,Completed,EMP002,WH-C,Medicine expired
WR001377,INV000909,MED038950,BAT612361,2026-07-21,2028-01-15,17,393.41,6687.97,Expired,Incineration,Completed,EMP015,WH-A,Expired stock removed
WR001378,INV004847,MED090943,BAT503796,2026-03-24,2026-08-10,105,309.31,32477.55,Overstock,Incineration,Completed,EMP013,WH-B,Excess inventory
WR001379,INV001247,MED059762,BAT851435,2026-01-23,2029-01-17,61,66.66,4066.26,Damaged,Incineration,Pending,EMP019,WH-A,Packaging damaged
WR001380,INV001233,MED040905,BAT133833,2026-05-11,2026-08-14,199,54.44,10833.56,Overstock,Incineration,Completed,EMP020,WH-C,Low demand
WR001381,INV000468,MED040283,BAT695417,2026-05-27,2025-10-15,134,40.72,5456.48,Damaged,Return to Supplier,Completed,EMP007,WH-A,Packaging damaged
WR001382,INV003825,MED027684,BAT419402,2026-01-31,2027-03-02,121,436.15,52774.15,Damaged,Return to Supplier,Completed,EMP016,WH-A,Broken container
WR001383,INV004706,MED053307,BAT559789,2025-10-05,2025-10-01,100,346.2,34620.0,Expired,Incineration,Completed,EMP009,WH-E,Expired stock removed
WR001384,INV002440,MED065323,BAT678616,2026-07-21,2026-08-01,83,140.62,11671.46,Expired,Biohazard Disposal,Pending,EMP020,WH-D,Medicine expired
WR001385,INV000607,MED042315,BAT834061,2026-07-21,2027-05-16,2,426.03,852.06,Expired,Recycling,Completed,EMP002,WH-D,Expired stock removed
WR001386,INV003566,MED107689,BAT663520,2025-09-18,2025-04-12,65,571.78,37165.7,Expired,Biohazard Disposal,Completed,EMP009,WH-D,Medicine expired
WR001387,INV002172,MED136026,BAT961379,2026-07-21,2028-04-17,192,379.07,72781.44,Expired,Return to Supplier,Completed,EMP008,WH-C,Expired stock removed
WR001389,INV002826,MED077390,BAT379964,2026-07-21,2028-01-16,2,338.9,677.8,Expired,Return to Supplier,Completed,EMP014,WH-D,Medicine expired
WR001390,INV001608,MED026432,BAT988380,2026-06-18,2026-06-06,164,469.13,76937.32,Expired,Recycling,Completed,EMP012,WH-A,Expired stock removed
WR001391,INV003689,MED091912,BAT476412,2026-07-21,2028-01-15,163,12.5,2037.5,Expired,Return to Supplier,Completed,EMP013,WH-B,Expired stock removed
WR001392,INV000851,MED073843,BAT365045,2026-03-05,2027-01-05,114,48.55,5534.7,Overstock,Return to Supplier,Pending,EMP010,WH-D,Low demand
WR001393,INV002793,MED075460,BAT251779,2026-05-26,2026-08-30,50,541.08,27054.0,Damaged,Return to Supplier,Pending,EMP001,WH-E,Packaging damaged
WR001394,INV003922,MED067209,BAT403740,2025-11-16,2025-04-26,119,243.23,28944.37,Expired,Incineration,Completed,EMP011,WH-C,Expired stock removed
WR001395,INV002642,MED117962,BAT726065,2026-07-21,2027-10-28,152,459.08,69780.16,Expired,Incineration,Completed,EMP014,WH-A,Expired stock removed
WR001396,INV004977,MED094683,BAT958636,2026-03-08,2026-04-09,190,161.35,30656.5,Damaged,Biohazard Disposal,Completed,EMP006,WH-D,Packaging damaged
WR001397,INV003077,MED051248,BAT773100,2026-01-26,2025-10-13,175,235.8,41265.0,Expired,Incineration,Completed,EMP012,WH-B,Medicine expired
WR001398,INV002368,MED096697,BAT256605,2026-02-14,2026-04-24,19,517.9,9840.1,Damaged,Recycling,Completed,EMP004,WH-C,Broken container
WR001399,INV001843,MED136536,BAT705355,2026-02-07,2026-07-27,162,334.21,54142.02,Damaged,Recycling,Completed,EMP009,WH-C,Packaging damaged
WR001400,INV004794,MED005824,BAT289298,2026-07-21,2028-03-13,164,17.28,2833.92,Expired,Biohazard Disposal,Completed,EMP009,WH-B,Expired stock removed
WR001401,INV003915,MED041096,BAT700192,2026-07-21,2027-04-25,108,285.64,30849.12,Expired,Biohazard Disposal,Completed,EMP016,WH-A,Expired stock removed
WR001402,INV002564,MED114302,BAT743709,2026-03-28,2028-06-26,93,527.01,49011.93,Overstock,Biohazard Disposal,Completed,EMP001,WH-B,Low demand
WR001403,INV001369,MED055719,BAT310396,2026-04-10,2025-11-02,130,305.83,39757.9,Damaged,Incineration,Completed,EMP007,WH-B,Packaging damaged
WR001404,INV002521,MED122379,BAT787641,2026-07-21,2026-09-30,160,480.92,76947.2,Expired,Biohazard Disposal,Completed,EMP002,WH-B,Expired stock removed
WR001405,INV003651,MED006838,BAT498357,2026-04-03,2027-07-20,197,125.29,24682.13,Overstock,Biohazard Disposal,Completed,EMP019,WH-A,Low demand
WR001406,INV003869,MED106860,BAT496367,2026-05-15,2027-03-04,10,554.44,5544.4,Overstock,Incineration,Completed,EMP006,WH-D,Excess inventory
WR001407,INV002069,MED131469,BAT152431,2026-02-06,2026-06-02,184,216.96,39920.64,Overstock,Biohazard Disposal,Completed,EMP014,WH-C,Low demand
WR001408,INV003914,MED020168,BAT231341,2026-07-21,2026-11-14,147,40.32,5927.04,Expired,Incineration,Completed,EMP009,WH-C,Medicine expired
WR001409,INV001950,MED106128,BAT504872,2026-02-06,2025-09-17,29,31.79,921.91,Expired,Return to Supplier,Completed,EMP011,WH-A,Expired stock removed
WR001410,INV000820,MED111172,BAT728896,2026-07-21,2027-11-15,191,371.58,70971.78,Expired,Biohazard Disposal,Completed,EMP017,WH-A,Medicine expired
WR001411,INV004420,MED101378,BAT555097,2026-04-06,2029-02-04,14,302.82,4239.48,Damaged,Recycling,Completed,EMP013,WH-A,Packaging damaged
WR001412,INV000359,MED031187,BAT642421,2026-01-29,2025-12-19,54,195.15,10538.1,Expired,Biohazard Disposal,Completed,EMP010,WH-D,Expired stock removed
WR001413,INV004248,MED103577,BAT740468,2026-05-02,2025-06-11,138,345.56,47687.28,Damaged,Recycling,Completed,EMP002,WH-A,Packaging damaged
WR001414,INV000182,MED051621,BAT589131,2026-04-15,2025-11-17,52,62.6,3255.2,Damaged,Biohazard Disposal,Completed,EMP008,WH-E,Packaging damaged
WR001415,INV004126,MED083836,BAT186777,2026-02-26,2028-01-30,43,121.03,5204.29,Overstock,Recycling,Completed,EMP004,WH-A,Low demand
WR001416,INV004636,MED018436,BAT692096,2026-07-17,2027-10-05,112,584.63,65478.56,Contaminated,Incineration,Completed,EMP020,WH-A,Quality issue
WR001417,INV001483,MED123353,BAT941214,2026-07-21,2026-09-07,36,333.98,12023.28,Expired,Biohazard Disposal,Completed,EMP012,WH-E,Expired stock removed
WR001418,INV003017,MED101979,BAT185879,2026-04-03,2025-06-25,1,405.19,405.19,Recalled,Biohazard Disposal,Pending,EMP011,WH-B,Manufacturer recall
WR001419,INV000775,MED015269,BAT846209,2026-07-21,2027-12-28,11,257.81,2835.91,Expired,Biohazard Disposal,Completed,EMP005,WH-D,Medicine expired
WR001420,INV004398,MED116784,BAT157244,2026-07-16,2026-08-17,1,5.6,5.6,Overstock,Recycling,Completed,EMP006,WH-C,Excess inventory
WR001421,INV002144,MED131195,BAT840651,2026-07-21,2026-11-09,77,393.31,30284.87,Expired,Incineration,Completed,EMP003,WH-C,Medicine expired
WR001422,INV003207,MED033196,BAT179826,2026-06-25,2026-05-08,72,450.37,32426.64,Expired,Recycling,Completed,EMP005,WH-C,Medicine expired
WR001423,INV001055,MED024580,BAT626584,2026-07-10,2028-04-07,46,167.19,7690.74,Overstock,Recycling,Completed,EMP007,WH-D,Low demand
WR001424,INV000753,MED086009,BAT542503,2026-03-06,2027-09-14,53,253.2,13419.6,Damaged,Biohazard Disposal,Completed,EMP016,WH-E,Broken container
WR001425,INV000935,MED063772,BAT419626,2026-07-21,2027-07-05,81,509.77,41291.37,Expired,Biohazard Disposal,Completed,EMP012,WH-E,Expired stock removed
WR001426,INV004319,MED073422,BAT707060,2026-07-21,2028-04-15,51,456.99,23306.49,Expired,Biohazard Disposal,Completed,EMP012,WH-C,Expired stock removed
WR001427,INV000269,MED022633,BAT954815,2026-02-11,2028-02-01,76,248.43,18880.68,Damaged,Biohazard Disposal,Completed,EMP004,WH-D,Packaging damaged
WR001428,INV000972,MED105888,BAT336856,2026-07-21,2028-06-01,98,594.51,58261.98,Expired,Return to Supplier,Completed,EMP011,WH-C,Expired stock removed
WR001429,INV001496,MED122922,BAT315093,2026-07-21,2028-05-11,91,17.33,1577.03,Expired,Return to Supplier,Completed,EMP016,WH-D,Expired stock removed
WR001430,INV004997,MED006563,BAT665605,2026-04-15,2026-10-05,56,207.89,11641.84,Damaged,Recycling,Completed,EMP004,WH-B,Broken container
WR001431,INV001630,MED008658,BAT352807,2026-07-05,2026-09-10,174,85.15,14816.1,Overstock,Incineration,Completed,EMP014,WH-A,Low demand
WR001432,INV003528,MED032072,BAT779586,2026-04-29,2027-05-03,163,331.82,54086.66,Overstock,Recycling,Completed,EMP012,WH-D,Excess inventory
WR001433,INV001512,MED061435,BAT491772,2025-12-15,2025-06-28,3,133.26,399.78,Expired,Return to Supplier,Completed,EMP010,WH-D,Expired stock removed
WR001434,INV003369,MED116388,BAT365486,2026-03-13,2026-08-22,132,299.62,39549.84,Overstock,Incineration,Completed,EMP013,WH-E,Excess inventory
WR001435,INV002749,MED034935,BAT522540,2026-07-21,2029-05-11,106,143.41,15201.46,Expired,Return to Supplier,Completed,EMP002,WH-B,Expired stock removed
WR001436,INV003285,MED026794,BAT923556,2026-07-21,2027-09-24,10,594.95,5949.5,Expired,Incineration,Completed,EMP014,WH-B,Expired stock removed
WR001437,INV004634,MED115916,BAT828382,2026-07-17,2025-03-23,11,303.76,3341.36,Overstock,Return to Supplier,Completed,EMP001,WH-B,Excess inventory
WR001438,INV004774,MED117849,BAT638510,2026-05-30,2028-06-27,14,252.08,3529.12,Overstock,Recycling,Completed,EMP010,WH-C,Excess inventory
WR001439,INV003239,MED010128,BAT937228,2026-05-29,2027-11-13,64,240.01,15360.64,Damaged,Return to Supplier,Completed,EMP009,WH-D,Packaging damaged
WR001440,INV001093,MED052222,BAT909231,2026-06-02,2026-02-09,86,454.71,39105.06,Damaged,Recycling,Completed,EMP010,WH-A,Broken container
WR001441,INV004561,MED134152,BAT736127,2026-01-23,2024-10-15,75,243.64,18273.0,Expired,Biohazard Disposal,Completed,EMP009,WH-D,Expired stock removed
WR001442,INV004400,MED120396,BAT301935,2026-05-25,2026-10-18,50,584.62,29231.0,Damaged,Biohazard Disposal,Completed,EMP008,WH-C,Broken container
WR001443,INV003878,MED117121,BAT994676,2026-05-07,2029-02-25,98,323.57,31709.86,Damaged,Recycling,Completed,EMP016,WH-B,Packaging damaged
WR001444,INV002431,MED082080,BAT376199,2026-05-05,2028-01-29,179,19.72,3529.88,Damaged,Biohazard Disposal,Completed,EMP010,WH-D,Broken container
WR001445,INV002860,MED034228,BAT965630,2026-07-07,2026-11-27,8,503.31,4026.48,Damaged,Biohazard Disposal,Pending,EMP008,WH-C,Broken container
WR001446,INV003373,MED007944,BAT950838,2026-01-31,2025-12-06,21,37.94,796.74,Damaged,Recycling,Completed,EMP005,WH-A,Broken container
WR001447,INV000748,MED131976,BAT829842,2026-06-28,2025-08-04,20,91.37,1827.4,Overstock,Return to Supplier,Completed,EMP019,WH-E,Low demand
WR001448,INV001513,MED094801,BAT780600,2026-07-21,2027-03-20,137,540.8,74089.6,Expired,Biohazard Disposal,Completed,EMP006,WH-D,Medicine expired
WR001449,INV001677,MED132938,BAT354834,2026-06-30,2026-06-30,151,597.57,90233.07,Damaged,Return to Supplier,Completed,EMP019,WH-B,Broken container
WR001450,INV004535,MED048331,BAT210303,2026-02-23,2025-07-04,192,81.26,15601.92,Recalled,Incineration,Pending,EMP011,WH-E,Manufacturer recall
WR001451,INV000406,MED135725,BAT614379,2026-07-21,2026-09-16,23,574.41,13211.43,Expired,Incineration,Completed,EMP013,WH-B,Expired stock removed
WR001452,INV003561,MED001110,BAT157192,2026-07-21,2028-10-20,93,122.35,11378.55,Expired,Biohazard Disposal,Completed,EMP004,WH-B,Expired stock removed
WR001453,INV000914,MED121389,BAT790573,2026-01-04,2025-08-09,83,8.17,678.11,Expired,Biohazard Disposal,Completed,EMP009,WH-A,Expired stock removed
WR001454,INV002422,MED062980,BAT736166,2026-04-26,2026-05-29,162,399.34,64693.08,Damaged,Biohazard Disposal,Completed,EMP011,WH-C,Broken container
WR001455,INV001271,MED074626,BAT120425,2026-04-01,2026-03-01,175,19.09,3340.75,Expired,Recycling,Completed,EMP016,WH-C,Expired stock removed
WR001456,INV004002,MED065695,BAT993569,2026-02-14,2028-09-11,71,570.4,40498.4,Overstock,Return to Supplier,Completed,EMP011,WH-D,Low demand
WR001457,INV003025,MED107392,BAT847652,2026-07-21,2027-07-17,37,88.25,3265.25,Expired,Recycling,Completed,EMP003,WH-D,Medicine expired
WR001458,INV004206,MED096676,BAT665818,2026-02-06,2026-09-01,97,571.12,55398.64,Damaged,Return to Supplier,Completed,EMP011,WH-E,Broken container
WR001459,INV002539,MED027943,BAT501027,2026-01-25,2026-12-11,112,591.79,66280.48,Recalled,Recycling,Completed,EMP011,WH-B,Manufacturer recall
WR001460,INV004682,MED029591,BAT724739,2026-07-21,2028-12-11,77,511.23,39364.71,Expired,Biohazard Disposal,Completed,EMP001,WH-A,Medicine expired
WR001461,INV004125,MED014606,BAT684217,2026-04-12,2025-09-13,33,572.52,18893.16,Recalled,Incineration,Completed,EMP006,WH-A,Safety recall
WR001462,INV000540,MED028308,BAT718990,2026-07-21,2026-10-26,197,416.57,82064.29,Expired,Recycling,Completed,EMP015,WH-A,Expired stock removed
WR001463,INV002357,MED094842,BAT422532,2026-07-21,2028-06-29,42,581.33,24415.86,Expired,Incineration,Completed,EMP014,WH-B,Medicine expired
WR001464,INV000297,MED126438,BAT275073,2026-03-23,2026-12-13,27,464.0,12528.0,Overstock,Incineration,Completed,EMP020,WH-C,Low demand
WR001465,INV004543,MED000570,BAT468477,2026-07-21,2027-12-15,60,76.72,4603.2,Expired,Incineration,Completed,EMP009,WH-B,Expired stock removed
WR001466,INV003312,MED021106,BAT487530,2026-03-19,2027-01-26,118,493.8,58268.4,Damaged,Recycling,Completed,EMP016,WH-A,Packaging damaged
WR001467,INV002714,MED081532,BAT169774,2026-06-01,2026-03-09,166,560.91,93111.06,Expired,Incineration,Completed,EMP009,WH-B,Expired stock removed
WR001468,INV004796,MED056273,BAT651683,2026-03-19,2026-04-30,63,408.87,25758.81,Damaged,Return to Supplier,Completed,EMP019,WH-A,Broken container
WR001469,INV002895,MED106637,BAT526630,2026-05-04,2026-03-20,37,119.59,4424.83,Expired,Recycling,Completed,EMP005,WH-A,Expired stock removed
WR001470,INV000989,MED038774,BAT270666,2026-02-19,2025-04-19,176,455.13,80102.88,Expired,Biohazard Disposal,Completed,EMP008,WH-B,Medicine expired
WR001471,INV000636,MED075550,BAT837290,2026-07-21,2027-03-22,24,423.82,10171.68,Expired,Recycling,Completed,EMP018,WH-A,Expired stock removed
WR001472,INV004896,MED012242,BAT135107,2026-02-06,2024-08-18,56,186.13,10423.28,Damaged,Biohazard Disposal,Pending,EMP013,WH-B,Packaging damaged
WR001473,INV001859,MED076917,BAT943866,2026-03-20,2027-09-04,38,26.14,993.32,Overstock,Recycling,Completed,EMP006,WH-C,Excess inventory
WR001474,INV000491,MED025154,BAT908239,2026-06-30,2025-08-12,70,413.14,28919.8,Expired,Return to Supplier,Pending,EMP018,WH-A,Expired stock removed
WR001475,INV002585,MED116718,BAT129448,2026-07-21,2027-10-19,23,157.07,3612.61,Expired,Recycling,Completed,EMP007,WH-E,Expired stock removed
WR001476,INV004538,MED114917,BAT527440,2026-07-15,2025-11-17,116,178.61,20718.76,Expired,Return to Supplier,Completed,EMP015,WH-E,Expired stock removed
WR001477,INV000594,MED123622,BAT349505,2026-07-21,2028-11-22,39,348.77,13602.03,Expired,Recycling,Completed,EMP005,WH-C,Medicine expired
WR001478,INV000233,MED122828,BAT532424,2026-07-21,2026-12-13,58,10.44,605.52,Expired,Return to Supplier,Completed,EMP007,WH-A,Expired stock removed
WR001479,INV004777,MED063067,BAT209804,2026-07-21,2026-08-29,79,108.63,8581.77,Expired,Return to Supplier,Completed,EMP020,WH-C,Medicine expired
WR001480,INV003492,MED051243,BAT605786,2026-07-21,2029-03-14,194,51.93,10074.42,Expired,Recycling,Completed,EMP009,WH-B,Medicine expired
WR001481,INV004772,MED034504,BAT847573,2026-02-01,2027-08-07,23,55.93,1286.39,Recalled,Recycling,Pending,EMP015,WH-A,Manufacturer recall
WR001482,INV003583,MED025053,BAT655711,2026-02-28,2027-02-20,185,40.72,7533.2,Recalled,Return to Supplier,Pending,EMP005,WH-E,Manufacturer recall
WR001483,INV003173,MED048402,BAT435197,2026-05-13,2025-06-15,3,85.63,256.89,Recalled,Biohazard Disposal,Completed,EMP011,WH-C,Manufacturer recall
WR001484,INV000275,MED086971,BAT725850,2026-04-30,2026-04-20,79,164.07,12961.53,Expired,Incineration,Completed,EMP006,WH-A,Expired stock removed
WR001485,INV003584,MED132115,BAT132924,2026-07-12,2026-01-20,61,335.32,20454.52,Expired,Biohazard Disposal,Completed,EMP005,WH-E,Medicine expired
WR001486,INV004966,MED013775,BAT524898,2026-05-05,2028-05-11,156,403.58,62958.48,Recalled,Biohazard Disposal,Completed,EMP010,WH-E,Safety recall
WR001487,INV004880,MED096383,BAT497699,2026-07-09,2026-05-05,186,193.61,36011.46,Recalled,Incineration,Pending,EMP014,WH-A,Safety recall
WR001488,INV004748,MED005953,BAT251569,2026-03-25,2028-12-24,156,517.77,80772.12,Damaged,Recycling,Completed,EMP012,WH-A,Broken container
WR001489,INV004378,MED068351,BAT575009,2026-03-26,2025-05-24,177,36.28,6421.56,Recalled,Recycling,Completed,EMP003,WH-D,Manufacturer recall
WR001490,INV001277,MED059477,BAT883572,2026-06-12,2026-02-24,58,279.18,16192.44,Overstock,Incineration,Completed,EMP002,WH-C,Low demand
WR001491,INV004611,MED009332,BAT678988,2026-07-04,2026-06-10,17,208.13,3538.21,Expired,Return to Supplier,Completed,EMP017,WH-A,Medicine expired
WR001492,INV002258,MED100349,BAT297956,2026-06-16,2026-03-30,19,175.78,3339.82,Overstock,Incineration,Completed,EMP011,WH-C,Excess inventory
WR001493,INV004539,MED040288,BAT535377,2026-07-21,2028-08-11,176,288.0,50688.0,Expired,Recycling,Completed,EMP005,WH-D,Expired stock removed
WR001494,INV003002,MED048183,BAT949507,2026-07-21,2027-05-11,79,171.19,13524.01,Expired,Incineration,Completed,EMP019,WH-E,Expired stock removed
WR001495,INV004006,MED067707,BAT520508,2026-07-21,2026-12-14,139,178.78,24850.42,Expired,Incineration,Completed,EMP007,WH-D,Medicine expired
WR001496,INV004957,MED064126,BAT440663,2026-02-07,2026-08-10,163,121.85,19861.55,Overstock,Biohazard Disposal,Completed,EMP007,WH-A,Excess inventory
WR001497,INV004461,MED050235,BAT107728,2026-02-08,2025-11-01,80,68.6,5488.0,Damaged,Recycling,Completed,EMP004,WH-A,Broken container
WR001498,INV002303,MED124299,BAT527559,2026-04-12,2027-08-10,15,350.98,5264.7,Recalled,Incineration,Completed,EMP010,WH-B,Safety recall
WR001499,INV001104,MED121899,BAT347062,2026-03-31,2027-06-20,60,423.34,25400.4,Contaminated,Return to Supplier,Completed,EMP012,WH-C,Contaminated during storage
WR001500,INV003428,MED032656,BAT898622,2026-02-02,2028-11-14,84,268.19,22527.96,Damaged,Incineration,Pending,EMP016,WH-E,Broken container
WR001501,INV003135,MED082886,BAT718324,2026-07-21,2028-08-17,194,170.87,33148.78,Expired,Biohazard Disposal,Pending,EMP019,WH-C,Expired stock removed
WR001502,INV001699,MED001001,BAT421513,2026-05-20,2026-12-07,112,49.33,5524.96,Damaged,Return to Supplier,Completed,EMP008,WH-E,Broken container
WR001503,INV000345,MED091011,BAT923914,2026-03-24,2027-07-15,83,162.16,13459.28,Damaged,Recycling,Completed,EMP006,WH-E,Packaging damaged
WR001504,INV001458,MED054803,BAT493127,2026-06-28,2026-06-11,143,552.14,78956.02,Overstock,Return to Supplier,Completed,EMP005,WH-A,Low demand
WR001505,INV000411,MED124014,BAT659106,2026-06-24,2026-03-22,77,379.56,29226.12,Contaminated,Incineration,Completed,EMP014,WH-D,Quality issue
WR001506,INV004113,MED037469,BAT780667,2026-07-21,2028-01-21,103,459.14,47291.42,Expired,Biohazard Disposal,Completed,EMP015,WH-D,Medicine expired
WR001507,INV000818,MED050165,BAT405202,2026-05-15,2026-08-09,57,408.59,23289.63,Contaminated,Return to Supplier,Completed,EMP015,WH-E,Quality issue
WR001508,INV003886,MED081114,BAT552033,2026-02-04,2027-09-10,119,523.29,62271.51,Damaged,Incineration,Completed,EMP008,WH-E,Packaging damaged
WR001509,INV004928,MED011483,BAT584113,2026-07-21,2028-03-23,186,18.72,3481.92,Expired,Recycling,Completed,EMP018,WH-A,Expired stock removed
WR001510,INV000862,MED066195,BAT904829,2026-05-27,2027-08-02,61,107.02,6528.22,Overstock,Incineration,Completed,EMP005,WH-C,Excess inventory
WR001511,INV001771,MED038206,BAT817588,2026-04-14,2028-12-21,168,271.91,45680.88,Damaged,Recycling,Completed,EMP017,WH-A,Packaging damaged
WR001512,INV002377,MED066266,BAT396458,2026-04-28,2027-09-15,71,389.18,27631.78,Overstock,Return to Supplier,Completed,EMP015,WH-B,Low demand
WR001513,INV004058,MED022396,BAT739702,2026-06-08,2026-06-04,109,205.06,22351.54,Expired,Return to Supplier,Completed,EMP002,WH-C,Medicine expired
WR001514,INV001956,MED035506,BAT272987,2026-07-21,2028-02-28,41,479.74,19669.34,Expired,Incineration,Completed,EMP003,WH-B,Expired stock removed
WR001515,INV000166,MED108019,BAT480959,2026-07-21,2029-04-20,108,89.95,9714.6,Expired,Recycling,Completed,EMP003,WH-A,Medicine expired
WR001516,INV003062,MED066275,BAT563629,2026-07-21,2026-10-05,60,5.33,319.8,Expired,Return to Supplier,Completed,EMP007,WH-E,Medicine expired
WR001517,INV000962,MED040943,BAT663492,2026-07-21,2027-01-08,75,158.12,11859.0,Expired,Return to Supplier,Completed,EMP018,WH-E,Medicine expired
WR001518,INV001886,MED063633,BAT330628,2026-02-16,2026-11-10,137,204.03,27952.11,Damaged,Incineration,Completed,EMP010,WH-C,Packaging damaged
WR001519,INV000315,MED007918,BAT153097,2026-07-21,2026-12-16,80,300.2,24016.0,Expired,Incineration,Completed,EMP019,WH-B,Expired stock removed
WR001520,INV002868,MED048811,BAT717424,2026-01-29,2025-12-27,160,452.88,72460.8,Expired,Return to Supplier,Completed,EMP016,WH-D,Medicine expired
WR001521,INV001983,MED046435,BAT889853,2026-03-31,2025-02-22,107,583.51,62435.57,Damaged,Biohazard Disposal,Completed,EMP019,WH-A,Broken container
WR001522,INV003888,MED032731,BAT917323,2026-07-21,2026-09-03,77,511.01,39347.77,Expired,Biohazard Disposal,Completed,EMP009,WH-C,Medicine expired
WR001523,INV003771,MED063287,BAT555657,2026-03-07,2025-11-09,128,64.32,8232.96,Expired,Incineration,Completed,EMP001,WH-E,Expired stock removed
WR001524,INV004405,MED019333,BAT552807,2026-07-21,2027-01-06,17,136.05,2312.85,Expired,Biohazard Disposal,Completed,EMP011,WH-A,Medicine expired
WR001525,INV001092,MED093512,BAT712885,2026-07-21,2026-12-18,6,142.86,857.16,Expired,Biohazard Disposal,Completed,EMP001,WH-D,Expired stock removed
WR001526,INV001213,MED046777,BAT725935,2026-07-21,2028-02-21,172,403.58,69415.76,Expired,Biohazard Disposal,Completed,EMP019,WH-B,Medicine expired
WR001527,INV000029,MED051231,BAT109767,2026-06-10,2028-08-31,45,324.89,14620.05,Recalled,Biohazard Disposal,Completed,EMP009,WH-C,Safety recall
WR001528,INV003828,MED115477,BAT198447,2026-07-21,2026-10-08,116,478.13,55463.08,Expired,Biohazard Disposal,Completed,EMP018,WH-D,Medicine expired
WR001529,INV001491,MED036144,BAT888242,2026-07-21,2027-06-06,116,95.26,11050.16,Expired,Incineration,Completed,EMP018,WH-B,Medicine expired
WR001530,INV004474,MED054045,BAT347989,2026-06-23,2025-05-23,59,588.28,34708.52,Damaged,Return to Supplier,Completed,EMP014,WH-D,Packaging damaged
WR001531,INV000329,MED053217,BAT349556,2026-06-03,2027-04-21,164,493.89,80997.96,Damaged,Incineration,Completed,EMP010,WH-C,Broken container
WR001532,INV002720,MED066915,BAT108456,2026-07-06,2026-05-19,130,119.48,15532.4,Expired,Incineration,Completed,EMP005,WH-A,Expired stock removed
WR001533,INV001081,MED119460,BAT835652,2026-07-21,2026-12-31,79,86.16,6806.64,Expired,Return to Supplier,Completed,EMP001,WH-B,Medicine expired
WR001534,INV001881,MED036767,BAT102914,2026-07-21,2027-12-21,106,203.83,21605.98,Expired,Biohazard Disposal,Completed,EMP004,WH-C,Medicine expired
WR001535,INV002061,MED079020,BAT744819,2026-03-10,2026-02-27,11,550.16,6051.76,Expired,Incineration,Completed,EMP011,WH-A,Expired stock removed
WR001536,INV000369,MED002357,BAT757128,2026-07-18,2026-07-04,43,66.11,2842.73,Expired,Incineration,Completed,EMP001,WH-B,Expired stock removed
WR001537,INV000394,MED086568,BAT680099,2026-02-19,2028-06-10,113,469.74,53080.62,Damaged,Recycling,Completed,EMP006,WH-E,Broken container
WR001538,INV004008,MED008090,BAT852981,2025-06-08,2025-03-24,33,110.85,3658.05,Expired,Return to Supplier,Completed,EMP005,WH-D,Medicine expired
WR001539,INV001038,MED037866,BAT169452,2026-07-21,2027-06-09,64,134.39,8600.96,Expired,Incineration,Completed,EMP002,WH-E,Medicine expired
WR001540,INV000161,MED051155,BAT640418,2026-07-21,2028-03-01,113,453.21,51212.73,Expired,Recycling,Completed,EMP018,WH-A,Medicine expired
WR001541,INV002355,MED033301,BAT171147,2026-03-04,2027-08-02,195,256.78,50072.1,Damaged,Incineration,Completed,EMP008,WH-D,Broken container
WR001542,INV003980,MED064415,BAT468794,2026-06-14,2026-01-26,62,527.12,32681.44,Damaged,Recycling,Completed,EMP003,WH-B,Packaging damaged
WR001543,INV002234,MED001306,BAT198657,2026-05-28,2026-07-19,57,385.71,21985.47,Damaged,Recycling,Pending,EMP007,WH-A,Broken container
WR001544,INV001300,MED035994,BAT236113,2026-03-02,2025-11-29,106,431.77,45767.62,Contaminated,Recycling,Completed,EMP010,WH-A,Quality issue
WR001545,INV003815,MED020366,BAT222229,2026-07-20,2025-07-06,175,252.12,44121.0,Expired,Incineration,Completed,EMP009,WH-C,Expired stock removed
WR001546,INV004089,MED058179,BAT720440,2025-10-25,2025-04-18,24,480.42,11530.08,Expired,Biohazard Disposal,Completed,EMP015,WH-B,Expired stock removed
WR001548,INV001622,MED048690,BAT121715,2026-07-21,2026-12-19,55,261.38,14375.9,Expired,Recycling,Completed,EMP020,WH-A,Expired stock removed
WR001549,INV004704,MED047523,BAT745921,2026-07-21,2028-04-07,37,8.46,313.02,Expired,Biohazard Disposal,Completed,EMP015,WH-D,Medicine expired
WR001550,INV000522,MED009283,BAT786563,2025-06-26,2024-09-30,17,399.47,6790.99,Expired,Recycling,Completed,EMP018,WH-A,Expired stock removed
WR001551,INV003219,MED066700,BAT779855,2026-02-15,2027-07-15,33,350.08,11552.64,Damaged,Return to Supplier,Completed,EMP020,WH-C,Packaging damaged
WR001552,INV000960,MED019940,BAT780154,2026-07-21,2028-02-16,111,198.11,21990.21,Expired,Recycling,Completed,EMP002,WH-C,Medicine expired
WR001553,INV002906,MED063596,BAT415010,2026-05-27,2026-04-01,84,457.34,38416.56,Expired,Incineration,Completed,EMP007,WH-A,Medicine expired
WR001554,INV003813,MED110864,BAT482526,2026-07-21,2028-08-04,12,251.68,3020.16,Expired,Return to Supplier,Completed,EMP004,WH-A,Expired stock removed
WR001555,INV001948,MED107733,BAT340244,2026-07-01,2028-03-20,52,197.76,10283.52,Recalled,Return to Supplier,Completed,EMP011,WH-A,Manufacturer recall
WR001556,INV004710,MED111088,BAT977896,2026-05-24,2026-05-20,140,120.26,16836.4,Expired,Recycling,Completed,EMP007,WH-A,Expired stock removed
WR001557,INV004307,MED080621,BAT922143,2026-02-16,2025-09-13,43,138.1,5938.3,Overstock,Biohazard Disposal,Completed,EMP003,WH-B,Excess inventory
WR001558,INV004497,MED008581,BAT374185,2026-07-21,2026-08-06,191,152.45,29117.95,Expired,Incineration,Completed,EMP012,WH-E,Medicine expired
WR001559,INV003823,MED103907,BAT614150,2026-02-21,2027-12-28,43,103.89,4467.27,Damaged,Recycling,Completed,EMP001,WH-A,Broken container
WR001560,INV001894,MED110556,BAT275614,2026-03-13,2026-01-18,95,426.75,40541.25,Overstock,Recycling,Completed,EMP020,WH-B,Low demand
WR001561,INV000911,MED079015,BAT335861,2026-06-01,2026-02-22,69,167.87,11583.03,Overstock,Return to Supplier,Completed,EMP002,WH-B,Low demand
WR001562,INV002574,MED047156,BAT728510,2026-06-24,2025-04-13,167,171.56,28650.52,Overstock,Recycling,Completed,EMP017,WH-A,Excess inventory
WR001563,INV002790,MED120357,BAT111662,2026-05-17,2027-12-14,87,480.79,41828.73,Overstock,Recycling,Completed,EMP001,WH-C,Excess inventory
WR001564,INV002442,MED094945,BAT662051,2026-06-25,2027-07-19,101,463.54,46817.54,Overstock,Biohazard Disposal,Completed,EMP019,WH-D,Low demand
WR001565,INV000037,MED042363,BAT925622,2026-07-20,2026-02-16,164,137.35,22525.4,Expired,Incineration,Pending,EMP020,WH-C,Expired stock removed
WR001566,INV001036,MED056000,BAT131394,2025-10-03,2025-08-03,115,217.86,25053.9,Expired,Return to Supplier,Completed,EMP008,WH-C,Expired stock removed
WR001567,INV002470,MED021277,BAT419059,2026-07-21,2026-11-22,36,367.6,13233.6,Expired,Incineration,Completed,EMP015,WH-B,Medicine expired
WR001568,INV003300,MED047442,BAT132339,2026-07-21,2026-11-16,20,453.95,9079.0,Expired,Recycling,Completed,EMP006,WH-A,Expired stock removed
WR001569,INV000436,MED009659,BAT370804,2026-07-21,2026-11-10,199,384.39,76493.61,Expired,Incineration,Completed,EMP008,WH-C,Expired stock removed
WR001570,INV002677,MED109881,BAT888802,2026-07-21,2028-01-08,187,249.59,46673.33,Expired,Recycling,Completed,EMP009,WH-B,Medicine expired
WR001571,INV003248,MED075758,BAT924729,2026-07-21,2026-12-30,115,451.79,51955.85,Expired,Biohazard Disposal,Completed,EMP005,WH-B,Medicine expired
WR001572,INV000830,MED076868,BAT709418,2026-03-23,2028-06-05,10,128.28,1282.8,Recalled,Biohazard Disposal,Completed,EMP006,WH-B,Safety recall
WR001573,INV000148,MED121241,BAT345369,2026-02-04,2028-02-08,27,542.86,14657.22,Damaged,Biohazard Disposal,Completed,EMP005,WH-E,Packaging damaged
WR001574,INV004969,MED028785,BAT534789,2026-07-21,2028-06-13,195,19.04,3712.8,Expired,Incineration,Completed,EMP007,WH-E,Medicine expired
WR001575,INV001394,MED063082,BAT829062,2026-02-28,2027-11-10,136,482.87,65670.32,Damaged,Recycling,Completed,EMP005,WH-D,Packaging damaged
WR001576,INV003608,MED080007,BAT478737,2026-04-22,2027-10-08,69,216.88,14964.72,Contaminated,Incineration,Completed,EMP018,WH-E,Contaminated during storage
WR001577,INV000267,MED063091,BAT725397,2026-02-13,2026-10-15,124,294.57,36526.68,Contaminated,Recycling,Completed,EMP013,WH-B,Quality issue
WR001578,INV001344,MED053300,BAT198735,2026-07-21,2028-04-11,114,231.87,26433.18,Expired,Biohazard Disposal,Completed,EMP004,WH-B,Medicine expired
WR001579,INV004563,MED112620,BAT778796,2026-04-29,2026-11-10,113,145.51,16442.63,Contaminated,Incineration,Completed,EMP015,WH-D,Contaminated during storage
WR001580,INV002636,MED106987,BAT527826,2026-03-14,2027-12-22,37,327.94,12133.78,Damaged,Incineration,Completed,EMP018,WH-C,Broken container
WR001581,INV002605,MED092118,BAT594921,2026-04-10,2025-09-14,1,554.86,554.86,Recalled,Return to Supplier,Completed,EMP016,WH-C,Safety recall
WR001582,INV001782,MED039978,BAT741522,2026-01-27,2026-12-11,70,190.87,13360.9,Damaged,Incineration,Completed,EMP007,WH-B,Packaging damaged
WR001583,INV004208,MED013550,BAT824049,2026-07-21,2027-06-07,39,10.72,418.08,Expired,Incineration,Completed,EMP004,WH-A,Expired stock removed
WR001584,INV003839,MED119591,BAT580267,2026-07-21,2028-04-18,26,551.54,14340.04,Expired,Recycling,Pending,EMP020,WH-C,Medicine expired
WR001585,INV001541,MED135442,BAT508482,2026-02-27,2026-10-25,163,471.32,76825.16,Recalled,Recycling,Pending,EMP014,WH-B,Manufacturer recall
WR001586,INV002115,MED096732,BAT131483,2026-01-28,2025-02-12,88,203.46,17904.48,Recalled,Recycling,Completed,EMP008,WH-A,Safety recall
WR001587,INV002507,MED114768,BAT645884,2026-07-21,2028-05-21,2,172.98,345.96,Expired,Recycling,Completed,EMP017,WH-B,Expired stock removed
WR001588,INV004502,MED078985,BAT115697,2026-07-05,2025-11-17,68,177.26,12053.68,Expired,Recycling,Completed,EMP019,WH-D,Expired stock removed
WR001589,INV002691,MED081834,BAT122908,2026-02-04,2026-09-26,30,6.78,203.4,Damaged,Incineration,Completed,EMP007,WH-D,Broken container
WR001590,INV003013,MED059277,BAT105140,2026-07-21,2027-05-23,102,83.73,8540.46,Expired,Recycling,Pending,EMP009,WH-E,Medicine expired
WR001591,INV004143,MED059949,BAT191255,2026-06-01,2028-04-01,119,161.92,19268.48,Recalled,Return to Supplier,Completed,EMP011,WH-B,Manufacturer recall
WR001592,INV000338,MED062967,BAT489043,2026-07-21,2027-07-31,90,161.66,14549.4,Expired,Biohazard Disposal,Completed,EMP001,WH-C,Expired stock removed
WR001593,INV001977,MED063752,BAT654450,2026-07-21,2027-03-24,197,378.66,74596.02,Expired,Return to Supplier,Completed,EMP013,WH-E,Medicine expired
WR001594,INV000395,MED027623,BAT208584,2026-07-21,2028-06-07,186,304.95,56720.7,Expired,Biohazard Disposal,Completed,EMP004,WH-B,Medicine expired
WR001595,INV003295,MED068606,BAT614207,2026-04-22,2025-06-21,31,261.81,8116.11,Damaged,Incineration,Completed,EMP006,WH-E,Broken container
WR001596,INV002486,MED134145,BAT507477,2026-07-21,2027-02-07,47,360.72,16953.84,Expired,Return to Supplier,Completed,EMP001,WH-E,Expired stock removed
WR001597,INV000092,MED092332,BAT344907,2026-04-20,2026-12-03,36,424.61,15285.96,Overstock,Incineration,Completed,EMP019,WH-B,Excess inventory
WR001598,INV002307,MED082396,BAT844610,2026-02-05,2028-06-18,125,550.24,68780.0,Overstock,Return to Supplier,Pending,EMP014,WH-A,Low demand
WR001599,INV003453,MED054350,BAT123247,2026-07-21,2028-11-08,73,198.89,14518.97,Expired,Return to Supplier,Completed,EMP001,WH-D,Expired stock removed
WR001600,INV003578,MED019594,BAT771170,2026-05-14,2025-04-22,1,65.96,65.96,Overstock,Return to Supplier,Completed,EMP019,WH-E,Excess inventory
WR001601,INV002052,MED107240,BAT542435,2026-07-20,2027-09-08,182,229.81,41825.42,Damaged,Return to Supplier,Completed,EMP009,WH-A,Packaging damaged
WR001602,INV004407,MED071930,BAT807508,2026-01-28,2025-12-02,138,250.38,34552.44,Expired,Return to Supplier,Completed,EMP006,WH-D,Medicine expired
WR001603,INV003683,MED051685,BAT211593,2026-05-07,2026-05-31,57,451.61,25741.77,Contaminated,Biohazard Disposal,Completed,EMP009,WH-A,Contaminated during storage
WR001604,INV000228,MED089595,BAT913185,2026-05-08,2027-02-09,44,218.76,9625.44,Damaged,Incineration,Completed,EMP003,WH-D,Broken container
WR001605,INV004005,MED027524,BAT763284,2026-07-21,2028-01-16,76,172.07,13077.32,Expired,Biohazard Disposal,Completed,EMP006,WH-E,Medicine expired
WR001606,INV002031,MED014872,BAT543014,2026-05-23,2028-02-03,3,539.82,1619.46,Recalled,Incineration,Completed,EMP016,WH-C,Manufacturer recall
WR001607,INV000913,MED065434,BAT512925,2026-07-21,2028-09-27,35,325.69,11399.15,Expired,Incineration,Completed,EMP011,WH-A,Expired stock removed
WR001608,INV002102,MED033835,BAT318381,2026-04-04,2029-05-01,130,306.82,39886.6,Overstock,Incineration,Completed,EMP012,WH-D,Low demand
WR001609,INV000244,MED106635,BAT189856,2026-07-21,2026-10-07,34,96.76,3289.84,Expired,Return to Supplier,Completed,EMP009,WH-B,Medicine expired
WR001610,INV000693,MED104821,BAT721314,2026-07-21,2026-10-26,153,73.11,11185.83,Expired,Recycling,Completed,EMP016,WH-C,Medicine expired
WR001611,INV000109,MED079464,BAT201913,2026-07-21,2027-04-01,186,225.75,41989.5,Expired,Recycling,Completed,EMP001,WH-E,Medicine expired
WR001612,INV004790,MED040345,BAT627766,2026-04-24,2027-06-06,9,118.64,1067.76,Overstock,Incineration,Completed,EMP004,WH-D,Excess inventory
WR001613,INV002038,MED122845,BAT701981,2026-07-21,2027-12-28,161,334.18,53802.98,Expired,Recycling,Completed,EMP004,WH-D,Expired stock removed
WR001614,INV000409,MED007548,BAT499898,2026-05-24,2026-02-27,57,19.7,1122.9,Damaged,Biohazard Disposal,Pending,EMP013,WH-E,Broken container
WR001615,INV002750,MED032925,BAT488794,2026-02-14,2028-09-22,27,429.87,11606.49,Overstock,Biohazard Disposal,Completed,EMP020,WH-D,Low demand
WR001616,INV000330,MED073135,BAT378095,2026-05-05,2026-04-15,145,473.28,68625.6,Expired,Incineration,Completed,EMP009,WH-D,Expired stock removed
WR001617,INV002220,MED008169,BAT110726,2026-07-21,2026-08-05,49,103.71,5081.79,Expired,Biohazard Disposal,Completed,EMP020,WH-C,Expired stock removed
WR001618,INV003022,MED117757,BAT961874,2026-02-22,2026-05-24,121,384.65,46542.65,Contaminated,Return to Supplier,Completed,EMP006,WH-B,Quality issue
WR001619,INV000497,MED031960,BAT816412,2026-07-21,2029-04-18,3,173.46,520.38,Expired,Incineration,Completed,EMP001,WH-A,Medicine expired
WR001620,INV001472,MED001473,BAT162908,2026-02-20,2027-05-25,19,163.2,3100.8,Damaged,Biohazard Disposal,Completed,EMP015,WH-B,Broken container
WR001621,INV002313,MED069326,BAT973278,2026-07-21,2027-06-05,3,564.19,1692.57,Expired,Incineration,Completed,EMP020,WH-C,Medicine expired
WR001622,INV002397,MED082121,BAT163714,2026-03-16,2025-08-04,109,326.63,35602.67,Expired,Biohazard Disposal,Completed,EMP015,WH-A,Medicine expired
WR001623,INV003516,MED075496,BAT938116,2026-02-21,2025-10-23,104,199.53,20751.12,Contaminated,Recycling,Completed,EMP007,WH-D,Quality issue
WR001624,INV004694,MED081088,BAT959802,2026-07-21,2027-12-27,40,96.62,3864.8,Expired,Biohazard Disposal,Completed,EMP015,WH-E,Medicine expired
WR001625,INV002290,MED082768,BAT576327,2026-07-16,2026-06-01,181,362.38,65590.78,Expired,Recycling,Completed,EMP002,WH-C,Expired stock removed
WR001626,INV003238,MED108179,BAT615593,2026-04-20,2027-08-22,1,560.65,560.65,Damaged,Return to Supplier,Pending,EMP005,WH-C,Broken container
WR001627,INV004274,MED076662,BAT108629,2026-07-08,2026-06-24,77,519.62,40010.74,Expired,Return to Supplier,Completed,EMP008,WH-E,Medicine expired
WR001628,INV000678,MED065732,BAT898395,2026-03-30,2026-07-18,77,85.87,6611.99,Overstock,Biohazard Disposal,Pending,EMP001,WH-C,Excess inventory
WR001629,INV003694,MED128525,BAT262797,2026-07-21,2027-01-07,135,14.6,1971.0,Expired,Return to Supplier,Completed,EMP003,WH-B,Medicine expired
WR001630,INV002570,MED065652,BAT803492,2026-03-05,2026-08-21,5,72.13,360.65,Overstock,Incineration,Completed,EMP005,WH-A,Low demand
WR001631,INV004778,MED034478,BAT746276,2026-04-02,2026-04-10,18,67.5,1215.0,Damaged,Recycling,Completed,EMP003,WH-A,Packaging damaged
WR001632,INV001732,MED002281,BAT416778,2026-04-18,2026-11-05,59,513.84,30316.56,Recalled,Incineration,Completed,EMP013,WH-D,Manufacturer recall
WR001633,INV004585,MED127776,BAT239495,2026-03-04,2026-03-22,105,557.07,58492.35,Recalled,Return to Supplier,Completed,EMP019,WH-E,Safety recall
WR001634,INV003586,MED008297,BAT850855,2026-05-26,2027-07-21,20,493.66,9873.2,Damaged,Biohazard Disposal,Completed,EMP008,WH-C,Broken container
WR001635,INV003775,MED013832,BAT192906,2026-07-21,2028-01-30,100,399.65,39965.0,Expired,Recycling,Completed,EMP016,WH-C,Medicine expired
WR001636,INV002467,MED061677,BAT786833,2026-02-06,2024-12-08,177,510.95,90438.15,Expired,Return to Supplier,Completed,EMP006,WH-C,Expired stock removed
WR001637,INV003198,MED135391,BAT616830,2026-01-03,2025-11-28,144,548.43,78973.92,Expired,Biohazard Disposal,Completed,EMP012,WH-C,Expired stock removed
WR001638,INV000003,MED067313,BAT571029,2026-07-20,2026-02-04,98,207.45,20330.1,Expired,Return to Supplier,Completed,EMP020,WH-A,Medicine expired
WR001639,INV001578,MED024061,BAT486669,2026-05-04,2027-06-05,182,409.79,74581.78,Damaged,Biohazard Disposal,Completed,EMP018,WH-B,Packaging damaged
WR001640,INV001687,MED088513,BAT569320,2026-07-21,2027-12-16,32,116.12,3715.84,Expired,Return to Supplier,Completed,EMP006,WH-C,Expired stock removed
WR001641,INV000875,MED025119,BAT104383,2026-02-05,2025-12-03,31,555.79,17229.49,Recalled,Incineration,Completed,EMP010,WH-C,Safety recall
WR001642,INV000035,MED058901,BAT815198,2026-07-21,2027-08-30,10,531.06,5310.6,Expired,Incineration,Pending,EMP010,WH-B,Medicine expired
WR001643,INV004809,MED136247,BAT369570,2026-07-21,2027-01-19,9,412.79,3715.11,Expired,Biohazard Disposal,Completed,EMP017,WH-C,Medicine expired
WR001644,INV002004,MED043829,BAT121820,2026-02-04,2025-06-20,154,229.63,35363.02,Expired,Return to Supplier,Completed,EMP004,WH-A,Expired stock removed
WR001645,INV004134,MED104853,BAT393750,2026-06-03,2027-10-26,34,219.72,7470.48,Overstock,Return to Supplier,Completed,EMP004,WH-D,Low demand
WR001646,INV003556,MED040540,BAT458175,2026-02-12,2028-05-31,120,388.89,46666.8,Damaged,Return to Supplier,Completed,EMP007,WH-B,Packaging damaged
WR001647,INV003658,MED023205,BAT815670,2026-07-21,2026-10-15,37,451.23,16695.51,Expired,Recycling,Pending,EMP008,WH-D,Medicine expired
WR001648,INV000492,MED010200,BAT775885,2026-07-21,2027-03-17,22,79.87,1757.14,Expired,Recycling,Completed,EMP020,WH-C,Expired stock removed
WR001649,INV004367,MED005023,BAT725409,2026-04-21,2028-05-30,120,370.1,44412.0,Overstock,Recycling,Completed,EMP014,WH-B,Excess inventory
WR001650,INV000312,MED008740,BAT372804,2025-07-31,2025-07-06,23,335.79,7723.17,Expired,Incineration,Pending,EMP003,WH-D,Medicine expired
WR001651,INV000343,MED041192,BAT862422,2026-02-06,2025-01-28,137,333.47,45685.39,Recalled,Biohazard Disposal,Completed,EMP010,WH-D,Safety recall
WR001652,INV004771,MED027083,BAT821119,2026-04-30,2026-10-29,35,107.93,3777.55,Overstock,Biohazard Disposal,Completed,EMP016,WH-E,Low demand
WR001653,INV002614,MED010864,BAT670168,2026-07-21,2027-02-08,141,34.37,4846.17,Expired,Recycling,Completed,EMP013,WH-D,Medicine expired
WR001654,INV000895,MED025855,BAT502118,2026-06-16,2026-09-07,70,571.14,39979.8,Overstock,Recycling,Completed,EMP012,WH-B,Low demand
WR001655,INV004459,MED116247,BAT285153,2026-07-21,2026-08-04,20,44.1,882.0,Expired,Return to Supplier,Completed,EMP002,WH-D,Medicine expired
WR001656,INV004222,MED102787,BAT385061,2026-07-21,2028-01-27,127,491.13,62373.51,Expired,Biohazard Disposal,Completed,EMP019,WH-D,Medicine expired
WR001657,INV001997,MED021769,BAT190127,2026-05-15,2025-01-17,163,29.97,4885.11,Overstock,Biohazard Disposal,Completed,EMP001,WH-E,Low demand
WR001658,INV003591,MED105317,BAT784955,2026-07-21,2026-08-31,9,77.16,694.44,Expired,Recycling,Completed,EMP009,WH-A,Expired stock removed
WR001659,INV003245,MED075710,BAT880802,2026-07-21,2028-02-15,69,426.31,29415.39,Expired,Incineration,Completed,EMP020,WH-E,Medicine expired
WR001660,INV000058,MED125088,BAT890870,2026-03-21,2025-04-14,38,374.69,14238.22,Damaged,Incineration,Completed,EMP019,WH-A,Packaging damaged
WR001661,INV002628,MED056030,BAT467965,2026-01-22,2026-06-15,105,390.73,41026.65,Damaged,Incineration,Completed,EMP001,WH-E,Packaging damaged
WR001662,INV003717,MED060995,BAT427801,2026-07-21,2028-01-09,6,373.19,2239.14,Expired,Biohazard Disposal,Completed,EMP010,WH-A,Medicine expired
WR001663,INV000176,MED024894,BAT272655,2026-05-20,2026-04-07,105,537.48,56435.4,Overstock,Return to Supplier,Completed,EMP017,WH-B,Excess inventory
WR001664,INV003667,MED135052,BAT168729,2026-07-14,2026-06-25,44,319.89,14075.16,Damaged,Recycling,Completed,EMP011,WH-A,Broken container
WR001665,INV004199,MED053982,BAT126803,2026-02-09,2027-02-21,22,505.41,11119.02,Overstock,Incineration,Completed,EMP011,WH-B,Low demand
WR001666,INV000377,MED038114,BAT113368,2026-03-30,2025-04-13,36,93.74,3374.64,Overstock,Recycling,Completed,EMP011,WH-A,Low demand
WR001667,INV002063,MED057713,BAT412017,2026-06-24,2028-04-22,94,75.85,7129.9,Overstock,Recycling,Completed,EMP008,WH-E,Excess inventory
WR001668,INV000001,MED103673,BAT126225,2026-07-21,2026-08-27,126,407.64,51362.64,Expired,Incineration,Completed,EMP005,WH-E,Expired stock removed
WR001669,INV004135,MED120610,BAT132871,2026-07-21,2026-09-24,113,474.78,53650.14,Expired,Biohazard Disposal,Completed,EMP018,WH-B,Medicine expired
WR001670,INV002883,MED129712,BAT809175,2026-03-15,2026-01-03,144,457.38,65862.72,Damaged,Recycling,Completed,EMP002,WH-B,Packaging damaged
WR001671,INV001320,MED040375,BAT444802,2026-07-21,2028-08-12,85,12.69,1078.65,Expired,Return to Supplier,Completed,EMP009,WH-B,Expired stock removed
WR001672,INV001399,MED033363,BAT294589,2026-07-21,2026-11-09,3,476.0,1428.0,Expired,Biohazard Disposal,Completed,EMP014,WH-A,Expired stock removed
WR001673,INV001828,MED080436,BAT510933,2026-07-21,2026-11-23,133,520.83,69270.39,Expired,Incineration,Completed,EMP016,WH-E,Expired stock removed
WR001674,INV004374,MED083496,BAT176886,2026-07-16,2025-04-07,187,384.25,71854.75,Damaged,Biohazard Disposal,Pending,EMP003,WH-E,Packaging damaged
WR001675,INV001161,MED105832,BAT643842,2026-02-01,2026-08-15,7,503.7,3525.9,Damaged,Recycling,Completed,EMP013,WH-B,Packaging damaged
WR001676,INV002689,MED109757,BAT282573,2026-03-27,2026-01-05,175,139.92,24486.0,Contaminated,Recycling,Completed,EMP014,WH-D,Quality issue
WR001677,INV000864,MED002322,BAT570717,2026-05-17,2027-12-30,148,304.53,45070.44,Overstock,Incineration,Completed,EMP008,WH-B,Excess inventory
WR001678,INV000073,MED077525,BAT457256,2026-03-14,2025-08-26,191,72.88,13920.08,Expired,Recycling,Completed,EMP012,WH-A,Medicine expired
WR001679,INV003036,MED063492,BAT112425,2026-03-15,2027-07-27,58,576.97,33464.26,Overstock,Incineration,Completed,EMP011,WH-D,Excess inventory
WR001680,INV004019,MED063300,BAT624761,2026-02-27,2027-10-19,149,212.22,31620.78,Recalled,Incineration,Completed,EMP012,WH-C,Manufacturer recall
WR001681,INV002890,MED001371,BAT370345,2026-07-21,2027-12-25,148,11.79,1744.92,Expired,Return to Supplier,Completed,EMP002,WH-E,Expired stock removed
WR001682,INV001754,MED001726,BAT202161,2026-03-20,2027-09-28,2,23.14,46.28,Overstock,Return to Supplier,Completed,EMP006,WH-A,Excess inventory
WR001683,INV004522,MED022260,BAT718106,2026-07-21,2026-12-24,70,9.02,631.4,Expired,Incineration,Completed,EMP018,WH-E,Expired stock removed
WR001684,INV003737,MED010564,BAT204646,2026-07-21,2026-11-23,184,281.51,51797.84,Expired,Return to Supplier,Completed,EMP009,WH-E,Expired stock removed
WR001685,INV002560,MED134554,BAT805315,2026-07-21,2027-07-23,36,586.57,21116.52,Expired,Return to Supplier,Completed,EMP012,WH-E,Medicine expired
WR001686,INV000514,MED022061,BAT186554,2026-07-21,2028-09-06,14,161.22,2257.08,Expired,Recycling,Completed,EMP004,WH-B,Medicine expired
WR001687,INV002254,MED069391,BAT243882,2026-04-11,2027-06-19,68,169.23,11507.64,Overstock,Biohazard Disposal,Completed,EMP012,WH-B,Excess inventory
WR001688,INV001753,MED089828,BAT205253,2026-04-23,2028-01-16,19,295.95,5623.05,Damaged,Incineration,Completed,EMP019,WH-E,Packaging damaged
WR001689,INV003551,MED120283,BAT698972,2026-07-21,2026-07-26,11,457.1,5028.1,Expired,Return to Supplier,Pending,EMP001,WH-B,Medicine expired
WR001690,INV004762,MED135610,BAT896633,2026-07-21,2027-06-16,12,195.5,2346.0,Expired,Return to Supplier,Completed,EMP011,WH-B,Medicine expired
WR001691,INV002872,MED095865,BAT768589,2026-02-18,2028-08-28,175,571.8,100065.0,Recalled,Return to Supplier,Completed,EMP008,WH-B,Manufacturer recall
WR001692,INV003309,MED051759,BAT115019,2026-05-19,2027-01-06,98,484.95,47525.1,Overstock,Biohazard Disposal,Completed,EMP019,WH-A,Low demand
WR001693,INV003891,MED063981,BAT796652,2026-07-21,2026-09-20,48,125.4,6019.2,Expired,Biohazard Disposal,Pending,EMP006,WH-C,Expired stock removed
WR001694,INV003110,MED003174,BAT561365,2026-06-18,2026-05-11,34,416.82,14171.88,Recalled,Biohazard Disposal,Completed,EMP011,WH-D,Manufacturer recall
WR001695,INV000144,MED050295,BAT494976,2026-07-21,2026-09-15,24,403.92,9694.08,Expired,Recycling,Completed,EMP018,WH-C,Medicine expired
WR001696,INV003612,MED083840,BAT531986,2026-02-28,2024-08-21,60,94.69,5681.4,Damaged,Biohazard Disposal,Completed,EMP015,WH-D,Broken container
WR001697,INV003310,MED122060,BAT505742,2026-07-21,2027-04-11,135,9.69,1308.15,Expired,Biohazard Disposal,Completed,EMP012,WH-E,Expired stock removed
WR001698,INV000025,MED025128,BAT411120,2026-03-18,2025-11-02,95,41.27,3920.65,Expired,Return to Supplier,Completed,EMP009,WH-E,Medicine expired
WR001699,INV004588,MED003559,BAT678196,2026-07-21,2026-09-11,169,578.08,97695.52,Expired,Recycling,Completed,EMP020,WH-B,Expired stock removed
WR001700,INV004280,MED052849,BAT338373,2026-07-21,2028-09-19,3,587.77,1763.31,Expired,Incineration,Completed,EMP019,WH-E,Expired stock removed
WR001701,INV001971,MED041968,BAT651366,2026-05-02,2025-10-28,31,200.27,6208.37,Damaged,Return to Supplier,Completed,EMP002,WH-D,Broken container
WR001702,INV004432,MED034861,BAT899863,2026-06-28,2027-06-22,44,284.98,12539.12,Overstock,Return to Supplier,Completed,EMP004,WH-E,Excess inventory
WR001703,INV002595,MED133602,BAT851124,2026-06-22,2026-06-05,173,177.71,30743.83,Expired,Recycling,Completed,EMP012,WH-A,Expired stock removed
WR001704,INV003095,MED094496,BAT876609,2026-07-21,2026-11-24,96,367.59,35288.64,Expired,Biohazard Disposal,Completed,EMP016,WH-B,Expired stock removed
WR001705,INV001276,MED092457,BAT899840,2026-07-21,2027-05-24,37,415.29,15365.73,Expired,Recycling,Completed,EMP020,WH-C,Medicine expired
WR001706,INV003576,MED033139,BAT471300,2026-07-21,2028-05-25,146,583.64,85211.44,Expired,Biohazard Disposal,Completed,EMP003,WH-C,Expired stock removed
WR001708,INV001588,MED094236,BAT759393,2026-07-16,2028-07-07,98,217.35,21300.3,Recalled,Incineration,Completed,EMP002,WH-B,Manufacturer recall
WR001709,INV000682,MED063942,BAT828799,2026-07-21,2026-12-30,57,585.25,33359.25,Expired,Biohazard Disposal,Completed,EMP014,WH-D,Medicine expired
WR001710,INV003416,MED056554,BAT971135,2026-07-21,2027-08-23,5,257.26,1286.3,Expired,Return to Supplier,Completed,EMP004,WH-B,Expired stock removed
WR001711,INV003456,MED012380,BAT286469,2026-02-25,2026-10-23,34,274.92,9347.28,Recalled,Recycling,Completed,EMP009,WH-B,Manufacturer recall
WR001712,INV001812,MED060433,BAT639026,2026-06-24,2026-04-04,75,336.71,25253.25,Expired,Incineration,Completed,EMP003,WH-C,Medicine expired
WR001713,INV002637,MED104536,BAT365449,2026-03-30,2027-03-15,13,172.01,2236.13,Recalled,Biohazard Disposal,Completed,EMP019,WH-E,Safety recall
WR001714,INV001001,MED025584,BAT518675,2026-05-31,2025-07-09,140,403.14,56439.6,Expired,Return to Supplier,Completed,EMP012,WH-E,Expired stock removed
WR001715,INV001403,MED063922,BAT730775,2026-03-28,2028-02-29,112,258.78,28983.36,Overstock,Biohazard Disposal,Completed,EMP017,WH-B,Excess inventory
WR001716,INV000923,MED059687,BAT915866,2026-03-09,2026-05-25,89,63.28,5631.92,Overstock,Recycling,Completed,EMP016,WH-D,Excess inventory
WR001717,INV004745,MED131401,BAT699983,2026-07-21,2028-12-24,80,121.31,9704.8,Expired,Incineration,Pending,EMP010,WH-C,Medicine expired
WR001718,INV000111,MED038324,BAT204180,2026-07-21,2027-12-29,8,241.89,1935.12,Expired,Recycling,Pending,EMP010,WH-D,Expired stock removed
WR001719,INV004632,MED135665,BAT631583,2025-11-13,2025-08-14,13,589.2,7659.6,Expired,Recycling,Completed,EMP005,WH-B,Expired stock removed
WR001720,INV002880,MED113580,BAT105046,2026-03-04,2026-07-20,75,486.45,36483.75,Damaged,Incineration,Completed,EMP010,WH-E,Packaging damaged
WR001721,INV004613,MED040338,BAT618972,2026-07-21,2027-03-01,22,182.23,4009.06,Expired,Incineration,Pending,EMP017,WH-A,Expired stock removed
WR001722,INV002278,MED034210,BAT979688,2026-05-03,2026-11-07,111,348.84,38721.24,Damaged,Recycling,Completed,EMP007,WH-D,Packaging damaged
WR001723,INV001214,MED097213,BAT905142,2026-03-23,2026-10-04,4,494.83,1979.32,Overstock,Incineration,Pending,EMP011,WH-A,Excess inventory
WR001724,INV002909,MED064470,BAT655564,2026-02-12,2028-11-21,34,38.05,1293.7,Damaged,Return to Supplier,Completed,EMP011,WH-D,Packaging damaged
WR001725,INV000239,MED110826,BAT598598,2026-03-24,2026-02-20,7,540.09,3780.63,Expired,Incineration,Completed,EMP019,WH-B,Medicine expired
WR001726,INV001379,MED059767,BAT674835,2026-07-21,2027-09-24,153,238.73,36525.69,Expired,Recycling,Completed,EMP005,WH-D,Medicine expired
WR001727,INV001829,MED090259,BAT275933,2026-03-22,2025-08-07,63,13.87,873.81,Damaged,Return to Supplier,Completed,EMP005,WH-A,Packaging damaged
WR001728,INV003544,MED009385,BAT867561,2026-07-21,2027-11-21,34,20.92,711.28,Expired,Return to Supplier,Pending,EMP014,WH-A,Medicine expired
WR001729,INV004169,MED082869,BAT751562,2026-05-07,2028-02-29,164,164.86,27037.04,Damaged,Biohazard Disposal,Pending,EMP018,WH-C,Broken container
WR001730,INV001936,MED116907,BAT730123,2026-03-02,2027-01-22,93,471.54,43853.22,Overstock,Recycling,Completed,EMP013,WH-C,Excess inventory
WR001731,INV003141,MED053761,BAT643644,2025-12-26,2025-07-11,104,25.9,2693.6,Expired,Return to Supplier,Completed,EMP006,WH-C,Medicine expired
WR001732,INV003623,MED109035,BAT804659,2026-03-28,2028-05-14,56,322.07,18035.92,Damaged,Incineration,Completed,EMP013,WH-A,Packaging damaged
WR001733,INV004817,MED107815,BAT343109,2026-06-27,2028-08-16,43,374.19,16090.17,Overstock,Return to Supplier,Completed,EMP007,WH-C,Low demand
WR001734,INV002976,MED040130,BAT235936,2026-07-08,2026-07-14,129,447.42,57717.18,Recalled,Biohazard Disposal,Completed,EMP008,WH-B,Manufacturer recall
WR001735,INV003127,MED040192,BAT810334,2026-07-21,2028-03-24,161,597.3,96165.3,Expired,Return to Supplier,Completed,EMP001,WH-B,Expired stock removed
WR001736,INV004045,MED027177,BAT220002,2026-01-26,2025-11-09,125,293.53,36691.25,Contaminated,Recycling,Completed,EMP011,WH-D,Contaminated during storage
WR001737,INV002343,MED064900,BAT446705,2026-04-01,2025-10-24,31,240.51,7455.81,Recalled,Recycling,Completed,EMP019,WH-C,Manufacturer recall
WR001738,INV003595,MED120859,BAT411581,2026-05-28,2027-08-23,97,560.98,54415.06,Damaged,Recycling,Completed,EMP019,WH-B,Packaging damaged
WR001739,INV002317,MED100374,BAT528909,2026-07-19,2026-05-31,117,587.01,68680.17,Contaminated,Biohazard Disposal,Pending,EMP012,WH-C,Quality issue
WR001740,INV003574,MED039504,BAT359481,2026-07-11,2025-08-30,168,490.28,82367.04,Expired,Recycling,Completed,EMP016,WH-B,Expired stock removed
WR001741,INV003363,MED034166,BAT865625,2026-07-21,2026-11-09,8,207.5,1660.0,Expired,Return to Supplier,Completed,EMP005,WH-E,Medicine expired
WR001742,INV000564,MED053497,BAT148381,2026-06-12,2026-06-06,1,456.3,456.3,Expired,Recycling,Completed,EMP008,WH-C,Medicine expired
WR001743,INV001713,MED062742,BAT251070,2026-07-21,2029-02-22,165,539.83,89071.95,Expired,Return to Supplier,Completed,EMP006,WH-C,Expired stock removed
WR001744,INV004586,MED110457,BAT828960,2026-05-05,2026-07-02,104,585.76,60919.04,Overstock,Biohazard Disposal,Completed,EMP014,WH-D,Low demand
WR001745,INV002275,MED034001,BAT812756,2026-06-16,2027-04-17,120,521.73,62607.6,Damaged,Return to Supplier,Completed,EMP019,WH-D,Packaging damaged
WR001746,INV004408,MED108272,BAT676196,2026-04-02,2027-10-12,13,518.48,6740.24,Damaged,Incineration,Completed,EMP009,WH-B,Packaging damaged
WR001747,INV002002,MED094891,BAT991286,2026-04-02,2026-02-08,85,490.79,41717.15,Expired,Biohazard Disposal,Completed,EMP014,WH-C,Expired stock removed
WR001748,INV000835,MED011766,BAT140140,2026-06-26,2026-06-25,52,153.76,7995.52,Damaged,Incineration,Completed,EMP002,WH-C,Packaging damaged
WR001749,INV001480,MED111239,BAT815321,2026-04-01,2026-07-16,46,585.26,26921.96,Damaged,Incineration,Completed,EMP005,WH-A,Broken container
WR001750,INV002145,MED000148,BAT510079,2026-05-05,2025-05-29,115,532.91,61284.65,Contaminated,Return to Supplier,Completed,EMP009,WH-C,Contaminated during storage
WR001751,INV001364,MED025678,BAT169730,2026-06-08,2026-12-17,48,573.41,27523.68,Damaged,Return to Supplier,Completed,EMP014,WH-D,Broken container
WR001752,INV001837,MED046646,BAT947000,2026-07-21,2028-06-09,78,370.4,28891.2,Expired,Return to Supplier,Completed,EMP009,WH-C,Medicine expired
WR001753,INV004277,MED012331,BAT623466,2026-04-06,2027-04-17,3,106.39,319.17,Recalled,Biohazard Disposal,Completed,EMP002,WH-D,Safety recall
WR001754,INV003331,MED036067,BAT766443,2026-05-14,2025-03-21,28,553.58,15500.24,Damaged,Biohazard Disposal,Completed,EMP009,WH-E,Packaging damaged
WR001755,INV004552,MED019889,BAT700041,2026-06-19,2026-10-21,176,557.22,98070.72,Damaged,Incineration,Completed,EMP016,WH-A,Broken container
WR001756,INV003843,MED062346,BAT689216,2026-04-04,2028-02-05,93,424.76,39502.68,Overstock,Incineration,Completed,EMP018,WH-D,Low demand
WR001757,INV003139,MED128194,BAT601761,2026-03-12,2026-12-18,70,553.07,38714.9,Overstock,Biohazard Disposal,Completed,EMP020,WH-D,Low demand
WR001758,INV004312,MED130154,BAT595789,2026-07-21,2028-08-16,48,339.24,16283.52,Expired,Incineration,Completed,EMP004,WH-C,Medicine expired
WR001759,INV001705,MED096752,BAT894573,2026-04-17,2027-03-20,185,144.83,26793.55,Overstock,Recycling,Completed,EMP014,WH-C,Low demand
WR001760,INV002741,MED128645,BAT608006,2026-07-21,2027-03-14,111,541.24,60077.64,Expired,Recycling,Completed,EMP020,WH-A,Expired stock removed
WR001761,INV002977,MED059117,BAT791321,2026-07-21,2027-12-02,180,496.51,89371.8,Expired,Return to Supplier,Completed,EMP014,WH-B,Expired stock removed
WR001762,INV003256,MED068521,BAT655031,2026-05-30,2028-02-17,93,318.07,29580.51,Damaged,Biohazard Disposal,Completed,EMP003,WH-E,Packaging damaged
WR001763,INV004820,MED136231,BAT409752,2026-06-09,2028-08-31,131,474.75,62192.25,Overstock,Recycling,Completed,EMP008,WH-A,Excess inventory
WR001764,INV002198,MED109621,BAT250802,2026-03-31,2027-05-20,82,128.91,10570.62,Damaged,Biohazard Disposal,Completed,EMP005,WH-D,Broken container
WR001765,INV002518,MED051564,BAT252692,2026-07-21,2027-06-07,116,83.09,9638.44,Expired,Biohazard Disposal,Completed,EMP007,WH-C,Expired stock removed
WR001766,INV000961,MED117069,BAT528178,2026-07-21,2027-01-04,178,495.24,88152.72,Expired,Biohazard Disposal,Completed,EMP007,WH-B,Expired stock removed
WR001767,INV002138,MED077717,BAT507380,2026-03-10,2025-12-28,18,490.48,8828.64,Overstock,Return to Supplier,Completed,EMP005,WH-C,Excess inventory
WR001768,INV004910,MED101438,BAT368420,2026-02-06,2027-07-25,5,62.14,310.7,Overstock,Return to Supplier,Completed,EMP006,WH-C,Low demand
WR001769,INV003633,MED006330,BAT381718,2025-10-05,2025-07-09,125,394.27,49283.75,Expired,Recycling,Completed,EMP001,WH-C,Medicine expired
WR001770,INV002480,MED039673,BAT127403,2026-07-21,2027-02-05,169,92.53,15637.57,Expired,Incineration,Completed,EMP005,WH-B,Expired stock removed
WR001771,INV003265,MED059618,BAT916521,2026-06-26,2027-02-03,127,310.56,39441.12,Damaged,Incineration,Completed,EMP002,WH-B,Packaging damaged
WR001772,INV001114,MED033896,BAT982298,2026-07-10,2028-01-12,12,130.41,1564.92,Damaged,Return to Supplier,Completed,EMP003,WH-A,Packaging damaged
WR001773,INV004498,MED091304,BAT473484,2026-07-21,2027-03-01,145,311.21,45125.45,Expired,Return to Supplier,Completed,EMP005,WH-E,Medicine expired
WR001774,INV004766,MED045785,BAT395410,2026-04-14,2028-05-22,45,265.8,11961.0,Recalled,Incineration,Completed,EMP011,WH-C,Safety recall
WR001775,INV000634,MED074040,BAT352194,2026-06-24,2026-05-26,62,570.21,35353.02,Expired,Incineration,Completed,EMP017,WH-B,Medicine expired
WR001776,INV003477,MED081304,BAT205441,2026-06-26,2026-08-09,41,395.34,16208.94,Damaged,Biohazard Disposal,Completed,EMP014,WH-C,Broken container
WR001777,INV002972,MED129617,BAT360812,2026-07-21,2028-01-23,18,350.26,6304.68,Expired,Incineration,Completed,EMP008,WH-B,Expired stock removed
WR001778,INV002120,MED122199,BAT407375,2026-05-14,2025-09-07,31,390.53,12106.43,Expired,Incineration,Completed,EMP018,WH-B,Expired stock removed
WR001779,INV001961,MED129779,BAT603251,2026-05-17,2026-05-20,1,255.41,255.41,Overstock,Recycling,Pending,EMP002,WH-C,Low demand
WR001780,INV003410,MED119034,BAT605966,2026-07-21,2028-09-24,12,41.96,503.52,Expired,Recycling,Pending,EMP001,WH-C,Expired stock removed
WR001781,INV000236,MED032230,BAT364679,2026-07-21,2027-03-07,4,575.78,2303.12,Expired,Recycling,Completed,EMP019,WH-B,Medicine expired
WR001782,INV004081,MED039456,BAT525792,2026-03-28,2026-08-30,122,259.73,31687.06,Overstock,Recycling,Pending,EMP003,WH-A,Excess inventory
WR001783,INV004255,MED008429,BAT469623,2026-05-08,2026-01-21,147,365.76,53766.72,Expired,Recycling,Completed,EMP020,WH-C,Medicine expired
WR001784,INV001338,MED116808,BAT852420,2026-04-27,2026-12-10,64,278.84,17845.76,Overstock,Recycling,Completed,EMP002,WH-D,Low demand
WR001785,INV002853,MED130466,BAT911785,2026-07-21,2027-11-21,113,236.95,26775.35,Expired,Recycling,Completed,EMP006,WH-C,Expired stock removed
WR001786,INV004300,MED069626,BAT438284,2026-07-21,2027-06-29,56,511.73,28656.88,Expired,Recycling,Pending,EMP020,WH-B,Medicine expired
WR001787,INV003340,MED035866,BAT682563,2026-07-21,2027-11-15,31,157.22,4873.82,Expired,Incineration,Completed,EMP015,WH-D,Medicine expired
WR001788,INV000318,MED102505,BAT933456,2026-06-18,2025-08-18,72,469.95,33836.4,Damaged,Biohazard Disposal,Completed,EMP006,WH-E,Broken container
WR001789,INV003083,MED007114,BAT531041,2026-06-21,2026-05-28,8,253.77,2030.16,Expired,Incineration,Completed,EMP012,WH-E,Expired stock removed
WR001790,INV002185,MED096172,BAT953590,2026-02-13,2025-06-11,27,65.06,1756.62,Recalled,Recycling,Completed,EMP012,WH-D,Safety recall
WR001791,INV000280,MED052115,BAT454161,2026-01-30,2026-09-30,121,537.02,64979.42,Overstock,Incineration,Completed,EMP015,WH-A,Low demand
WR001792,INV003357,MED015171,BAT915097,2026-07-21,2027-02-02,4,504.35,2017.4,Expired,Recycling,Completed,EMP003,WH-E,Expired stock removed
WR001793,INV004719,MED034455,BAT812741,2026-03-28,2026-11-12,54,582.45,31452.3,Recalled,Return to Supplier,Completed,EMP017,WH-C,Safety recall
WR001794,INV003400,MED096082,BAT314510,2026-05-08,2029-05-16,160,384.66,61545.6,Contaminated,Return to Supplier,Completed,EMP010,WH-A,Contaminated during storage
WR001795,INV000787,MED072817,BAT946118,2026-06-21,2029-02-01,190,31.77,6036.3,Overstock,Return to Supplier,Pending,EMP019,WH-C,Low demand
WR001796,INV003875,MED036528,BAT554995,2026-05-25,2028-02-27,91,195.42,17783.22,Recalled,Recycling,Completed,EMP011,WH-B,Safety recall
WR001797,INV000760,MED096650,BAT840719,2026-02-21,2025-12-20,18,584.92,10528.56,Expired,Return to Supplier,Completed,EMP003,WH-A,Expired stock removed
WR001798,INV000019,MED011702,BAT349565,2026-01-31,2027-10-28,196,83.73,16411.08,Recalled,Return to Supplier,Completed,EMP017,WH-E,Manufacturer recall
WR001799,INV004533,MED054469,BAT938619,2026-01-24,2026-01-02,58,301.49,17486.42,Expired,Recycling,Pending,EMP004,WH-E,Medicine expired
WR001800,INV001358,MED031049,BAT663886,2026-03-28,2026-07-22,177,316.77,56068.29,Damaged,Biohazard Disposal,Completed,EMP007,WH-A,Broken container
WR001801,INV001451,MED007926,BAT630949,2026-07-21,2026-11-29,139,500.05,69506.95,Expired,Recycling,Completed,EMP013,WH-B,Medicine expired
WR001802,INV003872,MED008685,BAT956028,2026-05-20,2028-05-11,121,492.27,59564.67,Damaged,Recycling,Completed,EMP001,WH-D,Broken container
WR001803,INV001074,MED064570,BAT373951,2026-03-16,2027-10-16,102,264.31,26959.62,Damaged,Return to Supplier,Completed,EMP017,WH-B,Packaging damaged
WR001804,INV002071,MED010973,BAT335388,2026-06-09,2026-09-12,192,347.48,66716.16,Recalled,Biohazard Disposal,Completed,EMP015,WH-D,Safety recall
WR001805,INV001654,MED090872,BAT645252,2026-07-21,2026-08-05,42,391.86,16458.12,Expired,Biohazard Disposal,Completed,EMP014,WH-B,Medicine expired
WR001806,INV001083,MED083064,BAT359214,2026-04-17,2025-12-05,3,269.07,807.21,Expired,Return to Supplier,Completed,EMP006,WH-C,Medicine expired
WR001807,INV003365,MED061772,BAT970269,2026-04-23,2026-09-03,14,167.91,2350.74,Overstock,Recycling,Completed,EMP008,WH-B,Excess inventory
WR001808,INV001409,MED062162,BAT518820,2026-02-24,2026-08-02,187,543.69,101670.03,Damaged,Incineration,Completed,EMP002,WH-B,Packaging damaged
WR001809,INV001928,MED119429,BAT553976,2026-06-12,2028-07-09,152,392.04,59590.08,Recalled,Incineration,Completed,EMP015,WH-A,Manufacturer recall
WR001810,INV001516,MED132699,BAT678401,2026-07-21,2027-04-18,68,202.21,13750.28,Expired,Recycling,Completed,EMP001,WH-B,Medicine expired
WR001811,INV001433,MED114259,BAT709834,2026-07-21,2027-11-30,7,95.59,669.13,Expired,Biohazard Disposal,Pending,EMP020,WH-E,Expired stock removed
WR001812,INV000104,MED120584,BAT284171,2026-05-15,2025-12-28,132,320.86,42353.52,Damaged,Biohazard Disposal,Completed,EMP009,WH-C,Packaging damaged
WR001813,INV003819,MED041452,BAT507561,2026-04-11,2025-12-22,91,440.41,40077.31,Expired,Return to Supplier,Completed,EMP002,WH-B,Expired stock removed
WR001814,INV003743,MED097099,BAT325402,2026-06-12,2028-03-31,68,378.07,25708.76,Damaged,Return to Supplier,Pending,EMP018,WH-A,Broken container
WR001815,INV000838,MED038010,BAT715517,2026-07-14,2029-01-19,21,191.28,4016.88,Overstock,Return to Supplier,Completed,EMP020,WH-D,Low demand
WR001816,INV000487,MED020699,BAT503489,2026-07-21,2027-08-06,77,442.52,34074.04,Expired,Incineration,Completed,EMP009,WH-B,Medicine expired
WR001817,INV004433,MED079778,BAT223109,2026-07-21,2027-12-14,152,94.04,14294.08,Expired,Biohazard Disposal,Completed,EMP019,WH-B,Medicine expired
WR001818,INV001500,MED067919,BAT558607,2026-03-02,2026-11-14,157,547.4,85941.8,Recalled,Incineration,Completed,EMP019,WH-B,Manufacturer recall
WR001819,INV004913,MED006582,BAT755485,2026-07-21,2027-08-26,183,592.58,108442.14,Expired,Biohazard Disposal,Completed,EMP014,WH-C,Expired stock removed
WR001820,INV003801,MED107428,BAT265342,2026-01-30,2027-09-16,187,127.72,23883.64,Overstock,Return to Supplier,Completed,EMP004,WH-B,Excess inventory
WR001821,INV004246,MED035525,BAT964894,2026-05-30,2024-12-19,2,183.29,366.58,Expired,Biohazard Disposal,Completed,EMP006,WH-E,Expired stock removed
WR001822,INV002094,MED012449,BAT209935,2026-07-21,2027-12-12,141,204.18,28789.38,Expired,Incineration,Completed,EMP008,WH-C,Expired stock removed
WR001823,INV002256,MED110861,BAT928416,2026-04-16,2027-07-04,124,584.93,72531.32,Damaged,Incineration,Pending,EMP014,WH-A,Broken container
WR001824,INV002912,MED130521,BAT311459,2026-05-28,2026-02-02,51,89.35,4556.85,Expired,Recycling,Completed,EMP015,WH-B,Medicine expired
WR001825,INV003430,MED049795,BAT502676,2026-06-04,2027-03-26,86,153.35,13188.1,Recalled,Recycling,Completed,EMP007,WH-D,Manufacturer recall
WR001826,INV003603,MED026078,BAT599990,2026-07-18,2027-11-24,66,217.12,14329.92,Overstock,Incineration,Pending,EMP018,WH-B,Low demand
WR001827,INV003803,MED049030,BAT186560,2026-07-21,2028-05-31,155,45.0,6975.0,Expired,Recycling,Completed,EMP019,WH-C,Expired stock removed
WR001828,INV001903,MED054969,BAT968406,2026-06-05,2028-02-26,54,542.34,29286.36,Damaged,Biohazard Disposal,Completed,EMP014,WH-B,Broken container
WR001829,INV002960,MED019426,BAT569162,2026-01-26,2027-01-17,105,214.26,22497.3,Damaged,Return to Supplier,Completed,EMP014,WH-E,Broken container
WR001830,INV001253,MED093976,BAT372022,2026-07-21,2028-06-19,197,246.48,48556.56,Expired,Recycling,Completed,EMP005,WH-C,Expired stock removed
WR001831,INV004392,MED105231,BAT363293,2026-04-22,2026-04-14,175,228.49,39985.75,Expired,Recycling,Completed,EMP018,WH-E,Medicine expired
WR001832,INV001857,MED131280,BAT936185,2026-07-21,2028-08-11,157,345.99,54320.43,Expired,Incineration,Completed,EMP012,WH-C,Expired stock removed
WR001833,INV001839,MED048245,BAT247667,2026-07-21,2028-01-19,57,246.13,14029.41,Expired,Recycling,Completed,EMP009,WH-A,Expired stock removed
WR001834,INV004947,MED092023,BAT615558,2026-07-16,2028-09-09,118,568.85,67124.3,Overstock,Biohazard Disposal,Completed,EMP002,WH-B,Excess inventory
WR001835,INV004569,MED096416,BAT644590,2026-03-17,2028-07-14,153,548.18,83871.54,Contaminated,Biohazard Disposal,Completed,EMP009,WH-A,Contaminated during storage
WR001836,INV003397,MED058553,BAT197955,2026-06-27,2026-05-14,185,124.28,22991.8,Recalled,Recycling,Completed,EMP010,WH-B,Manufacturer recall
WR001837,INV000030,MED011431,BAT487477,2026-07-20,2026-07-18,152,423.61,64388.72,Expired,Return to Supplier,Completed,EMP005,WH-E,Medicine expired
WR001838,INV002970,MED048453,BAT631922,2026-06-30,2026-06-19,147,506.54,74461.38,Expired,Biohazard Disposal,Completed,EMP018,WH-D,Expired stock removed
WR001839,INV002250,MED067359,BAT654567,2026-06-22,2026-06-29,164,195.62,32081.68,Recalled,Incineration,Completed,EMP011,WH-D,Manufacturer recall
WR001840,INV001973,MED072990,BAT164176,2026-06-01,2025-10-02,24,289.96,6959.04,Recalled,Return to Supplier,Completed,EMP015,WH-C,Safety recall
WR001841,INV004311,MED079462,BAT762647,2026-06-03,2025-06-05,24,259.55,6229.2,Expired,Biohazard Disposal,Completed,EMP005,WH-B,Medicine expired
WR001842,INV004228,MED070243,BAT945919,2026-05-02,2028-03-03,126,453.36,57123.36,Damaged,Incineration,Completed,EMP020,WH-E,Broken container
WR001843,INV000883,MED118527,BAT278922,2026-03-11,2026-06-06,92,122.82,11299.44,Contaminated,Return to Supplier,Completed,EMP017,WH-D,Quality issue
WR001844,INV000713,MED131479,BAT927659,2026-03-19,2025-05-20,146,285.3,41653.8,Expired,Incineration,Completed,EMP017,WH-D,Expired stock removed
WR001845,INV003329,MED101842,BAT428629,2026-07-20,2025-11-12,130,335.49,43613.7,Expired,Biohazard Disposal,Completed,EMP009,WH-C,Expired stock removed
WR001846,INV003889,MED062757,BAT755472,2026-07-04,2026-06-15,65,412.71,26826.15,Damaged,Biohazard Disposal,Completed,EMP005,WH-B,Broken container
WR001847,INV004091,MED073431,BAT177087,2026-07-21,2027-04-30,179,533.09,95423.11,Expired,Biohazard Disposal,Completed,EMP003,WH-E,Expired stock removed
WR001848,INV000188,MED096409,BAT520884,2026-05-29,2027-06-04,17,429.59,7303.03,Recalled,Recycling,Completed,EMP014,WH-D,Manufacturer recall
WR001849,INV004974,MED092134,BAT372660,2026-07-21,2026-08-27,111,368.39,40891.29,Expired,Incineration,Pending,EMP006,WH-D,Medicine expired
WR001850,INV003382,MED066037,BAT294751,2026-04-08,2027-02-27,153,284.87,43585.11,Recalled,Return to Supplier,Completed,EMP011,WH-A,Safety recall
WR001851,INV004854,MED119863,BAT857591,2026-07-21,2027-10-22,167,420.73,70261.91,Expired,Return to Supplier,Completed,EMP010,WH-E,Medicine expired
WR001852,INV000628,MED012054,BAT713513,2026-02-17,2027-05-03,35,557.09,19498.15,Overstock,Return to Supplier,Completed,EMP007,WH-C,Excess inventory
WR001853,INV000926,MED089541,BAT600025,2026-02-26,2025-11-28,35,429.37,15027.95,Expired,Return to Supplier,Pending,EMP006,WH-D,Medicine expired
WR001854,INV000811,MED054487,BAT961545,2026-07-21,2027-09-21,22,466.57,10264.54,Expired,Recycling,Completed,EMP013,WH-D,Medicine expired
WR001856,INV000204,MED083677,BAT240718,2026-02-14,2028-07-06,40,201.76,8070.4,Overstock,Incineration,Pending,EMP016,WH-C,Low demand
WR001857,INV000285,MED077391,BAT340068,2026-02-07,2026-11-06,84,223.7,18790.8,Recalled,Recycling,Completed,EMP005,WH-B,Manufacturer recall
WR001858,INV000937,MED033104,BAT654797,2026-06-05,2027-10-01,54,9.11,491.94,Overstock,Biohazard Disposal,Completed,EMP010,WH-B,Low demand
WR001859,INV002531,MED130218,BAT657322,2026-04-23,2027-11-04,55,541.07,29758.85,Overstock,Biohazard Disposal,Completed,EMP017,WH-E,Excess inventory
WR001860,INV003627,MED039738,BAT673132,2026-03-23,2025-04-10,1,28.37,28.37,Contaminated,Biohazard Disposal,Pending,EMP011,WH-D,Contaminated during storage
WR001861,INV004653,MED128463,BAT495970,2026-07-14,2026-06-21,170,137.83,23431.1,Expired,Incineration,Completed,EMP009,WH-C,Expired stock removed
WR001862,INV000953,MED116897,BAT145939,2025-11-22,2025-09-29,116,535.49,62116.84,Expired,Biohazard Disposal,Completed,EMP004,WH-C,Expired stock removed
WR001863,INV003290,MED002272,BAT836094,2026-07-21,2026-08-31,51,577.89,29472.39,Expired,Biohazard Disposal,Completed,EMP001,WH-A,Medicine expired
WR001864,INV002247,MED093511,BAT551211,2026-07-13,2026-01-13,116,389.97,45236.52,Expired,Biohazard Disposal,Pending,EMP003,WH-E,Medicine expired
WR001865,INV000761,MED133081,BAT144008,2026-07-21,2027-08-17,137,523.17,71674.29,Expired,Incineration,Completed,EMP003,WH-C,Expired stock removed
WR001866,INV003425,MED034931,BAT411588,2026-07-21,2027-04-11,87,464.89,40445.43,Expired,Return to Supplier,Completed,EMP008,WH-C,Medicine expired
WR001867,INV002864,MED078143,BAT867887,2026-06-14,2025-08-30,155,582.94,90355.7,Damaged,Incineration,Pending,EMP001,WH-D,Packaging damaged
WR001868,INV003018,MED086633,BAT798361,2026-07-21,2028-02-13,18,413.53,7443.54,Expired,Incineration,Completed,EMP014,WH-E,Expired stock removed
WR001869,INV002387,MED064838,BAT590249,2026-07-21,2027-01-16,177,198.12,35067.24,Expired,Return to Supplier,Completed,EMP020,WH-E,Expired stock removed
WR001870,INV000927,MED091734,BAT155432,2026-04-13,2028-06-02,100,253.86,25386.0,Damaged,Biohazard Disposal,Completed,EMP007,WH-C,Broken container
WR001871,INV001198,MED101956,BAT903966,2025-06-28,2025-06-26,35,278.91,9761.85,Expired,Incineration,Completed,EMP008,WH-C,Medicine expired
WR001872,INV002697,MED093632,BAT754607,2025-12-28,2025-09-04,86,68.34,5877.24,Expired,Incineration,Completed,EMP004,WH-E,Expired stock removed
WR001873,INV004801,MED087540,BAT533121,2026-04-21,2028-08-13,132,146.02,19274.64,Damaged,Incineration,Completed,EMP018,WH-D,Broken container
WR001874,INV003836,MED079999,BAT381277,2026-01-13,2025-08-11,146,247.88,36190.48,Expired,Return to Supplier,Completed,EMP013,WH-C,Medicine expired
WR001875,INV001546,MED045367,BAT509668,2026-01-22,2028-12-23,127,122.01,15495.27,Recalled,Return to Supplier,Completed,EMP007,WH-A,Safety recall
WR001876,INV001551,MED123430,BAT620760,2026-07-21,2027-02-17,111,513.86,57038.46,Expired,Recycling,Completed,EMP015,WH-E,Expired stock removed
WR001877,INV004841,MED000020,BAT335312,2026-04-02,2027-06-09,58,73.12,4240.96,Overstock,Incineration,Pending,EMP015,WH-A,Low demand
WR001878,INV002831,MED041906,BAT769669,2026-02-18,2026-10-29,55,396.06,21783.3,Overstock,Incineration,Completed,EMP016,WH-E,Excess inventory
WR001879,INV004821,MED121654,BAT615835,2026-07-21,2028-09-07,174,559.17,97295.58,Expired,Incineration,Completed,EMP017,WH-A,Expired stock removed
WR001880,INV000850,MED112882,BAT617459,2026-07-21,2028-10-24,121,50.54,6115.34,Expired,Recycling,Completed,EMP012,WH-D,Expired stock removed
WR001881,INV000680,MED036891,BAT527066,2026-02-06,2027-03-27,77,537.38,41378.26,Contaminated,Recycling,Pending,EMP019,WH-C,Quality issue
WR001882,INV001586,MED092680,BAT291834,2026-07-16,2028-08-20,105,199.79,20977.95,Overstock,Recycling,Completed,EMP013,WH-D,Excess inventory
WR001883,INV002716,MED104590,BAT870677,2026-04-21,2026-04-19,45,487.4,21933.0,Contaminated,Recycling,Completed,EMP011,WH-B,Contaminated during storage
WR001884,INV001611,MED061844,BAT933292,2026-07-21,2029-01-02,49,160.18,7848.82,Expired,Return to Supplier,Completed,EMP019,WH-E,Medicine expired
WR001885,INV003043,MED056168,BAT195813,2026-03-10,2024-08-23,75,24.25,1818.75,Recalled,Incineration,Completed,EMP006,WH-E,Manufacturer recall
WR001886,INV001091,MED061511,BAT735271,2026-07-21,2027-01-10,185,317.63,58761.55,Expired,Recycling,Completed,EMP008,WH-E,Medicine expired
WR001887,INV003964,MED011184,BAT576412,2026-05-22,2026-04-21,11,320.33,3523.63,Damaged,Recycling,Completed,EMP016,WH-E,Broken container
WR001888,INV000357,MED094009,BAT107704,2026-07-21,2029-02-16,118,358.29,42278.22,Expired,Return to Supplier,Completed,EMP018,WH-A,Medicine expired
WR001889,INV002488,MED028656,BAT836641,2026-03-07,2028-06-28,71,57.62,4091.02,Damaged,Return to Supplier,Completed,EMP013,WH-A,Broken container
WR001890,INV004240,MED088026,BAT926235,2026-05-10,2027-07-23,181,525.71,95153.51,Damaged,Biohazard Disposal,Completed,EMP014,WH-E,Packaging damaged
WR001891,INV002167,MED120117,BAT544474,2026-05-06,2025-02-18,12,429.55,5154.6,Expired,Return to Supplier,Completed,EMP015,WH-D,Expired stock removed
WR001892,INV003837,MED022784,BAT274612,2026-07-21,2027-02-04,75,395.03,29627.25,Expired,Return to Supplier,Completed,EMP020,WH-E,Medicine expired
WR001893,INV001234,MED049541,BAT887331,2026-07-21,2027-06-15,3,376.79,1130.37,Expired,Biohazard Disposal,Completed,EMP015,WH-E,Medicine expired
WR001894,INV004572,MED090748,BAT166840,2026-06-23,2026-06-09,116,497.19,57674.04,Damaged,Biohazard Disposal,Completed,EMP011,WH-C,Broken container
WR001895,INV004684,MED041137,BAT982552,2026-06-04,2026-04-06,46,333.81,15355.26,Overstock,Incineration,Completed,EMP004,WH-C,Low demand
WR001896,INV001231,MED133562,BAT716472,2026-07-21,2028-07-15,100,236.48,23648.0,Expired,Biohazard Disposal,Completed,EMP016,WH-C,Medicine expired
WR001897,INV000326,MED022622,BAT867926,2026-06-05,2028-08-17,2,108.65,217.3,Recalled,Recycling,Completed,EMP020,WH-E,Safety recall
WR001898,INV004728,MED041553,BAT742278,2026-04-29,2027-09-26,160,350.01,56001.6,Overstock,Incineration,Completed,EMP016,WH-C,Excess inventory
WR001899,INV002088,MED079938,BAT497530,2026-07-21,2027-02-13,55,415.67,22861.85,Expired,Biohazard Disposal,Completed,EMP018,WH-D,Expired stock removed
WR001900,INV001925,MED049140,BAT423953,2026-07-21,2027-07-17,63,250.53,15783.39,Expired,Incineration,Completed,EMP017,WH-B,Expired stock removed
WR001901,INV001303,MED129065,BAT291021,2025-12-21,2024-12-11,19,101.32,1925.08,Expired,Biohazard Disposal,Completed,EMP013,WH-D,Expired stock removed
WR001902,INV001876,MED010826,BAT669126,2026-02-21,2027-11-11,65,573.47,37275.55,Recalled,Biohazard Disposal,Completed,EMP011,WH-E,Safety recall
WR001903,INV002857,MED131180,BAT513468,2026-07-21,2027-06-22,21,167.34,3514.14,Expired,Biohazard Disposal,Completed,EMP016,WH-B,Expired stock removed
WR001904,INV000754,MED104570,BAT570103,2026-07-21,2026-12-25,129,284.2,36661.8,Expired,Incineration,Completed,EMP011,WH-B,Expired stock removed
WR001905,INV004436,MED110624,BAT908763,2026-07-21,2028-04-02,21,470.25,9875.25,Expired,Return to Supplier,Pending,EMP018,WH-A,Medicine expired
WR001906,INV001803,MED125500,BAT370625,2026-07-21,2027-10-16,117,114.67,13416.39,Expired,Biohazard Disposal,Completed,EMP013,WH-C,Expired stock removed
WR001907,INV000571,MED063567,BAT833599,2026-04-17,2027-03-18,59,43.89,2589.51,Overstock,Incineration,Completed,EMP001,WH-D,Excess inventory
WR001908,INV001176,MED048579,BAT556633,2026-06-26,2028-01-28,39,370.98,14468.22,Damaged,Biohazard Disposal,Completed,EMP002,WH-B,Packaging damaged
WR001910,INV002603,MED090723,BAT852634,2026-03-07,2027-06-07,171,546.29,93415.59,Damaged,Biohazard Disposal,Completed,EMP002,WH-B,Broken container
WR001911,INV000726,MED063926,BAT238661,2026-05-15,2026-03-31,158,304.73,48147.34,Overstock,Incineration,Completed,EMP009,WH-B,Low demand
WR001912,INV000768,MED024045,BAT567863,2026-07-21,2027-01-31,159,392.96,62480.64,Expired,Return to Supplier,Completed,EMP001,WH-D,Medicine expired
WR001913,INV003024,MED081333,BAT432256,2026-05-29,2025-12-22,78,13.9,1084.2,Damaged,Return to Supplier,Pending,EMP012,WH-E,Packaging damaged
WR001914,INV000899,MED087409,BAT988268,2026-07-21,2027-10-12,62,479.52,29730.24,Expired,Incineration,Completed,EMP001,WH-E,Medicine expired
WR001915,INV003232,MED014850,BAT190750,2026-06-07,2026-02-08,68,246.68,16774.24,Expired,Recycling,Completed,EMP004,WH-A,Medicine expired
WR001916,INV004878,MED032906,BAT207328,2026-07-20,2025-05-21,131,202.76,26561.56,Damaged,Recycling,Completed,EMP010,WH-E,Packaging damaged
WR001917,INV001712,MED033967,BAT682532,2026-07-21,2027-04-14,13,174.2,2264.6,Expired,Biohazard Disposal,Completed,EMP010,WH-D,Medicine expired
WR001918,INV003073,MED054498,BAT783943,2026-03-01,2027-12-02,177,573.11,101440.47,Damaged,Incineration,Completed,EMP002,WH-A,Packaging damaged
WR001919,INV003669,MED097154,BAT125630,2026-05-05,2025-12-23,3,557.08,1671.24,Overstock,Incineration,Completed,EMP019,WH-E,Low demand
WR001920,INV000712,MED001036,BAT367946,2026-05-07,2026-05-22,173,516.35,89328.55,Recalled,Recycling,Completed,EMP008,WH-C,Safety recall
WR001921,INV003432,MED136223,BAT692808,2026-07-21,2027-04-19,180,253.89,45700.2,Expired,Recycling,Completed,EMP016,WH-A,Expired stock removed
WR001922,INV004229,MED020507,BAT482500,2026-02-08,2026-06-10,30,348.24,10447.2,Contaminated,Recycling,Completed,EMP007,WH-A,Contaminated during storage
WR001923,INV004094,MED019353,BAT466142,2026-03-02,2026-10-31,122,244.45,29822.9,Overstock,Recycling,Completed,EMP012,WH-B,Excess inventory
WR001924,INV002468,MED087221,BAT319231,2026-02-21,2027-04-08,109,386.84,42165.56,Damaged,Biohazard Disposal,Completed,EMP004,WH-D,Packaging damaged
WR001925,INV002409,MED082605,BAT203449,2026-07-21,2027-07-08,65,113.17,7356.05,Expired,Incineration,Pending,EMP019,WH-A,Medicine expired
WR001926,INV002639,MED105829,BAT549796,2026-07-19,2026-07-02,149,587.29,87506.21,Expired,Biohazard Disposal,Completed,EMP005,WH-C,Medicine expired
WR001927,INV000421,MED021536,BAT204904,2026-07-21,2027-09-11,163,194.08,31635.04,Expired,Recycling,Completed,EMP019,WH-C,Expired stock removed
WR001928,INV002026,MED039374,BAT285923,2026-07-21,2027-01-04,73,405.54,29604.42,Expired,Incineration,Completed,EMP006,WH-B,Expired stock removed
WR001929,INV000017,MED115843,BAT518373,2026-07-21,2027-10-12,33,152.5,5032.5,Expired,Incineration,Completed,EMP001,WH-E,Medicine expired
WR001930,INV002264,MED125059,BAT600124,2026-05-18,2027-09-10,187,34.7,6488.9,Damaged,Return to Supplier,Completed,EMP009,WH-D,Broken container
WR001931,INV003699,MED110235,BAT332763,2026-07-03,2028-09-05,59,382.1,22543.9,Recalled,Recycling,Completed,EMP001,WH-E,Safety recall
WR001932,INV002866,MED024100,BAT395634,2026-03-11,2028-10-14,172,395.78,68074.16,Recalled,Incineration,Completed,EMP004,WH-E,Safety recall
WR001933,INV003784,MED021626,BAT250472,2026-06-19,2028-05-04,17,136.72,2324.24,Damaged,Return to Supplier,Completed,EMP005,WH-A,Broken container
WR001934,INV000396,MED045386,BAT459513,2026-03-24,2027-05-03,116,363.5,42166.0,Recalled,Recycling,Completed,EMP012,WH-C,Manufacturer recall
WR001935,INV004193,MED002039,BAT343938,2026-07-21,2027-05-10,77,513.16,39513.32,Expired,Incineration,Completed,EMP009,WH-A,Medicine expired
WR001936,INV002158,MED076809,BAT970181,2026-01-30,2026-09-17,188,385.27,72430.76,Damaged,Incineration,Completed,EMP008,WH-D,Broken container
WR001937,INV001260,MED083432,BAT163821,2026-04-20,2026-04-11,95,288.98,27453.1,Expired,Incineration,Completed,EMP016,WH-C,Expired stock removed
WR001938,INV004644,MED079290,BAT453148,2026-07-21,2027-01-18,143,578.88,82779.84,Expired,Biohazard Disposal,Completed,EMP013,WH-C,Expired stock removed
WR001939,INV002238,MED133903,BAT307905,2026-06-28,2026-04-13,91,591.78,53851.98,Expired,Biohazard Disposal,Completed,EMP002,WH-C,Medicine expired
WR001940,INV003747,MED040014,BAT336713,2026-07-21,2026-08-04,110,380.31,41834.1,Expired,Incineration,Pending,EMP001,WH-D,Medicine expired
WR001941,INV004232,MED078427,BAT793710,2026-07-21,2026-11-22,79,550.44,43484.76,Expired,Return to Supplier,Completed,EMP002,WH-A,Medicine expired
WR001942,INV003441,MED060454,BAT153172,2026-02-03,2026-10-04,19,60.15,1142.85,Recalled,Incineration,Completed,EMP012,WH-A,Manufacturer recall
WR001943,INV002217,MED021172,BAT853429,2026-02-15,2028-01-15,190,495.32,94110.8,Damaged,Incineration,Completed,EMP001,WH-E,Broken container
WR001944,INV000363,MED105767,BAT333049,2026-07-21,2027-02-07,11,226.15,2487.65,Expired,Recycling,Completed,EMP018,WH-A,Expired stock removed
WR001945,INV002849,MED087194,BAT324813,2026-04-16,2028-01-09,166,142.14,23595.24,Damaged,Return to Supplier,Completed,EMP015,WH-B,Packaging damaged
WR001946,INV003860,MED076141,BAT993999,2026-02-28,2027-01-12,180,505.72,91029.6,Damaged,Recycling,Completed,EMP020,WH-A,Packaging damaged
WR001947,INV001378,MED052532,BAT239580,2026-02-21,2028-01-01,73,343.19,25052.87,Recalled,Incineration,Completed,EMP019,WH-E,Manufacturer recall
WR001948,INV000995,MED047804,BAT753756,2026-04-10,2027-01-13,116,598.22,69393.52,Damaged,Recycling,Completed,EMP007,WH-E,Packaging damaged
WR001949,INV002199,MED067054,BAT475531,2026-07-03,2025-09-24,14,502.36,7033.04,Damaged,Incineration,Completed,EMP020,WH-A,Broken container
WR001951,INV004014,MED122106,BAT443457,2026-07-21,2026-11-27,81,271.26,21972.06,Expired,Biohazard Disposal,Completed,EMP009,WH-B,Medicine expired
WR001952,INV001891,MED031848,BAT834447,2026-03-17,2025-09-22,99,436.71,43234.29,Expired,Biohazard Disposal,Completed,EMP007,WH-E,Medicine expired
WR001953,INV003287,MED095779,BAT737099,2026-06-11,2025-09-05,128,26.53,3395.84,Expired,Return to Supplier,Completed,EMP009,WH-E,Medicine expired
WR001954,INV004001,MED109524,BAT651786,2026-07-21,2027-01-08,149,37.47,5583.03,Expired,Return to Supplier,Completed,EMP011,WH-C,Expired stock removed
WR001955,INV004362,MED122611,BAT152149,2026-05-18,2026-01-28,69,17.18,1185.42,Expired,Biohazard Disposal,Completed,EMP004,WH-B,Expired stock removed
WR001956,INV002870,MED114818,BAT815838,2026-04-08,2025-01-29,46,337.4,15520.4,Expired,Biohazard Disposal,Completed,EMP015,WH-E,Expired stock removed
WR001957,INV004195,MED009938,BAT864579,2026-07-21,2028-03-11,94,585.3,55018.2,Expired,Return to Supplier,Completed,EMP001,WH-E,Medicine expired
WR001958,INV000470,MED033289,BAT703869,2026-03-17,2027-06-27,27,405.55,10949.85,Contaminated,Biohazard Disposal,Completed,EMP016,WH-D,Quality issue
WR001959,INV003253,MED121289,BAT600714,2026-07-21,2028-05-17,38,536.72,20395.36,Expired,Return to Supplier,Completed,EMP014,WH-C,Expired stock removed
WR001960,INV004733,MED040426,BAT119024,2026-07-20,2025-11-12,47,346.62,16291.14,Overstock,Recycling,Completed,EMP010,WH-E,Excess inventory
WR001961,INV002200,MED129484,BAT642126,2026-04-08,2028-06-15,40,109.94,4397.6,Damaged,Biohazard Disposal,Completed,EMP015,WH-B,Packaging damaged
WR001962,INV002956,MED015292,BAT722745,2025-11-08,2025-10-12,130,395.58,51425.4,Expired,Recycling,Completed,EMP011,WH-E,Medicine expired
WR001963,INV000500,MED001721,BAT787603,2026-07-16,2027-06-16,83,41.12,3412.96,Contaminated,Recycling,Completed,EMP010,WH-C,Quality issue
WR001964,INV002674,MED038850,BAT668017,2026-07-21,2027-08-13,23,498.91,11474.93,Expired,Recycling,Completed,EMP013,WH-B,Expired stock removed
WR001965,INV004639,MED096992,BAT548508,2026-01-22,2026-11-29,12,586.32,7035.84,Recalled,Biohazard Disposal,Completed,EMP017,WH-D,Safety recall
WR001966,INV003408,MED121806,BAT796303,2026-07-20,2026-07-17,143,183.51,26241.93,Expired,Return to Supplier,Completed,EMP018,WH-D,Expired stock removed
WR001967,INV000900,MED107040,BAT211763,2026-03-31,2026-10-02,170,192.98,32806.6,Recalled,Return to Supplier,Completed,EMP015,WH-B,Safety recall
WR001968,INV001849,MED135912,BAT621084,2026-06-29,2026-05-06,11,42.7,469.7,Expired,Return to Supplier,Pending,EMP016,WH-C,Medicine expired
WR001969,INV002166,MED050507,BAT788402,2026-04-21,2026-04-07,34,75.49,2566.66,Expired,Incineration,Completed,EMP009,WH-E,Expired stock removed
WR001970,INV002908,MED004947,BAT814191,2026-03-02,2027-04-27,47,219.71,10326.37,Damaged,Recycling,Completed,EMP017,WH-A,Broken container
WR001971,INV004301,MED005870,BAT390091,2026-07-11,2027-01-12,136,502.74,68372.64,Overstock,Return to Supplier,Completed,EMP017,WH-E,Excess inventory
WR001972,INV003111,MED078553,BAT484847,2026-02-16,2025-07-29,152,66.56,10117.12,Expired,Recycling,Completed,EMP003,WH-C,Medicine expired
WR001973,INV003320,MED122526,BAT822652,2026-07-05,2026-04-28,17,259.12,4405.04,Expired,Recycling,Completed,EMP001,WH-A,Medicine expired
WR001974,INV001304,MED078283,BAT296868,2026-07-21,2027-12-17,184,161.37,29692.08,Expired,Return to Supplier,Completed,EMP015,WH-C,Medicine expired
WR001975,INV003488,MED067839,BAT155850,2026-07-21,2026-11-10,74,573.88,42467.12,Expired,Recycling,Completed,EMP012,WH-A,Expired stock removed
WR001976,INV004528,MED050322,BAT595008,2026-07-14,2026-07-02,43,47.22,2030.46,Damaged,Return to Supplier,Completed,EMP011,WH-B,Broken container
WR001977,INV004242,MED056363,BAT601427,2026-07-21,2029-04-15,93,157.35,14633.55,Expired,Biohazard Disposal,Completed,EMP010,WH-D,Medicine expired
WR001978,INV000947,MED068175,BAT164329,2026-07-21,2028-06-18,27,70.48,1902.96,Expired,Incineration,Completed,EMP020,WH-D,Medicine expired
WR001979,INV004656,MED064877,BAT937053,2026-05-28,2028-05-13,148,110.9,16413.2,Damaged,Return to Supplier,Completed,EMP020,WH-D,Broken container
WR001980,INV003776,MED016183,BAT124473,2026-05-30,2025-12-04,97,41.23,3999.31,Overstock,Incineration,Completed,EMP012,WH-B,Excess inventory
WR001981,INV002195,MED070856,BAT961235,2026-01-10,2025-09-07,139,424.88,59058.32,Expired,Recycling,Completed,EMP003,WH-A,Medicine expired
WR001982,INV004321,MED000534,BAT440153,2026-06-16,2026-04-01,84,158.81,13340.04,Expired,Biohazard Disposal,Completed,EMP002,WH-B,Medicine expired
WR001983,INV001779,MED019456,BAT547898,2026-04-12,2026-01-06,177,110.33,19528.41,Damaged,Return to Supplier,Pending,EMP005,WH-E,Broken container
WR001984,INV001696,MED054827,BAT275824,2026-07-16,2026-06-26,46,209.28,9626.88,Expired,Recycling,Completed,EMP001,WH-C,Expired stock removed
WR001985,INV002213,MED091081,BAT920531,2026-07-03,2028-02-03,195,8.17,1593.15,Damaged,Return to Supplier,Completed,EMP015,WH-A,Broken container
WR001986,INV000446,MED060661,BAT681866,2026-04-16,2027-11-27,125,465.65,58206.25,Recalled,Recycling,Completed,EMP013,WH-A,Manufacturer recall
WR001987,INV000692,MED005815,BAT499060,2026-06-20,2026-02-24,132,214.01,28249.32,Expired,Recycling,Completed,EMP012,WH-B,Expired stock removed
WR001988,INV002233,MED042602,BAT244104,2026-02-26,2026-02-18,161,42.36,6819.96,Expired,Recycling,Completed,EMP015,WH-C,Expired stock removed
WR001989,INV002506,MED012254,BAT245679,2026-03-09,2027-04-25,197,560.87,110491.39,Contaminated,Biohazard Disposal,Completed,EMP011,WH-E,Quality issue
WR001990,INV004573,MED009514,BAT433033,2026-07-21,2026-08-09,180,559.29,100672.2,Expired,Return to Supplier,Completed,EMP009,WH-B,Expired stock removed
WR001991,INV001650,MED083387,BAT252233,2026-03-12,2028-01-25,146,152.68,22291.28,Recalled,Return to Supplier,Completed,EMP002,WH-C,Safety recall
WR001992,INV002641,MED039326,BAT910695,2026-06-25,2028-10-18,18,395.85,7125.3,Contaminated,Recycling,Completed,EMP018,WH-B,Quality issue
WR001993,INV001371,MED009767,BAT818025,2026-01-16,2025-12-20,113,373.06,42155.78,Expired,Biohazard Disposal,Completed,EMP017,WH-C,Expired stock removed
WR001994,INV001866,MED088096,BAT902852,2026-07-21,2026-08-08,99,421.4,41718.6,Expired,Biohazard Disposal,Pending,EMP002,WH-E,Expired stock removed
WR001995,INV003865,MED081681,BAT457690,2026-03-31,2028-02-21,100,298.51,29851.0,Contaminated,Recycling,Completed,EMP008,WH-E,Contaminated during storage
WR001996,INV000660,MED029252,BAT403524,2026-06-05,2027-05-15,107,185.83,19883.81,Overstock,Incineration,Completed,EMP001,WH-B,Excess inventory
WR001997,INV000337,MED013158,BAT984756,2026-06-06,2025-12-03,108,537.45,58044.6,Overstock,Incineration,Completed,EMP004,WH-E,Low demand
WR001998,INV001377,MED021118,BAT318209,2026-07-21,2027-11-18,15,269.12,4036.8,Expired,Recycling,Completed,EMP020,WH-C,Expired stock removed
WR001999,INV004991,MED131191,BAT301115,2026-07-21,2027-07-31,1,158.14,158.14,Expired,Biohazard Disposal,Pending,EMP012,WH-C,Medicine expired
WR002000,INV001935,MED026412,BAT308099,2026-04-01,2025-09-17,142,213.88,30370.96,Expired,Return to Supplier,Pending,EMP005,WH-B,Medicine expired
WR002001,INV002537,MED069366,BAT292750,2026-07-16,2026-03-12,30,180.82,5424.6,Expired,Return to Supplier,Completed,EMP005,WH-B,Expired stock removed
WR002002,INV002597,MED108913,BAT710862,2026-04-23,2027-06-12,11,263.53,2898.83,Recalled,Return to Supplier,Completed,EMP009,WH-D,Safety recall
WR002003,INV001275,MED052338,BAT964352,2026-03-09,2025-09-18,160,124.0,19840.0,Damaged,Return to Supplier,Completed,EMP011,WH-C,Broken container
WR002004,INV004506,MED039586,BAT909193,2026-07-21,2028-03-16,51,257.64,13139.64,Expired,Biohazard Disposal,Completed,EMP011,WH-E,Expired stock removed
WR002005,INV004707,MED034152,BAT913222,2026-07-21,2028-03-18,2,131.28,262.56,Expired,Return to Supplier,Completed,EMP006,WH-D,Medicine expired
WR002006,INV003004,MED132323,BAT862202,2026-07-21,2026-10-02,73,526.48,38433.04,Expired,Recycling,Completed,EMP008,WH-E,Expired stock removed
WR002007,INV003053,MED053045,BAT842757,2026-07-08,2027-04-19,16,419.31,6708.96,Damaged,Biohazard Disposal,Completed,EMP017,WH-A,Broken container
WR002008,INV000518,MED132797,BAT753453,2026-05-03,2026-07-03,80,123.81,9904.8,Damaged,Return to Supplier,Completed,EMP007,WH-A,Broken container
WR002009,INV001237,MED089331,BAT469124,2026-07-21,2026-10-28,94,463.45,43564.3,Expired,Return to Supplier,Completed,EMP005,WH-C,Medicine expired
WR002010,INV001871,MED051672,BAT453643,2026-04-15,2027-08-18,190,580.13,110224.7,Damaged,Biohazard Disposal,Completed,EMP015,WH-E,Broken container
WR002011,INV004521,MED035760,BAT975035,2026-04-22,2025-10-30,41,415.28,17026.48,Damaged,Incineration,Completed,EMP019,WH-D,Packaging damaged
WR002012,INV000562,MED080448,BAT299451,2026-07-21,2027-09-04,146,90.26,13177.96,Expired,Incineration,Completed,EMP016,WH-B,Medicine expired
WR002013,INV001892,MED127782,BAT647622,2026-02-26,2029-03-02,58,341.5,19807.0,Overstock,Incineration,Completed,EMP007,WH-E,Low demand
WR002014,INV001577,MED019472,BAT102954,2026-07-12,2027-07-10,103,250.95,25847.85,Recalled,Biohazard Disposal,Completed,EMP010,WH-B,Safety recall
WR002015,INV004066,MED107957,BAT873677,2026-05-10,2027-07-29,27,277.99,7505.73,Overstock,Incineration,Pending,EMP005,WH-E,Low demand
WR002016,INV000277,MED079047,BAT705474,2026-07-21,2027-09-08,171,49.93,8538.03,Expired,Return to Supplier,Completed,EMP006,WH-D,Medicine expired
WR002017,INV000650,MED107278,BAT460549,2026-02-17,2026-04-08,97,322.52,31284.44,Overstock,Biohazard Disposal,Completed,EMP019,WH-D,Low demand
WR002018,INV003885,MED087824,BAT350647,2026-07-05,2025-09-03,50,211.56,10578.0,Overstock,Incineration,Completed,EMP008,WH-B,Excess inventory
WR002019,INV003101,MED104642,BAT970648,2026-03-23,2027-03-05,167,157.96,26379.32,Damaged,Return to Supplier,Completed,EMP001,WH-B,Broken container
WR002020,INV002410,MED060835,BAT951405,2026-04-16,2029-06-23,182,302.89,55125.98,Damaged,Incineration,Completed,EMP014,WH-D,Broken container
WR002021,INV000739,MED082116,BAT613406,2026-02-13,2028-01-08,48,362.2,17385.6,Damaged,Biohazard Disposal,Completed,EMP012,WH-C,Packaging damaged
WR002022,INV002427,MED008184,BAT485503,2026-02-25,2028-10-14,105,190.26,19977.3,Overstock,Incineration,Pending,EMP012,WH-A,Low demand
WR002023,INV002568,MED074086,BAT813696,2026-03-22,2027-04-25,164,388.84,63769.76,Damaged,Biohazard Disposal,Completed,EMP008,WH-A,Broken container
WR002024,INV000260,MED078146,BAT599292,2026-05-08,2026-03-26,70,183.66,12856.2,Expired,Recycling,Completed,EMP016,WH-A,Medicine expired
WR002025,INV003802,MED061196,BAT289516,2026-02-22,2027-05-02,106,357.09,37851.54,Recalled,Incineration,Completed,EMP006,WH-E,Safety recall
WR002026,INV000885,MED101986,BAT767349,2026-04-08,2025-08-19,51,79.19,4038.69,Damaged,Return to Supplier,Completed,EMP017,WH-E,Packaging damaged
WR002027,INV000569,MED100456,BAT427617,2026-03-03,2026-11-22,31,342.83,10627.73,Damaged,Biohazard Disposal,Completed,EMP013,WH-D,Broken container
WR002028,INV000546,MED102227,BAT959959,2026-05-31,2025-10-13,58,393.7,22834.6,Damaged,Incineration,Completed,EMP018,WH-E,Broken container
WR002029,INV002535,MED106169,BAT750728,2026-07-21,2028-02-27,79,112.86,8915.94,Expired,Return to Supplier,Pending,EMP003,WH-C,Expired stock removed
WR002030,INV000697,MED035303,BAT378035,2025-11-01,2025-07-17,96,376.62,36155.52,Expired,Incineration,Completed,EMP001,WH-E,Expired stock removed
WR002031,INV004122,MED128787,BAT145206,2026-04-15,2027-03-13,57,177.01,10089.57,Recalled,Incineration,Completed,EMP018,WH-E,Safety recall
WR002032,INV004532,MED082635,BAT354774,2025-09-29,2025-08-06,99,183.8,18196.2,Expired,Biohazard Disposal,Completed,EMP015,WH-A,Expired stock removed
WR002033,INV004512,MED075384,BAT660057,2026-07-12,2024-12-14,123,317.69,39075.87,Overstock,Incineration,Completed,EMP003,WH-A,Low demand
WR002034,INV004357,MED042756,BAT254869,2026-06-20,2028-03-04,23,500.07,11501.61,Overstock,Incineration,Completed,EMP005,WH-D,Low demand
WR002035,INV001656,MED111225,BAT739638,2026-07-21,2027-10-17,24,246.71,5921.04,Expired,Incineration,Pending,EMP014,WH-B,Expired stock removed
WR002036,INV002592,MED087351,BAT594824,2026-07-21,2027-02-16,19,460.49,8749.31,Expired,Incineration,Completed,EMP010,WH-B,Medicine expired
WR002037,INV002825,MED051740,BAT245500,2025-08-02,2025-06-12,167,159.59,26651.53,Expired,Return to Supplier,Completed,EMP015,WH-D,Expired stock removed
WR002038,INV002835,MED106968,BAT958413,2026-07-21,2027-10-25,148,107.9,15969.2,Expired,Return to Supplier,Completed,EMP001,WH-E,Expired stock removed
WR002039,INV002162,MED129974,BAT774043,2026-07-21,2027-01-01,67,427.6,28649.2,Expired,Recycling,Completed,EMP015,WH-E,Expired stock removed
WR002040,INV000355,MED076912,BAT778818,2026-07-21,2027-01-25,70,366.96,25687.2,Expired,Incineration,Pending,EMP011,WH-C,Expired stock removed
WR002041,INV000012,MED001510,BAT814825,2026-07-21,2028-01-02,124,179.63,22274.12,Expired,Return to Supplier,Completed,EMP015,WH-C,Medicine expired
WR002042,INV000063,MED069160,BAT766459,2026-07-21,2028-12-02,48,441.61,21197.28,Expired,Return to Supplier,Completed,EMP012,WH-E,Expired stock removed
WR002043,INV004697,MED059207,BAT859921,2026-06-12,2028-11-23,68,288.79,19637.72,Recalled,Biohazard Disposal,Completed,EMP001,WH-C,Safety recall
WR002044,INV003960,MED007027,BAT517834,2026-04-01,2028-09-30,170,80.39,13666.3,Contaminated,Incineration,Completed,EMP014,WH-E,Contaminated during storage
WR002045,INV003562,MED009561,BAT476482,2026-07-19,2028-05-18,119,405.89,48300.91,Contaminated,Incineration,Completed,EMP016,WH-D,Quality issue
WR002046,INV000598,MED053718,BAT380061,2026-05-15,2025-09-29,7,465.02,3255.14,Damaged,Recycling,Completed,EMP019,WH-E,Broken container
WR002047,INV002443,MED136998,BAT885489,2026-05-30,2026-03-07,117,425.71,49808.07,Expired,Return to Supplier,Completed,EMP006,WH-B,Expired stock removed
WR002048,INV004421,MED103814,BAT967030,2026-07-21,2027-08-19,84,260.2,21856.8,Expired,Recycling,Completed,EMP016,WH-D,Medicine expired
WR002049,INV000150,MED022880,BAT154714,2026-06-17,2028-02-19,159,428.28,68096.52,Damaged,Recycling,Completed,EMP016,WH-C,Packaging damaged
WR002050,INV001966,MED034204,BAT828468,2026-07-21,2028-02-04,169,111.65,18868.85,Expired,Biohazard Disposal,Completed,EMP002,WH-E,Expired stock removed
WR002051,INV004869,MED080513,BAT346701,2026-05-10,2028-07-12,177,433.02,76644.54,Contaminated,Recycling,Completed,EMP017,WH-A,Quality issue
WR002052,INV004486,MED059756,BAT486088,2026-06-12,2026-07-12,113,34.6,3909.8,Recalled,Recycling,Completed,EMP010,WH-D,Manufacturer recall
WR002053,INV001474,MED130370,BAT253209,2026-07-17,2026-07-25,108,289.22,31235.76,Recalled,Recycling,Completed,EMP011,WH-E,Manufacturer recall
WR002054,INV000610,MED122314,BAT779259,2026-05-21,2026-01-31,20,398.14,7962.8,Expired,Incineration,Completed,EMP012,WH-A,Expired stock removed
WR002055,INV001552,MED117554,BAT285846,2026-07-09,2025-08-29,68,389.87,26511.16,Recalled,Recycling,Completed,EMP001,WH-A,Manufacturer recall
WR002056,INV000586,MED091811,BAT839122,2026-07-05,2026-11-06,40,89.54,3581.6,Damaged,Biohazard Disposal,Completed,EMP006,WH-D,Broken container
WR002057,INV003607,MED032601,BAT830761,2026-02-21,2028-06-12,73,582.89,42550.97,Contaminated,Biohazard Disposal,Completed,EMP008,WH-B,Contaminated during storage
WR002058,INV001469,MED011187,BAT191480,2026-03-09,2027-09-26,111,306.73,34047.03,Recalled,Biohazard Disposal,Completed,EMP011,WH-A,Manufacturer recall
WR002059,INV002025,MED106545,BAT904579,2026-01-30,2024-12-19,11,420.02,4620.22,Recalled,Return to Supplier,Completed,EMP016,WH-D,Safety recall
WR002060,INV003522,MED118353,BAT783475,2026-02-20,2028-12-11,125,546.42,68302.5,Overstock,Return to Supplier,Completed,EMP017,WH-D,Excess inventory
WR002061,INV000874,MED075535,BAT575637,2026-02-25,2027-02-10,11,47.8,525.8,Recalled,Biohazard Disposal,Completed,EMP001,WH-B,Safety recall
WR002062,INV000509,MED037913,BAT950472,2026-02-25,2026-05-21,59,551.14,32517.26,Recalled,Recycling,Completed,EMP017,WH-C,Manufacturer recall
WR002063,INV001424,MED045826,BAT840605,2026-04-14,2027-10-26,118,197.07,23254.26,Overstock,Biohazard Disposal,Pending,EMP016,WH-C,Excess inventory
WR002064,INV000024,MED026433,BAT102260,2026-02-23,2027-05-20,182,419.47,76343.54,Recalled,Biohazard Disposal,Completed,EMP004,WH-D,Safety recall
WR002065,INV002979,MED035757,BAT233263,2026-04-03,2028-08-02,75,294.12,22059.0,Damaged,Incineration,Completed,EMP012,WH-E,Packaging damaged
WR002066,INV000083,MED069475,BAT195674,2026-01-27,2028-01-28,62,403.73,25031.26,Recalled,Incineration,Completed,EMP007,WH-D,Safety recall
WR002067,INV003103,MED001853,BAT103778,2026-07-21,2027-02-18,62,277.6,17211.2,Expired,Return to Supplier,Completed,EMP014,WH-A,Medicine expired
WR002068,INV001322,MED082952,BAT144146,2026-07-21,2026-08-14,102,347.5,35445.0,Expired,Incineration,Completed,EMP006,WH-C,Medicine expired
WR002069,INV000131,MED134410,BAT175576,2026-06-18,2028-08-26,32,278.55,8913.6,Damaged,Biohazard Disposal,Completed,EMP011,WH-E,Packaging damaged
WR002070,INV000472,MED102597,BAT524434,2026-05-22,2025-02-06,188,191.52,36005.76,Overstock,Return to Supplier,Completed,EMP004,WH-C,Low demand
WR002071,INV003671,MED121787,BAT597774,2026-06-02,2027-01-02,53,158.07,8377.71,Recalled,Incineration,Completed,EMP008,WH-B,Safety recall
WR002072,INV003792,MED066779,BAT860078,2026-07-01,2028-02-01,113,275.68,31151.84,Damaged,Return to Supplier,Completed,EMP011,WH-D,Broken container
WR002073,INV001486,MED011860,BAT230473,2026-05-15,2028-01-17,3,117.41,352.23,Damaged,Return to Supplier,Completed,EMP019,WH-D,Packaging damaged
WR002074,INV000245,MED119499,BAT432061,2026-04-05,2026-10-21,1,269.62,269.62,Contaminated,Incineration,Completed,EMP010,WH-B,Quality issue
WR002075,INV002327,MED051862,BAT373229,2026-05-26,2027-11-12,171,222.62,38068.02,Recalled,Return to Supplier,Completed,EMP005,WH-D,Manufacturer recall
WR002076,INV001860,MED124195,BAT796241,2026-05-22,2027-05-16,50,535.98,26799.0,Overstock,Recycling,Completed,EMP001,WH-C,Excess inventory
WR002077,INV002347,MED091847,BAT829928,2026-07-21,2027-03-02,194,495.51,96128.94,Expired,Recycling,Completed,EMP015,WH-A,Expired stock removed
WR002078,INV002174,MED083436,BAT594585,2026-06-26,2027-04-12,194,430.46,83509.24,Damaged,Return to Supplier,Completed,EMP019,WH-A,Packaging damaged
WR002079,INV001120,MED041482,BAT499812,2026-07-14,2029-01-17,126,172.02,21674.52,Damaged,Recycling,Completed,EMP016,WH-A,Broken container
WR002080,INV000983,MED091951,BAT256989,2026-07-21,2026-10-16,155,420.65,65200.75,Expired,Return to Supplier,Completed,EMP010,WH-C,Expired stock removed
WR002081,INV004911,MED023297,BAT914622,2026-07-21,2028-09-16,92,342.08,31471.36,Expired,Recycling,Completed,EMP015,WH-A,Medicine expired
WR002082,INV002140,MED013582,BAT196958,2026-03-10,2028-05-31,192,89.21,17128.32,Recalled,Incineration,Completed,EMP017,WH-B,Manufacturer recall
WR002083,INV001921,MED005070,BAT831634,2026-05-10,2026-01-22,112,550.65,61672.8,Overstock,Recycling,Completed,EMP003,WH-C,Low demand
WR002084,INV003770,MED037432,BAT456530,2026-07-21,2027-07-13,185,397.75,73583.75,Expired,Biohazard Disposal,Completed,EMP003,WH-B,Expired stock removed
WR002085,INV002892,MED101713,BAT562115,2026-04-27,2028-03-30,148,29.32,4339.36,Damaged,Return to Supplier,Pending,EMP006,WH-E,Packaging damaged
WR002086,INV003587,MED128294,BAT237898,2026-02-15,2026-12-15,134,297.94,39923.96,Overstock,Biohazard Disposal,Completed,EMP001,WH-C,Low demand
WR002087,INV001790,MED032541,BAT386890,2026-04-12,2026-03-04,138,284.68,39285.84,Expired,Biohazard Disposal,Completed,EMP017,WH-A,Medicine expired
WR002088,INV002451,MED078562,BAT493875,2026-02-01,2026-03-05,54,20.66,1115.64,Overstock,Return to Supplier,Completed,EMP002,WH-C,Excess inventory
WR002089,INV001006,MED048788,BAT540110,2026-07-21,2027-12-21,30,60.0,1800.0,Expired,Return to Supplier,Completed,EMP015,WH-C,Expired stock removed
WR002090,INV003569,MED075474,BAT916408,2026-07-20,2025-03-10,122,280.63,34236.86,Damaged,Recycling,Completed,EMP015,WH-C,Broken container
WR002091,INV002104,MED014783,BAT852311,2026-06-05,2026-02-22,42,565.54,23752.68,Expired,Return to Supplier,Completed,EMP008,WH-D,Expired stock removed
WR002092,INV003925,MED083346,BAT462519,2026-01-22,2026-01-01,45,502.83,22627.35,Damaged,Return to Supplier,Completed,EMP012,WH-A,Packaging damaged
WR002093,INV004699,MED054457,BAT350262,2026-07-21,2027-04-16,126,86.06,10843.56,Expired,Biohazard Disposal,Completed,EMP009,WH-E,Expired stock removed
WR002094,INV000333,MED025943,BAT673619,2026-06-04,2025-11-17,11,424.18,4665.98,Expired,Return to Supplier,Completed,EMP005,WH-B,Medicine expired
WR002095,INV001183,MED092844,BAT946514,2026-03-31,2027-09-07,2,593.51,1187.02,Overstock,Return to Supplier,Completed,EMP020,WH-B,Excess inventory
WR002096,INV001354,MED014345,BAT652953,2026-02-05,2028-10-31,179,387.7,69398.3,Overstock,Incineration,Completed,EMP020,WH-D,Excess inventory
WR002097,INV004940,MED050076,BAT896183,2026-07-17,2026-07-17,145,305.65,44319.25,Expired,Return to Supplier,Completed,EMP009,WH-A,Expired stock removed
WR002098,INV000580,MED114576,BAT960622,2026-07-21,2026-10-18,128,144.97,18556.16,Expired,Biohazard Disposal,Completed,EMP017,WH-C,Expired stock removed
WR002099,INV003282,MED121531,BAT862340,2026-07-21,2028-08-12,71,474.25,33671.75,Expired,Recycling,Completed,EMP020,WH-A,Expired stock removed
WR002100,INV003686,MED105739,BAT353052,2026-07-21,2026-10-25,124,136.03,16867.72,Expired,Return to Supplier,Completed,EMP009,WH-C,Expired stock removed
WR002101,INV000400,MED042386,BAT400538,2026-04-23,2026-04-09,149,126.38,18830.62,Expired,Return to Supplier,Completed,EMP004,WH-D,Expired stock removed
WR002102,INV002949,MED019139,BAT825621,2026-04-15,2029-04-18,28,569.89,15956.92,Damaged,Biohazard Disposal,Completed,EMP016,WH-D,Packaging damaged
WR002103,INV004299,MED132913,BAT622209,2026-07-19,2026-06-23,12,535.76,6429.12,Expired,Return to Supplier,Completed,EMP003,WH-A,Expired stock removed
WR002104,INV000665,MED026258,BAT385915,2026-01-27,2027-08-18,67,33.99,2277.33,Recalled,Biohazard Disposal,Completed,EMP005,WH-A,Safety recall
WR002105,INV002114,MED116985,BAT173482,2026-07-21,2027-01-19,24,352.12,8450.88,Expired,Incineration,Pending,EMP020,WH-D,Medicine expired
WR002106,INV001419,MED115707,BAT481453,2026-03-26,2026-02-05,54,6.82,368.28,Overstock,Recycling,Completed,EMP003,WH-D,Low demand
WR002107,INV003557,MED046431,BAT664711,2026-04-18,2025-12-09,37,468.42,17331.54,Damaged,Return to Supplier,Completed,EMP016,WH-B,Packaging damaged
WR002108,INV000800,MED122580,BAT664271,2026-07-21,2026-08-20,116,536.08,62185.28,Expired,Return to Supplier,Completed,EMP008,WH-A,Medicine expired
WR002109,INV000305,MED088189,BAT766833,2026-07-05,2025-05-30,172,228.88,39367.36,Recalled,Return to Supplier,Completed,EMP008,WH-A,Manufacturer recall
WR002110,INV001470,MED005331,BAT190573,2026-03-11,2027-04-23,41,597.93,24515.13,Contaminated,Recycling,Completed,EMP012,WH-D,Quality issue
WR002111,INV000183,MED067130,BAT267457,2026-07-21,2027-11-07,175,301.47,52757.25,Expired,Biohazard Disposal,Completed,EMP019,WH-C,Expired stock removed
WR002112,INV004437,MED077148,BAT266971,2026-07-21,2028-06-07,145,315.33,45722.85,Expired,Biohazard Disposal,Completed,EMP019,WH-B,Expired stock removed
WR002113,INV001722,MED029270,BAT441649,2026-02-26,2025-12-19,139,546.24,75927.36,Expired,Biohazard Disposal,Completed,EMP016,WH-B,Expired stock removed
WR002114,INV001034,MED073073,BAT725297,2026-07-21,2026-11-18,105,232.91,24455.55,Expired,Biohazard Disposal,Completed,EMP008,WH-C,Medicine expired
WR002115,INV002406,MED117011,BAT311253,2026-05-22,2025-11-14,49,504.26,24708.74,Damaged,Incineration,Completed,EMP017,WH-E,Packaging damaged
WR002116,INV000373,MED008610,BAT785315,2026-05-20,2024-09-23,199,231.25,46018.75,Expired,Recycling,Completed,EMP004,WH-B,Expired stock removed
WR002117,INV003700,MED025658,BAT864177,2026-02-24,2025-12-10,106,112.56,11931.36,Expired,Incineration,Completed,EMP015,WH-B,Expired stock removed
WR002118,INV001174,MED068126,BAT493935,2026-07-21,2027-03-22,129,450.15,58069.35,Expired,Recycling,Completed,EMP009,WH-A,Expired stock removed
WR002119,INV000876,MED062501,BAT422763,2026-02-17,2026-01-01,85,233.97,19887.45,Expired,Recycling,Completed,EMP006,WH-D,Medicine expired
WR002120,INV000499,MED092228,BAT789880,2026-07-18,2028-08-06,20,157.28,3145.6,Overstock,Return to Supplier,Completed,EMP002,WH-A,Low demand
WR002121,INV004557,MED064764,BAT861197,2026-05-09,2026-03-19,15,455.89,6838.35,Damaged,Recycling,Completed,EMP014,WH-C,Broken container
WR002122,INV000503,MED090442,BAT535352,2026-07-21,2027-02-06,95,406.32,38600.4,Expired,Recycling,Pending,EMP015,WH-A,Expired stock removed
WR002123,INV001805,MED025859,BAT224166,2026-03-25,2025-11-05,18,259.77,4675.86,Expired,Return to Supplier,Completed,EMP003,WH-D,Expired stock removed
WR002124,INV002223,MED105374,BAT460765,2026-03-06,2025-02-11,86,593.64,51053.04,Recalled,Return to Supplier,Completed,EMP006,WH-A,Safety recall
WR002125,INV001408,MED129338,BAT586144,2026-01-24,2028-04-16,11,254.66,2801.26,Damaged,Incineration,Completed,EMP007,WH-C,Packaging damaged
WR002126,INV002732,MED046802,BAT319707,2026-07-21,2027-11-27,117,245.89,28769.13,Expired,Return to Supplier,Completed,EMP002,WH-A,Medicine expired
WR002127,INV004244,MED130232,BAT459774,2026-06-06,2026-06-05,58,365.83,21218.14,Contaminated,Return to Supplier,Completed,EMP017,WH-D,Quality issue
WR002128,INV002686,MED079701,BAT581051,2026-04-08,2025-07-31,151,289.31,43685.81,Recalled,Biohazard Disposal,Completed,EMP014,WH-B,Manufacturer recall
WR002129,INV004818,MED069803,BAT333543,2026-02-07,2028-09-20,141,453.48,63940.68,Damaged,Biohazard Disposal,Completed,EMP004,WH-B,Packaging damaged
WR002130,INV000774,MED108185,BAT849051,2026-07-21,2027-12-20,76,312.29,23734.04,Expired,Recycling,Completed,EMP016,WH-D,Expired stock removed
WR002131,INV002889,MED026672,BAT816306,2026-07-12,2026-06-15,101,566.25,57191.25,Expired,Return to Supplier,Completed,EMP013,WH-E,Medicine expired
WR002132,INV004293,MED090565,BAT140162,2026-02-27,2026-04-10,70,27.9,1953.0,Damaged,Recycling,Completed,EMP015,WH-B,Packaging damaged
WR002133,INV000517,MED067841,BAT465227,2026-06-08,2026-06-05,76,19.4,1474.4,Expired,Recycling,Pending,EMP001,WH-E,Medicine expired
WR002134,INV002694,MED061590,BAT707135,2026-06-30,2025-03-24,169,81.33,13744.77,Expired,Biohazard Disposal,Completed,EMP016,WH-A,Expired stock removed
WR002135,INV000604,MED131552,BAT286572,2026-07-21,2027-03-04,95,368.13,34972.35,Expired,Biohazard Disposal,Completed,EMP005,WH-A,Expired stock removed
WR002136,INV003764,MED026490,BAT950767,2026-07-21,2028-03-07,86,72.13,6203.18,Expired,Return to Supplier,Completed,EMP014,WH-D,Medicine expired
WR002137,INV002926,MED067212,BAT756916,2026-06-02,2026-08-06,9,10.64,95.76,Contaminated,Recycling,Completed,EMP018,WH-C,Contaminated during storage
WR002138,INV001013,MED066102,BAT469320,2026-05-20,2028-03-28,97,278.0,26966.0,Damaged,Biohazard Disposal,Completed,EMP001,WH-E,Broken container
WR002139,INV003063,MED092116,BAT140869,2026-03-05,2026-01-19,180,467.07,84072.6,Overstock,Incineration,Completed,EMP002,WH-E,Low demand
WR002140,INV004128,MED079439,BAT638617,2026-07-21,2028-01-04,200,431.18,86236.0,Expired,Return to Supplier,Completed,EMP014,WH-B,Medicine expired
WR002141,INV004545,MED122790,BAT717716,2026-06-13,2026-03-04,180,595.74,107233.2,Overstock,Recycling,Completed,EMP016,WH-C,Excess inventory
WR002142,INV001479,MED105110,BAT418239,2026-01-30,2027-02-09,143,234.73,33566.39,Damaged,Incineration,Completed,EMP006,WH-E,Broken container
WR002143,INV003877,MED039393,BAT753963,2026-06-06,2026-11-18,183,273.98,50138.34,Overstock,Return to Supplier,Completed,EMP017,WH-C,Excess inventory
WR002144,INV002187,MED037869,BAT676665,2026-01-28,2025-03-17,13,493.01,6409.13,Overstock,Biohazard Disposal,Completed,EMP005,WH-D,Low demand
WR002145,INV002344,MED008093,BAT866439,2026-07-17,2029-02-26,68,260.22,17694.96,Recalled,Incineration,Completed,EMP014,WH-E,Manufacturer recall
WR002146,INV002684,MED073072,BAT821523,2026-03-25,2028-08-29,84,508.64,42725.76,Overstock,Biohazard Disposal,Completed,EMP012,WH-D,Excess inventory
WR002147,INV002921,MED025616,BAT236614,2026-07-21,2028-01-14,108,146.45,15816.6,Expired,Recycling,Completed,EMP018,WH-E,Medicine expired
WR002148,INV001264,MED082322,BAT776624,2026-07-21,2026-11-15,173,168.8,29202.4,Expired,Recycling,Completed,EMP002,WH-D,Expired stock removed
WR002149,INV001638,MED073889,BAT451473,2026-07-21,2027-07-01,42,560.6,23545.2,Expired,Incineration,Completed,EMP011,WH-C,Expired stock removed
WR002150,INV001207,MED007581,BAT900244,2026-07-05,2027-08-17,78,572.62,44664.36,Damaged,Recycling,Completed,EMP016,WH-B,Broken container
WR002151,INV003563,MED122103,BAT842608,2026-01-23,2028-01-02,35,525.34,18386.9,Recalled,Incineration,Completed,EMP020,WH-B,Safety recall
WR002152,INV004159,MED048199,BAT878403,2026-04-10,2025-02-10,54,160.72,8678.88,Overstock,Biohazard Disposal,Completed,EMP005,WH-E,Excess inventory
WR002153,INV004397,MED133790,BAT534373,2026-02-12,2027-02-09,17,438.28,7450.76,Recalled,Return to Supplier,Completed,EMP018,WH-A,Manufacturer recall
WR002154,INV002907,MED076506,BAT120327,2026-07-18,2026-07-08,163,295.16,48111.08,Expired,Biohazard Disposal,Completed,EMP015,WH-B,Medicine expired
WR002155,INV002779,MED025424,BAT822612,2026-03-13,2028-02-02,152,586.95,89216.4,Overstock,Incineration,Completed,EMP019,WH-A,Excess inventory
WR002157,INV004083,MED008227,BAT143443,2026-07-21,2027-02-08,118,569.63,67216.34,Expired,Biohazard Disposal,Completed,EMP015,WH-B,Expired stock removed
WR002158,INV002613,MED019648,BAT948866,2026-07-21,2027-09-02,116,388.0,45008.0,Expired,Biohazard Disposal,Completed,EMP014,WH-C,Expired stock removed
WR002159,INV002291,MED134352,BAT983370,2026-03-17,2028-04-23,97,277.3,26898.1,Recalled,Biohazard Disposal,Completed,EMP004,WH-E,Safety recall
WR002160,INV001337,MED051957,BAT934202,2026-07-01,2025-07-03,44,323.54,14235.76,Overstock,Recycling,Completed,EMP010,WH-B,Low demand
WR002161,INV004780,MED080344,BAT295971,2025-11-15,2025-05-09,33,441.53,14570.49,Expired,Recycling,Completed,EMP013,WH-C,Medicine expired
WR002162,INV004032,MED032775,BAT954978,2026-07-21,2027-01-27,53,153.58,8139.74,Expired,Biohazard Disposal,Completed,EMP003,WH-C,Medicine expired
WR002163,INV003605,MED132525,BAT302927,2026-07-21,2027-02-02,177,366.71,64907.67,Expired,Recycling,Completed,EMP011,WH-B,Medicine expired
WR002164,INV002724,MED093826,BAT729091,2026-07-21,2027-06-24,119,144.07,17144.33,Expired,Return to Supplier,Completed,EMP002,WH-E,Expired stock removed
WR002165,INV001919,MED117025,BAT309052,2026-07-21,2027-02-18,99,285.95,28309.05,Expired,Return to Supplier,Pending,EMP018,WH-D,Medicine expired
WR002166,INV002106,MED105868,BAT343944,2026-07-21,2026-07-29,104,216.88,22555.52,Expired,Incineration,Completed,EMP011,WH-C,Medicine expired
WR002167,INV004797,MED066857,BAT478228,2026-04-04,2026-08-12,54,498.52,26920.08,Damaged,Incineration,Completed,EMP011,WH-D,Broken container
WR002168,INV000317,MED080295,BAT677438,2026-04-06,2027-04-22,13,86.66,1126.58,Overstock,Biohazard Disposal,Completed,EMP014,WH-B,Low demand
WR002169,INV004373,MED052091,BAT666101,2026-07-21,2026-11-13,4,129.52,518.08,Expired,Biohazard Disposal,Completed,EMP016,WH-B,Medicine expired
WR002170,INV003899,MED018469,BAT960511,2026-02-14,2026-01-10,20,252.77,5055.4,Expired,Incineration,Completed,EMP011,WH-E,Expired stock removed
WR002171,INV001617,MED065618,BAT352067,2026-04-12,2028-05-25,121,372.76,45103.96,Damaged,Incineration,Pending,EMP012,WH-E,Packaging damaged
WR002172,INV004142,MED095816,BAT105955,2026-07-21,2027-06-21,108,384.42,41517.36,Expired,Return to Supplier,Pending,EMP011,WH-B,Expired stock removed
WR002173,INV003122,MED051767,BAT620517,2026-05-10,2026-03-08,41,32.62,1337.42,Damaged,Return to Supplier,Completed,EMP008,WH-E,Broken container
WR002174,INV002448,MED045487,BAT128208,2026-07-02,2025-12-13,192,42.29,8119.68,Expired,Biohazard Disposal,Completed,EMP012,WH-C,Medicine expired
WR002175,INV000573,MED090141,BAT930924,2026-03-17,2027-08-17,126,251.0,31626.0,Recalled,Incineration,Completed,EMP018,WH-B,Safety recall
WR002176,INV004323,MED007935,BAT586653,2026-07-21,2027-07-14,72,571.66,41159.52,Expired,Recycling,Completed,EMP018,WH-A,Expired stock removed
WR002177,INV001184,MED023550,BAT598560,2026-06-23,2025-05-11,178,86.5,15397.0,Expired,Biohazard Disposal,Pending,EMP017,WH-D,Expired stock removed
WR002178,INV002744,MED128458,BAT759748,2026-07-21,2028-10-24,140,176.08,24651.2,Expired,Incineration,Completed,EMP013,WH-D,Medicine expired
WR002179,INV004472,MED034365,BAT789466,2026-04-11,2025-03-29,160,125.79,20126.4,Expired,Recycling,Completed,EMP012,WH-B,Expired stock removed
WR002180,INV002279,MED032194,BAT709594,2026-05-17,2027-07-03,178,52.65,9371.7,Overstock,Incineration,Completed,EMP020,WH-B,Excess inventory
WR002181,INV003913,MED053420,BAT890572,2026-04-13,2027-10-15,45,398.17,17917.65,Damaged,Biohazard Disposal,Completed,EMP007,WH-C,Broken container
WR002182,INV001170,MED014926,BAT277477,2026-06-23,2026-12-07,107,89.09,9532.63,Contaminated,Incineration,Completed,EMP018,WH-E,Contaminated during storage
WR002183,INV000434,MED106692,BAT534753,2026-07-21,2028-04-11,119,289.89,34496.91,Expired,Recycling,Completed,EMP019,WH-D,Expired stock removed
WR002184,INV004627,MED013313,BAT958091,2026-07-21,2027-08-24,50,326.26,16313.0,Expired,Recycling,Completed,EMP002,WH-B,Medicine expired
WR002185,INV003956,MED036253,BAT334528,2026-07-21,2026-10-14,185,282.49,52260.65,Expired,Incineration,Completed,EMP019,WH-E,Expired stock removed
WR002186,INV002698,MED065949,BAT537789,2026-04-16,2027-11-05,39,323.05,12598.95,Recalled,Recycling,Completed,EMP006,WH-D,Manufacturer recall
WR002187,INV002747,MED000202,BAT773920,2026-03-16,2028-04-06,189,278.5,52636.5,Contaminated,Biohazard Disposal,Completed,EMP002,WH-A,Quality issue
WR002188,INV004104,MED090251,BAT250343,2026-07-14,2028-11-02,62,128.65,7976.3,Overstock,Recycling,Completed,EMP002,WH-C,Excess inventory
WR002189,INV001775,MED087998,BAT539130,2026-06-03,2028-01-07,149,498.14,74222.86,Overstock,Incineration,Completed,EMP007,WH-D,Excess inventory
WR002190,INV004996,MED039248,BAT274456,2026-03-06,2027-02-02,156,328.98,51320.88,Damaged,Incineration,Completed,EMP020,WH-B,Broken container
WR002191,INV003494,MED110513,BAT618996,2026-07-21,2026-08-04,64,98.96,6333.44,Expired,Incineration,Completed,EMP015,WH-A,Medicine expired
WR002192,INV003217,MED049653,BAT722767,2026-07-21,2027-03-09,124,259.51,32179.24,Expired,Biohazard Disposal,Completed,EMP007,WH-A,Expired stock removed
WR002193,INV003746,MED021885,BAT732092,2026-06-20,2026-05-14,146,275.11,40166.06,Expired,Biohazard Disposal,Pending,EMP007,WH-D,Expired stock removed
WR002194,INV003758,MED027340,BAT440034,2026-05-10,2025-10-20,46,59.62,2742.52,Overstock,Return to Supplier,Completed,EMP014,WH-B,Low demand
WR002195,INV000488,MED076745,BAT814544,2026-07-21,2027-02-09,127,448.11,56909.97,Expired,Biohazard Disposal,Completed,EMP017,WH-C,Expired stock removed
WR002196,INV001124,MED070097,BAT370539,2026-05-18,2026-09-28,7,380.05,2660.35,Recalled,Incineration,Completed,EMP001,WH-A,Safety recall
WR002197,INV002836,MED053957,BAT366927,2025-12-08,2025-09-10,30,580.01,17400.3,Expired,Return to Supplier,Completed,EMP015,WH-A,Expired stock removed
WR002198,INV001530,MED035297,BAT550998,2026-07-21,2026-08-05,143,204.99,29313.57,Expired,Biohazard Disposal,Completed,EMP014,WH-D,Expired stock removed
WR002199,INV004335,MED048697,BAT435729,2026-05-01,2028-11-06,86,19.46,1673.56,Damaged,Incineration,Completed,EMP011,WH-A,Broken container
WR002200,INV002420,MED083489,BAT988494,2026-05-20,2026-05-27,108,391.07,42235.56,Overstock,Return to Supplier,Pending,EMP007,WH-D,Excess inventory
WR002201,INV000973,MED012416,BAT224099,2026-03-19,2026-09-21,66,110.95,7322.7,Recalled,Biohazard Disposal,Completed,EMP016,WH-B,Safety recall
WR002202,INV002352,MED024420,BAT617287,2026-07-21,2027-05-24,115,231.03,26568.45,Expired,Return to Supplier,Completed,EMP004,WH-A,Expired stock removed
WR002203,INV004402,MED122353,BAT222976,2026-02-07,2028-02-01,26,518.97,13493.22,Overstock,Biohazard Disposal,Completed,EMP010,WH-C,Low demand
WR002204,INV000647,MED022029,BAT280079,2026-07-21,2026-07-27,103,463.0,47689.0,Expired,Return to Supplier,Completed,EMP013,WH-C,Medicine expired
WR002205,INV001111,MED048010,BAT735566,2026-07-01,2027-12-31,145,50.44,7313.8,Recalled,Incineration,Completed,EMP017,WH-D,Manufacturer recall
WR002206,INV003249,MED131167,BAT852312,2026-05-04,2029-02-24,6,417.29,2503.74,Overstock,Biohazard Disposal,Completed,EMP002,WH-B,Excess inventory
WR002207,INV000375,MED134053,BAT636435,2026-05-21,2025-12-08,90,301.15,27103.5,Overstock,Return to Supplier,Completed,EMP013,WH-E,Excess inventory
WR002208,INV004343,MED024458,BAT450329,2026-07-21,2027-11-21,73,111.3,8124.9,Expired,Biohazard Disposal,Completed,EMP001,WH-B,Medicine expired
WR002209,INV003794,MED100049,BAT945071,2026-06-22,2026-06-07,178,69.19,12315.82,Overstock,Incineration,Completed,EMP016,WH-E,Low demand
WR002210,INV002179,MED029280,BAT964278,2026-06-15,2026-03-15,11,363.47,3998.17,Expired,Return to Supplier,Completed,EMP012,WH-C,Expired stock removed
WR002211,INV000397,MED135716,BAT429159,2026-04-06,2026-04-01,121,413.53,50037.13,Expired,Biohazard Disposal,Pending,EMP006,WH-B,Expired stock removed
WR002212,INV002245,MED014304,BAT931435,2026-07-01,2026-01-08,34,343.99,11695.66,Damaged,Return to Supplier,Completed,EMP015,WH-A,Packaging damaged
WR002213,INV004793,MED109458,BAT538802,2026-07-21,2028-11-17,11,335.03,3685.33,Expired,Incineration,Completed,EMP006,WH-E,Medicine expired
WR002214,INV002226,MED091240,BAT776446,2026-04-08,2026-01-28,49,452.83,22188.67,Expired,Recycling,Completed,EMP013,WH-A,Medicine expired
WR002215,INV003202,MED111184,BAT531168,2026-05-14,2027-02-12,144,250.91,36131.04,Contaminated,Return to Supplier,Completed,EMP016,WH-E,Contaminated during storage
WR002216,INV003406,MED047429,BAT846423,2026-05-24,2026-03-31,130,20.92,2719.6,Recalled,Return to Supplier,Completed,EMP009,WH-E,Manufacturer recall
WR002217,INV003204,MED018429,BAT449088,2026-04-07,2026-11-18,158,242.78,38359.24,Contaminated,Incineration,Completed,EMP001,WH-E,Contaminated during storage
WR002218,INV002358,MED015148,BAT828127,2026-03-12,2028-08-20,3,78.25,234.75,Recalled,Recycling,Completed,EMP018,WH-E,Safety recall
WR002219,INV003714,MED101401,BAT733754,2026-03-19,2025-03-19,187,294.14,55004.18,Expired,Recycling,Completed,EMP019,WH-A,Medicine expired
WR002220,INV002668,MED127936,BAT564155,2026-07-21,2027-06-26,51,72.78,3711.78,Expired,Biohazard Disposal,Completed,EMP017,WH-E,Expired stock removed
WR002221,INV003076,MED009777,BAT783833,2026-07-21,2026-10-23,160,60.88,9740.8,Expired,Recycling,Completed,EMP020,WH-B,Medicine expired
WR002222,INV000696,MED080803,BAT274721,2026-06-23,2027-02-13,162,383.09,62060.58,Recalled,Return to Supplier,Pending,EMP009,WH-E,Safety recall
WR002223,INV000069,MED086641,BAT546173,2026-01-28,2027-04-18,200,154.59,30918.0,Overstock,Biohazard Disposal,Completed,EMP007,WH-C,Low demand
WR002224,INV003655,MED012223,BAT302225,2026-07-21,2028-05-28,53,211.13,11189.89,Expired,Biohazard Disposal,Completed,EMP018,WH-B,Expired stock removed
WR002225,INV003027,MED051852,BAT295559,2026-07-21,2026-09-14,117,158.59,18555.03,Expired,Incineration,Completed,EMP020,WH-B,Medicine expired
WR002226,INV000897,MED105694,BAT997728,2026-07-21,2027-07-24,135,178.13,24047.55,Expired,Return to Supplier,Completed,EMP015,WH-E,Medicine expired
WR002227,INV004867,MED087046,BAT487648,2026-06-06,2026-01-17,51,481.96,24579.96,Expired,Incineration,Completed,EMP013,WH-C,Medicine expired
WR002228,INV004371,MED055740,BAT782262,2026-07-21,2027-05-02,138,551.88,76159.44,Expired,Return to Supplier,Completed,EMP006,WH-D,Medicine expired
WR002229,INV000737,MED040835,BAT351742,2026-05-29,2026-12-08,68,101.95,6932.6,Recalled,Recycling,Completed,EMP009,WH-B,Manufacturer recall
WR002230,INV003362,MED123341,BAT589585,2025-03-26,2024-10-27,161,188.41,30334.01,Expired,Incineration,Completed,EMP005,WH-D,Expired stock removed
WR002231,INV001979,MED064210,BAT332036,2026-03-17,2025-03-05,35,332.68,11643.8,Recalled,Recycling,Completed,EMP009,WH-C,Manufacturer recall
WR002232,INV004612,MED040430,BAT931677,2026-03-08,2025-12-13,181,17.42,3153.02,Damaged,Recycling,Completed,EMP008,WH-E,Broken container
WR002233,INV001014,MED026172,BAT557049,2026-07-21,2027-06-01,187,422.75,79054.25,Expired,Biohazard Disposal,Completed,EMP013,WH-A,Expired stock removed
WR002234,INV000798,MED121283,BAT386275,2026-07-21,2027-08-22,184,278.58,51258.72,Expired,Biohazard Disposal,Completed,EMP016,WH-B,Medicine expired
WR002235,INV003821,MED014282,BAT965594,2026-07-21,2028-06-02,181,392.69,71076.89,Expired,Recycling,Pending,EMP003,WH-C,Medicine expired
WR002236,INV004738,MED005859,BAT299943,2026-04-03,2026-05-31,101,106.92,10798.92,Overstock,Biohazard Disposal,Completed,EMP019,WH-C,Excess inventory
WR002237,INV004380,MED094600,BAT976402,2026-07-21,2026-08-13,7,487.4,3411.8,Expired,Incineration,Completed,EMP009,WH-C,Expired stock removed
WR002238,INV000241,MED091597,BAT809922,2026-07-21,2027-05-20,90,302.97,27267.3,Expired,Recycling,Pending,EMP010,WH-A,Medicine expired
WR002239,INV004975,MED118250,BAT324674,2026-07-05,2027-04-20,24,285.44,6850.56,Recalled,Incineration,Completed,EMP008,WH-A,Manufacturer recall
WR002240,INV000502,MED015154,BAT860397,2026-07-21,2027-03-25,67,318.08,21311.36,Expired,Recycling,Completed,EMP003,WH-B,Expired stock removed
WR002241,INV002804,MED118859,BAT597268,2026-07-21,2027-05-21,20,202.17,4043.4,Expired,Incineration,Completed,EMP016,WH-D,Expired stock removed
WR002242,INV003246,MED095220,BAT164853,2026-03-29,2027-01-14,7,362.29,2536.03,Damaged,Incineration,Pending,EMP014,WH-D,Broken container
WR002243,INV001951,MED129745,BAT756627,2026-07-06,2025-10-25,158,47.85,7560.3,Expired,Recycling,Completed,EMP002,WH-C,Medicine expired
WR002244,INV000969,MED088298,BAT841821,2026-04-12,2025-07-04,196,535.97,105050.12,Expired,Incineration,Completed,EMP004,WH-C,Medicine expired
WR002245,INV003908,MED077329,BAT847063,2026-04-13,2025-12-15,47,533.0,25051.0,Expired,Biohazard Disposal,Pending,EMP019,WH-B,Medicine expired
WR002246,INV002299,MED061352,BAT239416,2026-05-30,2026-05-07,142,420.55,59718.1,Expired,Incineration,Completed,EMP013,WH-A,Medicine expired
WR002247,INV003203,MED068791,BAT846283,2026-06-22,2026-04-10,147,461.2,67796.4,Expired,Return to Supplier,Completed,EMP002,WH-B,Expired stock removed
WR002248,INV003927,MED075478,BAT897810,2026-05-24,2026-03-28,91,45.37,4128.67,Expired,Incineration,Completed,EMP011,WH-C,Expired stock removed
WR002249,INV004161,MED010885,BAT400547,2026-05-10,2027-07-29,148,63.64,9418.72,Damaged,Return to Supplier,Pending,EMP012,WH-E,Packaging damaged
WR002250,INV000605,MED023625,BAT906048,2026-07-21,2027-06-13,97,548.0,53156.0,Expired,Incineration,Pending,EMP010,WH-A,Medicine expired
WR002251,INV002501,MED051355,BAT608117,2026-07-11,2026-12-05,159,288.48,45868.32,Overstock,Incineration,Completed,EMP017,WH-D,Excess inventory
WR002252,INV004509,MED010626,BAT423161,2025-12-19,2025-08-10,105,392.87,41251.35,Expired,Biohazard Disposal,Completed,EMP005,WH-E,Medicine expired
WR002253,INV001283,MED064923,BAT408086,2026-04-08,2026-02-18,12,139.01,1668.12,Damaged,Incineration,Completed,EMP015,WH-B,Broken container
WR002254,INV002762,MED118883,BAT974038,2026-06-20,2026-06-18,36,411.29,14806.44,Expired,Return to Supplier,Pending,EMP009,WH-D,Expired stock removed
WR002255,INV003459,MED031145,BAT213532,2026-07-21,2028-01-27,42,110.1,4624.2,Expired,Return to Supplier,Completed,EMP017,WH-E,Expired stock removed
WR002256,INV003998,MED068954,BAT338314,2026-07-21,2027-02-25,137,497.13,68106.81,Expired,Incineration,Completed,EMP010,WH-D,Expired stock removed
WR002257,INV000129,MED107485,BAT147623,2026-07-21,2026-10-04,10,126.63,1266.3,Expired,Return to Supplier,Completed,EMP013,WH-C,Expired stock removed
WR002258,INV002173,MED036543,BAT655859,2026-07-21,2027-04-10,20,553.96,11079.2,Expired,Recycling,Completed,EMP005,WH-D,Expired stock removed
WR002259,INV001037,MED060897,BAT917380,2026-07-21,2026-07-18,89,431.5,38403.5,Expired,Biohazard Disposal,Completed,EMP009,WH-C,Medicine expired
WR002260,INV001046,MED127686,BAT216185,2026-03-31,2025-07-18,150,414.31,62146.5,Expired,Incineration,Completed,EMP016,WH-C,Medicine expired
WR002261,INV004038,MED104938,BAT414909,2026-02-01,2027-08-31,32,189.33,6058.56,Contaminated,Biohazard Disposal,Completed,EMP013,WH-D,Quality issue
WR002262,INV002435,MED091325,BAT447526,2026-03-07,2028-05-29,91,597.58,54379.78,Damaged,Incineration,Completed,EMP012,WH-C,Broken container
WR002263,INV000525,MED079110,BAT880550,2026-04-02,2025-06-01,189,216.45,40909.05,Expired,Return to Supplier,Completed,EMP015,WH-C,Medicine expired
WR002264,INV004839,MED133325,BAT443307,2026-07-07,2028-07-28,102,543.43,55429.86,Damaged,Biohazard Disposal,Completed,EMP020,WH-D,Packaging damaged
WR002265,INV004989,MED033046,BAT262611,2026-07-21,2027-10-05,30,97.42,2922.6,Expired,Biohazard Disposal,Completed,EMP018,WH-D,Expired stock removed
WR002266,INV003427,MED069350,BAT604086,2026-06-12,2026-06-04,65,509.7,33130.5,Overstock,Biohazard Disposal,Completed,EMP011,WH-E,Excess inventory
WR002267,INV001010,MED134298,BAT765104,2026-07-21,2028-09-12,50,135.08,6754.0,Expired,Return to Supplier,Completed,EMP014,WH-E,Expired stock removed
WR002268,INV001572,MED038651,BAT105543,2026-05-18,2028-02-16,107,298.13,31899.91,Overstock,Return to Supplier,Completed,EMP017,WH-B,Excess inventory
WR002269,INV004182,MED064027,BAT804020,2026-02-22,2026-10-16,194,212.2,41166.8,Contaminated,Biohazard Disposal,Completed,EMP020,WH-A,Quality issue
WR002270,INV001134,MED072920,BAT479459,2025-12-21,2025-11-20,198,549.21,108743.58,Expired,Incineration,Completed,EMP001,WH-B,Medicine expired
WR002271,INV004144,MED114734,BAT945452,2026-07-21,2029-06-18,73,37.32,2724.36,Expired,Incineration,Completed,EMP006,WH-D,Medicine expired
WR002272,INV004046,MED039480,BAT428437,2026-02-15,2025-08-21,2,177.43,354.86,Expired,Incineration,Completed,EMP007,WH-A,Medicine expired
WR002273,INV002676,MED024353,BAT203326,2026-07-21,2027-04-02,108,478.68,51697.44,Expired,Incineration,Completed,EMP019,WH-B,Expired stock removed
WR002274,INV003431,MED065176,BAT785343,2026-06-21,2025-11-02,10,565.22,5652.2,Contaminated,Incineration,Completed,EMP014,WH-A,Contaminated during storage
WR002275,INV000520,MED119546,BAT322167,2026-07-21,2027-01-28,175,331.54,58019.5,Expired,Biohazard Disposal,Pending,EMP001,WH-A,Medicine expired
WR002276,INV003577,MED034765,BAT244779,2026-07-18,2026-06-20,88,48.46,4264.48,Expired,Recycling,Completed,EMP019,WH-A,Medicine expired
WR002277,INV001550,MED064270,BAT550898,2025-09-16,2024-12-19,196,564.25,110593.0,Expired,Biohazard Disposal,Completed,EMP007,WH-C,Medicine expired
WR002278,INV001061,MED023337,BAT798384,2026-07-21,2028-04-06,4,584.75,2339.0,Expired,Biohazard Disposal,Completed,EMP019,WH-A,Expired stock removed
WR002279,INV002312,MED082635,BAT619785,2026-03-17,2026-09-01,108,284.7,30747.6,Damaged,Recycling,Completed,EMP014,WH-E,Packaging damaged
WR002280,INV004642,MED015516,BAT809207,2026-02-11,2026-03-11,194,579.92,112504.48,Contaminated,Incineration,Completed,EMP016,WH-A,Contaminated during storage
WR002281,INV004549,MED006520,BAT809096,2026-03-13,2028-01-30,79,218.58,17267.82,Contaminated,Incineration,Completed,EMP011,WH-C,Quality issue
WR002282,INV000128,MED045330,BAT891615,2026-03-05,2027-08-28,101,173.53,17526.53,Damaged,Incineration,Completed,EMP006,WH-E,Broken container
WR002283,INV000840,MED054359,BAT539507,2026-07-10,2028-08-24,15,183.28,2749.2,Recalled,Return to Supplier,Completed,EMP012,WH-A,Safety recall
WR002284,INV003293,MED025089,BAT367267,2025-11-23,2025-07-24,106,415.85,44080.1,Expired,Incineration,Completed,EMP005,WH-D,Expired stock removed
WR002285,INV003195,MED018754,BAT648316,2025-02-27,2024-08-02,17,168.24,2860.08,Expired,Incineration,Completed,EMP009,WH-B,Expired stock removed
WR002287,INV001634,MED053571,BAT767768,2026-05-20,2027-12-25,110,76.22,8384.2,Damaged,Return to Supplier,Completed,EMP018,WH-A,Packaging damaged
WR002288,INV002118,MED005559,BAT431573,2026-07-16,2027-12-29,46,599.28,27566.88,Recalled,Biohazard Disposal,Completed,EMP014,WH-E,Safety recall
WR002289,INV001593,MED087578,BAT146316,2026-07-21,2029-01-04,190,396.09,75257.1,Expired,Recycling,Completed,EMP014,WH-D,Expired stock removed
WR002290,INV001477,MED077616,BAT526279,2026-05-17,2025-12-29,42,300.79,12633.18,Expired,Recycling,Completed,EMP010,WH-A,Expired stock removed
WR002291,INV004160,MED131038,BAT202546,2026-06-07,2027-12-29,190,552.01,104881.9,Contaminated,Incineration,Pending,EMP012,WH-B,Contaminated during storage
WR002292,INV002900,MED018561,BAT706766,2026-07-21,2027-06-15,50,213.29,10664.5,Expired,Incineration,Completed,EMP017,WH-E,Medicine expired
WR002293,INV001795,MED110347,BAT443226,2026-03-17,2027-12-03,2,34.33,68.66,Damaged,Biohazard Disposal,Completed,EMP011,WH-E,Packaging damaged
WR002294,INV002848,MED038858,BAT806537,2026-07-01,2028-05-04,161,32.06,5161.66,Overstock,Incineration,Pending,EMP003,WH-B,Excess inventory
WR002295,INV003954,MED014691,BAT262245,2026-05-26,2026-08-27,42,264.08,11091.36,Damaged,Return to Supplier,Pending,EMP016,WH-A,Packaging damaged
WR002296,INV004652,MED093906,BAT209311,2026-06-05,2028-08-14,162,29.11,4715.82,Contaminated,Return to Supplier,Completed,EMP006,WH-E,Quality issue
WR002297,INV003244,MED124312,BAT868019,2026-03-18,2027-04-01,82,311.39,25533.98,Recalled,Return to Supplier,Completed,EMP010,WH-C,Safety recall
WR002298,INV004253,MED116730,BAT353043,2026-07-21,2027-11-24,149,36.96,5507.04,Expired,Incineration,Completed,EMP003,WH-B,Expired stock removed
WR002299,INV000689,MED106470,BAT840356,2026-07-15,2026-09-09,70,430.86,30160.2,Contaminated,Incineration,Completed,EMP001,WH-E,Quality issue
WR002300,INV001404,MED086593,BAT786651,2026-03-14,2026-09-08,41,42.36,1736.76,Damaged,Incineration,Completed,EMP019,WH-A,Broken container
WR002301,INV003145,MED066871,BAT434443,2026-07-09,2027-02-11,79,202.14,15969.06,Damaged,Incineration,Completed,EMP017,WH-C,Packaging damaged
WR002302,INV001388,MED110273,BAT562355,2026-06-17,2026-09-15,45,568.23,25570.35,Overstock,Incineration,Completed,EMP017,WH-A,Low demand
WR002303,INV003962,MED050870,BAT126167,2025-12-12,2025-09-19,124,400.98,49721.52,Expired,Return to Supplier,Completed,EMP018,WH-D,Medicine expired
WR002304,INV003071,MED019171,BAT573850,2026-07-21,2028-04-10,79,85.59,6761.61,Expired,Return to Supplier,Completed,EMP003,WH-C,Medicine expired
WR002305,INV002967,MED123643,BAT837679,2026-07-13,2028-06-10,14,124.04,1736.56,Overstock,Return to Supplier,Completed,EMP014,WH-E,Low demand
WR002306,INV001057,MED019022,BAT777741,2026-07-11,2026-03-06,98,537.56,52680.88,Damaged,Recycling,Completed,EMP004,WH-A,Packaging damaged
WR002307,INV002817,MED122166,BAT930346,2026-06-07,2026-06-25,2,232.03,464.06,Damaged,Recycling,Completed,EMP011,WH-E,Packaging damaged
WR002308,INV004516,MED105363,BAT916253,2026-02-28,2028-01-27,71,109.79,7795.09,Damaged,Incineration,Completed,EMP015,WH-A,Packaging damaged
WR002309,INV003470,MED056371,BAT875999,2026-07-21,2027-11-21,94,282.92,26594.48,Expired,Incineration,Completed,EMP009,WH-C,Expired stock removed
WR002310,INV002354,MED121957,BAT525831,2026-06-03,2024-12-14,56,222.75,12474.0,Contaminated,Recycling,Completed,EMP016,WH-C,Quality issue
WR002311,INV003437,MED106887,BAT783384,2026-06-05,2027-10-09,60,407.82,24469.2,Overstock,Incineration,Completed,EMP020,WH-C,Low demand
WR002312,INV001559,MED101224,BAT911035,2026-07-21,2026-10-20,46,560.61,25788.06,Expired,Incineration,Completed,EMP008,WH-D,Expired stock removed
WR002313,INV002924,MED077239,BAT453955,2026-04-02,2028-10-13,119,520.6,61951.4,Overstock,Biohazard Disposal,Completed,EMP006,WH-E,Excess inventory
WR002314,INV001398,MED025322,BAT756541,2026-07-21,2028-10-05,117,67.97,7952.49,Expired,Recycling,Completed,EMP012,WH-B,Expired stock removed
WR002315,INV001023,MED014647,BAT126885,2026-07-21,2026-12-27,185,96.06,17771.1,Expired,Recycling,Completed,EMP010,WH-A,Expired stock removed
WR002316,INV004070,MED100977,BAT134851,2026-05-09,2028-12-19,125,479.52,59940.0,Damaged,Incineration,Completed,EMP007,WH-E,Broken container
WR002317,INV001476,MED051800,BAT129009,2026-07-21,2027-05-05,24,365.83,8779.92,Expired,Return to Supplier,Completed,EMP017,WH-B,Expired stock removed
WR002318,INV003314,MED054589,BAT971515,2026-03-20,2024-09-22,198,503.42,99677.16,Damaged,Biohazard Disposal,Completed,EMP004,WH-A,Broken container
WR002319,INV001101,MED063349,BAT171253,2026-04-01,2026-02-28,96,148.63,14268.48,Contaminated,Recycling,Completed,EMP006,WH-E,Contaminated during storage
WR002320,INV002581,MED051440,BAT395522,2026-07-21,2027-04-17,186,331.6,61677.6,Expired,Incineration,Completed,EMP011,WH-A,Expired stock removed
WR002321,INV003303,MED045331,BAT691316,2026-05-11,2027-01-07,121,22.75,2752.75,Damaged,Biohazard Disposal,Completed,EMP009,WH-C,Packaging damaged
WR002322,INV000116,MED095234,BAT573962,2026-07-21,2027-12-08,4,315.26,1261.04,Expired,Biohazard Disposal,Completed,EMP005,WH-A,Expired stock removed
WR002323,INV001002,MED132288,BAT214419,2026-05-09,2025-06-05,30,462.09,13862.7,Expired,Recycling,Completed,EMP006,WH-A,Medicine expired
WR002324,INV004048,MED056433,BAT572799,2026-05-07,2026-12-05,13,321.92,4184.96,Damaged,Biohazard Disposal,Pending,EMP001,WH-E,Broken container
WR002325,INV002202,MED119883,BAT443274,2026-07-21,2028-02-15,71,191.99,13631.29,Expired,Return to Supplier,Completed,EMP009,WH-C,Medicine expired
WR002326,INV004363,MED096491,BAT580231,2026-03-31,2026-11-03,55,140.22,7712.1,Recalled,Recycling,Completed,EMP012,WH-E,Manufacturer recall
WR002327,INV001011,MED124156,BAT730134,2026-02-26,2027-02-23,159,583.19,92727.21,Recalled,Incineration,Completed,EMP012,WH-C,Safety recall
WR002328,INV001495,MED136274,BAT528379,2026-02-12,2028-03-05,147,511.1,75131.7,Overstock,Incineration,Completed,EMP019,WH-E,Low demand
WR002329,INV002385,MED023269,BAT314989,2026-07-21,2028-05-17,6,292.43,1754.58,Expired,Recycling,Completed,EMP001,WH-C,Expired stock removed
WR002330,INV004092,MED015885,BAT118683,2026-05-28,2027-06-20,17,363.63,6181.71,Recalled,Biohazard Disposal,Completed,EMP016,WH-A,Manufacturer recall
WR002331,INV000461,MED060791,BAT616256,2026-02-21,2027-04-23,194,171.76,33321.44,Damaged,Incineration,Completed,EMP018,WH-B,Broken container
WR002332,INV003679,MED105632,BAT727090,2026-05-20,2025-02-11,43,501.33,21557.19,Recalled,Recycling,Completed,EMP010,WH-B,Manufacturer recall
WR002333,INV002192,MED122037,BAT909188,2026-07-21,2027-03-05,55,26.82,1475.1,Expired,Incineration,Completed,EMP005,WH-A,Expired stock removed
WR002334,INV004438,MED118461,BAT124429,2026-06-08,2028-11-27,96,219.91,21111.36,Damaged,Return to Supplier,Completed,EMP020,WH-B,Broken container
WR002335,INV003787,MED041924,BAT179932,2026-05-03,2026-03-28,39,300.14,11705.46,Expired,Incineration,Completed,EMP015,WH-B,Medicine expired
WR002336,INV000797,MED117464,BAT393033,2026-07-21,2027-06-14,47,530.94,24954.18,Expired,Recycling,Completed,EMP015,WH-C,Medicine expired
WR002337,INV004574,MED073566,BAT276517,2025-06-03,2025-04-14,69,570.04,39332.76,Expired,Biohazard Disposal,Completed,EMP003,WH-A,Expired stock removed
WR002338,INV004742,MED074820,BAT480529,2026-06-08,2026-09-24,51,7.07,360.57,Contaminated,Return to Supplier,Completed,EMP007,WH-D,Quality issue
WR002339,INV002229,MED028752,BAT772050,2026-02-10,2026-07-15,104,208.43,21676.72,Contaminated,Return to Supplier,Pending,EMP017,WH-E,Quality issue
WR002340,INV003898,MED048506,BAT719852,2026-06-26,2026-04-12,46,369.43,16993.78,Expired,Incineration,Completed,EMP020,WH-E,Expired stock removed
WR002341,INV004967,MED132284,BAT346995,2026-04-03,2028-01-18,136,337.98,45965.28,Overstock,Return to Supplier,Completed,EMP019,WH-C,Excess inventory
WR002342,INV001341,MED035452,BAT424875,2026-06-19,2027-01-24,13,568.03,7384.39,Damaged,Incineration,Completed,EMP003,WH-E,Broken container
WR002343,INV002975,MED129632,BAT264377,2026-02-03,2026-03-04,94,380.94,35808.36,Overstock,Recycling,Completed,EMP010,WH-B,Excess inventory
WR002344,INV002534,MED131044,BAT115672,2026-05-20,2026-02-07,25,41.55,1038.75,Expired,Recycling,Completed,EMP018,WH-B,Medicine expired
WR002345,INV001962,MED050238,BAT797702,2026-07-21,2028-03-17,81,271.46,21988.26,Expired,Biohazard Disposal,Completed,EMP007,WH-A,Medicine expired
WR002346,INV004270,MED117041,BAT975078,2026-03-02,2027-04-27,35,428.18,14986.3,Damaged,Return to Supplier,Completed,EMP001,WH-C,Packaging damaged
WR002347,INV003598,MED027574,BAT860360,2026-04-06,2027-07-05,41,410.23,16819.43,Recalled,Biohazard Disposal,Pending,EMP019,WH-D,Manufacturer recall
WR002348,INV001570,MED088245,BAT377120,2026-07-21,2026-11-27,117,53.8,6294.6,Expired,Return to Supplier,Completed,EMP020,WH-E,Medicine expired
WR002349,INV002524,MED036341,BAT362753,2026-02-11,2027-10-08,104,13.18,1370.72,Damaged,Incineration,Completed,EMP014,WH-C,Broken container
WR002350,INV004484,MED012947,BAT968645,2026-07-21,2026-10-18,34,295.29,10039.86,Expired,Incineration,Completed,EMP002,WH-C,Expired stock removed
WR002351,INV001567,MED093709,BAT342765,2025-12-04,2025-06-20,85,454.13,38601.05,Expired,Return to Supplier,Completed,EMP014,WH-E,Expired stock removed
WR002352,INV000051,MED045521,BAT181247,2026-07-21,2026-09-18,72,536.35,38617.2,Expired,Incineration,Completed,EMP015,WH-B,Medicine expired
WR002353,INV000597,MED108997,BAT656011,2026-02-23,2025-01-05,88,573.93,50505.84,Damaged,Recycling,Completed,EMP020,WH-C,Broken container
WR002354,INV000021,MED117999,BAT806073,2026-04-06,2025-03-03,73,481.35,35138.55,Damaged,Recycling,Completed,EMP002,WH-B,Packaging damaged
WR002355,INV003421,MED083559,BAT642798,2026-04-04,2028-10-08,106,19.54,2071.24,Damaged,Return to Supplier,Completed,EMP003,WH-C,Broken container
WR002356,INV004167,MED076212,BAT553004,2026-06-16,2027-04-19,184,303.67,55875.28,Overstock,Recycling,Completed,EMP004,WH-B,Low demand
WR002357,INV002774,MED087264,BAT466227,2026-07-21,2027-04-11,186,221.98,41288.28,Expired,Return to Supplier,Completed,EMP015,WH-D,Medicine expired
WR002358,INV001417,MED037337,BAT952829,2026-07-21,2027-03-02,10,191.51,1915.1,Expired,Return to Supplier,Completed,EMP020,WH-B,Medicine expired
WR002359,INV004337,MED021340,BAT870653,2026-04-23,2028-10-19,1,595.81,595.81,Damaged,Recycling,Completed,EMP020,WH-D,Packaging damaged
WR002360,INV004059,MED099065,BAT429010,2026-03-28,2026-02-16,60,304.74,18284.4,Damaged,Return to Supplier,Completed,EMP017,WH-E,Packaging damaged
WR002361,INV002203,MED066248,BAT160579,2026-07-21,2028-07-04,176,302.39,53220.64,Expired,Recycling,Completed,EMP007,WH-B,Expired stock removed
WR002362,INV003681,MED024110,BAT823536,2026-07-17,2026-03-22,155,94.4,14632.0,Expired,Recycling,Completed,EMP016,WH-D,Medicine expired
WR002363,INV003351,MED032564,BAT452797,2026-07-21,2027-09-24,80,259.46,20756.8,Expired,Recycling,Completed,EMP005,WH-C,Medicine expired
WR002364,INV002243,MED026981,BAT266748,2026-05-14,2025-11-30,3,322.3,966.9,Damaged,Incineration,Completed,EMP014,WH-D,Broken container
WR002365,INV002782,MED036543,BAT299029,2026-02-07,2025-08-09,3,267.37,802.11,Damaged,Biohazard Disposal,Completed,EMP008,WH-A,Packaging damaged
WR002366,INV000004,MED014580,BAT201414,2026-07-21,2027-06-15,170,439.19,74662.3,Expired,Return to Supplier,Completed,EMP019,WH-A,Medicine expired
WR002367,INV002624,MED029756,BAT771952,2026-02-18,2025-09-09,178,148.89,26502.42,Expired,Biohazard Disposal,Completed,EMP020,WH-A,Medicine expired
WR002368,INV002879,MED032410,BAT462177,2026-07-21,2028-02-26,35,536.48,18776.8,Expired,Biohazard Disposal,Completed,EMP003,WH-C,Medicine expired
WR002369,INV004488,MED110248,BAT722333,2026-04-05,2026-06-15,14,27.62,386.68,Damaged,Return to Supplier,Pending,EMP010,WH-E,Broken container
WR002370,INV001211,MED077344,BAT461456,2026-07-20,2026-04-30,119,420.77,50071.63,Overstock,Biohazard Disposal,Completed,EMP009,WH-D,Low demand
WR002371,INV000912,MED062491,BAT775908,2026-02-06,2027-09-16,89,198.51,17667.39,Recalled,Incineration,Completed,EMP011,WH-B,Safety recall
WR002372,INV003841,MED120229,BAT640612,2026-02-21,2025-12-01,79,583.92,46129.68,Expired,Biohazard Disposal,Completed,EMP006,WH-E,Medicine expired
WR002373,INV003045,MED001413,BAT241180,2026-03-25,2025-11-01,11,448.76,4936.36,Damaged,Return to Supplier,Completed,EMP015,WH-B,Broken container
WR002374,INV000252,MED118778,BAT703853,2026-07-21,2026-09-19,169,222.18,37548.42,Expired,Recycling,Completed,EMP004,WH-E,Medicine expired
WR002375,INV004939,MED052602,BAT622261,2026-07-21,2027-11-27,138,261.49,36085.62,Expired,Recycling,Completed,EMP016,WH-D,Medicine expired
WR002376,INV001445,MED069023,BAT532458,2026-05-26,2025-07-08,81,395.68,32050.08,Expired,Incineration,Pending,EMP007,WH-C,Medicine expired
WR002377,INV004022,MED135444,BAT381049,2026-04-04,2028-10-02,94,230.43,21660.42,Damaged,Return to Supplier,Completed,EMP013,WH-E,Packaging damaged
WR002378,INV002717,MED029097,BAT554955,2026-07-19,2027-01-11,91,64.43,5863.13,Overstock,Recycling,Completed,EMP002,WH-C,Low demand
WR002379,INV001555,MED124722,BAT287664,2026-07-21,2027-02-22,1,302.78,302.78,Expired,Incineration,Completed,EMP007,WH-D,Expired stock removed
WR002380,INV003046,MED107820,BAT815970,2026-06-17,2026-12-23,59,201.88,11910.92,Overstock,Biohazard Disposal,Completed,EMP015,WH-D,Excess inventory
WR002381,INV001240,MED067148,BAT298049,2026-05-29,2026-04-05,43,373.85,16075.55,Expired,Return to Supplier,Completed,EMP002,WH-E,Expired stock removed
WR002382,INV002216,MED025833,BAT223598,2026-04-23,2027-04-14,123,182.59,22458.57,Damaged,Recycling,Completed,EMP009,WH-A,Broken container
WR002383,INV004941,MED029098,BAT153779,2026-05-20,2026-03-30,107,543.19,58121.33,Expired,Recycling,Pending,EMP016,WH-B,Medicine expired
WR002384,INV004633,MED006115,BAT903913,2026-03-12,2026-09-21,25,593.48,14837.0,Overstock,Biohazard Disposal,Completed,EMP014,WH-E,Low demand
WR002385,INV004044,MED071372,BAT879881,2026-05-05,2027-05-27,119,348.41,41460.79,Overstock,Incineration,Completed,EMP008,WH-D,Low demand
WR002386,INV000157,MED056075,BAT698384,2026-07-21,2027-04-14,18,45.27,814.86,Expired,Return to Supplier,Pending,EMP012,WH-E,Medicine expired
WR002387,INV000216,MED062296,BAT495833,2026-07-21,2026-10-22,83,516.87,42900.21,Expired,Return to Supplier,Completed,EMP015,WH-D,Expired stock removed
WR002388,INV001352,MED134200,BAT922149,2026-03-15,2027-04-18,64,151.5,9696.0,Recalled,Incineration,Completed,EMP019,WH-B,Manufacturer recall
WR002389,INV002946,MED054498,BAT420390,2026-07-09,2025-02-05,169,225.94,38183.86,Expired,Biohazard Disposal,Completed,EMP011,WH-B,Medicine expired
WR002390,INV002735,MED073716,BAT740984,2026-07-21,2027-02-18,13,277.26,3604.38,Expired,Return to Supplier,Pending,EMP016,WH-A,Medicine expired
WR002391,INV001242,MED119983,BAT678874,2026-07-21,2027-11-24,131,435.22,57013.82,Expired,Incineration,Completed,EMP001,WH-B,Expired stock removed
WR002392,INV001130,MED097294,BAT947285,2026-06-28,2027-08-10,178,429.14,76386.92,Damaged,Recycling,Completed,EMP014,WH-E,Packaging damaged
WR002393,INV001324,MED007183,BAT952660,2026-07-21,2028-09-06,12,112.54,1350.48,Expired,Biohazard Disposal,Completed,EMP007,WH-A,Expired stock removed
WR002394,INV001783,MED090764,BAT207174,2026-07-21,2027-01-11,153,350.1,53565.3,Expired,Recycling,Completed,EMP016,WH-D,Expired stock removed
WR002395,INV003618,MED052338,BAT815938,2026-05-05,2026-06-07,33,453.07,14951.31,Recalled,Incineration,Completed,EMP013,WH-C,Manufacturer recall
WR002396,INV001774,MED082181,BAT698828,2026-02-22,2028-04-26,188,325.76,61242.88,Damaged,Biohazard Disposal,Completed,EMP020,WH-C,Packaging damaged
WR002397,INV003601,MED123106,BAT142399,2026-07-21,2027-12-26,155,223.12,34583.6,Expired,Incineration,Completed,EMP019,WH-D,Medicine expired
WR002398,INV004972,MED038160,BAT574589,2026-01-16,2025-09-06,100,133.47,13347.0,Expired,Return to Supplier,Completed,EMP015,WH-B,Medicine expired
WR002399,INV001389,MED060629,BAT285844,2026-07-21,2026-11-08,193,550.47,106240.71,Expired,Biohazard Disposal,Completed,EMP001,WH-B,Expired stock removed
WR002401,INV001482,MED032143,BAT421228,2026-07-10,2026-06-07,147,170.72,25095.84,Expired,Biohazard Disposal,Completed,EMP003,WH-B,Medicine expired
WR002402,INV001212,MED134145,BAT840529,2026-02-04,2027-11-14,178,194.42,34606.76,Damaged,Recycling,Completed,EMP015,WH-C,Broken container
WR002403,INV002632,MED079566,BAT279217,2025-09-27,2025-08-26,150,93.79,14068.5,Expired,Incineration,Completed,EMP017,WH-B,Expired stock removed
WR002404,INV000866,MED048561,BAT259038,2026-07-21,2027-02-19,28,554.43,15524.04,Expired,Return to Supplier,Completed,EMP016,WH-C,Expired stock removed
WR002405,INV001538,MED114558,BAT138585,2025-12-13,2025-01-23,107,92.87,9937.09,Expired,Incineration,Completed,EMP010,WH-B,Expired stock removed
WR002406,INV002473,MED028108,BAT970713,2026-07-21,2026-09-28,47,204.09,9592.23,Expired,Incineration,Completed,EMP007,WH-D,Medicine expired
WR002407,INV000762,MED115214,BAT898977,2026-07-01,2028-08-09,135,221.42,29891.7,Recalled,Return to Supplier,Completed,EMP006,WH-B,Manufacturer recall
WR002408,INV000089,MED062441,BAT728492,2026-04-04,2029-04-10,25,169.37,4234.25,Damaged,Biohazard Disposal,Completed,EMP015,WH-C,Packaging damaged
WR002409,INV004376,MED009119,BAT161068,2026-06-18,2026-08-11,3,225.76,677.28,Damaged,Return to Supplier,Completed,EMP010,WH-D,Packaging damaged
WR002410,INV000829,MED063046,BAT492446,2026-07-21,2028-08-24,39,428.93,16728.27,Expired,Biohazard Disposal,Completed,EMP019,WH-D,Medicine expired
WR002411,INV004980,MED038586,BAT435634,2026-07-21,2026-10-15,147,519.73,76400.31,Expired,Biohazard Disposal,Completed,EMP010,WH-E,Medicine expired
WR002412,INV000136,MED028081,BAT586490,2026-07-21,2028-10-11,69,591.99,40847.31,Expired,Incineration,Completed,EMP001,WH-C,Medicine expired
WR002413,INV003100,MED060063,BAT707744,2026-02-02,2026-09-06,32,12.82,410.24,Overstock,Return to Supplier,Completed,EMP006,WH-A,Excess inventory
WR002414,INV003930,MED114899,BAT429013,2026-03-03,2028-07-03,94,23.86,2242.84,Damaged,Recycling,Pending,EMP019,WH-A,Broken container
WR002415,INV003947,MED048155,BAT310740,2026-07-08,2026-02-28,20,281.58,5631.6,Expired,Incineration,Completed,EMP015,WH-D,Medicine expired
WR002416,INV004584,MED083722,BAT749059,2026-05-11,2028-06-11,8,362.66,2901.28,Recalled,Biohazard Disposal,Completed,EMP001,WH-A,Manufacturer recall
WR002417,INV001913,MED108325,BAT206338,2026-03-11,2028-09-26,161,322.61,51940.21,Damaged,Biohazard Disposal,Pending,EMP005,WH-E,Packaging damaged
WR002418,INV003490,MED073990,BAT698302,2026-06-06,2025-10-16,151,54.21,8185.71,Contaminated,Return to Supplier,Completed,EMP002,WH-D,Quality issue
WR002419,INV004467,MED136271,BAT972961,2026-06-04,2026-04-14,93,235.96,21944.28,Overstock,Biohazard Disposal,Completed,EMP008,WH-B,Excess inventory
WR002420,INV003696,MED091761,BAT239551,2026-06-03,2025-12-30,77,407.74,31395.98,Overstock,Recycling,Completed,EMP003,WH-B,Low demand
WR002421,INV001143,MED093395,BAT985066,2026-07-01,2027-09-01,189,455.59,86106.51,Overstock,Recycling,Completed,EMP013,WH-B,Low demand
WR002422,INV003250,MED040284,BAT314343,2026-07-21,2027-01-13,145,143.77,20846.65,Expired,Incineration,Completed,EMP020,WH-A,Expired stock removed
WR002423,INV002053,MED052215,BAT740975,2026-07-21,2028-03-19,146,462.03,67456.38,Expired,Recycling,Completed,EMP015,WH-A,Expired stock removed
WR002424,INV004168,MED012444,BAT935734,2026-06-30,2026-05-30,1,132.49,132.49,Expired,Incineration,Completed,EMP015,WH-A,Expired stock removed
WR002425,INV000646,MED066277,BAT459443,2026-07-21,2027-08-07,151,505.94,76396.94,Expired,Recycling,Completed,EMP013,WH-E,Medicine expired
WR002426,INV000773,MED130570,BAT693071,2026-07-21,2029-02-01,48,174.3,8366.4,Expired,Return to Supplier,Completed,EMP012,WH-E,Expired stock removed
WR002427,INV004823,MED136307,BAT478046,2026-07-21,2027-03-29,139,491.7,68346.3,Expired,Recycling,Completed,EMP014,WH-A,Expired stock removed
WR002428,INV002424,MED082899,BAT300287,2026-07-21,2027-05-03,3,268.14,804.42,Expired,Recycling,Pending,EMP008,WH-B,Expired stock removed
WR002429,INV002475,MED010318,BAT536720,2026-07-08,2026-06-19,173,135.41,23425.93,Expired,Biohazard Disposal,Completed,EMP002,WH-C,Expired stock removed
WR002430,INV002474,MED060756,BAT690055,2026-02-23,2025-07-25,193,576.46,111256.78,Damaged,Biohazard Disposal,Completed,EMP002,WH-E,Packaging damaged
WR002431,INV001596,MED032449,BAT962258,2026-07-01,2025-12-28,81,121.53,9843.93,Contaminated,Return to Supplier,Completed,EMP013,WH-C,Contaminated during storage
WR002432,INV003119,MED107726,BAT158884,2026-04-23,2026-04-12,132,212.79,28088.28,Damaged,Return to Supplier,Completed,EMP008,WH-C,Packaging damaged
WR002433,INV002607,MED059957,BAT916505,2026-07-12,2027-10-09,6,203.18,1219.08,Damaged,Biohazard Disposal,Completed,EMP004,WH-B,Broken container
WR002434,INV001725,MED050080,BAT538174,2026-06-27,2026-06-15,140,135.23,18932.2,Expired,Incineration,Completed,EMP014,WH-B,Expired stock removed
WR002435,INV001995,MED028440,BAT432039,2026-06-24,2026-03-29,61,456.16,27825.76,Expired,Biohazard Disposal,Completed,EMP016,WH-E,Expired stock removed
WR002436,INV004610,MED000465,BAT264147,2026-07-21,2027-04-17,27,307.01,8289.27,Expired,Incineration,Completed,EMP007,WH-C,Expired stock removed
WR002437,INV002490,MED055690,BAT128877,2026-07-03,2026-02-27,9,166.9,1502.1,Damaged,Recycling,Completed,EMP009,WH-B,Packaging damaged
WR002438,INV004871,MED045541,BAT708765,2026-05-28,2026-07-08,50,455.03,22751.5,Damaged,Recycling,Completed,EMP006,WH-C,Packaging damaged
WR002439,INV002449,MED069260,BAT246918,2026-03-10,2026-09-24,53,151.57,8033.21,Overstock,Recycling,Completed,EMP005,WH-B,Excess inventory
WR002440,INV003189,MED129709,BAT721211,2026-07-21,2027-09-01,69,50.58,3490.02,Expired,Return to Supplier,Completed,EMP013,WH-D,Expired stock removed
WR002441,INV001462,MED076275,BAT438556,2026-06-20,2027-09-02,24,249.31,5983.44,Overstock,Biohazard Disposal,Completed,EMP002,WH-E,Excess inventory
WR002442,INV004784,MED109596,BAT219814,2026-06-18,2027-05-08,55,596.39,32801.45,Recalled,Incineration,Completed,EMP016,WH-B,Safety recall
WR002443,INV001701,MED063903,BAT192492,2026-05-31,2027-02-06,77,497.42,38301.34,Overstock,Biohazard Disposal,Completed,EMP002,WH-B,Low demand
WR002444,INV000672,MED012719,BAT824375,2026-03-01,2025-04-29,134,455.61,61051.74,Expired,Biohazard Disposal,Completed,EMP019,WH-A,Medicine expired
WR002445,INV002001,MED028691,BAT122506,2026-03-29,2027-04-19,5,228.53,1142.65,Contaminated,Recycling,Completed,EMP006,WH-C,Contaminated during storage
WR002446,INV001681,MED001950,BAT665260,2026-01-25,2027-04-17,43,94.45,4061.35,Contaminated,Recycling,Completed,EMP009,WH-B,Contaminated during storage
WR002447,INV002294,MED038852,BAT578454,2026-07-21,2026-07-01,68,120.8,8214.4,Expired,Biohazard Disposal,Completed,EMP007,WH-C,Expired stock removed
WR002448,INV001772,MED072847,BAT866463,2026-04-23,2029-01-01,86,557.04,47905.44,Damaged,Recycling,Completed,EMP010,WH-E,Packaging damaged
WR002449,INV001864,MED008541,BAT450216,2026-06-16,2025-12-25,197,424.29,83585.13,Overstock,Recycling,Completed,EMP001,WH-E,Low demand
WR002450,INV004263,MED012764,BAT319690,2026-01-25,2027-02-07,2,23.06,46.12,Recalled,Incineration,Completed,EMP006,WH-E,Manufacturer recall
WR002451,INV002899,MED006616,BAT377768,2026-06-30,2027-04-10,2,321.37,642.74,Overstock,Recycling,Completed,EMP006,WH-B,Low demand
WR002452,INV001963,MED067348,BAT504390,2026-07-21,2027-07-21,129,24.65,3179.85,Expired,Recycling,Completed,EMP017,WH-C,Medicine expired
WR002453,INV004345,MED037162,BAT271589,2026-03-11,2028-10-19,164,404.2,66288.8,Recalled,Incineration,Completed,EMP014,WH-E,Manufacturer recall
WR002454,INV002660,MED007341,BAT626470,2026-07-21,2026-08-18,99,39.02,3862.98,Expired,Return to Supplier,Completed,EMP014,WH-D,Medicine expired
WR002455,INV003636,MED118555,BAT865011,2026-07-21,2028-01-05,94,338.09,31780.46,Expired,Incineration,Pending,EMP008,WH-D,Expired stock removed
WR002456,INV000401,MED015863,BAT335203,2026-03-09,2027-04-17,37,417.3,15440.1,Damaged,Recycling,Completed,EMP011,WH-D,Broken container
WR002457,INV000480,MED121651,BAT414164,2026-07-21,2026-07-23,105,360.22,37823.1,Expired,Recycling,Completed,EMP020,WH-C,Medicine expired
WR002458,INV000686,MED062316,BAT260155,2026-07-21,2027-10-18,82,398.34,32663.88,Expired,Incineration,Completed,EMP004,WH-D,Medicine expired
WR002459,INV001800,MED109516,BAT923674,2026-02-17,2028-01-16,31,199.49,6184.19,Overstock,Biohazard Disposal,Completed,EMP011,WH-A,Excess inventory
WR002460,INV004945,MED063066,BAT805719,2026-02-10,2027-10-25,6,403.32,2419.92,Contaminated,Incineration,Completed,EMP012,WH-C,Quality issue
WR002461,INV002283,MED019517,BAT476221,2026-04-29,2028-01-13,160,111.88,17900.8,Contaminated,Return to Supplier,Completed,EMP020,WH-D,Contaminated during storage
WR002462,INV003981,MED136240,BAT124082,2026-03-05,2027-07-06,103,550.89,56741.67,Overstock,Recycling,Completed,EMP009,WH-B,Excess inventory
WR002463,INV004868,MED063077,BAT923763,2026-07-21,2027-12-28,92,413.44,38036.48,Expired,Recycling,Pending,EMP017,WH-D,Expired stock removed
WR002464,INV003879,MED130400,BAT382427,2026-07-12,2026-07-02,36,400.73,14426.28,Expired,Recycling,Completed,EMP019,WH-B,Expired stock removed
WR002465,INV003150,MED088037,BAT582629,2026-07-21,2026-12-08,33,551.19,18189.27,Expired,Recycling,Completed,EMP005,WH-D,Medicine expired
WR002466,INV004882,MED067447,BAT114252,2026-02-18,2027-02-09,176,133.93,23571.68,Recalled,Biohazard Disposal,Completed,EMP003,WH-E,Manufacturer recall
WR002467,INV004146,MED093414,BAT485045,2026-04-30,2027-05-05,89,94.94,8449.66,Damaged,Return to Supplier,Completed,EMP004,WH-E,Broken container
WR002468,INV002910,MED021982,BAT435059,2026-07-21,2026-08-10,133,246.42,32773.86,Expired,Biohazard Disposal,Completed,EMP006,WH-C,Medicine expired
WR002469,INV001024,MED092332,BAT126518,2026-06-19,2026-06-02,11,116.0,1276.0,Expired,Biohazard Disposal,Completed,EMP012,WH-C,Medicine expired
WR002470,INV003967,MED124076,BAT141026,2026-03-20,2027-08-23,64,319.18,20427.52,Damaged,Return to Supplier,Completed,EMP002,WH-D,Packaging damaged
WR002471,INV003125,MED090363,BAT319256,2026-04-10,2026-03-21,193,193.82,37407.26,Overstock,Biohazard Disposal,Completed,EMP012,WH-E,Excess inventory
WR002472,INV004553,MED106546,BAT303086,2026-06-05,2026-02-17,76,483.68,36759.68,Recalled,Incineration,Completed,EMP002,WH-C,Manufacturer recall
WR002473,INV002411,MED133043,BAT961617,2026-07-08,2027-12-03,57,331.51,18896.07,Overstock,Return to Supplier,Completed,EMP011,WH-B,Excess inventory
WR002474,INV004231,MED020018,BAT758873,2026-07-21,2028-04-12,18,478.92,8620.56,Expired,Biohazard Disposal,Completed,EMP005,WH-D,Medicine expired
WR002475,INV000022,MED087499,BAT246991,2026-05-08,2027-04-25,22,525.32,11557.04,Overstock,Return to Supplier,Completed,EMP016,WH-A,Low demand
WR002476,INV003074,MED075327,BAT550041,2026-07-21,2027-11-22,97,455.02,44136.94,Expired,Biohazard Disposal,Pending,EMP018,WH-C,Expired stock removed
WR002477,INV001449,MED093445,BAT490185,2026-01-25,2028-01-23,30,452.24,13567.2,Overstock,Recycling,Pending,EMP018,WH-D,Low demand
WR002478,INV000304,MED060404,BAT910143,2026-07-21,2027-07-10,101,94.59,9553.59,Expired,Incineration,Pending,EMP008,WH-B,Medicine expired
WR002479,INV003736,MED073433,BAT422862,2026-03-28,2027-08-08,146,327.73,47848.58,Overstock,Recycling,Completed,EMP015,WH-E,Excess inventory
WR002480,INV001888,MED050599,BAT514440,2026-07-21,2025-05-16,14,483.44,6768.16,Expired,Recycling,Completed,EMP008,WH-B,Medicine expired
WR002481,INV003109,MED013324,BAT930265,2026-02-16,2024-10-19,159,586.38,93234.42,Expired,Incineration,Completed,EMP013,WH-E,Medicine expired
WR002482,INV002017,MED046591,BAT885314,2026-07-21,2028-04-01,95,435.91,41411.45,Expired,Return to Supplier,Completed,EMP006,WH-B,Medicine expired
WR002483,INV000496,MED061843,BAT119629,2026-07-21,2028-07-19,75,434.0,32550.0,Expired,Biohazard Disposal,Completed,EMP006,WH-D,Expired stock removed
WR002484,INV000018,MED089840,BAT717024,2025-10-21,2025-10-09,161,40.03,6444.83,Expired,Return to Supplier,Completed,EMP009,WH-C,Expired stock removed
WR002485,INV003367,MED063786,BAT871072,2026-03-25,2027-09-23,12,234.08,2808.96,Damaged,Recycling,Completed,EMP004,WH-C,Broken container
WR002486,INV000291,MED022033,BAT979727,2026-07-21,2027-10-19,14,458.82,6423.48,Expired,Return to Supplier,Completed,EMP015,WH-A,Medicine expired
WR002487,INV004153,MED014130,BAT130332,2026-07-21,2026-12-14,82,72.45,5940.9,Expired,Incineration,Completed,EMP006,WH-B,Medicine expired
WR002488,INV002612,MED014140,BAT159626,2026-07-06,2026-03-24,136,355.24,48312.64,Damaged,Biohazard Disposal,Completed,EMP007,WH-E,Broken container
WR002489,INV004487,MED116650,BAT467097,2026-04-17,2027-06-24,180,257.71,46387.8,Damaged,Return to Supplier,Completed,EMP010,WH-D,Broken container
WR002490,INV001048,MED107632,BAT647108,2026-07-21,2028-01-26,47,296.61,13940.67,Expired,Incineration,Completed,EMP013,WH-D,Expired stock removed
WR002491,INV001869,MED065538,BAT345165,2026-04-20,2026-12-17,97,598.94,58097.18,Damaged,Biohazard Disposal,Completed,EMP018,WH-B,Packaging damaged
WR002492,INV000559,MED061327,BAT983326,2026-07-21,2026-12-11,102,359.14,36632.28,Expired,Recycling,Completed,EMP019,WH-C,Expired stock removed
WR002493,INV001947,MED104776,BAT657394,2025-12-18,2025-07-03,80,169.09,13527.2,Expired,Incineration,Pending,EMP019,WH-D,Expired stock removed
WR002494,INV003811,MED104755,BAT852413,2026-02-11,2029-02-28,22,457.37,10062.14,Recalled,Return to Supplier,Completed,EMP010,WH-E,Safety recall
WR002495,INV000096,MED102582,BAT338536,2026-05-03,2026-02-10,129,423.82,54672.78,Expired,Incineration,Completed,EMP011,WH-C,Medicine expired
WR002496,INV001529,MED076790,BAT449999,2026-03-14,2026-11-10,152,528.07,80266.64,Damaged,Return to Supplier,Completed,EMP005,WH-E,Broken container
WR002497,INV001481,MED040365,BAT384427,2026-02-01,2027-09-19,26,556.46,14467.96,Contaminated,Biohazard Disposal,Completed,EMP020,WH-E,Quality issue
WR002498,INV003656,MED051390,BAT575074,2026-01-28,2027-04-20,133,395.75,52634.75,Damaged,Return to Supplier,Completed,EMP019,WH-D,Packaging damaged
WR002499,INV002649,MED019349,BAT350610,2026-07-21,2027-12-29,157,243.66,38254.62,Expired,Return to Supplier,Completed,EMP020,WH-C,Expired stock removed
WR002500,INV000853,MED107902,BAT608306,2026-07-21,2027-04-15,102,149.16,15214.32,Expired,Biohazard Disposal,Completed,EMP008,WH-D,Medicine expired
